sample_rank,repo_name,item_type,number,event_source,event_type,event_id,created_at,actor_login,actor_github_type,author_association,actor_initial_class,performed_via_github_app,ai_disclosure_candidate,ai_disclosure_evidence,review_state,commit_sha,commit_author_login,commit_committer_login,collected_at
3,pytorch/pytorch,pull_request,152,pull_commit,committed,140c65e52b3eadc589af8013b02e0de42743947b,2016-10-22T03:20:02Z,soumith,User,,human_account,,no,,,140c65e52b3eadc589af8013b02e0de42743947b,soumith,soumith,2026-08-29T09:13:03.969745+00:00
3,pytorch/pytorch,pull_request,223,pull_commit,committed,b79b18ae6b9201641b9cfca452effb82108cea55,2016-11-16T22:44:06Z,soumith,User,,human_account,,no,,,b79b18ae6b9201641b9cfca452effb82108cea55,soumith,soumith,2026-08-29T09:13:04.610244+00:00
3,pytorch/pytorch,pull_request,22,pull_commit,committed,fcd667a0b105c4569022bb53cc90a788497db081,2016-09-11T05:59:45Z,soumith,User,,human_account,,no,,,fcd667a0b105c4569022bb53cc90a788497db081,soumith,soumith,2026-08-29T09:13:05.112784+00:00
3,pytorch/pytorch,pull_request,90,pull_commit,committed,1baa1e6999a898a6713bf2b420ab006ffd8c6c9b,2016-10-01T22:41:23Z,colesbury,User,,human_account,,no,,,1baa1e6999a898a6713bf2b420ab006ffd8c6c9b,colesbury,colesbury,2026-08-29T09:13:05.687741+00:00
3,pytorch/pytorch,pull_request,117,pull_commit,committed,a018ee13754c8ff8ed86d07f990f6a43f93bfb98,2016-10-12T16:15:05Z,apaszke,User,,human_account,,no,,,a018ee13754c8ff8ed86d07f990f6a43f93bfb98,apaszke,apaszke,2026-08-29T09:13:06.192376+00:00
3,pytorch/pytorch,pull_request,62,pull_commit,committed,e509e4711623732845c6c9a4bb4e302fad6a1fa5,2016-09-28T23:32:56Z,apaszke,User,,human_account,,no,,,e509e4711623732845c6c9a4bb4e302fad6a1fa5,apaszke,apaszke,2026-08-29T09:13:06.889406+00:00
3,pytorch/pytorch,pull_request,167,pull_commit,committed,38b67961eaa934e308a2867f9b68874288f0afa2,2016-10-26T22:29:56Z,colesbury,User,,human_account,,no,,,38b67961eaa934e308a2867f9b68874288f0afa2,colesbury,colesbury,2026-08-29T09:13:07.447694+00:00
3,pytorch/pytorch,pull_request,15,pull_commit,committed,cd0929aa5e5ac52a358fc21c133e4bebca61bdd5,2016-09-07T22:51:44Z,colesbury,User,,human_account,,no,,,cd0929aa5e5ac52a358fc21c133e4bebca61bdd5,colesbury,colesbury,2026-08-29T09:13:07.987417+00:00
3,pytorch/pytorch,pull_request,154,pull_commit,committed,4d0eb5af7b815a58e5781cc52454958007b8005f,2016-10-22T05:07:54Z,soumith,User,,human_account,,no,,,4d0eb5af7b815a58e5781cc52454958007b8005f,soumith,soumith,2026-08-29T09:13:08.572770+00:00
3,pytorch/pytorch,pull_request,9,pull_commit,committed,1486d880b0be575bc1ebdf23204b1553b2fb1b2b,2016-09-07T22:32:33Z,colesbury,User,,human_account,,no,,,1486d880b0be575bc1ebdf23204b1553b2fb1b2b,colesbury,colesbury,2026-08-29T09:13:09.103101+00:00
3,pytorch/pytorch,pull_request,282,pull_commit,committed,3838dc2fd8c8c03abb96bd6580a2dbeef83e565c,2016-12-01T18:51:15Z,apaszke,User,,human_account,,no,,,3838dc2fd8c8c03abb96bd6580a2dbeef83e565c,apaszke,apaszke,2026-08-29T09:13:10.127524+00:00
3,pytorch/pytorch,pull_request,282,pull_commit,committed,dd7afeb105c2d7464e6f37c1126d99293fcaa22f,2016-12-01T18:51:15Z,apaszke,User,,human_account,,no,,,dd7afeb105c2d7464e6f37c1126d99293fcaa22f,apaszke,apaszke,2026-08-29T09:13:10.127524+00:00
3,pytorch/pytorch,pull_request,282,pull_commit,committed,ab96096e61ecb3ed63f979ca854e05f3d529db51,2016-12-01T21:14:59Z,apaszke,User,,human_account,,no,,,ab96096e61ecb3ed63f979ca854e05f3d529db51,apaszke,apaszke,2026-08-29T09:13:10.127524+00:00
3,pytorch/pytorch,pull_request,282,pull_commit,committed,f354095f1f81daa6bb5ea6a708b45e4cbe0404d5,2016-12-01T21:15:02Z,apaszke,User,,human_account,,no,,,f354095f1f81daa6bb5ea6a708b45e4cbe0404d5,apaszke,apaszke,2026-08-29T09:13:10.127524+00:00
3,pytorch/pytorch,pull_request,282,pull_commit,committed,44865d7ce42a8d60a99621a4175fa42dcdee41b4,2016-12-01T21:15:02Z,apaszke,User,,human_account,,no,,,44865d7ce42a8d60a99621a4175fa42dcdee41b4,apaszke,apaszke,2026-08-29T09:13:10.127524+00:00
3,pytorch/pytorch,pull_request,282,pull_commit,committed,6a49cfeca7c17f7823b72824e48ebf8ca9f6884a,2016-12-01T21:15:03Z,apaszke,User,,human_account,,no,,,6a49cfeca7c17f7823b72824e48ebf8ca9f6884a,apaszke,apaszke,2026-08-29T09:13:10.127524+00:00
3,pytorch/pytorch,pull_request,282,pull_commit,committed,27fee5c4c977d6cbb0e3d11809fcaec23564b7e8,2016-12-01T21:15:06Z,apaszke,User,,human_account,,no,,,27fee5c4c977d6cbb0e3d11809fcaec23564b7e8,apaszke,apaszke,2026-08-29T09:13:10.127524+00:00
3,pytorch/pytorch,pull_request,282,pull_commit,committed,1d8fb2e0181aad1ba5383d10e8db01b1f7a85ec3,2016-12-01T21:15:06Z,apaszke,User,,human_account,,no,,,1d8fb2e0181aad1ba5383d10e8db01b1f7a85ec3,apaszke,apaszke,2026-08-29T09:13:10.127524+00:00
3,pytorch/pytorch,pull_request,282,pull_commit,committed,2cf9b1e525fd6cc1fe73ace22cd4a0d20a9b30d8,2016-12-01T21:30:27Z,apaszke,User,,human_account,,no,,,2cf9b1e525fd6cc1fe73ace22cd4a0d20a9b30d8,apaszke,apaszke,2026-08-29T09:13:10.127524+00:00
3,pytorch/pytorch,pull_request,127,pull_commit,committed,af3e0d59b8a539c0a53b74bb97c75d807bd6f8f7,2016-10-15T20:29:10Z,colesbury,User,,human_account,,no,,,af3e0d59b8a539c0a53b74bb97c75d807bd6f8f7,colesbury,colesbury,2026-08-29T09:13:10.596224+00:00
3,pytorch/pytorch,pull_request,207,pull_commit,committed,16fe33cda57c76656c7f2d18833a484258b81659,2016-11-08T16:24:59Z,apaszke,User,,human_account,,no,,,16fe33cda57c76656c7f2d18833a484258b81659,apaszke,apaszke,2026-08-29T09:13:11.142712+00:00
3,pytorch/pytorch,pull_request,207,pull_commit,committed,aefa3b88e7eb5fbce7239e44d2b8555e5b571d0e,2016-11-08T16:48:34Z,apaszke,User,,human_account,,no,,,aefa3b88e7eb5fbce7239e44d2b8555e5b571d0e,apaszke,apaszke,2026-08-29T09:13:11.142712+00:00
3,pytorch/pytorch,pull_request,207,pull_commit,committed,4ce2aea1273c6154d4d34002dd92635d9f0a9b99,2016-11-08T16:55:36Z,apaszke,User,,human_account,,no,,,4ce2aea1273c6154d4d34002dd92635d9f0a9b99,apaszke,apaszke,2026-08-29T09:13:11.142712+00:00
3,pytorch/pytorch,pull_request,207,pull_commit,committed,8027003e65ce37ae5b48390581b0994a3143986e,2016-11-08T16:55:38Z,apaszke,User,,human_account,,no,,,8027003e65ce37ae5b48390581b0994a3143986e,gchanan,apaszke,2026-08-29T09:13:11.142712+00:00
3,pytorch/pytorch,pull_request,207,pull_commit,committed,b5862e30b95c3f282a4da3df1d6c2ea06e6e1be7,2016-11-08T16:55:38Z,apaszke,User,,human_account,,no,,,b5862e30b95c3f282a4da3df1d6c2ea06e6e1be7,apaszke,apaszke,2026-08-29T09:13:11.142712+00:00
3,pytorch/pytorch,pull_request,119,pull_commit,committed,3d6ebde756eeaf10236d51033a30f3fb3790c010,2016-10-14T07:10:16Z,soumith,User,,human_account,,no,,,3d6ebde756eeaf10236d51033a30f3fb3790c010,soumith,soumith,2026-08-29T09:13:11.767405+00:00
3,pytorch/pytorch,pull_request,178,pull_commit,committed,2ee451f5f7210681b4c55bbc35416f0b9981c869,2016-10-28T19:51:19Z,colesbury,User,,human_account,,no,,,2ee451f5f7210681b4c55bbc35416f0b9981c869,colesbury,colesbury,2026-08-29T09:13:12.239215+00:00
3,pytorch/pytorch,pull_request,110,pull_commit,committed,f2cf673d3a52098e307493028ae77f7ebe715364,2016-10-07T21:53:37Z,soumith,User,,human_account,,no,,,f2cf673d3a52098e307493028ae77f7ebe715364,soumith,soumith,2026-08-29T09:13:12.808942+00:00
3,pytorch/pytorch,pull_request,193,pull_commit,committed,2031dfc08a69d1af3c9b0dc674b9374aa471bc37,2016-10-27T22:01:09Z,gchanan,User,,human_account,,no,,,2031dfc08a69d1af3c9b0dc674b9374aa471bc37,gchanan,gchanan,2026-08-29T09:13:13.287484+00:00
3,pytorch/pytorch,pull_request,193,pull_commit,committed,32647e285e09ddefb9ce65b8bd1cfbb49f47b23d,2016-11-01T01:22:49Z,soumith,User,,human_account,,no,,,32647e285e09ddefb9ce65b8bd1cfbb49f47b23d,soumith,soumith,2026-08-29T09:13:13.287484+00:00
3,pytorch/pytorch,pull_request,193,pull_commit,committed,5009ae5548e528f2a9a3bd53bf721fb6bf35b9f3,2016-11-01T02:26:08Z,soumith,User,,human_account,,no,,,5009ae5548e528f2a9a3bd53bf721fb6bf35b9f3,soumith,soumith,2026-08-29T09:13:13.287484+00:00
3,pytorch/pytorch,pull_request,193,pull_commit,committed,16cac6442a1b9f6328e39ccd283694cb7163fc10,2016-11-01T04:26:19Z,soumith,User,,human_account,,no,,,16cac6442a1b9f6328e39ccd283694cb7163fc10,soumith,soumith,2026-08-29T09:13:13.287484+00:00
3,pytorch/pytorch,pull_request,193,pull_commit,committed,7355c63845de41a0468970a0403728a4dc0e16b9,2016-11-01T04:26:19Z,soumith,User,,human_account,,no,,,7355c63845de41a0468970a0403728a4dc0e16b9,soumith,soumith,2026-08-29T09:13:13.287484+00:00
3,pytorch/pytorch,pull_request,193,pull_commit,committed,f16f68e103dfc22921f6106ec7136ddc7a0ab087,2016-11-01T15:07:07Z,dbolkensteyn,User,,human_account,,no,,,f16f68e103dfc22921f6106ec7136ddc7a0ab087,dbolkensteyn,dbolkensteyn,2026-08-29T09:13:13.287484+00:00
3,pytorch/pytorch,pull_request,193,pull_commit,committed,0dfec752a3c4f64b0be01b8adb856f63c57f6cfc,2016-11-01T17:38:13Z,soumith,User,,human_account,,no,,,0dfec752a3c4f64b0be01b8adb856f63c57f6cfc,soumith,soumith,2026-08-29T09:13:13.287484+00:00
3,pytorch/pytorch,pull_request,168377,pull_commit,committed,f1b03cc6772be624235d52018d6a3313d74516c9,2025-12-16T23:57:34Z,ethanwee1,User,,human_account,,no,,,f1b03cc6772be624235d52018d6a3313d74516c9,ethanwee1,ethanwee1,2026-08-29T09:13:13.830829+00:00
3,pytorch/pytorch,pull_request,168377,pull_commit,committed,94b4bc8eab3a561f421466be262775c04cb922be,2025-12-16T23:57:34Z,ethanwee1,User,,human_account,,no,,,94b4bc8eab3a561f421466be262775c04cb922be,ethanwee1,ethanwee1,2026-08-29T09:13:13.830829+00:00
3,pytorch/pytorch,pull_request,168377,pull_commit,committed,98e2a3859cc68a123d09a7c604507c040534954b,2025-12-16T23:57:34Z,ethanwee1,User,,human_account,,no,,,98e2a3859cc68a123d09a7c604507c040534954b,ethanwee1,ethanwee1,2026-08-29T09:13:13.830829+00:00
3,pytorch/pytorch,pull_request,168377,pull_commit,committed,366648c379cbe2ec6a34a9f4b2983ce54b2a149e,2025-12-16T23:57:34Z,ethanwee1,User,,human_account,,no,,,366648c379cbe2ec6a34a9f4b2983ce54b2a149e,ethanwee1,ethanwee1,2026-08-29T09:13:13.830829+00:00
3,pytorch/pytorch,pull_request,168377,pull_commit,committed,bdc5b00588093b2361189a6066deb704a76a8595,2025-12-16T23:57:34Z,ethanwee1,User,,human_account,,no,,,bdc5b00588093b2361189a6066deb704a76a8595,ethanwee1,ethanwee1,2026-08-29T09:13:13.830829+00:00
3,pytorch/pytorch,pull_request,168377,pull_commit,committed,74e2eee83bdc337d153e22c2b2624598e8ad54de,2025-12-16T23:57:34Z,ethanwee1,User,,human_account,,no,,,74e2eee83bdc337d153e22c2b2624598e8ad54de,ethanwee1,ethanwee1,2026-08-29T09:13:13.830829+00:00
3,pytorch/pytorch,pull_request,168377,pull_commit,committed,0db2bee6707c92bf8f14dbcf1275f018a16c5034,2025-12-16T23:57:34Z,ethanwee1,User,,human_account,,no,,,0db2bee6707c92bf8f14dbcf1275f018a16c5034,ethanwee1,ethanwee1,2026-08-29T09:13:13.830829+00:00
3,pytorch/pytorch,pull_request,168377,pull_commit,committed,d030919ee981f81ccb0dc85f58e4b9457d74105f,2025-12-16T23:57:34Z,ethanwee1,User,,human_account,,no,,,d030919ee981f81ccb0dc85f58e4b9457d74105f,ethanwee1,ethanwee1,2026-08-29T09:13:13.830829+00:00
3,pytorch/pytorch,pull_request,168377,pull_commit,committed,320e40928a544757f1a5aaf208d1749ff5623c47,2025-12-16T23:57:34Z,ethanwee1,User,,human_account,,no,,,320e40928a544757f1a5aaf208d1749ff5623c47,ethanwee1,ethanwee1,2026-08-29T09:13:13.830829+00:00
3,pytorch/pytorch,pull_request,168377,pull_commit,committed,d2379fc79442005d417e72717ceb8cc9632b3ee4,2025-12-16T23:57:34Z,ethanwee1,User,,human_account,,no,,,d2379fc79442005d417e72717ceb8cc9632b3ee4,ethanwee1,ethanwee1,2026-08-29T09:13:13.830829+00:00
3,pytorch/pytorch,pull_request,168377,pull_commit,committed,407161fdc999bb84794d18ee971fe1948f6834b3,2025-12-16T23:57:34Z,ethanwee1,User,,human_account,,no,,,407161fdc999bb84794d18ee971fe1948f6834b3,ethanwee1,ethanwee1,2026-08-29T09:13:13.830829+00:00
3,pytorch/pytorch,pull_request,168377,pull_commit,committed,e7df96da25ef6cd9e255dbaafd8c200de5fafe27,2025-12-16T23:57:35Z,ethanwee1,User,,human_account,,no,,,e7df96da25ef6cd9e255dbaafd8c200de5fafe27,jeffdaily,ethanwee1,2026-08-29T09:13:13.830829+00:00
3,pytorch/pytorch,pull_request,168377,pull_commit,committed,dc31e90dc1a108ef1969ec99208c3015f77ddfb4,2025-12-16T23:57:35Z,ethanwee1,User,,human_account,,no,,,dc31e90dc1a108ef1969ec99208c3015f77ddfb4,jeffdaily,ethanwee1,2026-08-29T09:13:13.830829+00:00
3,pytorch/pytorch,pull_request,168377,pull_commit,committed,616577f08f896130a1009b79af97313a8e2fed51,2025-12-16T23:57:35Z,ethanwee1,User,,human_account,,no,,,616577f08f896130a1009b79af97313a8e2fed51,jithunnair-amd,ethanwee1,2026-08-29T09:13:13.830829+00:00
3,pytorch/pytorch,pull_request,168377,pull_commit,committed,d88ae5fb5b21dd3976ce299a572333af38f938e9,2025-12-16T23:57:35Z,ethanwee1,User,,human_account,,no,,,d88ae5fb5b21dd3976ce299a572333af38f938e9,jithunnair-amd,ethanwee1,2026-08-29T09:13:13.830829+00:00
3,pytorch/pytorch,pull_request,168377,pull_commit,committed,a3732af2b59c793258b9b3c71dedce485b88bf7d,2025-12-16T23:57:35Z,ethanwee1,User,,human_account,,no,,,a3732af2b59c793258b9b3c71dedce485b88bf7d,jithunnair-amd,ethanwee1,2026-08-29T09:13:13.830829+00:00
3,pytorch/pytorch,pull_request,168377,pull_commit,committed,ff4a94fe2d2a95fbed8b334708dbb94a991efee7,2025-12-16T23:57:35Z,ethanwee1,User,,human_account,,no,,,ff4a94fe2d2a95fbed8b334708dbb94a991efee7,ethanwee1,ethanwee1,2026-08-29T09:13:13.830829+00:00
3,pytorch/pytorch,pull_request,168377,pull_commit,committed,fcc89ac7ad974ced47d863d850e7859380d26681,2025-12-16T23:57:35Z,ethanwee1,User,,human_account,,no,,,fcc89ac7ad974ced47d863d850e7859380d26681,jeffdaily,ethanwee1,2026-08-29T09:13:13.830829+00:00
3,pytorch/pytorch,pull_request,168377,pull_commit,committed,049805647b968713a619c09b222053a22b425fd7,2025-12-16T23:57:35Z,ethanwee1,User,,human_account,,no,,,049805647b968713a619c09b222053a22b425fd7,ethanwee1,ethanwee1,2026-08-29T09:13:13.830829+00:00
3,pytorch/pytorch,pull_request,168377,pull_commit,committed,4846fe595a4a206e0e00d4655c22ef14a5d973f3,2025-12-16T23:57:35Z,ethanwee1,User,,human_account,,no,,,4846fe595a4a206e0e00d4655c22ef14a5d973f3,ethanwee1,ethanwee1,2026-08-29T09:13:13.830829+00:00
3,pytorch/pytorch,pull_request,168377,pull_commit,committed,52a16a6db674c8edecffc20ee2a9771857f99a70,2025-12-16T23:57:36Z,ethanwee1,User,,human_account,,no,,,52a16a6db674c8edecffc20ee2a9771857f99a70,ethanwee1,ethanwee1,2026-08-29T09:13:13.830829+00:00
3,pytorch/pytorch,pull_request,168377,pull_commit,committed,a39892dc32914a97fc6680bda82bcf137773e17c,2025-12-16T23:57:36Z,ethanwee1,User,,human_account,,no,,,a39892dc32914a97fc6680bda82bcf137773e17c,ethanwee1,ethanwee1,2026-08-29T09:13:13.830829+00:00
3,pytorch/pytorch,pull_request,168377,pull_commit,committed,65f9d415594145299f8622a80acf31f11b31ca76,2025-12-16T23:57:36Z,ethanwee1,User,,human_account,,no,,,65f9d415594145299f8622a80acf31f11b31ca76,ethanwee1,ethanwee1,2026-08-29T09:13:13.830829+00:00
3,pytorch/pytorch,pull_request,168377,pull_commit,committed,0c3bddffe48086ab5d0c0b7a740c6b4d7fa82e19,2025-12-16T23:57:36Z,ethanwee1,User,,human_account,,no,,,0c3bddffe48086ab5d0c0b7a740c6b4d7fa82e19,ethanwee1,ethanwee1,2026-08-29T09:13:13.830829+00:00
3,pytorch/pytorch,pull_request,168377,pull_commit,committed,5cba4e905a252a8c1ad113a269d3bca3c9fcab89,2025-12-17T12:10:08Z,web-flow,User,,human_account,,no,,,5cba4e905a252a8c1ad113a269d3bca3c9fcab89,jithunnair-amd,web-flow,2026-08-29T09:13:13.830829+00:00
3,pytorch/pytorch,pull_request,169450,pull_commit,committed,054b5218408f2be8a4cd991d88f62141073b33c4,2025-12-03T04:43:31Z,ojh31,User,,human_account,,no,,,054b5218408f2be8a4cd991d88f62141073b33c4,ojh31,ojh31,2026-08-29T09:13:14.442809+00:00
3,pytorch/pytorch,pull_request,162966,pull_commit,committed,24e195b464a6a31b94faa7b12d67f561d2d9d537,2025-09-15T15:31:43Z,,,,unknown,,no,,,24e195b464a6a31b94faa7b12d67f561d2d9d537,,,2026-08-29T09:13:15.073274+00:00
3,pytorch/pytorch,pull_request,164363,pull_commit,committed,f0c8009aaaf39a5aa6fefb45055f9ea31c7f9740,2025-10-01T15:47:07Z,facebook-github-bot,User,,human_account,,no,,,f0c8009aaaf39a5aa6fefb45055f9ea31c7f9740,yushangdi,facebook-github-bot,2026-08-29T09:13:15.582086+00:00
3,pytorch/pytorch,pull_request,170644,pull_commit,committed,545c00ce07c7272b5c57177c6a74b036596c0920,2025-12-17T05:43:08Z,jansel,User,,human_account,,no,,,545c00ce07c7272b5c57177c6a74b036596c0920,jansel,jansel,2026-08-29T09:13:16.173253+00:00
3,pytorch/pytorch,pull_request,170644,pull_commit,committed,fc43bf888bf55d8482e428aada17cd185194dadd,2025-12-17T06:14:51Z,jansel,User,,human_account,,no,,,fc43bf888bf55d8482e428aada17cd185194dadd,jansel,jansel,2026-08-29T09:13:16.173253+00:00
3,pytorch/pytorch,pull_request,170644,pull_commit,committed,552250648cb2226467ba14f92ef2b75ed26a0d09,2025-12-19T05:39:47Z,jansel,User,,human_account,,no,,,552250648cb2226467ba14f92ef2b75ed26a0d09,jansel,jansel,2026-08-29T09:13:16.173253+00:00
3,pytorch/pytorch,pull_request,170644,pull_commit,committed,bea622510a524be245135a052466b375582d686a,2025-12-19T05:43:53Z,jansel,User,,human_account,,no,,,bea622510a524be245135a052466b375582d686a,jansel,jansel,2026-08-29T09:13:16.173253+00:00
3,pytorch/pytorch,pull_request,170644,pull_commit,committed,db4af2829e16e189322d655980f4aeb7a003c0a1,2025-12-19T05:57:57Z,jansel,User,,human_account,,no,,,db4af2829e16e189322d655980f4aeb7a003c0a1,jansel,jansel,2026-08-29T09:13:16.173253+00:00
3,pytorch/pytorch,pull_request,170644,pull_commit,committed,a3380e680c1e36110aec70a9c2324bb8c15f4386,2025-12-20T18:49:41Z,jansel,User,,human_account,,no,,,a3380e680c1e36110aec70a9c2324bb8c15f4386,jansel,jansel,2026-08-29T09:13:16.173253+00:00
3,pytorch/pytorch,pull_request,170644,pull_commit,committed,8176e74935ce9f4ec72d912ed8c75bbb94b2f954,2025-12-21T01:11:41Z,jansel,User,,human_account,,no,,,8176e74935ce9f4ec72d912ed8c75bbb94b2f954,jansel,jansel,2026-08-29T09:13:16.173253+00:00
3,pytorch/pytorch,pull_request,170644,pull_commit,committed,53dc19ff99ef924490bb46ca6335f3bde1e158e1,2025-12-21T20:47:25Z,jansel,User,,human_account,,no,,,53dc19ff99ef924490bb46ca6335f3bde1e158e1,jansel,jansel,2026-08-29T09:13:16.173253+00:00
3,pytorch/pytorch,pull_request,170644,pull_commit,committed,9a70f8bc44cb453e1803865e378698f84c9f44d4,2025-12-22T05:00:00Z,jansel,User,,human_account,,no,,,9a70f8bc44cb453e1803865e378698f84c9f44d4,jansel,jansel,2026-08-29T09:13:16.173253+00:00
3,pytorch/pytorch,pull_request,170644,pull_commit,committed,41650bea2a9e045a9cd172d69e7107c17b00ae34,2025-12-22T17:35:16Z,jansel,User,,human_account,,no,,,41650bea2a9e045a9cd172d69e7107c17b00ae34,jansel,jansel,2026-08-29T09:13:16.173253+00:00
3,pytorch/pytorch,pull_request,170644,pull_commit,committed,31b76a1fec0384d6d964218b7bd3541f47599735,2025-12-22T18:46:53Z,jansel,User,,human_account,,no,,,31b76a1fec0384d6d964218b7bd3541f47599735,jansel,jansel,2026-08-29T09:13:16.173253+00:00
3,pytorch/pytorch,pull_request,170644,pull_commit,committed,9ffb2798011e9214338e9b79396cfce0ad009788,2025-12-22T19:26:07Z,jansel,User,,human_account,,no,,,9ffb2798011e9214338e9b79396cfce0ad009788,jansel,jansel,2026-08-29T09:13:16.173253+00:00
3,pytorch/pytorch,pull_request,170644,pull_commit,committed,27eb464db4ac9646eae47bf890159f9c60ecac01,2025-12-22T20:22:39Z,jansel,User,,human_account,,no,,,27eb464db4ac9646eae47bf890159f9c60ecac01,jansel,jansel,2026-08-29T09:13:16.173253+00:00
3,pytorch/pytorch,pull_request,170644,pull_commit,committed,d4884feea49928a2ed106dec19855e5d78113416,2025-12-22T23:55:10Z,jansel,User,,human_account,,no,,,d4884feea49928a2ed106dec19855e5d78113416,jansel,jansel,2026-08-29T09:13:16.173253+00:00
3,pytorch/pytorch,pull_request,170644,pull_commit,committed,433c19bbdcf3e9d1826d91bc01aa899f2b9de816,2025-12-23T01:28:04Z,jansel,User,,human_account,,no,,,433c19bbdcf3e9d1826d91bc01aa899f2b9de816,jansel,jansel,2026-08-29T09:13:16.173253+00:00
3,pytorch/pytorch,pull_request,170644,pull_commit,committed,d4bb8d4678f7af9d32ddfd43e31a6d014bdc22a8,2025-12-23T04:47:14Z,jansel,User,,human_account,,no,,,d4bb8d4678f7af9d32ddfd43e31a6d014bdc22a8,jansel,jansel,2026-08-29T09:13:16.173253+00:00
3,pytorch/pytorch,pull_request,170644,pull_commit,committed,0e0c9a8778acc06f1dab5efb144a17771c43f664,2025-12-23T05:20:28Z,jansel,User,,human_account,,no,,,0e0c9a8778acc06f1dab5efb144a17771c43f664,jansel,jansel,2026-08-29T09:13:16.173253+00:00
3,pytorch/pytorch,pull_request,170644,pull_commit,committed,4d2871b701e39b1ff03b5249e751c895614adcb1,2025-12-23T17:20:52Z,jansel,User,,human_account,,no,,,4d2871b701e39b1ff03b5249e751c895614adcb1,jansel,jansel,2026-08-29T09:13:16.173253+00:00
3,pytorch/pytorch,pull_request,170644,pull_commit,committed,3884f80bbcf5fe3f4cdcc6d8cd2f62981b941463,2025-12-23T17:38:37Z,jansel,User,,human_account,,no,,,3884f80bbcf5fe3f4cdcc6d8cd2f62981b941463,jansel,jansel,2026-08-29T09:13:16.173253+00:00
3,pytorch/pytorch,pull_request,170644,pull_commit,committed,2b73566a42ce5541c0fe706ff3e0aca5aa0758ed,2025-12-24T05:40:45Z,jansel,User,,human_account,,no,,,2b73566a42ce5541c0fe706ff3e0aca5aa0758ed,jansel,jansel,2026-08-29T09:13:16.173253+00:00
3,pytorch/pytorch,pull_request,170644,pull_commit,committed,17bc7315c0e68d25bb097535415298bded3179ff,2025-12-24T16:44:27Z,jansel,User,,human_account,,no,,,17bc7315c0e68d25bb097535415298bded3179ff,jansel,jansel,2026-08-29T09:13:16.173253+00:00
3,pytorch/pytorch,pull_request,170644,pull_commit,committed,a7d7682fddde6105e13d99c14686843b4bb9ccb3,2025-12-24T18:24:01Z,jansel,User,,human_account,,no,,,a7d7682fddde6105e13d99c14686843b4bb9ccb3,jansel,jansel,2026-08-29T09:13:16.173253+00:00
3,pytorch/pytorch,pull_request,170644,pull_commit,committed,d2520970b8e9633062cbdcfda4fd2020635d12de,2025-12-24T23:18:17Z,jansel,User,,human_account,,no,,,d2520970b8e9633062cbdcfda4fd2020635d12de,jansel,jansel,2026-08-29T09:13:16.173253+00:00
3,pytorch/pytorch,pull_request,170644,pull_commit,committed,e80e9d48921bc02edadf52e69888f33b6d66b3d1,2025-12-25T03:10:07Z,jansel,User,,human_account,,no,,,e80e9d48921bc02edadf52e69888f33b6d66b3d1,jansel,jansel,2026-08-29T09:13:16.173253+00:00
3,pytorch/pytorch,pull_request,170644,pull_commit,committed,27403043824d1b051592dd7278f3dd9b4257723b,2025-12-25T04:46:59Z,jansel,User,,human_account,,no,,,27403043824d1b051592dd7278f3dd9b4257723b,jansel,jansel,2026-08-29T09:13:16.173253+00:00
3,pytorch/pytorch,pull_request,170644,pull_commit,committed,715c3faeec5cd6719e749201c100a90f9e33d1e7,2025-12-25T05:47:32Z,jansel,User,,human_account,,no,,,715c3faeec5cd6719e749201c100a90f9e33d1e7,jansel,jansel,2026-08-29T09:13:16.173253+00:00
3,pytorch/pytorch,pull_request,170644,pull_commit,committed,1fd1c28d9893f004f322d7bdfbfb241285f63367,2025-12-25T06:43:33Z,jansel,User,,human_account,,no,,,1fd1c28d9893f004f322d7bdfbfb241285f63367,jansel,jansel,2026-08-29T09:13:16.173253+00:00
3,pytorch/pytorch,pull_request,170644,pull_commit,committed,e69a48bf7d14cfb34cae2cf0cc7fcdf117827ef6,2025-12-25T19:39:25Z,jansel,User,,human_account,,no,,,e69a48bf7d14cfb34cae2cf0cc7fcdf117827ef6,jansel,jansel,2026-08-29T09:13:16.173253+00:00
3,pytorch/pytorch,pull_request,170644,pull_commit,committed,ef5261e67252a73e68ce26346e7a07040a92257a,2025-12-26T07:41:42Z,jansel,User,,human_account,,no,,,ef5261e67252a73e68ce26346e7a07040a92257a,jansel,jansel,2026-08-29T09:13:16.173253+00:00
3,pytorch/pytorch,pull_request,170644,pull_commit,committed,3afd76ed10dd4cad638fc86d57682d696fbd487d,2025-12-28T00:10:27Z,jansel,User,,human_account,,no,,,3afd76ed10dd4cad638fc86d57682d696fbd487d,jansel,jansel,2026-08-29T09:13:16.173253+00:00
3,pytorch/pytorch,pull_request,170644,pull_commit,committed,9d045d5e33167d449ad1a29f6e7b06b4212c3794,2025-12-28T12:41:41Z,jansel,User,,human_account,,no,,,9d045d5e33167d449ad1a29f6e7b06b4212c3794,jansel,jansel,2026-08-29T09:13:16.173253+00:00
3,pytorch/pytorch,pull_request,170644,pull_commit,committed,97df7736b52b9e0bbbffb78d164a04c3fe1550c0,2025-12-28T13:05:05Z,jansel,User,,human_account,,no,,,97df7736b52b9e0bbbffb78d164a04c3fe1550c0,jansel,jansel,2026-08-29T09:13:16.173253+00:00
3,pytorch/pytorch,pull_request,170644,pull_commit,committed,47949325451aa37e09469bab4a1ec64cbb0d4823,2025-12-28T21:47:58Z,jansel,User,,human_account,,no,,,47949325451aa37e09469bab4a1ec64cbb0d4823,jansel,jansel,2026-08-29T09:13:16.173253+00:00
3,pytorch/pytorch,pull_request,170644,pull_commit,committed,8db20f4aa878ffb393a7d9a0efaebcccce118641,2025-12-30T03:27:31Z,jansel,User,,human_account,,no,,,8db20f4aa878ffb393a7d9a0efaebcccce118641,jansel,jansel,2026-08-29T09:13:16.173253+00:00
3,pytorch/pytorch,pull_request,170644,pull_commit,committed,2b1f695be587f79379523b63f98c1b79faba9886,2025-12-30T03:37:35Z,jansel,User,,human_account,,no,,,2b1f695be587f79379523b63f98c1b79faba9886,jansel,jansel,2026-08-29T09:13:16.173253+00:00
3,pytorch/pytorch,pull_request,170644,pull_commit,committed,311dea34b71810816e15343f20632dd5922df5d3,2025-12-30T04:11:36Z,jansel,User,,human_account,,no,,,311dea34b71810816e15343f20632dd5922df5d3,jansel,jansel,2026-08-29T09:13:16.173253+00:00
3,pytorch/pytorch,pull_request,170644,pull_commit,committed,a397b7b5178da92663783373162ca4bd2f24aa5a,2025-12-30T15:19:27Z,jansel,User,,human_account,,no,,,a397b7b5178da92663783373162ca4bd2f24aa5a,jansel,jansel,2026-08-29T09:13:16.173253+00:00
3,pytorch/pytorch,pull_request,170644,pull_commit,committed,a4a387077482a98ef1e26842071279f2fab769ed,2026-01-02T02:45:21Z,jansel,User,,human_account,,no,,,a4a387077482a98ef1e26842071279f2fab769ed,jansel,jansel,2026-08-29T09:13:16.173253+00:00
3,pytorch/pytorch,pull_request,170644,pull_commit,committed,f6b58cff71b16e23582fe2c1d4dbe7a59be467b1,2026-01-02T15:27:45Z,jansel,User,,human_account,,no,,,f6b58cff71b16e23582fe2c1d4dbe7a59be467b1,jansel,jansel,2026-08-29T09:13:16.173253+00:00
3,pytorch/pytorch,pull_request,170644,pull_commit,committed,8810dbdeb83f8c5117a3520f1a056b4b33a228db,2026-01-03T16:30:53Z,jansel,User,,human_account,,no,,,8810dbdeb83f8c5117a3520f1a056b4b33a228db,jansel,jansel,2026-08-29T09:13:16.173253+00:00
3,pytorch/pytorch,pull_request,170644,pull_commit,committed,cd02b5aab8151ffd931ff6da8cb832a6decb342c,2026-01-04T15:53:51Z,jansel,User,,human_account,,no,,,cd02b5aab8151ffd931ff6da8cb832a6decb342c,jansel,jansel,2026-08-29T09:13:16.173253+00:00
3,pytorch/pytorch,pull_request,170644,pull_commit,committed,6fac72d25639a5b6e04a4f9de98565b36c36130d,2026-01-07T02:38:17Z,jansel,User,,human_account,,no,,,6fac72d25639a5b6e04a4f9de98565b36c36130d,jansel,jansel,2026-08-29T09:13:16.173253+00:00
3,pytorch/pytorch,pull_request,170644,pull_commit,committed,b5ee14cf6461c8aa3e82429962cf452331b0cff1,2026-01-13T00:02:02Z,williamwen42,User,,human_account,,no,,,b5ee14cf6461c8aa3e82429962cf452331b0cff1,williamwen42,williamwen42,2026-08-29T09:13:16.173253+00:00
3,pytorch/pytorch,pull_request,170644,pull_commit,committed,46d51076fb2c38bf62c9e399736b92267ba3ae44,2026-01-13T01:14:18Z,williamwen42,User,,human_account,,no,,,46d51076fb2c38bf62c9e399736b92267ba3ae44,williamwen42,williamwen42,2026-08-29T09:13:16.173253+00:00
3,pytorch/pytorch,pull_request,170644,pull_commit,committed,8d26af89794b5add6c0f8e925a6fc05dd6a5ecff,2026-01-13T01:52:15Z,williamwen42,User,,human_account,,no,,,8d26af89794b5add6c0f8e925a6fc05dd6a5ecff,williamwen42,williamwen42,2026-08-29T09:13:16.173253+00:00
3,pytorch/pytorch,pull_request,170644,pull_commit,committed,92823b3e711964d9fd69cabe7df506b8c9a7da68,2026-01-13T22:21:28Z,williamwen42,User,,human_account,,no,,,92823b3e711964d9fd69cabe7df506b8c9a7da68,williamwen42,williamwen42,2026-08-29T09:13:16.173253+00:00
3,pytorch/pytorch,pull_request,170644,pull_commit,committed,8e6e9e7e99094c019b125927ad69bf00954e7725,2026-01-15T00:49:11Z,williamwen42,User,,human_account,,no,,,8e6e9e7e99094c019b125927ad69bf00954e7725,williamwen42,williamwen42,2026-08-29T09:13:16.173253+00:00
3,pytorch/pytorch,pull_request,170644,pull_commit,committed,8fbf73154f188d897390f99009bfa6fc5a355ba1,2026-01-20T11:24:48Z,williamwen42,User,,human_account,,no,,,8fbf73154f188d897390f99009bfa6fc5a355ba1,williamwen42,williamwen42,2026-08-29T09:13:16.173253+00:00
3,pytorch/pytorch,pull_request,170644,pull_commit,committed,8c7d055d9ebdc8cebe74634817a53160858e1e00,2026-01-20T23:22:38Z,williamwen42,User,,human_account,,no,,,8c7d055d9ebdc8cebe74634817a53160858e1e00,williamwen42,williamwen42,2026-08-29T09:13:16.173253+00:00
3,pytorch/pytorch,pull_request,170644,pull_commit,committed,4e9e074ebe8cb819d294c2c9b0622580594d7297,2026-01-22T08:10:26Z,williamwen42,User,,human_account,,no,,,4e9e074ebe8cb819d294c2c9b0622580594d7297,williamwen42,williamwen42,2026-08-29T09:13:16.173253+00:00
3,pytorch/pytorch,pull_request,170644,pull_commit,committed,95ec80599afffcae20ccb3b6220322df4e0cf60c,2026-01-22T18:13:03Z,williamwen42,User,,human_account,,no,,,95ec80599afffcae20ccb3b6220322df4e0cf60c,williamwen42,williamwen42,2026-08-29T09:13:16.173253+00:00
3,pytorch/pytorch,pull_request,170644,pull_commit,committed,cbb35b94d6356b7bc3f17511c9f08aa01b5f1caa,2026-01-23T17:35:05Z,williamwen42,User,,human_account,,no,,,cbb35b94d6356b7bc3f17511c9f08aa01b5f1caa,williamwen42,williamwen42,2026-08-29T09:13:16.173253+00:00
3,pytorch/pytorch,pull_request,170644,pull_commit,committed,8dbd4e82b73c06b33586931d581443886126bd3d,2026-03-12T23:15:12Z,williamwen42,User,,human_account,,no,,,8dbd4e82b73c06b33586931d581443886126bd3d,williamwen42,williamwen42,2026-08-29T09:13:16.173253+00:00
3,pytorch/pytorch,pull_request,170644,pull_commit,committed,1c1a546cc42d3672727b7c2b534b971abd574346,2026-03-13T00:16:13Z,williamwen42,User,,human_account,,no,,,1c1a546cc42d3672727b7c2b534b971abd574346,williamwen42,williamwen42,2026-08-29T09:13:16.173253+00:00
3,pytorch/pytorch,pull_request,170644,pull_commit,committed,ff7df030333715ee9ddeff400c9547e2bfc1c320,2026-03-13T00:44:36Z,williamwen42,User,,human_account,,no,,,ff7df030333715ee9ddeff400c9547e2bfc1c320,williamwen42,williamwen42,2026-08-29T09:13:16.173253+00:00
3,pytorch/pytorch,pull_request,170644,pull_commit,committed,a2bae1df617fed57d5a1e2b8b0c6edbd548f0ba1,2026-03-13T22:03:20Z,williamwen42,User,,human_account,,no,,,a2bae1df617fed57d5a1e2b8b0c6edbd548f0ba1,williamwen42,williamwen42,2026-08-29T09:13:16.173253+00:00
3,pytorch/pytorch,pull_request,170644,pull_commit,committed,20beb35beb5e84a9ca46cdbf199444257c116ec9,2026-03-13T23:48:52Z,williamwen42,User,,human_account,,no,,,20beb35beb5e84a9ca46cdbf199444257c116ec9,williamwen42,williamwen42,2026-08-29T09:13:16.173253+00:00
3,pytorch/pytorch,pull_request,170644,pull_commit,committed,1a1f52f9d9a03e48e3bafa49659fc34aa437d84c,2026-03-14T00:57:58Z,williamwen42,User,,human_account,,no,,,1a1f52f9d9a03e48e3bafa49659fc34aa437d84c,williamwen42,williamwen42,2026-08-29T09:13:16.173253+00:00
3,pytorch/pytorch,pull_request,170644,pull_commit,committed,684450514e6e8b5913d8f16f9b185d827bfe7717,2026-03-16T17:55:07Z,williamwen42,User,,human_account,,no,,,684450514e6e8b5913d8f16f9b185d827bfe7717,williamwen42,williamwen42,2026-08-29T09:13:16.173253+00:00
3,pytorch/pytorch,pull_request,170644,pull_commit,committed,189c153e448dd4c357e19f14886ae732060b727c,2026-03-16T23:16:44Z,williamwen42,User,,human_account,,no,,,189c153e448dd4c357e19f14886ae732060b727c,williamwen42,williamwen42,2026-08-29T09:13:16.173253+00:00
3,pytorch/pytorch,pull_request,170644,pull_commit,committed,a63a6d58b61874a3f027573b7e8922a4361b65aa,2026-03-17T17:46:39Z,williamwen42,User,,human_account,,no,,,a63a6d58b61874a3f027573b7e8922a4361b65aa,williamwen42,williamwen42,2026-08-29T09:13:16.173253+00:00
3,pytorch/pytorch,pull_request,170644,pull_commit,committed,befe6baed5eac5bdac908c47aabd5d05fa13316d,2026-03-20T21:21:34Z,williamwen42,User,,human_account,,no,,,befe6baed5eac5bdac908c47aabd5d05fa13316d,williamwen42,williamwen42,2026-08-29T09:13:16.173253+00:00
3,pytorch/pytorch,pull_request,170644,pull_commit,committed,f99006a17ab15dc62c24b5d1c61627fb902bd396,2026-03-21T00:15:15Z,williamwen42,User,,human_account,,no,,,f99006a17ab15dc62c24b5d1c61627fb902bd396,williamwen42,williamwen42,2026-08-29T09:13:16.173253+00:00
3,pytorch/pytorch,pull_request,170644,pull_commit,committed,90d839118627b13e0764ac91c4def4d3bd422068,2026-03-26T14:29:38Z,williamwen42,User,,human_account,,no,,,90d839118627b13e0764ac91c4def4d3bd422068,williamwen42,williamwen42,2026-08-29T09:13:16.173253+00:00
3,pytorch/pytorch,pull_request,170644,pull_commit,committed,7a81a683ba10c6cfe5217591f41ad63b48fc9208,2026-03-27T17:54:02Z,williamwen42,User,,human_account,,no,,,7a81a683ba10c6cfe5217591f41ad63b48fc9208,williamwen42,williamwen42,2026-08-29T09:13:16.173253+00:00
3,pytorch/pytorch,pull_request,170644,pull_commit,committed,e574f25155488b8b0d6060298576bda301e98be2,2026-03-30T15:59:40Z,williamwen42,User,,human_account,,no,,,e574f25155488b8b0d6060298576bda301e98be2,williamwen42,williamwen42,2026-08-29T09:13:16.173253+00:00
3,pytorch/pytorch,pull_request,170644,pull_commit,committed,9bbc06ddadd46bd38f8afbfbec5d0ebbadb363d2,2026-03-30T20:53:59Z,williamwen42,User,,human_account,,no,,,9bbc06ddadd46bd38f8afbfbec5d0ebbadb363d2,williamwen42,williamwen42,2026-08-29T09:13:16.173253+00:00
3,pytorch/pytorch,pull_request,170644,pull_commit,committed,f7badb655cb4cec48ffe36aed82ca7afea2f1ab5,2026-03-31T17:53:55Z,williamwen42,User,,human_account,,no,,,f7badb655cb4cec48ffe36aed82ca7afea2f1ab5,williamwen42,williamwen42,2026-08-29T09:13:16.173253+00:00
3,pytorch/pytorch,pull_request,170644,pull_commit,committed,049ea2b2f40e5f0ab7c7c84a93a7299c9cbef0a8,2026-04-01T18:32:14Z,williamwen42,User,,human_account,,no,,,049ea2b2f40e5f0ab7c7c84a93a7299c9cbef0a8,williamwen42,williamwen42,2026-08-29T09:13:16.173253+00:00
3,pytorch/pytorch,pull_request,170644,pull_commit,committed,dd91ffbd9b644eb0810163e4ca4b9d152bb7197b,2026-04-01T22:44:03Z,williamwen42,User,,human_account,,no,,,dd91ffbd9b644eb0810163e4ca4b9d152bb7197b,williamwen42,williamwen42,2026-08-29T09:13:16.173253+00:00
3,pytorch/pytorch,pull_request,170644,pull_commit,committed,648f166d574c0207353dcbe92bf095b3decb2014,2026-04-02T08:43:29Z,williamwen42,User,,human_account,,no,,,648f166d574c0207353dcbe92bf095b3decb2014,williamwen42,williamwen42,2026-08-29T09:13:16.173253+00:00
3,pytorch/pytorch,pull_request,170644,pull_commit,committed,229944c40eb1990573e093f40b5eb095a8fec16b,2026-04-02T22:35:12Z,williamwen42,User,,human_account,,no,,,229944c40eb1990573e093f40b5eb095a8fec16b,williamwen42,williamwen42,2026-08-29T09:13:16.173253+00:00
3,pytorch/pytorch,pull_request,170644,pull_commit,committed,375f271a1666c7e563260d1de5bb8bbe588a026c,2026-04-03T10:19:15Z,williamwen42,User,,human_account,,no,,,375f271a1666c7e563260d1de5bb8bbe588a026c,williamwen42,williamwen42,2026-08-29T09:13:16.173253+00:00
3,pytorch/pytorch,pull_request,170644,pull_commit,committed,fabf7b17ff2bda32e7b5c87714a17075d2e524f1,2026-04-09T18:01:53Z,williamwen42,User,,human_account,,no,,,fabf7b17ff2bda32e7b5c87714a17075d2e524f1,williamwen42,williamwen42,2026-08-29T09:13:16.173253+00:00
3,pytorch/pytorch,pull_request,170644,pull_commit,committed,9c42d9326fd4b230dfd87dfa862c770a2cd359d0,2026-04-13T09:59:04Z,williamwen42,User,,human_account,,no,,,9c42d9326fd4b230dfd87dfa862c770a2cd359d0,williamwen42,williamwen42,2026-08-29T09:13:16.173253+00:00
3,pytorch/pytorch,pull_request,170644,pull_commit,committed,eebaa6646c3c167369cae216505d10d97378f673,2026-04-14T10:06:05Z,williamwen42,User,,human_account,,no,,,eebaa6646c3c167369cae216505d10d97378f673,williamwen42,williamwen42,2026-08-29T09:13:16.173253+00:00
3,pytorch/pytorch,pull_request,170644,pull_commit,committed,92289288cb559de7184e076d499d55db37721a66,2026-04-14T16:20:43Z,williamwen42,User,,human_account,,no,,,92289288cb559de7184e076d499d55db37721a66,williamwen42,williamwen42,2026-08-29T09:13:16.173253+00:00
3,pytorch/pytorch,pull_request,170644,pull_commit,committed,a1ae48c87a9f1137f4a30223e06801e2a4cb1a63,2026-04-15T06:21:27Z,williamwen42,User,,human_account,,no,,,a1ae48c87a9f1137f4a30223e06801e2a4cb1a63,williamwen42,williamwen42,2026-08-29T09:13:16.173253+00:00
3,pytorch/pytorch,pull_request,170644,pull_commit,committed,a39f78f192a5afdc6e107d09167e82cacb06c97e,2026-04-20T14:31:12Z,williamwen42,User,,human_account,,no,,,a39f78f192a5afdc6e107d09167e82cacb06c97e,williamwen42,williamwen42,2026-08-29T09:13:16.173253+00:00
3,pytorch/pytorch,pull_request,170644,pull_commit,committed,480900247ea95fdbc8dba54c32300e5084ee0296,2026-04-21T18:46:36Z,williamwen42,User,,human_account,,no,,,480900247ea95fdbc8dba54c32300e5084ee0296,williamwen42,williamwen42,2026-08-29T09:13:16.173253+00:00
3,pytorch/pytorch,pull_request,170644,pull_commit,committed,afed62860824eeae1d5ae030cd1c41752daf0080,2026-04-22T16:06:57Z,williamwen42,User,,human_account,,no,,,afed62860824eeae1d5ae030cd1c41752daf0080,williamwen42,williamwen42,2026-08-29T09:13:16.173253+00:00
3,pytorch/pytorch,pull_request,170644,pull_commit,committed,f73b5250e2540deb004ccd6a4438b853d79bdf73,2026-04-23T20:26:58Z,williamwen42,User,,human_account,,no,,,f73b5250e2540deb004ccd6a4438b853d79bdf73,williamwen42,williamwen42,2026-08-29T09:13:16.173253+00:00
3,pytorch/pytorch,pull_request,170644,pull_commit,committed,1341b1d834de3677d6b7e6b392a9ce7143596804,2026-04-24T20:44:32Z,williamwen42,User,,human_account,,no,,,1341b1d834de3677d6b7e6b392a9ce7143596804,williamwen42,williamwen42,2026-08-29T09:13:16.173253+00:00
3,pytorch/pytorch,pull_request,170644,pull_commit,committed,df1fbb578b18c1f3630901bfc46e9b4fb5cce30e,2026-04-29T02:52:06Z,williamwen42,User,,human_account,,no,,,df1fbb578b18c1f3630901bfc46e9b4fb5cce30e,williamwen42,williamwen42,2026-08-29T09:13:16.173253+00:00
3,pytorch/pytorch,pull_request,170644,pull_commit,committed,c37e76e9677b3ebba64d72bf9cc447bb1615b473,2026-04-29T03:09:27Z,williamwen42,User,,human_account,,no,,,c37e76e9677b3ebba64d72bf9cc447bb1615b473,williamwen42,williamwen42,2026-08-29T09:13:16.173253+00:00
3,pytorch/pytorch,pull_request,170644,pull_commit,committed,3b54fc65ac8c5af5963f828fa0c2ef2814d01dc4,2026-04-29T18:32:46Z,williamwen42,User,,human_account,,no,,,3b54fc65ac8c5af5963f828fa0c2ef2814d01dc4,williamwen42,williamwen42,2026-08-29T09:13:16.173253+00:00
3,pytorch/pytorch,pull_request,170644,pull_commit,committed,697ed365a0772c729061b8a3b7e32a3c3302754e,2026-04-29T22:19:23Z,williamwen42,User,,human_account,,no,,,697ed365a0772c729061b8a3b7e32a3c3302754e,williamwen42,williamwen42,2026-08-29T09:13:16.173253+00:00
3,pytorch/pytorch,pull_request,170644,pull_commit,committed,e1c8e371900afd90281a5f4cb38c2c7972524f95,2026-04-30T22:00:56Z,williamwen42,User,,human_account,,no,,,e1c8e371900afd90281a5f4cb38c2c7972524f95,williamwen42,williamwen42,2026-08-29T09:13:16.173253+00:00
3,pytorch/pytorch,pull_request,170644,pull_commit,committed,7ba94649f173084f83cf2b05a65a37e120a55962,2026-05-01T21:38:57Z,williamwen42,User,,human_account,,no,,,7ba94649f173084f83cf2b05a65a37e120a55962,williamwen42,williamwen42,2026-08-29T09:13:16.173253+00:00
3,pytorch/pytorch,pull_request,170644,pull_commit,committed,f703f74ce4e4a1125b37cb02510708bdbed2f9a6,2026-05-04T21:47:54Z,williamwen42,User,,human_account,,no,,,f703f74ce4e4a1125b37cb02510708bdbed2f9a6,williamwen42,williamwen42,2026-08-29T09:13:16.173253+00:00
3,pytorch/pytorch,pull_request,170644,pull_commit,committed,38db5857e88e0a7149be702b3c4515831b5e4c70,2026-05-06T07:26:00Z,williamwen42,User,,human_account,,no,,,38db5857e88e0a7149be702b3c4515831b5e4c70,williamwen42,williamwen42,2026-08-29T09:13:16.173253+00:00
3,pytorch/pytorch,pull_request,170644,pull_commit,committed,7967eb81a4d4e0a2a5590830bcd9b7d37f9c4294,2026-05-06T19:06:32Z,williamwen42,User,,human_account,,no,,,7967eb81a4d4e0a2a5590830bcd9b7d37f9c4294,williamwen42,williamwen42,2026-08-29T09:13:16.173253+00:00
3,pytorch/pytorch,pull_request,170644,pull_commit,committed,237bd4de8e077ae5abf3e94787a93a274956599d,2026-05-07T22:11:05Z,williamwen42,User,,human_account,,no,,,237bd4de8e077ae5abf3e94787a93a274956599d,williamwen42,williamwen42,2026-08-29T09:13:16.173253+00:00
3,pytorch/pytorch,pull_request,170644,pull_commit,committed,fd55cf5aa055073fe92304aca44d04e682f62612,2026-05-11T18:37:06Z,williamwen42,User,,human_account,,no,,,fd55cf5aa055073fe92304aca44d04e682f62612,williamwen42,williamwen42,2026-08-29T09:13:16.173253+00:00
3,pytorch/pytorch,pull_request,170644,pull_commit,committed,4f4942dea8ff2ca88b36f9f958a753b7dadeba63,2026-05-12T00:04:09Z,williamwen42,User,,human_account,,no,,,4f4942dea8ff2ca88b36f9f958a753b7dadeba63,williamwen42,williamwen42,2026-08-29T09:13:16.173253+00:00
3,pytorch/pytorch,pull_request,170644,pull_commit,committed,7e3a845b8768cd11f62cd65d26143c1d89d69cc9,2026-05-12T23:43:52Z,williamwen42,User,,human_account,,no,,,7e3a845b8768cd11f62cd65d26143c1d89d69cc9,williamwen42,williamwen42,2026-08-29T09:13:16.173253+00:00
3,pytorch/pytorch,pull_request,170644,pull_commit,committed,3c24befa66b9ccc4b621dc86ada8218199608525,2026-05-13T02:36:39Z,williamwen42,User,,human_account,,no,,,3c24befa66b9ccc4b621dc86ada8218199608525,williamwen42,williamwen42,2026-08-29T09:13:16.173253+00:00
3,pytorch/pytorch,pull_request,170644,pull_commit,committed,9b3454548e42db32f240fa77e6455a83178d29e1,2026-05-13T04:27:51Z,williamwen42,User,,human_account,,no,,,9b3454548e42db32f240fa77e6455a83178d29e1,williamwen42,williamwen42,2026-08-29T09:13:16.173253+00:00
3,pytorch/pytorch,pull_request,170644,pull_commit,committed,c4b1db67bfb69aacc84208d477b039ad6a772a2e,2026-05-13T17:02:18Z,williamwen42,User,,human_account,,no,,,c4b1db67bfb69aacc84208d477b039ad6a772a2e,williamwen42,williamwen42,2026-08-29T09:13:16.173253+00:00
3,pytorch/pytorch,pull_request,170644,pull_commit,committed,b55d69a7c1954d3216735a5e1da667f02e28f2e2,2026-05-13T22:33:27Z,williamwen42,User,,human_account,,no,,,b55d69a7c1954d3216735a5e1da667f02e28f2e2,williamwen42,williamwen42,2026-08-29T09:13:16.173253+00:00
3,pytorch/pytorch,pull_request,170644,pull_commit,committed,8c279b9865b28538f52ea1ec157e215adfeb15aa,2026-05-14T20:30:01Z,williamwen42,User,,human_account,,no,,,8c279b9865b28538f52ea1ec157e215adfeb15aa,williamwen42,williamwen42,2026-08-29T09:13:16.173253+00:00
3,pytorch/pytorch,pull_request,170644,pull_commit,committed,425e5c6457404763adb5c4624b85f83bf3782726,2026-05-15T05:50:11Z,williamwen42,User,,human_account,,no,,,425e5c6457404763adb5c4624b85f83bf3782726,williamwen42,williamwen42,2026-08-29T09:13:16.173253+00:00
3,pytorch/pytorch,pull_request,170644,pull_commit,committed,236944029c258de200f99e35943ed47a805064bc,2026-05-27T19:56:51Z,williamwen42,User,,human_account,,no,,,236944029c258de200f99e35943ed47a805064bc,williamwen42,williamwen42,2026-08-29T09:13:16.173253+00:00
3,pytorch/pytorch,pull_request,170644,pull_commit,committed,789c6085b6a1d4d8859bdc5f97c42cc464e1e834,2026-05-28T15:27:35Z,williamwen42,User,,human_account,,no,,,789c6085b6a1d4d8859bdc5f97c42cc464e1e834,williamwen42,williamwen42,2026-08-29T09:13:16.173253+00:00
3,pytorch/pytorch,pull_request,168262,pull_commit,committed,13a4f9836f927b1f60a7a9845116fc9afec69d44,2025-11-20T23:00:00Z,guangyey,User,,human_account,,no,,,13a4f9836f927b1f60a7a9845116fc9afec69d44,guangyey,guangyey,2026-08-29T09:13:17.450805+00:00
3,pytorch/pytorch,pull_request,168262,pull_commit,committed,e27776c8180b1c5fee81dc2539a440dd63f02c4f,2025-11-27T21:17:38Z,guangyey,User,,human_account,,no,,,e27776c8180b1c5fee81dc2539a440dd63f02c4f,guangyey,guangyey,2026-08-29T09:13:17.450805+00:00
3,pytorch/pytorch,pull_request,168262,pull_commit,committed,5bad5447f57f41c7a575c915d627194e474676d6,2025-11-27T23:31:44Z,guangyey,User,,human_account,,no,,,5bad5447f57f41c7a575c915d627194e474676d6,guangyey,guangyey,2026-08-29T09:13:17.450805+00:00
3,pytorch/pytorch,pull_request,168262,pull_commit,committed,6a47b76febc667025d63eaf7a1a22c160fd5293e,2025-11-28T09:24:34Z,guangyey,User,,human_account,,no,,,6a47b76febc667025d63eaf7a1a22c160fd5293e,guangyey,guangyey,2026-08-29T09:13:17.450805+00:00
3,pytorch/pytorch,pull_request,168262,pull_commit,committed,9e5c96990a1513c7c7b88fa8e5d2eddf4250257a,2025-11-28T09:59:59Z,guangyey,User,,human_account,,no,,,9e5c96990a1513c7c7b88fa8e5d2eddf4250257a,guangyey,guangyey,2026-08-29T09:13:17.450805+00:00
3,pytorch/pytorch,pull_request,168262,pull_commit,committed,0a0ff7a9a69514d6434b328209f7eab6865e7b39,2025-11-28T10:04:48Z,guangyey,User,,human_account,,no,,,0a0ff7a9a69514d6434b328209f7eab6865e7b39,guangyey,guangyey,2026-08-29T09:13:17.450805+00:00
3,pytorch/pytorch,pull_request,168262,pull_commit,committed,eff443e416d25b2063173445946a6365afde36be,2025-11-28T10:12:10Z,guangyey,User,,human_account,,no,,,eff443e416d25b2063173445946a6365afde36be,guangyey,guangyey,2026-08-29T09:13:17.450805+00:00
3,pytorch/pytorch,pull_request,168262,pull_commit,committed,fadff3ade2321855b6d1dba551ef1f7125bd1a93,2025-12-01T14:35:12Z,guangyey,User,,human_account,,no,,,fadff3ade2321855b6d1dba551ef1f7125bd1a93,guangyey,guangyey,2026-08-29T09:13:17.450805+00:00
3,pytorch/pytorch,pull_request,168262,pull_commit,committed,b5b1bc1e9f9eb63fc453a06d8f51e48ec0b26293,2025-12-01T14:43:30Z,guangyey,User,,human_account,,no,,,b5b1bc1e9f9eb63fc453a06d8f51e48ec0b26293,guangyey,guangyey,2026-08-29T09:13:17.450805+00:00
3,pytorch/pytorch,pull_request,168262,pull_commit,committed,7d03812de77388f7acff37a7dccb67dfdd114f83,2025-12-03T13:01:58Z,guangyey,User,,human_account,,no,,,7d03812de77388f7acff37a7dccb67dfdd114f83,guangyey,guangyey,2026-08-29T09:13:17.450805+00:00
3,pytorch/pytorch,pull_request,168262,pull_commit,committed,553e03831fd98cc2351159a4f0c324e1aebe6ac6,2025-12-04T14:42:59Z,guangyey,User,,human_account,,no,,,553e03831fd98cc2351159a4f0c324e1aebe6ac6,guangyey,guangyey,2026-08-29T09:13:17.450805+00:00
3,pytorch/pytorch,pull_request,168262,pull_commit,committed,11f752e229a4cb83fe3169662194c88ab3cc6c78,2025-12-04T14:53:17Z,guangyey,User,,human_account,,no,,,11f752e229a4cb83fe3169662194c88ab3cc6c78,guangyey,guangyey,2026-08-29T09:13:17.450805+00:00
3,pytorch/pytorch,pull_request,168262,pull_commit,committed,122e049a9071f026c55866778bd60f2243d6f966,2025-12-04T18:08:17Z,guangyey,User,,human_account,,no,,,122e049a9071f026c55866778bd60f2243d6f966,guangyey,guangyey,2026-08-29T09:13:17.450805+00:00
3,pytorch/pytorch,pull_request,168262,pull_commit,committed,b97d76b69a2c464636ee0437740a4e2a7af26c70,2025-12-09T10:21:39Z,guangyey,User,,human_account,,no,,,b97d76b69a2c464636ee0437740a4e2a7af26c70,guangyey,guangyey,2026-08-29T09:13:17.450805+00:00
3,pytorch/pytorch,pull_request,168262,pull_commit,committed,fdbc74b3b8b89ea7ba672fc30a0341ceff2cd298,2025-12-10T09:40:46Z,guangyey,User,,human_account,,no,,,fdbc74b3b8b89ea7ba672fc30a0341ceff2cd298,guangyey,guangyey,2026-08-29T09:13:17.450805+00:00
3,pytorch/pytorch,pull_request,168262,pull_commit,committed,f9d35084a187d6f1184dc81b3de6c4a77224cd15,2025-12-11T09:09:58Z,guangyey,User,,human_account,,no,,,f9d35084a187d6f1184dc81b3de6c4a77224cd15,guangyey,guangyey,2026-08-29T09:13:17.450805+00:00
3,pytorch/pytorch,pull_request,168262,pull_commit,committed,e20d20d69dc789fcf25f7b4cad91be61b6ed8d2c,2025-12-11T22:49:26Z,guangyey,User,,human_account,,no,,,e20d20d69dc789fcf25f7b4cad91be61b6ed8d2c,guangyey,guangyey,2026-08-29T09:13:17.450805+00:00
3,pytorch/pytorch,pull_request,166059,pull_commit,committed,d01c4fed656ff12fd3af901a9c5647b938a687ec,2025-10-22T10:02:10Z,pearu,User,,human_account,,no,,,d01c4fed656ff12fd3af901a9c5647b938a687ec,pearu,pearu,2026-08-29T09:13:18.023763+00:00
3,pytorch/pytorch,pull_request,162735,pull_commit,committed,be307e421a60e70805f8873cb7ebdd610c3fbe07,2025-09-11T17:35:27Z,jamesjwu,User,,human_account,,no,,,be307e421a60e70805f8873cb7ebdd610c3fbe07,jamesjwu,jamesjwu,2026-08-29T09:13:18.491078+00:00
3,pytorch/pytorch,pull_request,167747,pull_commit,committed,6d78e0fcd89fbd7605790c929706510aa2c3ad4b,2025-11-13T18:24:38Z,mlazos,User,,human_account,,no,,,6d78e0fcd89fbd7605790c929706510aa2c3ad4b,mlazos,mlazos,2026-08-29T09:13:18.953560+00:00
3,pytorch/pytorch,pull_request,167747,pull_commit,committed,60b393237f29fb494e4f96e6f12dcdfc41689470,2025-11-13T22:23:26Z,mlazos,User,,human_account,,no,,,60b393237f29fb494e4f96e6f12dcdfc41689470,mlazos,mlazos,2026-08-29T09:13:18.953560+00:00
3,pytorch/pytorch,pull_request,167747,pull_commit,committed,66712327050998a0b6d85fd84607d8bd828a328d,2025-11-13T23:45:39Z,mlazos,User,,human_account,,no,,,66712327050998a0b6d85fd84607d8bd828a328d,mlazos,mlazos,2026-08-29T09:13:18.953560+00:00
3,pytorch/pytorch,pull_request,167747,pull_commit,committed,8fc150ec9aafeb4a510e65261211465c22a1a40b,2025-11-18T02:51:23Z,mlazos,User,,human_account,,no,,,8fc150ec9aafeb4a510e65261211465c22a1a40b,mlazos,mlazos,2026-08-29T09:13:18.953560+00:00
3,pytorch/pytorch,pull_request,167747,pull_commit,committed,2405279681e277d3c9ec935218826b40fea19f51,2025-11-18T06:11:28Z,mlazos,User,,human_account,,no,,,2405279681e277d3c9ec935218826b40fea19f51,mlazos,mlazos,2026-08-29T09:13:18.953560+00:00
3,pytorch/pytorch,pull_request,169013,pull_commit,committed,1b5413a45f02609b7e24fefef8478d61270d149e,2025-11-24T21:43:29Z,guilhermeleobas,User,,human_account,,no,,,1b5413a45f02609b7e24fefef8478d61270d149e,guilhermeleobas,guilhermeleobas,2026-08-29T09:13:19.433959+00:00
3,pytorch/pytorch,pull_request,169013,pull_commit,committed,725775a508b35af7ff8e71e80506c78a18b79cf7,2025-11-26T00:42:13Z,guilhermeleobas,User,,human_account,,no,,,725775a508b35af7ff8e71e80506c78a18b79cf7,guilhermeleobas,guilhermeleobas,2026-08-29T09:13:19.433959+00:00
3,pytorch/pytorch,pull_request,169013,pull_commit,committed,bc6e97900c573b1bf69043dab56315d729691187,2025-11-28T19:54:25Z,guilhermeleobas,User,,human_account,,no,,,bc6e97900c573b1bf69043dab56315d729691187,guilhermeleobas,guilhermeleobas,2026-08-29T09:13:19.433959+00:00
3,pytorch/pytorch,pull_request,169013,pull_commit,committed,d3adaa8bada9955236471ec97ae6564fc276d5a7,2025-11-29T17:17:55Z,guilhermeleobas,User,,human_account,,no,,,d3adaa8bada9955236471ec97ae6564fc276d5a7,guilhermeleobas,guilhermeleobas,2026-08-29T09:13:19.433959+00:00
3,pytorch/pytorch,pull_request,163593,pull_commit,committed,835a2db8f6a56e13fd92e0fdb7b7e864c0a89703,2025-09-23T00:38:46Z,muchulee8,User,,human_account,,no,,,835a2db8f6a56e13fd92e0fdb7b7e864c0a89703,muchulee8,muchulee8,2026-08-29T09:13:19.912232+00:00
3,pytorch/pytorch,pull_request,163593,pull_commit,committed,a8ccf63ed708930d6accf756f44936d1fa231eb4,2025-09-23T00:45:58Z,muchulee8,User,,human_account,,no,,,a8ccf63ed708930d6accf756f44936d1fa231eb4,muchulee8,muchulee8,2026-08-29T09:13:19.912232+00:00
3,pytorch/pytorch,pull_request,163593,pull_commit,committed,c943fffd16b448d0b3305cbed9dccf19d1497f44,2025-09-23T04:28:56Z,muchulee8,User,,human_account,,no,,,c943fffd16b448d0b3305cbed9dccf19d1497f44,muchulee8,muchulee8,2026-08-29T09:13:19.912232+00:00
3,pytorch/pytorch,pull_request,170396,pull_commit,committed,1f96cdb56903416ce2d9691efa633bb70818e4ed,2026-07-02T01:53:49Z,pytorchmergebot,User,,human_account,,no,,,1f96cdb56903416ce2d9691efa633bb70818e4ed,kleinicke,pytorchmergebot,2026-08-29T09:13:20.443389+00:00
3,pytorch/pytorch,pull_request,170396,pull_commit,committed,03bb5796155cc9f02c8adb072e27bcfb738b8112,2026-07-02T01:53:50Z,pytorchmergebot,User,,human_account,,no,,,03bb5796155cc9f02c8adb072e27bcfb738b8112,kleinicke,pytorchmergebot,2026-08-29T09:13:20.443389+00:00
3,pytorch/pytorch,pull_request,170396,pull_commit,committed,1f190084399c5564e7a660d0255931717e2301e1,2026-07-02T01:53:50Z,pytorchmergebot,User,,human_account,,no,,,1f190084399c5564e7a660d0255931717e2301e1,kleinicke,pytorchmergebot,2026-08-29T09:13:20.443389+00:00
3,pytorch/pytorch,pull_request,170396,pull_commit,committed,65ca663e8045d3a1d21fe7a0a667e9f6763f5d27,2026-07-02T01:53:50Z,pytorchmergebot,User,,human_account,,no,,,65ca663e8045d3a1d21fe7a0a667e9f6763f5d27,kleinicke,pytorchmergebot,2026-08-29T09:13:20.443389+00:00
3,pytorch/pytorch,pull_request,170396,pull_commit,committed,95d0ec184e366c2d4d6ef1bbc31db49f10ee02df,2026-07-02T01:53:50Z,pytorchmergebot,User,,human_account,,no,,,95d0ec184e366c2d4d6ef1bbc31db49f10ee02df,kleinicke,pytorchmergebot,2026-08-29T09:13:20.443389+00:00
3,pytorch/pytorch,pull_request,170396,pull_commit,committed,7b9ec14e2e2e4821c5cdf12ef9f8aaa4b5b6de2f,2026-07-02T01:53:50Z,pytorchmergebot,User,,human_account,,no,,,7b9ec14e2e2e4821c5cdf12ef9f8aaa4b5b6de2f,kleinicke,pytorchmergebot,2026-08-29T09:13:20.443389+00:00
3,pytorch/pytorch,pull_request,170396,pull_commit,committed,2e9b67e07da22c4b4b924145ea82b61d3eee0380,2026-07-02T01:53:50Z,pytorchmergebot,User,,human_account,,no,,,2e9b67e07da22c4b4b924145ea82b61d3eee0380,kleinicke,pytorchmergebot,2026-08-29T09:13:20.443389+00:00
3,pytorch/pytorch,pull_request,170396,pull_commit,committed,fb8e327d3cc3035b6f82f03514cb94c7f0379333,2026-07-02T01:53:50Z,pytorchmergebot,User,,human_account,,no,,,fb8e327d3cc3035b6f82f03514cb94c7f0379333,kleinicke,pytorchmergebot,2026-08-29T09:13:20.443389+00:00
3,pytorch/pytorch,pull_request,170396,pull_commit,committed,f7837fec7375c4f58ba4d0a542a0f9ee19121f25,2026-07-02T01:53:50Z,pytorchmergebot,User,,human_account,,no,,,f7837fec7375c4f58ba4d0a542a0f9ee19121f25,kleinicke,pytorchmergebot,2026-08-29T09:13:20.443389+00:00
3,pytorch/pytorch,pull_request,170396,pull_commit,committed,c481dc8d1749b74038dd0888620594a3d034875c,2026-07-02T01:53:50Z,pytorchmergebot,User,,human_account,,no,,,c481dc8d1749b74038dd0888620594a3d034875c,kleinicke,pytorchmergebot,2026-08-29T09:13:20.443389+00:00
3,pytorch/pytorch,pull_request,170396,pull_commit,committed,6496e0091f386f2aa0e47c1d63235c15dca6f7dc,2026-07-02T01:53:50Z,pytorchmergebot,User,,human_account,,no,,,6496e0091f386f2aa0e47c1d63235c15dca6f7dc,kleinicke,pytorchmergebot,2026-08-29T09:13:20.443389+00:00
3,pytorch/pytorch,pull_request,170396,pull_commit,committed,58556f3e06684ce4eb2861fd086f1df30504f840,2026-07-02T01:53:50Z,pytorchmergebot,User,,human_account,,no,,,58556f3e06684ce4eb2861fd086f1df30504f840,kleinicke,pytorchmergebot,2026-08-29T09:13:20.443389+00:00
3,pytorch/pytorch,pull_request,170396,pull_commit,committed,9d11885c04e53bcaa6f1fe8601a00dcd869f0aff,2026-07-02T01:53:50Z,pytorchmergebot,User,,human_account,,no,,,9d11885c04e53bcaa6f1fe8601a00dcd869f0aff,kleinicke,pytorchmergebot,2026-08-29T09:13:20.443389+00:00
3,pytorch/pytorch,pull_request,168219,pull_commit,committed,52c065357ee31a35da92f2d946eb356bd37fba70,2025-11-20T06:25:08Z,dayanandav,User,,human_account,,no,,,52c065357ee31a35da92f2d946eb356bd37fba70,dayanandav,dayanandav,2026-08-29T09:13:21.056710+00:00
3,pytorch/pytorch,pull_request,167800,pull_commit,committed,5195be51d2a16469d409333d51fa2288730f1083,2025-11-14T04:37:02Z,jansel,User,,human_account,,no,,,5195be51d2a16469d409333d51fa2288730f1083,jansel,jansel,2026-08-29T09:13:21.644314+00:00
3,pytorch/pytorch,pull_request,167800,pull_commit,committed,eb501ae3dc53447e3fec8a1cdaaee8d71b761e21,2026-01-15T06:21:26Z,jansel,User,,human_account,,no,,,eb501ae3dc53447e3fec8a1cdaaee8d71b761e21,jansel,jansel,2026-08-29T09:13:21.644314+00:00
3,pytorch/pytorch,pull_request,164427,pull_commit,committed,fcf37e1928b679a5cae3586b49763388d65e6313,2025-10-03T17:46:24Z,angelayi,User,,human_account,,no,,,fcf37e1928b679a5cae3586b49763388d65e6313,angelayi,angelayi,2026-08-29T09:13:22.133524+00:00
3,pytorch/pytorch,pull_request,165561,pull_commit,committed,76ca59f622b4264fc311ff5e99e26aaf71eb04d4,2025-10-15T16:49:21Z,bbopen,User,,human_account,,no,,,76ca59f622b4264fc311ff5e99e26aaf71eb04d4,bbopen,bbopen,2026-08-29T09:13:22.632660+00:00
3,pytorch/pytorch,pull_request,167094,pull_commit,committed,bb03b1ea6642823dd187b96ff64b185e64a3b11d,2025-11-04T02:03:09Z,YyWangCS,User,,human_account,,no,,,bb03b1ea6642823dd187b96ff64b185e64a3b11d,YyWangCS,YyWangCS,2026-08-29T09:13:23.170306+00:00
3,pytorch/pytorch,pull_request,167094,pull_commit,committed,be69e068029bc574ea56cb163ef6ca54552f0692,2025-11-05T12:54:20Z,YyWangCS,User,,human_account,,no,,,be69e068029bc574ea56cb163ef6ca54552f0692,YyWangCS,YyWangCS,2026-08-29T09:13:23.170306+00:00
3,pytorch/pytorch,pull_request,167094,pull_commit,committed,7664b99fa2cd4e00ab4a53655f499ec02bda981f,2025-11-05T13:00:29Z,YyWangCS,User,,human_account,,no,,,7664b99fa2cd4e00ab4a53655f499ec02bda981f,YyWangCS,YyWangCS,2026-08-29T09:13:23.170306+00:00
3,pytorch/pytorch,pull_request,167094,pull_commit,committed,69a1c26d11ef790acb7f94ea5627bb67d7410fa6,2025-11-05T14:03:43Z,YyWangCS,User,,human_account,,no,,,69a1c26d11ef790acb7f94ea5627bb67d7410fa6,YyWangCS,YyWangCS,2026-08-29T09:13:23.170306+00:00
3,pytorch/pytorch,pull_request,169748,pull_commit,committed,3661d915fa0724ca41bb3bb93c3a33f95a995732,2025-12-06T04:43:17Z,dolpm,User,,human_account,,no,,,3661d915fa0724ca41bb3bb93c3a33f95a995732,dolpm,dolpm,2026-08-29T09:13:23.779308+00:00
3,pytorch/pytorch,pull_request,169748,pull_commit,committed,21c7cec171c50929785710370b08b15803722ad7,2025-12-26T16:26:08Z,web-flow,User,,human_account,,no,,,21c7cec171c50929785710370b08b15803722ad7,dolpm,web-flow,2026-08-29T09:13:23.779308+00:00
3,pytorch/pytorch,pull_request,162239,pull_commit,committed,771f39aee014d6b8d66f2d948961cdeb614d43a5,2025-09-05T03:01:56Z,coconutruben,User,,human_account,,no,,,771f39aee014d6b8d66f2d948961cdeb614d43a5,coconutruben,coconutruben,2026-08-29T09:13:24.418575+00:00
3,pytorch/pytorch,pull_request,162239,pull_commit,committed,644b7b86147dae2099cfa239d8aa4d9d055dce6f,2025-09-05T14:38:45Z,coconutruben,User,,human_account,,no,,,644b7b86147dae2099cfa239d8aa4d9d055dce6f,coconutruben,coconutruben,2026-08-29T09:13:24.418575+00:00
3,pytorch/pytorch,pull_request,169600,pull_commit,committed,0c5578d5a096e7f53a40a6f08b8d9e1c810a5ccd,2025-12-04T19:56:22Z,krocki,User,,human_account,,no,,,0c5578d5a096e7f53a40a6f08b8d9e1c810a5ccd,krocki,krocki,2026-08-29T09:13:24.911990+00:00
3,pytorch/pytorch,pull_request,169600,pull_commit,committed,b2635508c3cad55f52efbdf5f77d0d3b3da056c3,2025-12-05T01:50:42Z,krocki,User,,human_account,,no,,,b2635508c3cad55f52efbdf5f77d0d3b3da056c3,krocki,krocki,2026-08-29T09:13:24.911990+00:00
3,pytorch/pytorch,pull_request,169600,pull_commit,committed,df014c66499205666702820b715db8a6987d141a,2025-12-09T06:08:34Z,krocki,User,,human_account,,no,,,df014c66499205666702820b715db8a6987d141a,krocki,krocki,2026-08-29T09:13:24.911990+00:00
3,pytorch/pytorch,pull_request,169600,pull_commit,committed,ce65956058844849bcd7eaef05389ebfe6326043,2025-12-10T19:18:14Z,krocki,User,,human_account,,no,,,ce65956058844849bcd7eaef05389ebfe6326043,krocki,krocki,2026-08-29T09:13:24.911990+00:00
3,pytorch/pytorch,pull_request,169600,pull_commit,committed,5c8d2e8a33c0b320e894f20ce5435640f8dff910,2025-12-11T01:45:54Z,krocki,User,,human_account,,no,,,5c8d2e8a33c0b320e894f20ce5435640f8dff910,krocki,krocki,2026-08-29T09:13:24.911990+00:00
3,pytorch/pytorch,pull_request,169600,pull_commit,committed,a5b0f3071468629cb08889009db0bfd6dbc5e501,2025-12-17T22:08:42Z,krocki,User,,human_account,,no,,,a5b0f3071468629cb08889009db0bfd6dbc5e501,krocki,krocki,2026-08-29T09:13:24.911990+00:00
3,pytorch/pytorch,pull_request,169600,pull_commit,committed,7ca44db1d1d67c13a7c7a00242cd344a1228e0e7,2025-12-18T20:16:05Z,krocki,User,,human_account,,no,,,7ca44db1d1d67c13a7c7a00242cd344a1228e0e7,krocki,krocki,2026-08-29T09:13:24.911990+00:00
3,pytorch/pytorch,pull_request,171545,pull_commit,committed,7dddcce840f8703fbd18899f2c78c492d1adcb35,2025-12-30T22:30:24Z,NikhilAPatel,User,,human_account,,no,,,7dddcce840f8703fbd18899f2c78c492d1adcb35,NikhilAPatel,NikhilAPatel,2026-08-29T09:13:25.466322+00:00
3,pytorch/pytorch,pull_request,171545,pull_commit,committed,48a2c8911f09f22c8ccba3c43385787d414ea039,2025-12-30T22:37:45Z,NikhilAPatel,User,,human_account,,no,,,48a2c8911f09f22c8ccba3c43385787d414ea039,NikhilAPatel,NikhilAPatel,2026-08-29T09:13:25.466322+00:00
3,pytorch/pytorch,pull_request,171545,pull_commit,committed,f9f5e311afd429040c0b3d76b50be9d4bde735f7,2025-12-30T22:38:41Z,NikhilAPatel,User,,human_account,,no,,,f9f5e311afd429040c0b3d76b50be9d4bde735f7,NikhilAPatel,NikhilAPatel,2026-08-29T09:13:25.466322+00:00
3,pytorch/pytorch,pull_request,171545,pull_commit,committed,9ed6bd5b4512aaf3ad70ad4549fe67427f9e5c5f,2025-12-30T22:57:38Z,NikhilAPatel,User,,human_account,,no,,,9ed6bd5b4512aaf3ad70ad4549fe67427f9e5c5f,NikhilAPatel,NikhilAPatel,2026-08-29T09:13:25.466322+00:00
3,pytorch/pytorch,pull_request,171545,pull_commit,committed,bf4b77789f6729b7b64e1e0209d5ef7105e930fc,2026-01-02T23:36:05Z,NikhilAPatel,User,,human_account,,no,,,bf4b77789f6729b7b64e1e0209d5ef7105e930fc,NikhilAPatel,NikhilAPatel,2026-08-29T09:13:25.466322+00:00
3,pytorch/pytorch,pull_request,171545,pull_commit,committed,152d9515e4c77d54fb3458fa8eaa34377020c1ae,2026-01-02T23:40:18Z,NikhilAPatel,User,,human_account,,no,,,152d9515e4c77d54fb3458fa8eaa34377020c1ae,NikhilAPatel,NikhilAPatel,2026-08-29T09:13:25.466322+00:00
3,pytorch/pytorch,pull_request,171545,pull_commit,committed,351ef780bd246d0ee2c809b4f7e24e63038322df,2026-01-05T20:47:56Z,NikhilAPatel,User,,human_account,,no,,,351ef780bd246d0ee2c809b4f7e24e63038322df,NikhilAPatel,NikhilAPatel,2026-08-29T09:13:25.466322+00:00
3,pytorch/pytorch,pull_request,171545,pull_commit,committed,207cb858a1f5a1da4f3486d48e571f6f8699ebd5,2026-01-05T20:59:19Z,NikhilAPatel,User,,human_account,,no,,,207cb858a1f5a1da4f3486d48e571f6f8699ebd5,NikhilAPatel,NikhilAPatel,2026-08-29T09:13:25.466322+00:00
3,pytorch/pytorch,pull_request,168050,pull_commit,committed,c96f20e1e9d3f607fa645aded5d3f0b3d7f1c8b4,2025-11-18T00:08:18Z,karthickai,User,,human_account,,no,,,c96f20e1e9d3f607fa645aded5d3f0b3d7f1c8b4,karthickai,karthickai,2026-08-29T09:13:25.967152+00:00
3,pytorch/pytorch,pull_request,168050,pull_commit,committed,8f434b062ee76546b9f5a0d7ca1f7c37a07cbd6e,2025-11-18T05:57:03Z,karthickai,User,,human_account,,no,,,8f434b062ee76546b9f5a0d7ca1f7c37a07cbd6e,karthickai,karthickai,2026-08-29T09:13:25.967152+00:00
3,pytorch/pytorch,pull_request,168050,pull_commit,committed,11b0c3a6b6a8afc60c7100746574dbc8802ee5fd,2025-11-18T07:13:28Z,karthickai,User,,human_account,,no,,,11b0c3a6b6a8afc60c7100746574dbc8802ee5fd,karthickai,karthickai,2026-08-29T09:13:25.967152+00:00
3,pytorch/pytorch,pull_request,168050,pull_commit,committed,6d13adea034a31c622e43f6e272d4b9bf21e0807,2025-11-18T21:52:33Z,karthickai,User,,human_account,,no,,,6d13adea034a31c622e43f6e272d4b9bf21e0807,karthickai,karthickai,2026-08-29T09:13:25.967152+00:00
3,pytorch/pytorch,pull_request,168050,pull_commit,committed,54c92569754b08c3444095cb9936ca29a5b1f55a,2025-11-19T00:04:55Z,karthickai,User,,human_account,,no,,,54c92569754b08c3444095cb9936ca29a5b1f55a,karthickai,karthickai,2026-08-29T09:13:25.967152+00:00
3,pytorch/pytorch,pull_request,168050,pull_commit,committed,8986979f68a9dda7d22b4d45cf8ae631bd4408e9,2025-11-19T23:14:54Z,karthickai,User,,human_account,,no,,,8986979f68a9dda7d22b4d45cf8ae631bd4408e9,karthickai,karthickai,2026-08-29T09:13:25.967152+00:00
3,pytorch/pytorch,pull_request,168050,pull_commit,committed,46cb073e16c5bcaa5fadac42bdc4021e125dd706,2025-11-21T18:24:40Z,karthickai,User,,human_account,,no,,,46cb073e16c5bcaa5fadac42bdc4021e125dd706,karthickai,karthickai,2026-08-29T09:13:25.967152+00:00
3,pytorch/pytorch,pull_request,168050,pull_commit,committed,07668243fd0e9792c50ed2e0f8b8af71b3b0dcf5,2025-11-21T18:37:56Z,karthickai,User,,human_account,,no,,,07668243fd0e9792c50ed2e0f8b8af71b3b0dcf5,karthickai,karthickai,2026-08-29T09:13:25.967152+00:00
3,pytorch/pytorch,pull_request,168050,pull_commit,committed,0dc0aa3b73809e854d1f60d673af4b5bd77ba950,2025-11-21T18:49:36Z,karthickai,User,,human_account,,no,,,0dc0aa3b73809e854d1f60d673af4b5bd77ba950,karthickai,karthickai,2026-08-29T09:13:25.967152+00:00
3,pytorch/pytorch,pull_request,168050,pull_commit,committed,73c31a685dbac51fb3f68092f272dd7a9b03d431,2025-11-21T18:52:30Z,karthickai,User,,human_account,,no,,,73c31a685dbac51fb3f68092f272dd7a9b03d431,karthickai,karthickai,2026-08-29T09:13:25.967152+00:00
3,pytorch/pytorch,pull_request,168050,pull_commit,committed,33fdcc443f89089a3e5680bf314b074ce1def121,2025-11-21T20:25:06Z,karthickai,User,,human_account,,no,,,33fdcc443f89089a3e5680bf314b074ce1def121,karthickai,karthickai,2026-08-29T09:13:25.967152+00:00
3,pytorch/pytorch,pull_request,168050,pull_commit,committed,89feb302dcb05f2e3ff5173746897397f6bcf0f4,2025-11-21T22:48:29Z,karthickai,User,,human_account,,no,,,89feb302dcb05f2e3ff5173746897397f6bcf0f4,karthickai,karthickai,2026-08-29T09:13:25.967152+00:00
3,pytorch/pytorch,pull_request,168050,pull_commit,committed,9536a18ca9eaef756843477696f526b4fa884d79,2025-11-22T00:15:38Z,karthickai,User,,human_account,,no,,,9536a18ca9eaef756843477696f526b4fa884d79,karthickai,karthickai,2026-08-29T09:13:25.967152+00:00
3,pytorch/pytorch,pull_request,168050,pull_commit,committed,11f4071d700be1f806813e0187f0af7ee973e098,2025-11-24T02:16:29Z,karthickai,User,,human_account,,no,,,11f4071d700be1f806813e0187f0af7ee973e098,karthickai,karthickai,2026-08-29T09:13:25.967152+00:00
3,pytorch/pytorch,pull_request,168050,pull_commit,committed,22934e483aa893ca767300cdc52efdb8315ecf6d,2025-11-24T03:27:54Z,karthickai,User,,human_account,,no,,,22934e483aa893ca767300cdc52efdb8315ecf6d,karthickai,karthickai,2026-08-29T09:13:25.967152+00:00
3,pytorch/pytorch,pull_request,168050,pull_commit,committed,797dd5b142d626358e4cd0d5790d17af5fa8b3ee,2025-11-24T04:17:36Z,karthickai,User,,human_account,,no,,,797dd5b142d626358e4cd0d5790d17af5fa8b3ee,karthickai,karthickai,2026-08-29T09:13:25.967152+00:00
3,pytorch/pytorch,pull_request,168050,pull_commit,committed,754e8ab24e0a92cec5487bdf35720d82c6b651d4,2025-11-24T07:54:25Z,karthickai,User,,human_account,,no,,,754e8ab24e0a92cec5487bdf35720d82c6b651d4,karthickai,karthickai,2026-08-29T09:13:25.967152+00:00
3,pytorch/pytorch,pull_request,168050,pull_commit,committed,7a93678540ccf4e8baf1e0e2212991bed7509bfd,2025-11-25T22:48:57Z,karthickai,User,,human_account,,no,,,7a93678540ccf4e8baf1e0e2212991bed7509bfd,karthickai,karthickai,2026-08-29T09:13:25.967152+00:00
3,pytorch/pytorch,pull_request,168050,pull_commit,committed,e699022e58f2232ecf9a2db4f1d614b9b65d11b4,2025-11-26T23:09:31Z,karthickai,User,,human_account,,no,,,e699022e58f2232ecf9a2db4f1d614b9b65d11b4,karthickai,karthickai,2026-08-29T09:13:25.967152+00:00
3,pytorch/pytorch,pull_request,168050,pull_commit,committed,7896033388a9e981110ea1332955be645ec7a03b,2025-11-27T21:35:52Z,karthickai,User,,human_account,,no,,,7896033388a9e981110ea1332955be645ec7a03b,karthickai,karthickai,2026-08-29T09:13:25.967152+00:00
3,pytorch/pytorch,pull_request,168050,pull_commit,committed,1bdc4213dbdb00d7d6623fa989eeb8634af85ba7,2025-11-27T23:04:51Z,karthickai,User,,human_account,,no,,,1bdc4213dbdb00d7d6623fa989eeb8634af85ba7,karthickai,karthickai,2026-08-29T09:13:25.967152+00:00
3,pytorch/pytorch,pull_request,168050,pull_commit,committed,bb5a7f557ae493d0458a7ecb2a478af0d500ee6e,2025-11-28T01:58:23Z,karthickai,User,,human_account,,no,,,bb5a7f557ae493d0458a7ecb2a478af0d500ee6e,karthickai,karthickai,2026-08-29T09:13:25.967152+00:00
3,pytorch/pytorch,pull_request,168050,pull_commit,committed,583e9a2cd6f9a4c037453e7ccf225ebb47d7c3af,2025-11-29T04:42:02Z,karthickai,User,,human_account,,no,,,583e9a2cd6f9a4c037453e7ccf225ebb47d7c3af,karthickai,karthickai,2026-08-29T09:13:25.967152+00:00
3,pytorch/pytorch,pull_request,168050,pull_commit,committed,86078e43d5aa36a9f955ffd823ff228140386691,2025-11-29T23:26:48Z,karthickai,User,,human_account,,no,,,86078e43d5aa36a9f955ffd823ff228140386691,karthickai,karthickai,2026-08-29T09:13:25.967152+00:00
3,pytorch/pytorch,pull_request,168050,pull_commit,committed,7d9689f8302ca28d278d7c3ecbef981308870901,2025-12-02T00:07:31Z,karthickai,User,,human_account,,no,,,7d9689f8302ca28d278d7c3ecbef981308870901,karthickai,karthickai,2026-08-29T09:13:25.967152+00:00
3,pytorch/pytorch,pull_request,168050,pull_commit,committed,f80ba274448c67114510b6f291d989577a5937c7,2025-12-02T03:05:31Z,karthickai,User,,human_account,,no,,,f80ba274448c67114510b6f291d989577a5937c7,karthickai,karthickai,2026-08-29T09:13:25.967152+00:00
3,pytorch/pytorch,pull_request,168050,pull_commit,committed,36b51a8c8d031b42224b4d2ec8bdd65d61d630be,2025-12-02T19:00:29Z,karthickai,User,,human_account,,no,,,36b51a8c8d031b42224b4d2ec8bdd65d61d630be,karthickai,karthickai,2026-08-29T09:13:25.967152+00:00
3,pytorch/pytorch,pull_request,168050,pull_commit,committed,6ff1e779724101edfecea4d17b87bd1f303a6818,2025-12-02T19:15:41Z,karthickai,User,,human_account,,no,,,6ff1e779724101edfecea4d17b87bd1f303a6818,karthickai,karthickai,2026-08-29T09:13:25.967152+00:00
3,pytorch/pytorch,pull_request,168050,pull_commit,committed,69272c193a85a1a6e986ee3f55d313300a6f159e,2025-12-02T22:33:33Z,karthickai,User,,human_account,,no,,,69272c193a85a1a6e986ee3f55d313300a6f159e,karthickai,karthickai,2026-08-29T09:13:25.967152+00:00
3,pytorch/pytorch,pull_request,168050,pull_commit,committed,b91a0fe38b1a86bfb277569a598709e671e5f7eb,2025-12-02T23:33:14Z,karthickai,User,,human_account,,no,,,b91a0fe38b1a86bfb277569a598709e671e5f7eb,karthickai,karthickai,2026-08-29T09:13:25.967152+00:00
3,pytorch/pytorch,pull_request,168050,pull_commit,committed,e396f0c26aa264e0cd2924d8ba5f3ec02353aecd,2025-12-02T23:36:35Z,karthickai,User,,human_account,,no,,,e396f0c26aa264e0cd2924d8ba5f3ec02353aecd,karthickai,karthickai,2026-08-29T09:13:25.967152+00:00
3,pytorch/pytorch,pull_request,168050,pull_commit,committed,24479fc22396ae909f56be33ca9d1e0b8f000f6c,2025-12-03T22:01:23Z,karthickai,User,,human_account,,no,,,24479fc22396ae909f56be33ca9d1e0b8f000f6c,karthickai,karthickai,2026-08-29T09:13:25.967152+00:00
3,pytorch/pytorch,pull_request,168050,pull_commit,committed,5f87790cfe5e610ab7fea660203d233acc80b36d,2025-12-04T07:32:02Z,karthickai,User,,human_account,,no,,,5f87790cfe5e610ab7fea660203d233acc80b36d,karthickai,karthickai,2026-08-29T09:13:25.967152+00:00
3,pytorch/pytorch,pull_request,168050,pull_commit,committed,329c6fae0892b021658df21e505a53f9de20f926,2025-12-04T18:30:55Z,karthickai,User,,human_account,,no,,,329c6fae0892b021658df21e505a53f9de20f926,karthickai,karthickai,2026-08-29T09:13:25.967152+00:00
3,pytorch/pytorch,pull_request,168050,pull_commit,committed,f07928b305f04b775ce43069fe39698a970e3b84,2025-12-05T22:43:33Z,karthickai,User,,human_account,,no,,,f07928b305f04b775ce43069fe39698a970e3b84,karthickai,karthickai,2026-08-29T09:13:25.967152+00:00
3,pytorch/pytorch,pull_request,168050,pull_commit,committed,a6a66db43dbbcec96f12c5446cf1522e57cae2e2,2025-12-06T02:36:37Z,karthickai,User,,human_account,,no,,,a6a66db43dbbcec96f12c5446cf1522e57cae2e2,karthickai,karthickai,2026-08-29T09:13:25.967152+00:00
3,pytorch/pytorch,pull_request,168050,pull_commit,committed,3ba14e0bba03b0613d1fcdd357d0ac18e0a6b8a7,2025-12-06T02:56:02Z,karthickai,User,,human_account,,no,,,3ba14e0bba03b0613d1fcdd357d0ac18e0a6b8a7,karthickai,karthickai,2026-08-29T09:13:25.967152+00:00
3,pytorch/pytorch,pull_request,168050,pull_commit,committed,8048e1a3de28add33ff809a4efa9aa76be852d92,2025-12-06T10:51:25Z,karthickai,User,,human_account,,no,,,8048e1a3de28add33ff809a4efa9aa76be852d92,karthickai,karthickai,2026-08-29T09:13:25.967152+00:00
3,pytorch/pytorch,pull_request,168050,pull_commit,committed,af08203b389725a2ffab7d9e9e4ffce6a365ee8b,2025-12-06T11:02:13Z,karthickai,User,,human_account,,no,,,af08203b389725a2ffab7d9e9e4ffce6a365ee8b,karthickai,karthickai,2026-08-29T09:13:25.967152+00:00
3,pytorch/pytorch,pull_request,168050,pull_commit,committed,b2722288f0bfacc17d6d58ed3df3967d994d0cba,2025-12-06T22:30:56Z,karthickai,User,,human_account,,no,,,b2722288f0bfacc17d6d58ed3df3967d994d0cba,karthickai,karthickai,2026-08-29T09:13:25.967152+00:00
3,pytorch/pytorch,pull_request,168050,pull_commit,committed,f95c9c751fe89ab838a43ce050a506ebd53626c4,2025-12-08T06:43:56Z,karthickai,User,,human_account,,no,,,f95c9c751fe89ab838a43ce050a506ebd53626c4,karthickai,karthickai,2026-08-29T09:13:25.967152+00:00
3,pytorch/pytorch,pull_request,168050,pull_commit,committed,4702ebeebf9a4b969252729872f6f4783fc3d4ca,2025-12-08T07:54:38Z,karthickai,User,,human_account,,no,,,4702ebeebf9a4b969252729872f6f4783fc3d4ca,karthickai,karthickai,2026-08-29T09:13:25.967152+00:00
3,pytorch/pytorch,pull_request,168050,pull_commit,committed,b97a89e718b395aa61e884ccc0a1e972941ef142,2025-12-09T02:16:22Z,karthickai,User,,human_account,,no,,,b97a89e718b395aa61e884ccc0a1e972941ef142,karthickai,karthickai,2026-08-29T09:13:25.967152+00:00
3,pytorch/pytorch,pull_request,168050,pull_commit,committed,98d14c493ce53145d57f4a3799f65bf9fdc6e2a2,2025-12-09T22:32:10Z,karthickai,User,,human_account,,no,,,98d14c493ce53145d57f4a3799f65bf9fdc6e2a2,karthickai,karthickai,2026-08-29T09:13:25.967152+00:00
3,pytorch/pytorch,pull_request,168050,pull_commit,committed,8034cf0315262fa400758884a38feed79f99b686,2025-12-10T00:42:38Z,karthickai,User,,human_account,,no,,,8034cf0315262fa400758884a38feed79f99b686,karthickai,karthickai,2026-08-29T09:13:25.967152+00:00
3,pytorch/pytorch,pull_request,168050,pull_commit,committed,9dc491267646f4ff6e2df56a56f40162f5eef7a2,2025-12-12T23:34:07Z,karthickai,User,,human_account,,no,,,9dc491267646f4ff6e2df56a56f40162f5eef7a2,karthickai,karthickai,2026-08-29T09:13:25.967152+00:00
3,pytorch/pytorch,pull_request,168050,pull_commit,committed,50524574522c5769652f92276cb4dcfff7a8da61,2025-12-17T07:03:25Z,karthickai,User,,human_account,,no,,,50524574522c5769652f92276cb4dcfff7a8da61,karthickai,karthickai,2026-08-29T09:13:25.967152+00:00
3,pytorch/pytorch,pull_request,186309,pull_commit,committed,f0dc29a2430a7110cbd9a4046d81c5fe25f61f26,2026-06-16T21:19:56Z,facebook-github-bot,User,,human_account,,no,,,f0dc29a2430a7110cbd9a4046d81c5fe25f61f26,joshuuuasu,facebook-github-bot,2026-08-29T09:13:26.632171+00:00
3,pytorch/pytorch,pull_request,187038,pull_commit,committed,2c243e3eb92951eb857f7812b6b2c4479020b0af,2026-06-11T12:40:39Z,Isalia20,User,,human_account,,no,,,2c243e3eb92951eb857f7812b6b2c4479020b0af,Isalia20,Isalia20,2026-08-29T09:13:27.237375+00:00
3,pytorch/pytorch,pull_request,187038,pull_commit,committed,72643facf0f814c83b9cb6d122cd9321a87bafaa,2026-06-11T17:14:52Z,Isalia20,User,,human_account,,no,,,72643facf0f814c83b9cb6d122cd9321a87bafaa,Isalia20,Isalia20,2026-08-29T09:13:27.237375+00:00
3,pytorch/pytorch,pull_request,187038,pull_commit,committed,3db113964edc28918eaa46f797f27d940f094ad1,2026-06-11T19:35:03Z,Isalia20,User,,human_account,,no,,,3db113964edc28918eaa46f797f27d940f094ad1,Isalia20,Isalia20,2026-08-29T09:13:27.237375+00:00
3,pytorch/pytorch,pull_request,187038,pull_commit,committed,d42dadfe5b1d5ca31904cc8a5a73e7de18939d13,2026-06-12T08:21:27Z,Isalia20,User,,human_account,,no,,,d42dadfe5b1d5ca31904cc8a5a73e7de18939d13,Isalia20,Isalia20,2026-08-29T09:13:27.237375+00:00
3,pytorch/pytorch,pull_request,187038,pull_commit,committed,258f54028ee9845257c81441d618ea2d86f3cbc4,2026-06-12T09:01:17Z,Isalia20,User,,human_account,,no,,,258f54028ee9845257c81441d618ea2d86f3cbc4,Isalia20,Isalia20,2026-08-29T09:13:27.237375+00:00
3,pytorch/pytorch,pull_request,187038,pull_commit,committed,9c54d73191b6785d85e0a00d4327d37509a71db3,2026-06-28T15:15:33Z,Isalia20,User,,human_account,,no,,,9c54d73191b6785d85e0a00d4327d37509a71db3,Isalia20,Isalia20,2026-08-29T09:13:27.237375+00:00
3,pytorch/pytorch,pull_request,187038,pull_commit,committed,4ff95dabee5bbe55c22ce4f93e2182b1b5a29723,2026-06-28T16:29:36Z,Isalia20,User,,human_account,,no,,,4ff95dabee5bbe55c22ce4f93e2182b1b5a29723,Isalia20,Isalia20,2026-08-29T09:13:27.237375+00:00
3,pytorch/pytorch,pull_request,187038,pull_commit,committed,10fe0e71711cdd27fa99665704ecd21534f11b20,2026-06-28T19:55:09Z,Isalia20,User,,human_account,,no,,,10fe0e71711cdd27fa99665704ecd21534f11b20,Isalia20,Isalia20,2026-08-29T09:13:27.237375+00:00
3,pytorch/pytorch,pull_request,187038,pull_commit,committed,376697c71a5a26417f4b1dc9435419c065fe8950,2026-06-28T21:08:40Z,Isalia20,User,,human_account,,no,,,376697c71a5a26417f4b1dc9435419c065fe8950,Isalia20,Isalia20,2026-08-29T09:13:27.237375+00:00
3,pytorch/pytorch,pull_request,187038,pull_commit,committed,e017c393ba777a5234448e029c273aa154414ff3,2026-07-07T21:14:13Z,Isalia20,User,,human_account,,no,,,e017c393ba777a5234448e029c273aa154414ff3,Isalia20,Isalia20,2026-08-29T09:13:27.237375+00:00
3,pytorch/pytorch,pull_request,187038,pull_commit,committed,f469625d8f85bb51623c29ab35087063645ee614,2026-07-08T00:46:23Z,web-flow,User,,human_account,,no,,,f469625d8f85bb51623c29ab35087063645ee614,malfet,web-flow,2026-08-29T09:13:27.237375+00:00
3,pytorch/pytorch,pull_request,187038,pull_commit,committed,aec3ec6812805d3d19911f9e61cdd0a747d568ce,2026-07-08T01:21:50Z,web-flow,User,,human_account,,no,,,aec3ec6812805d3d19911f9e61cdd0a747d568ce,malfet,web-flow,2026-08-29T09:13:27.237375+00:00
3,pytorch/pytorch,pull_request,194967,pull_commit,committed,3097e2f27fac6d00f78b884c851af6c9a5886a4a,2026-08-29T00:33:44Z,pytorchupdatebot,User,,human_account,,no,,,3097e2f27fac6d00f78b884c851af6c9a5886a4a,pytorchupdatebot,pytorchupdatebot,2026-08-29T09:13:27.849108+00:00
3,pytorch/pytorch,pull_request,191514,pull_commit,committed,31eb9dc300e2536fef817496329cd97ab709a716,2026-07-29T18:49:22Z,mlazos,User,,human_account,,no,,,31eb9dc300e2536fef817496329cd97ab709a716,mlazos,mlazos,2026-08-29T09:13:28.372362+00:00
3,pytorch/pytorch,pull_request,191514,pull_commit,committed,34a129e3d9dbc5c507a36ee1aeaf918151543cee,2026-07-29T18:54:13Z,mlazos,User,,human_account,,no,,,34a129e3d9dbc5c507a36ee1aeaf918151543cee,mlazos,mlazos,2026-08-29T09:13:28.372362+00:00
3,pytorch/pytorch,pull_request,191514,pull_commit,committed,0da300be34e3e3db9279fc4fe460731429b848c7,2026-07-29T19:56:04Z,mlazos,User,,human_account,,no,,,0da300be34e3e3db9279fc4fe460731429b848c7,mlazos,mlazos,2026-08-29T09:13:28.372362+00:00
3,pytorch/pytorch,pull_request,191514,pull_commit,committed,84221255c08310038bd6b69b2eca0026ebbb22c9,2026-07-29T21:28:06Z,mlazos,User,,human_account,,no,,,84221255c08310038bd6b69b2eca0026ebbb22c9,mlazos,mlazos,2026-08-29T09:13:28.372362+00:00
3,pytorch/pytorch,pull_request,191514,pull_commit,committed,58965e7e31e41bed9d970acfad189cbed556a00d,2026-07-30T00:11:41Z,mlazos,User,,human_account,,no,,,58965e7e31e41bed9d970acfad189cbed556a00d,mlazos,mlazos,2026-08-29T09:13:28.372362+00:00
3,pytorch/pytorch,pull_request,191514,pull_commit,committed,005037546d7c97ef09ab0274d1cd109828447e49,2026-07-30T00:50:58Z,mlazos,User,,human_account,,no,,,005037546d7c97ef09ab0274d1cd109828447e49,mlazos,mlazos,2026-08-29T09:13:28.372362+00:00
3,pytorch/pytorch,pull_request,191514,pull_commit,committed,3d88556402ce0638b1c2224d58d4225b3ec50256,2026-07-30T05:33:48Z,mlazos,User,,human_account,,no,,,3d88556402ce0638b1c2224d58d4225b3ec50256,mlazos,mlazos,2026-08-29T09:13:28.372362+00:00
3,pytorch/pytorch,pull_request,191514,pull_commit,committed,b826e8e4fa95a3b3c216cfe2325313d203759fd4,2026-07-30T05:42:17Z,mlazos,User,,human_account,,no,,,b826e8e4fa95a3b3c216cfe2325313d203759fd4,mlazos,mlazos,2026-08-29T09:13:28.372362+00:00
3,pytorch/pytorch,pull_request,191514,pull_commit,committed,0e817d97724f9df9a707d5d9a14628e542025b69,2026-07-30T07:15:49Z,mlazos,User,,human_account,,no,,,0e817d97724f9df9a707d5d9a14628e542025b69,mlazos,mlazos,2026-08-29T09:13:28.372362+00:00
3,pytorch/pytorch,pull_request,191514,pull_commit,committed,e3aadda3bbf4ff8320f8c299cbfe1f00f924c901,2026-07-31T07:06:55Z,mlazos,User,,human_account,,no,,,e3aadda3bbf4ff8320f8c299cbfe1f00f924c901,mlazos,mlazos,2026-08-29T09:13:28.372362+00:00
3,pytorch/pytorch,pull_request,191514,pull_commit,committed,3b044be54f2107f0f2ef1eb1c7c8cda00474b5cd,2026-07-31T07:25:56Z,mlazos,User,,human_account,,no,,,3b044be54f2107f0f2ef1eb1c7c8cda00474b5cd,mlazos,mlazos,2026-08-29T09:13:28.372362+00:00
3,pytorch/pytorch,pull_request,191514,pull_commit,committed,227e80db678480189b0477c03b17ec3d394010a4,2026-07-31T07:48:06Z,mlazos,User,,human_account,,no,,,227e80db678480189b0477c03b17ec3d394010a4,mlazos,mlazos,2026-08-29T09:13:28.372362+00:00
3,pytorch/pytorch,pull_request,191514,pull_commit,committed,baf714eefbdfd6313e59ca4be3807421e10ad287,2026-07-31T09:04:57Z,mlazos,User,,human_account,,no,,,baf714eefbdfd6313e59ca4be3807421e10ad287,mlazos,mlazos,2026-08-29T09:13:28.372362+00:00
3,pytorch/pytorch,pull_request,191514,pull_commit,committed,d90abc7496170521e94446eeb448a7fce752005d,2026-07-31T09:39:18Z,mlazos,User,,human_account,,no,,,d90abc7496170521e94446eeb448a7fce752005d,mlazos,mlazos,2026-08-29T09:13:28.372362+00:00
3,pytorch/pytorch,pull_request,191514,pull_commit,committed,0b2f8a409f9f386b5f82a5e501a61112fc5796d4,2026-07-31T18:10:17Z,mlazos,User,,human_account,,no,,,0b2f8a409f9f386b5f82a5e501a61112fc5796d4,mlazos,mlazos,2026-08-29T09:13:28.372362+00:00
3,pytorch/pytorch,pull_request,191514,pull_commit,committed,62072a784d6bc1fb746a38e901270dd1300a6015,2026-07-31T23:55:28Z,mlazos,User,,human_account,,no,,,62072a784d6bc1fb746a38e901270dd1300a6015,mlazos,mlazos,2026-08-29T09:13:28.372362+00:00
3,pytorch/pytorch,pull_request,191514,pull_commit,committed,dacf46ee38c498c4783f61ff2309ccc034e24d2f,2026-08-03T07:43:12Z,mlazos,User,,human_account,,no,,,dacf46ee38c498c4783f61ff2309ccc034e24d2f,mlazos,mlazos,2026-08-29T09:13:28.372362+00:00
3,pytorch/pytorch,pull_request,191514,pull_commit,committed,94ede1f05e00ac24cfbf08f4d5960d56777ec050,2026-08-03T08:26:22Z,mlazos,User,,human_account,,no,,,94ede1f05e00ac24cfbf08f4d5960d56777ec050,mlazos,mlazos,2026-08-29T09:13:28.372362+00:00
3,pytorch/pytorch,pull_request,191514,pull_commit,committed,b51cbdb162b0e4e61d7edd290132c258dfc704a7,2026-08-04T18:11:48Z,mlazos,User,,human_account,,no,,,b51cbdb162b0e4e61d7edd290132c258dfc704a7,mlazos,mlazos,2026-08-29T09:13:28.372362+00:00
3,pytorch/pytorch,pull_request,191514,pull_commit,committed,8de2b4ecf5c0b745f512ddc9264cd9e095b38a1a,2026-08-04T18:38:08Z,mlazos,User,,human_account,,no,,,8de2b4ecf5c0b745f512ddc9264cd9e095b38a1a,mlazos,mlazos,2026-08-29T09:13:28.372362+00:00
3,pytorch/pytorch,pull_request,191514,pull_commit,committed,fc1d39d58e3bb22644bee553900bfcb3a59cc16b,2026-08-04T20:03:49Z,mlazos,User,,human_account,,no,,,fc1d39d58e3bb22644bee553900bfcb3a59cc16b,mlazos,mlazos,2026-08-29T09:13:28.372362+00:00
3,pytorch/pytorch,pull_request,191514,pull_commit,committed,adbf091e19a759be96b3375c54470ac806f215d5,2026-08-05T02:47:24Z,mlazos,User,,human_account,,no,,,adbf091e19a759be96b3375c54470ac806f215d5,mlazos,mlazos,2026-08-29T09:13:28.372362+00:00
3,pytorch/pytorch,pull_request,191514,pull_commit,committed,6d0e2d9c8717ccff288871432584139340c5791e,2026-08-06T04:30:25Z,mlazos,User,,human_account,,no,,,6d0e2d9c8717ccff288871432584139340c5791e,mlazos,mlazos,2026-08-29T09:13:28.372362+00:00
3,pytorch/pytorch,pull_request,191514,pull_commit,committed,c958a9f13bb976b7b075d0664206d44012db0803,2026-08-06T08:04:36Z,mlazos,User,,human_account,,no,,,c958a9f13bb976b7b075d0664206d44012db0803,mlazos,mlazos,2026-08-29T09:13:28.372362+00:00
3,pytorch/pytorch,pull_request,191514,pull_commit,committed,222874a032572ac7e66690e3faca6ae7671187ab,2026-08-11T07:36:26Z,mlazos,User,,human_account,,no,,,222874a032572ac7e66690e3faca6ae7671187ab,mlazos,mlazos,2026-08-29T09:13:28.372362+00:00
3,pytorch/pytorch,pull_request,191514,pull_commit,committed,14c64092c103a3ce6df9ffd75571139c58614007,2026-08-11T09:31:09Z,mlazos,User,,human_account,,no,,,14c64092c103a3ce6df9ffd75571139c58614007,mlazos,mlazos,2026-08-29T09:13:28.372362+00:00
3,pytorch/pytorch,pull_request,191514,pull_commit,committed,dc7aa9e6a8821ed5a1b68d0f79b425b7ea74f766,2026-08-12T00:30:38Z,mlazos,User,,human_account,,no,,,dc7aa9e6a8821ed5a1b68d0f79b425b7ea74f766,mlazos,mlazos,2026-08-29T09:13:28.372362+00:00
3,pytorch/pytorch,pull_request,191514,pull_commit,committed,1a05bb1aecb6fe914b8c12156b1421d4d9efaf3d,2026-08-12T06:27:29Z,mlazos,User,,human_account,,no,,,1a05bb1aecb6fe914b8c12156b1421d4d9efaf3d,mlazos,mlazos,2026-08-29T09:13:28.372362+00:00
3,pytorch/pytorch,pull_request,191514,pull_commit,committed,7d51db9979f8f1313c945bfd682b8f22bf130bd4,2026-08-12T07:02:33Z,mlazos,User,,human_account,,no,,,7d51db9979f8f1313c945bfd682b8f22bf130bd4,mlazos,mlazos,2026-08-29T09:13:28.372362+00:00
3,pytorch/pytorch,pull_request,191514,pull_commit,committed,d13f4d56120f6f0e13a8721066e55f055bfe0089,2026-08-12T09:37:49Z,mlazos,User,,human_account,,no,,,d13f4d56120f6f0e13a8721066e55f055bfe0089,mlazos,mlazos,2026-08-29T09:13:28.372362+00:00
3,pytorch/pytorch,pull_request,191514,pull_commit,committed,5e15b86721ac733ba07c4aa48ee96263ab9bc49b,2026-08-12T17:37:33Z,mlazos,User,,human_account,,no,,,5e15b86721ac733ba07c4aa48ee96263ab9bc49b,mlazos,mlazos,2026-08-29T09:13:28.372362+00:00
3,pytorch/pytorch,pull_request,191514,pull_commit,committed,89078d1862bf4c48e8d4df57570bd09bf813e372,2026-08-12T17:59:21Z,mlazos,User,,human_account,,no,,,89078d1862bf4c48e8d4df57570bd09bf813e372,mlazos,mlazos,2026-08-29T09:13:28.372362+00:00
3,pytorch/pytorch,pull_request,191514,pull_commit,committed,feb43546d5fb93111c749bfb558b4728e946570d,2026-08-12T21:58:39Z,mlazos,User,,human_account,,no,,,feb43546d5fb93111c749bfb558b4728e946570d,mlazos,mlazos,2026-08-29T09:13:28.372362+00:00
3,pytorch/pytorch,pull_request,191514,pull_commit,committed,fb15e5f6daf1cd6dbc172a1c2c46f5923fcfeedc,2026-08-18T01:57:21Z,mlazos,User,,human_account,,no,,,fb15e5f6daf1cd6dbc172a1c2c46f5923fcfeedc,mlazos,mlazos,2026-08-29T09:13:28.372362+00:00
3,pytorch/pytorch,pull_request,191514,pull_commit,committed,5b6f97dd5edc0b6b725f07eab3edb1d73e219e2d,2026-08-18T22:14:20Z,mlazos,User,,human_account,,no,,,5b6f97dd5edc0b6b725f07eab3edb1d73e219e2d,mlazos,mlazos,2026-08-29T09:13:28.372362+00:00
3,pytorch/pytorch,pull_request,191514,pull_commit,committed,53f4b566953cef888ee0e4f4d2e1f8a4b881bf95,2026-08-19T18:37:16Z,mlazos,User,,human_account,,no,,,53f4b566953cef888ee0e4f4d2e1f8a4b881bf95,mlazos,mlazos,2026-08-29T09:13:28.372362+00:00
3,pytorch/pytorch,pull_request,191514,pull_commit,committed,1afac1c216de2414c861c156595f20d060a73109,2026-08-20T01:43:58Z,mlazos,User,,human_account,,no,,,1afac1c216de2414c861c156595f20d060a73109,mlazos,mlazos,2026-08-29T09:13:28.372362+00:00
3,pytorch/pytorch,pull_request,191514,pull_commit,committed,63f197232779e0ff13d25f1361f6ebc6b8dea9d3,2026-08-25T20:30:54Z,mlazos,User,,human_account,,no,,,63f197232779e0ff13d25f1361f6ebc6b8dea9d3,mlazos,mlazos,2026-08-29T09:13:28.372362+00:00
3,pytorch/pytorch,pull_request,191514,pull_commit,committed,f3cf2d77246708a84113b73609e57b0763222490,2026-08-26T08:15:34Z,mlazos,User,,human_account,,no,,,f3cf2d77246708a84113b73609e57b0763222490,mlazos,mlazos,2026-08-29T09:13:28.372362+00:00
3,pytorch/pytorch,pull_request,191514,pull_commit,committed,e02432623cc6c6b1da2e57757fe8fee183adc228,2026-08-28T21:08:22Z,mlazos,User,,human_account,,no,,,e02432623cc6c6b1da2e57757fe8fee183adc228,mlazos,mlazos,2026-08-29T09:13:28.372362+00:00
3,pytorch/pytorch,pull_request,191514,pull_commit,committed,aa73a9ea63edc65f1976c4d3846af64d005ef558,2026-08-28T23:52:51Z,mlazos,User,,human_account,,no,,,aa73a9ea63edc65f1976c4d3846af64d005ef558,mlazos,mlazos,2026-08-29T09:13:28.372362+00:00
3,pytorch/pytorch,pull_request,191514,pull_commit,committed,e6b9590991dfc9920b3a23b7a9113ccf282789db,2026-08-29T02:08:04Z,mlazos,User,,human_account,,no,,,e6b9590991dfc9920b3a23b7a9113ccf282789db,mlazos,mlazos,2026-08-29T09:13:28.372362+00:00
3,pytorch/pytorch,pull_request,192824,pull_commit,committed,b28317c1979e1450e6a59543763e53ffad5fe446,2026-08-10T18:27:51Z,ethanwee1,User,,human_account,,no,,,b28317c1979e1450e6a59543763e53ffad5fe446,ethanwee1,ethanwee1,2026-08-29T09:13:28.904145+00:00
3,pytorch/pytorch,pull_request,192824,pull_commit,committed,06c89457d83c6e74d764c3fdf1cf027a0b5d6bba,2026-08-17T16:32:59Z,ethanwee1,User,,human_account,,no,,,06c89457d83c6e74d764c3fdf1cf027a0b5d6bba,ethanwee1,ethanwee1,2026-08-29T09:13:28.904145+00:00
3,pytorch/pytorch,pull_request,192824,pull_commit,committed,e42663eb90e64f68e3251e5b9c7bc62cbc0e8ba4,2026-08-24T17:49:36Z,ethanwee1,User,,human_account,,no,,,e42663eb90e64f68e3251e5b9c7bc62cbc0e8ba4,ethanwee1,ethanwee1,2026-08-29T09:13:28.904145+00:00
3,pytorch/pytorch,pull_request,194145,pull_commit,committed,81e0004a47df7d84e16e473687f8170da20e097a,2026-08-20T01:35:26Z,ZhaoqiongZ,User,,human_account,,no,,,81e0004a47df7d84e16e473687f8170da20e097a,ZhaoqiongZ,ZhaoqiongZ,2026-08-29T09:13:29.509297+00:00
3,pytorch/pytorch,pull_request,193391,pull_commit,committed,e75a304dbf5a7cdb4deac933cd65ea02224dc834,2026-08-17T17:40:17Z,kodlan,User,,human_account,,no,,,e75a304dbf5a7cdb4deac933cd65ea02224dc834,kodlan,kodlan,2026-08-29T09:13:30.030216+00:00
3,pytorch/pytorch,pull_request,190965,pull_commit,committed,1515b5d1a333de9d7069442db355710567a383ae,2026-07-24T01:19:42Z,sanketpurandare,User,,human_account,,no,,,1515b5d1a333de9d7069442db355710567a383ae,sanketpurandare,sanketpurandare,2026-08-29T09:13:30.545848+00:00
3,pytorch/pytorch,pull_request,195085,pull_commit,committed,93eab514abce9da43a4b848904d93137db53b6a1,2026-08-29T00:34:37Z,pytorchupdatebot,User,,human_account,,no,,,93eab514abce9da43a4b848904d93137db53b6a1,pytorchupdatebot,pytorchupdatebot,2026-08-29T09:13:31.068173+00:00
3,pytorch/pytorch,pull_request,182449,pull_commit,committed,de981dd6c3b543cd373f03c289f40c3100143724,2026-05-05T16:22:57Z,jlaportebot,User,,human_account,,no,,,de981dd6c3b543cd373f03c289f40c3100143724,jlaportebot,jlaportebot,2026-08-29T09:13:31.605438+00:00
3,pytorch/pytorch,pull_request,182449,pull_commit,committed,4ca7f6e453c16a537fc6da2d6f8c45f72ddc63e4,2026-05-17T23:39:37Z,jlaportebot,User,,human_account,,no,,,4ca7f6e453c16a537fc6da2d6f8c45f72ddc63e4,jlaportebot,jlaportebot,2026-08-29T09:13:31.605438+00:00
3,pytorch/pytorch,pull_request,182449,pull_commit,committed,5c0f0cac79553b63a1561a321b83687084eef0d3,2026-05-18T07:23:52Z,jlaportebot,User,,human_account,,no,,,5c0f0cac79553b63a1561a321b83687084eef0d3,jlaportebot,jlaportebot,2026-08-29T09:13:31.605438+00:00
3,pytorch/pytorch,pull_request,192097,pull_commit,committed,35aa51fd4a4c7c1b70d04abbafe5fc0fbd938ea2,2026-08-07T15:57:03Z,cleonard530,User,,human_account,,no,,,35aa51fd4a4c7c1b70d04abbafe5fc0fbd938ea2,cleonard530,cleonard530,2026-08-29T09:13:32.125063+00:00
3,pytorch/pytorch,pull_request,192097,pull_commit,committed,012a111a448472686d03e8a0ad305b2899bc8594,2026-08-07T15:57:21Z,cleonard530,User,,human_account,,no,,,012a111a448472686d03e8a0ad305b2899bc8594,cleonard530,cleonard530,2026-08-29T09:13:32.125063+00:00
3,pytorch/pytorch,pull_request,192097,pull_commit,committed,77320bf43f61b00fa3b40b66f15c87f16fc4dcc0,2026-08-07T15:57:45Z,cleonard530,User,,human_account,,no,,,77320bf43f61b00fa3b40b66f15c87f16fc4dcc0,cleonard530,cleonard530,2026-08-29T09:13:32.125063+00:00
3,pytorch/pytorch,pull_request,192097,pull_commit,committed,6cfc10aa06c1c0538d9f056da0d44ce02277284e,2026-08-07T15:57:55Z,cleonard530,User,,human_account,,no,,,6cfc10aa06c1c0538d9f056da0d44ce02277284e,cleonard530,cleonard530,2026-08-29T09:13:32.125063+00:00
3,pytorch/pytorch,pull_request,184953,pull_commit,committed,a6cb0a8c1a985a76cb332c5b1498fc8374fe5eb2,2026-05-23T01:36:47Z,jansel,User,,human_account,,no,,,a6cb0a8c1a985a76cb332c5b1498fc8374fe5eb2,jansel,jansel,2026-08-29T09:13:32.705776+00:00
3,pytorch/pytorch,pull_request,184953,pull_commit,committed,27b70c92dca5df0b29083a3ba741dacdb94ac972,2026-05-27T15:48:52Z,jansel,User,,human_account,,no,,,27b70c92dca5df0b29083a3ba741dacdb94ac972,jansel,jansel,2026-08-29T09:13:32.705776+00:00
3,pytorch/pytorch,pull_request,182986,pull_commit,committed,e58930b4a61da89433f3437d3cb14f0b1d857101,2026-08-07T15:49:15Z,facebook-github-bot,User,,human_account,,no,,,e58930b4a61da89433f3437d3cb14f0b1d857101,njriasan,facebook-github-bot,2026-08-29T09:13:33.330363+00:00
3,pytorch/pytorch,pull_request,185399,pull_commit,committed,66e69c557a9029790a7c6fdbc91de1af270ff36b,2026-05-27T16:43:06Z,deepujain,User,,human_account,,no,,,66e69c557a9029790a7c6fdbc91de1af270ff36b,deepujain,deepujain,2026-08-29T09:13:33.923476+00:00
3,pytorch/pytorch,pull_request,186657,pull_commit,committed,04c5eb593c80c0855fb02b661de7426350732a75,2026-06-08T21:36:33Z,williamwen42,User,,human_account,,no,,,04c5eb593c80c0855fb02b661de7426350732a75,williamwen42,williamwen42,2026-08-29T09:13:34.523419+00:00
3,pytorch/pytorch,pull_request,186657,pull_commit,committed,78563be1601ff4cb429b27158ec9f3ead06d91b8,2026-06-09T15:56:10Z,williamwen42,User,,human_account,,no,,,78563be1601ff4cb429b27158ec9f3ead06d91b8,williamwen42,williamwen42,2026-08-29T09:13:34.523419+00:00
3,pytorch/pytorch,pull_request,186657,pull_commit,committed,80325ed77aab11339dbbae433ed5517830a7cdab,2026-06-09T17:49:03Z,williamwen42,User,,human_account,,no,,,80325ed77aab11339dbbae433ed5517830a7cdab,williamwen42,williamwen42,2026-08-29T09:13:34.523419+00:00
3,pytorch/pytorch,pull_request,186657,pull_commit,committed,aab71d31f2885afe00617c4375f9b6838bbfcb91,2026-06-11T02:42:43Z,williamwen42,User,,human_account,,no,,,aab71d31f2885afe00617c4375f9b6838bbfcb91,williamwen42,williamwen42,2026-08-29T09:13:34.523419+00:00
3,pytorch/pytorch,pull_request,186657,pull_commit,committed,b82ce13a26f4c7a85a1c1db463f8a97a89b61ef0,2026-06-11T20:00:58Z,williamwen42,User,,human_account,,no,,,b82ce13a26f4c7a85a1c1db463f8a97a89b61ef0,williamwen42,williamwen42,2026-08-29T09:13:34.523419+00:00
3,pytorch/pytorch,pull_request,186657,pull_commit,committed,4fa239067e231f3634f9ac483ba81101ee7b9a74,2026-06-11T21:55:35Z,williamwen42,User,,human_account,,no,,,4fa239067e231f3634f9ac483ba81101ee7b9a74,williamwen42,williamwen42,2026-08-29T09:13:34.523419+00:00
3,pytorch/pytorch,pull_request,186657,pull_commit,committed,1d669d303e6ba32e2bdb3ce1d7bfa12e71388627,2026-06-11T23:36:54Z,williamwen42,User,,human_account,,no,,,1d669d303e6ba32e2bdb3ce1d7bfa12e71388627,williamwen42,williamwen42,2026-08-29T09:13:34.523419+00:00
3,pytorch/pytorch,pull_request,186657,pull_commit,committed,fbebb69ec97d38f0e6e04f81e6fdd12b2b8a53b7,2026-06-12T18:01:22Z,williamwen42,User,,human_account,,no,,,fbebb69ec97d38f0e6e04f81e6fdd12b2b8a53b7,williamwen42,williamwen42,2026-08-29T09:13:34.523419+00:00
3,pytorch/pytorch,pull_request,186657,pull_commit,committed,cc5673e1244bca1e0bb8d29df7a4ca6577448968,2026-06-12T23:12:10Z,williamwen42,User,,human_account,,no,,,cc5673e1244bca1e0bb8d29df7a4ca6577448968,williamwen42,williamwen42,2026-08-29T09:13:34.523419+00:00
3,pytorch/pytorch,pull_request,186657,pull_commit,committed,a9a86eca5af202399ed645dfc29a9f3967671023,2026-06-12T23:19:12Z,williamwen42,User,,human_account,,no,,,a9a86eca5af202399ed645dfc29a9f3967671023,williamwen42,williamwen42,2026-08-29T09:13:34.523419+00:00
3,pytorch/pytorch,pull_request,186657,pull_commit,committed,b72e4b52f661a5e9bb16037265feafaf1ac7c295,2026-06-15T22:45:21Z,williamwen42,User,,human_account,,no,,,b72e4b52f661a5e9bb16037265feafaf1ac7c295,williamwen42,williamwen42,2026-08-29T09:13:34.523419+00:00
3,pytorch/pytorch,pull_request,186657,pull_commit,committed,0fcf761baffd0b2b2747e80c583d5ae9f8c37746,2026-06-15T23:14:50Z,williamwen42,User,,human_account,,no,,,0fcf761baffd0b2b2747e80c583d5ae9f8c37746,williamwen42,williamwen42,2026-08-29T09:13:34.523419+00:00
3,pytorch/pytorch,pull_request,186657,pull_commit,committed,10197d1712ac21e53665d46700555ea0fb43b8d2,2026-06-16T00:52:26Z,williamwen42,User,,human_account,,no,,,10197d1712ac21e53665d46700555ea0fb43b8d2,williamwen42,williamwen42,2026-08-29T09:13:34.523419+00:00
3,pytorch/pytorch,pull_request,186657,pull_commit,committed,9ddfb67ffb56b10a474d188198d789a86493b908,2026-06-16T18:10:10Z,williamwen42,User,,human_account,,no,,,9ddfb67ffb56b10a474d188198d789a86493b908,williamwen42,williamwen42,2026-08-29T09:13:34.523419+00:00
3,pytorch/pytorch,pull_request,186657,pull_commit,committed,1170a20c9585b40db6c1c96d9c55adf507218e6e,2026-06-16T23:56:36Z,williamwen42,User,,human_account,,no,,,1170a20c9585b40db6c1c96d9c55adf507218e6e,williamwen42,williamwen42,2026-08-29T09:13:34.523419+00:00
3,pytorch/pytorch,pull_request,186657,pull_commit,committed,9a5fe8b848d17cbcad30fbbddac750083fd847a5,2026-06-17T20:01:18Z,williamwen42,User,,human_account,,no,,,9a5fe8b848d17cbcad30fbbddac750083fd847a5,williamwen42,williamwen42,2026-08-29T09:13:34.523419+00:00
3,pytorch/pytorch,pull_request,186657,pull_commit,committed,03cce693e277835c2d02e59b25448b445af15427,2026-06-18T23:20:06Z,williamwen42,User,,human_account,,no,,,03cce693e277835c2d02e59b25448b445af15427,williamwen42,williamwen42,2026-08-29T09:13:34.523419+00:00
3,pytorch/pytorch,pull_request,186657,pull_commit,committed,9c52d7c1f08c7ce890f08fb7f1748ac1bded2938,2026-06-23T18:50:22Z,williamwen42,User,,human_account,,no,,,9c52d7c1f08c7ce890f08fb7f1748ac1bded2938,williamwen42,williamwen42,2026-08-29T09:13:34.523419+00:00
3,pytorch/pytorch,pull_request,186657,pull_commit,committed,b73c390f8ada469f9175dbbe90ea244a18274fd5,2026-06-23T22:40:08Z,williamwen42,User,,human_account,,no,,,b73c390f8ada469f9175dbbe90ea244a18274fd5,williamwen42,williamwen42,2026-08-29T09:13:34.523419+00:00
3,pytorch/pytorch,pull_request,186657,pull_commit,committed,8a4f1a671128ae75b59fffba5d412e23c769ba86,2026-06-24T18:12:14Z,williamwen42,User,,human_account,,no,,,8a4f1a671128ae75b59fffba5d412e23c769ba86,williamwen42,williamwen42,2026-08-29T09:13:34.523419+00:00
3,pytorch/pytorch,pull_request,186657,pull_commit,committed,7d0723757eee11d1e8abf410a277d453f62a86cd,2026-06-25T18:45:49Z,williamwen42,User,,human_account,,no,,,7d0723757eee11d1e8abf410a277d453f62a86cd,williamwen42,williamwen42,2026-08-29T09:13:34.523419+00:00
3,pytorch/pytorch,pull_request,186657,pull_commit,committed,10000bd6131b5f109d92eac62b59d07f4ae9de4e,2026-06-25T22:09:04Z,williamwen42,User,,human_account,,no,,,10000bd6131b5f109d92eac62b59d07f4ae9de4e,williamwen42,williamwen42,2026-08-29T09:13:34.523419+00:00
3,pytorch/pytorch,pull_request,186657,pull_commit,committed,8b54f8503dc588b879edf864aa66e252d22a7884,2026-06-26T18:33:02Z,williamwen42,User,,human_account,,no,,,8b54f8503dc588b879edf864aa66e252d22a7884,williamwen42,williamwen42,2026-08-29T09:13:34.523419+00:00
3,pytorch/pytorch,pull_request,186657,pull_commit,committed,a644dc5bfd9690376aebee9f7f06129b58009901,2026-06-30T20:19:03Z,williamwen42,User,,human_account,,no,,,a644dc5bfd9690376aebee9f7f06129b58009901,williamwen42,williamwen42,2026-08-29T09:13:34.523419+00:00
3,pytorch/pytorch,pull_request,186657,pull_commit,committed,381e4ee8d178bd6f3a679a397a610f33e33e3516,2026-06-30T20:56:26Z,williamwen42,User,,human_account,,no,,,381e4ee8d178bd6f3a679a397a610f33e33e3516,williamwen42,williamwen42,2026-08-29T09:13:34.523419+00:00
3,pytorch/pytorch,pull_request,186657,pull_commit,committed,a20d2d543534ba7c4e806529eb433a1cfb76ba11,2026-07-01T00:31:41Z,williamwen42,User,,human_account,,no,,,a20d2d543534ba7c4e806529eb433a1cfb76ba11,williamwen42,williamwen42,2026-08-29T09:13:34.523419+00:00
3,pytorch/pytorch,pull_request,186657,pull_commit,committed,6443b86e3e97dcb94251ec3b0a73082109743c3c,2026-07-01T00:40:18Z,williamwen42,User,,human_account,,no,,,6443b86e3e97dcb94251ec3b0a73082109743c3c,williamwen42,williamwen42,2026-08-29T09:13:34.523419+00:00
3,pytorch/pytorch,pull_request,186657,pull_commit,committed,80e074c30b0ed03837991b27519771de6a3fa42d,2026-07-01T21:22:25Z,williamwen42,User,,human_account,,no,,,80e074c30b0ed03837991b27519771de6a3fa42d,williamwen42,williamwen42,2026-08-29T09:13:34.523419+00:00
3,pytorch/pytorch,pull_request,186657,pull_commit,committed,4d8a2dacac11f092a1a5945e7a94e60b63dcffff,2026-07-01T22:52:23Z,williamwen42,User,,human_account,,no,,,4d8a2dacac11f092a1a5945e7a94e60b63dcffff,williamwen42,williamwen42,2026-08-29T09:13:34.523419+00:00
3,pytorch/pytorch,pull_request,186657,pull_commit,committed,0655bb74534c52173ba7202b9a38baa34734f357,2026-07-01T23:02:27Z,williamwen42,User,,human_account,,no,,,0655bb74534c52173ba7202b9a38baa34734f357,williamwen42,williamwen42,2026-08-29T09:13:34.523419+00:00
3,pytorch/pytorch,pull_request,186657,pull_commit,committed,1a31b84838d46e453f7a10e550ecc0523c9183fa,2026-07-02T18:19:01Z,williamwen42,User,,human_account,,no,,,1a31b84838d46e453f7a10e550ecc0523c9183fa,williamwen42,williamwen42,2026-08-29T09:13:34.523419+00:00
3,pytorch/pytorch,pull_request,186657,pull_commit,committed,fe73dc63e9d63e74552d70803fe3397b3e7dcd3a,2026-07-02T23:21:24Z,williamwen42,User,,human_account,,no,,,fe73dc63e9d63e74552d70803fe3397b3e7dcd3a,williamwen42,williamwen42,2026-08-29T09:13:34.523419+00:00
3,pytorch/pytorch,pull_request,186657,pull_commit,committed,c33a685a29b50dcbaab4edffdfeaa8ea2b2d0192,2026-07-06T20:06:28Z,williamwen42,User,,human_account,,no,,,c33a685a29b50dcbaab4edffdfeaa8ea2b2d0192,williamwen42,williamwen42,2026-08-29T09:13:34.523419+00:00
3,pytorch/pytorch,pull_request,186657,pull_commit,committed,67ab557fb6053fb01412546e5db67bee61be76d0,2026-07-07T18:04:04Z,williamwen42,User,,human_account,,no,,,67ab557fb6053fb01412546e5db67bee61be76d0,williamwen42,williamwen42,2026-08-29T09:13:34.523419+00:00
3,pytorch/pytorch,pull_request,190827,pull_commit,committed,f8d9cb25e096c59e9e4115d717d6687200925361,2026-07-22T21:24:26Z,frgossen,User,,human_account,,no,,,f8d9cb25e096c59e9e4115d717d6687200925361,frgossen,frgossen,2026-08-29T09:13:35.052791+00:00
3,pytorch/pytorch,pull_request,188424,pull_commit,committed,df2790c5fceef35b1e839187e4b34f65dd750601,2026-06-29T14:37:48Z,amdfaa,User,,human_account,,no,,,df2790c5fceef35b1e839187e4b34f65dd750601,amdfaa,amdfaa,2026-08-29T09:13:35.561016+00:00
3,pytorch/pytorch,pull_request,183552,pull_commit,committed,668566bf7b32bba1a655bba11a2ccc5b91e10317,2026-05-13T12:35:23Z,IvanKobzarev,User,,human_account,,no,,,668566bf7b32bba1a655bba11a2ccc5b91e10317,IvanKobzarev,IvanKobzarev,2026-08-29T09:13:36.165469+00:00
3,pytorch/pytorch,pull_request,191488,pull_commit,committed,9cbe0985e164a625ddbb5bdf8cfaa86c2bb7bff4,2026-07-29T13:27:21Z,basioli-k,User,,human_account,,no,,,9cbe0985e164a625ddbb5bdf8cfaa86c2bb7bff4,basioli-k,basioli-k,2026-08-29T09:13:36.628414+00:00
3,pytorch/pytorch,pull_request,188311,pull_commit,committed,0ac2fb099357e723e4aab0bfe6bc486b90caba6d,2026-06-26T23:03:09Z,benjaminglass1,User,,human_account,,no,,,0ac2fb099357e723e4aab0bfe6bc486b90caba6d,benjaminglass1,benjaminglass1,2026-08-29T09:13:37.189446+00:00
3,pytorch/pytorch,pull_request,188311,pull_commit,committed,68f9c86cabb373ca29c3240678201e5c955cc3c4,2026-06-26T23:39:49Z,benjaminglass1,User,,human_account,,no,,,68f9c86cabb373ca29c3240678201e5c955cc3c4,benjaminglass1,benjaminglass1,2026-08-29T09:13:37.189446+00:00
3,pytorch/pytorch,pull_request,188311,pull_commit,committed,26965dbb9aec94feeda884b3cc616bce4cd0338f,2026-06-29T14:28:49Z,benjaminglass1,User,,human_account,,no,,,26965dbb9aec94feeda884b3cc616bce4cd0338f,benjaminglass1,benjaminglass1,2026-08-29T09:13:37.189446+00:00
3,pytorch/pytorch,pull_request,188311,pull_commit,committed,aa6d271691ebcf5f1e74ba2b4b071d4c7366174f,2026-06-29T14:56:54Z,benjaminglass1,User,,human_account,,no,,,aa6d271691ebcf5f1e74ba2b4b071d4c7366174f,benjaminglass1,benjaminglass1,2026-08-29T09:13:37.189446+00:00
3,pytorch/pytorch,pull_request,188311,pull_commit,committed,6d70d771ae695f4ff242b69b2db2b64ad796acd8,2026-06-29T18:09:50Z,benjaminglass1,User,,human_account,,no,,,6d70d771ae695f4ff242b69b2db2b64ad796acd8,benjaminglass1,benjaminglass1,2026-08-29T09:13:37.189446+00:00
3,pytorch/pytorch,pull_request,188311,pull_commit,committed,9077c4e816dd19c824fb089676ba41e2f77e0651,2026-07-01T18:28:41Z,benjaminglass1,User,,human_account,,no,,,9077c4e816dd19c824fb089676ba41e2f77e0651,benjaminglass1,benjaminglass1,2026-08-29T09:13:37.189446+00:00
3,pytorch/pytorch,pull_request,188311,pull_commit,committed,874893538eacaf81f88f8400c37e3ca04b99bc4f,2026-07-01T20:34:25Z,benjaminglass1,User,,human_account,,no,,,874893538eacaf81f88f8400c37e3ca04b99bc4f,benjaminglass1,benjaminglass1,2026-08-29T09:13:37.189446+00:00
3,pytorch/pytorch,pull_request,188311,pull_commit,committed,3686d678927f8b79389fda6c82d5ad5bbb76b8f3,2026-07-06T18:10:57Z,benjaminglass1,User,,human_account,,no,,,3686d678927f8b79389fda6c82d5ad5bbb76b8f3,benjaminglass1,benjaminglass1,2026-08-29T09:13:37.189446+00:00
3,pytorch/pytorch,pull_request,188311,pull_commit,committed,4bed4e38125ecaa3c22e154997791ccb4315f30a,2026-07-09T17:24:00Z,benjaminglass1,User,,human_account,,no,,,4bed4e38125ecaa3c22e154997791ccb4315f30a,benjaminglass1,benjaminglass1,2026-08-29T09:13:37.189446+00:00
3,pytorch/pytorch,pull_request,188311,pull_commit,committed,13de13e9dc82d0e4c65ad16d17762ea5af174523,2026-07-09T19:28:43Z,benjaminglass1,User,,human_account,,no,,,13de13e9dc82d0e4c65ad16d17762ea5af174523,benjaminglass1,benjaminglass1,2026-08-29T09:13:37.189446+00:00
3,pytorch/pytorch,pull_request,188311,pull_commit,committed,a26b10528388c8ef69032cc6f84a85bf2ead12dd,2026-07-23T20:53:46Z,benjaminglass1,User,,human_account,,no,,,a26b10528388c8ef69032cc6f84a85bf2ead12dd,benjaminglass1,benjaminglass1,2026-08-29T09:13:37.189446+00:00
3,pytorch/pytorch,pull_request,188311,pull_commit,committed,ee5bfc05faed44f355effb5ae308000e667ba536,2026-07-27T20:27:07Z,benjaminglass1,User,,human_account,,no,,,ee5bfc05faed44f355effb5ae308000e667ba536,benjaminglass1,benjaminglass1,2026-08-29T09:13:37.189446+00:00
3,pytorch/pytorch,pull_request,188311,pull_commit,committed,1dcf3f0565b2d2ce86c380ca5a0427e0e29bf133,2026-07-29T22:56:55Z,benjaminglass1,User,,human_account,,no,,,1dcf3f0565b2d2ce86c380ca5a0427e0e29bf133,benjaminglass1,benjaminglass1,2026-08-29T09:13:37.189446+00:00
3,pytorch/pytorch,pull_request,188311,pull_commit,committed,6f716743fe8335046dc4e43c656eab50f3a7da77,2026-07-31T23:24:50Z,benjaminglass1,User,,human_account,,no,,,6f716743fe8335046dc4e43c656eab50f3a7da77,benjaminglass1,benjaminglass1,2026-08-29T09:13:37.189446+00:00
3,pytorch/pytorch,pull_request,188311,pull_commit,committed,63ce148dfcca019ab643e84ca4cb8bd8f3ba2d43,2026-08-01T19:48:43Z,benjaminglass1,User,,human_account,,no,,,63ce148dfcca019ab643e84ca4cb8bd8f3ba2d43,benjaminglass1,benjaminglass1,2026-08-29T09:13:37.189446+00:00
3,pytorch/pytorch,pull_request,188311,pull_commit,committed,39cd053e8b1462400958e67dab1e1bd96a3b7bc9,2026-08-06T22:24:35Z,benjaminglass1,User,,human_account,,no,,,39cd053e8b1462400958e67dab1e1bd96a3b7bc9,benjaminglass1,benjaminglass1,2026-08-29T09:13:37.189446+00:00
3,pytorch/pytorch,pull_request,192506,pull_commit,committed,791e2b5357b676101caa654d619ecc468636e863,2026-08-19T07:10:09Z,daisyden,User,,human_account,,no,,,791e2b5357b676101caa654d619ecc468636e863,daisyden,daisyden,2026-08-29T09:13:37.802717+00:00
3,pytorch/pytorch,pull_request,192506,pull_commit,committed,336f0cbbe9318f8a1b7c993de6b4c34d18802dfb,2026-08-20T05:54:10Z,daisyden,User,,human_account,,no,,,336f0cbbe9318f8a1b7c993de6b4c34d18802dfb,daisyden,daisyden,2026-08-29T09:13:37.802717+00:00
3,pytorch/pytorch,pull_request,186012,pull_commit,committed,e4051e5c3a78417372963b75dc60d4447996bca7,2026-06-02T23:47:41Z,malfet,User,,human_account,,no,,,e4051e5c3a78417372963b75dc60d4447996bca7,malfet,malfet,2026-08-29T09:13:38.389512+00:00
3,pytorch/pytorch,pull_request,186012,pull_commit,committed,c7b15a8ba688266e925894f2d4ea3736f4050341,2026-06-03T23:36:15Z,malfet,User,,human_account,,no,,,c7b15a8ba688266e925894f2d4ea3736f4050341,malfet,malfet,2026-08-29T09:13:38.389512+00:00
3,pytorch/pytorch,pull_request,186012,pull_commit,committed,f875f5bf622739c39f2b71989463cea892102494,2026-06-09T20:50:42Z,malfet,User,,human_account,,no,,,f875f5bf622739c39f2b71989463cea892102494,malfet,malfet,2026-08-29T09:13:38.389512+00:00
3,pytorch/pytorch,pull_request,188183,pull_commit,committed,ea22eb8716cdda704cc907920e092fd7c3e61073,2026-06-25T19:34:07Z,harsh-vsingh,User,,human_account,,no,,,ea22eb8716cdda704cc907920e092fd7c3e61073,harsh-vsingh,harsh-vsingh,2026-08-29T09:13:38.936520+00:00
3,pytorch/pytorch,pull_request,182687,pull_commit,committed,34c173595bd1599f0f7b84e0a888aee06aa8f175,2026-05-06T18:46:04Z,divyanshk,User,,human_account,,no,,,34c173595bd1599f0f7b84e0a888aee06aa8f175,divyanshk,divyanshk,2026-08-29T09:13:39.537262+00:00
3,pytorch/pytorch,pull_request,182687,pull_commit,committed,911af559a8d106e79fbc6485c21acae1716c547b,2026-05-06T18:57:48Z,divyanshk,User,,human_account,,no,,,911af559a8d106e79fbc6485c21acae1716c547b,divyanshk,divyanshk,2026-08-29T09:13:39.537262+00:00
3,pytorch/pytorch,pull_request,182687,pull_commit,committed,e157866660b57fd7cd2df05b67aadca03f90b2ae,2026-05-06T20:20:16Z,divyanshk,User,,human_account,,no,,,e157866660b57fd7cd2df05b67aadca03f90b2ae,divyanshk,divyanshk,2026-08-29T09:13:39.537262+00:00
3,pytorch/pytorch,pull_request,187668,pull_commit,committed,3740a9b7879d14e71ccf69c1b05e50644b8680b4,2026-06-18T15:03:06Z,bobrenjc93,User,,human_account,,no,,,3740a9b7879d14e71ccf69c1b05e50644b8680b4,bobrenjc93,bobrenjc93,2026-08-29T09:13:40.123355+00:00
3,pytorch/pytorch,pull_request,190312,pull_commit,committed,77404ddd6d34950d05974321f21cb60e8e1c4a51,2026-07-17T05:35:55Z,rtimpe,User,,human_account,,no,,,77404ddd6d34950d05974321f21cb60e8e1c4a51,rtimpe,rtimpe,2026-08-29T09:13:40.612301+00:00
3,pytorch/pytorch,pull_request,190312,pull_commit,committed,37e3c7e7c6e451217591cd8641cc0ba26104d5fe,2026-07-29T00:11:47Z,rtimpe,User,,human_account,,no,,,37e3c7e7c6e451217591cd8641cc0ba26104d5fe,rtimpe,rtimpe,2026-08-29T09:13:40.612301+00:00
3,pytorch/pytorch,pull_request,190312,pull_commit,committed,46bbfe9dcd52f8945e8f3d274debb2eb2f09f99c,2026-07-29T18:09:22Z,rtimpe,User,,human_account,,no,,,46bbfe9dcd52f8945e8f3d274debb2eb2f09f99c,rtimpe,rtimpe,2026-08-29T09:13:40.612301+00:00
3,pytorch/pytorch,pull_request,190312,pull_commit,committed,e368260b79daffae3f044693254099e5a6995989,2026-07-29T22:13:07Z,rtimpe,User,,human_account,,no,,,e368260b79daffae3f044693254099e5a6995989,rtimpe,rtimpe,2026-08-29T09:13:40.612301+00:00
3,pytorch/pytorch,pull_request,190312,pull_commit,committed,420dabf9351a96d1b260882805b6e800f311c0b4,2026-07-29T23:24:11Z,rtimpe,User,,human_account,,no,,,420dabf9351a96d1b260882805b6e800f311c0b4,rtimpe,rtimpe,2026-08-29T09:13:40.612301+00:00
7,vllm-project/vllm,pull_request,49,pull_commit,committed,e9a62c285f12b7acdf6f61df5a68dc6f62567504,2023-04-17T11:09:31Z,Ying1123,User,,human_account,,no,,,e9a62c285f12b7acdf6f61df5a68dc6f62567504,Ying1123,Ying1123,2026-08-29T09:13:41.168538+00:00
7,vllm-project/vllm,pull_request,49,pull_commit,committed,58b86f8c39b6c7de60c06e485cae109fbbe4f59c,2023-04-18T01:18:54Z,Ying1123,User,,human_account,,no,,,58b86f8c39b6c7de60c06e485cae109fbbe4f59c,Ying1123,Ying1123,2026-08-29T09:13:41.168538+00:00
7,vllm-project/vllm,pull_request,49,pull_commit,committed,801753398415368b6caa11ac340fbc375bae8359,2023-04-18T01:45:16Z,Ying1123,User,,human_account,,no,,,801753398415368b6caa11ac340fbc375bae8359,Ying1123,Ying1123,2026-08-29T09:13:41.168538+00:00
7,vllm-project/vllm,pull_request,49,pull_commit,committed,5b2b7ae83c3fa8a17df398035de227cbedb835ab,2023-04-18T03:59:05Z,Ying1123,User,,human_account,,no,,,5b2b7ae83c3fa8a17df398035de227cbedb835ab,Ying1123,Ying1123,2026-08-29T09:13:41.168538+00:00
7,vllm-project/vllm,pull_request,49,pull_commit,committed,8206d0d7de18ff1dd319c1016192c1473e6e1b62,2023-04-23T21:02:59Z,Ying1123,User,,human_account,,no,,,8206d0d7de18ff1dd319c1016192c1473e6e1b62,Ying1123,Ying1123,2026-08-29T09:13:41.168538+00:00
7,vllm-project/vllm,pull_request,49,pull_commit,committed,cb86741ea23aeda2e1aacd685d71026ea71c92c9,2023-04-23T21:16:57Z,Ying1123,User,,human_account,,no,,,cb86741ea23aeda2e1aacd685d71026ea71c92c9,Ying1123,Ying1123,2026-08-29T09:13:41.168538+00:00
7,vllm-project/vllm,pull_request,10,pull_commit,committed,521dcfa2299e5f1494ab5cb3fc936baf9a76d800,2023-03-26T04:41:47Z,zhuohan123,User,,human_account,,no,,,521dcfa2299e5f1494ab5cb3fc936baf9a76d800,zhuohan123,zhuohan123,2026-08-29T09:13:41.705572+00:00
7,vllm-project/vllm,pull_request,10,pull_commit,committed,3e8c1320bec89533de9aa272deda47a1209b54eb,2023-03-26T04:45:43Z,zhuohan123,User,,human_account,,no,,,3e8c1320bec89533de9aa272deda47a1209b54eb,zhuohan123,zhuohan123,2026-08-29T09:13:41.705572+00:00
7,vllm-project/vllm,pull_request,10,pull_commit,committed,8873415eb655db8a53d06970d93b1fb2bbfcd4f3,2023-03-26T04:47:43Z,zhuohan123,User,,human_account,,no,,,8873415eb655db8a53d06970d93b1fb2bbfcd4f3,zhuohan123,zhuohan123,2026-08-29T09:13:41.705572+00:00
7,vllm-project/vllm,pull_request,10,pull_commit,committed,71c2b934b2fe9311ec077e6f540f8cc30938941e,2023-03-26T14:03:50Z,zhuohan123,User,,human_account,,no,,,71c2b934b2fe9311ec077e6f540f8cc30938941e,zhuohan123,zhuohan123,2026-08-29T09:13:41.705572+00:00
7,vllm-project/vllm,pull_request,10,pull_commit,committed,d262ac92f03743d07b4a3881d9ee295a3574d4b1,2023-03-27T03:53:07Z,zhuohan123,User,,human_account,,no,,,d262ac92f03743d07b4a3881d9ee295a3574d4b1,zhuohan123,zhuohan123,2026-08-29T09:13:41.705572+00:00
7,vllm-project/vllm,pull_request,10,pull_commit,committed,ea063255e33c54cc6d0b1ca9d3d2031e9ec7bf37,2023-03-27T06:18:09Z,zhuohan123,User,,human_account,,no,,,ea063255e33c54cc6d0b1ca9d3d2031e9ec7bf37,zhuohan123,zhuohan123,2026-08-29T09:13:41.705572+00:00
7,vllm-project/vllm,pull_request,10,pull_commit,committed,03f09f0722829d6b0a6ad4114b36f235f75837b3,2023-03-27T09:09:33Z,zhuohan123,User,,human_account,,no,,,03f09f0722829d6b0a6ad4114b36f235f75837b3,zhuohan123,zhuohan123,2026-08-29T09:13:41.705572+00:00
7,vllm-project/vllm,pull_request,10,pull_commit,committed,16e9674272588d1f9abf4d16c6b4557a15910a00,2023-03-27T09:10:32Z,zhuohan123,User,,human_account,,no,,,16e9674272588d1f9abf4d16c6b4557a15910a00,zhuohan123,zhuohan123,2026-08-29T09:13:41.705572+00:00
7,vllm-project/vllm,pull_request,10,pull_commit,committed,f045128f52337e19a94ca6ed96100e1807c16be2,2023-03-27T09:17:55Z,zhuohan123,User,,human_account,,no,,,f045128f52337e19a94ca6ed96100e1807c16be2,zhuohan123,zhuohan123,2026-08-29T09:13:41.705572+00:00
7,vllm-project/vllm,pull_request,10,pull_commit,committed,6f735faf6bf618040992ec85cc9bb06ac70e209f,2023-03-27T09:19:48Z,zhuohan123,User,,human_account,,no,,,6f735faf6bf618040992ec85cc9bb06ac70e209f,zhuohan123,zhuohan123,2026-08-29T09:13:41.705572+00:00
7,vllm-project/vllm,pull_request,10,pull_commit,committed,f1666e84aa5c9e62c89d12a2bc34a2c7859cf15e,2023-03-27T13:16:23Z,zhuohan123,User,,human_account,,no,,,f1666e84aa5c9e62c89d12a2bc34a2c7859cf15e,zhuohan123,zhuohan123,2026-08-29T09:13:41.705572+00:00
7,vllm-project/vllm,pull_request,10,pull_commit,committed,9b2972feec1950857344511b19579c14331fce8e,2023-03-27T13:22:17Z,zhuohan123,User,,human_account,,no,,,9b2972feec1950857344511b19579c14331fce8e,zhuohan123,zhuohan123,2026-08-29T09:13:41.705572+00:00
7,vllm-project/vllm,pull_request,10,pull_commit,committed,9d23237e1a334f5953fe2f465ddaa5479969d542,2023-03-27T14:10:05Z,zhuohan123,User,,human_account,,no,,,9d23237e1a334f5953fe2f465ddaa5479969d542,zhuohan123,zhuohan123,2026-08-29T09:13:41.705572+00:00
7,vllm-project/vllm,pull_request,10,pull_commit,committed,739f599282a238188f2b703b3c0b06923aa102c1,2023-03-29T06:47:52Z,zhuohan123,User,,human_account,,no,,,739f599282a238188f2b703b3c0b06923aa102c1,zhuohan123,zhuohan123,2026-08-29T09:13:41.705572+00:00
7,vllm-project/vllm,pull_request,25,pull_commit,committed,3564cd92798d5b124be8edb2d0983d270c7368a9,2023-04-03T14:11:51Z,zhuohan123,User,,human_account,,no,,,3564cd92798d5b124be8edb2d0983d270c7368a9,zhuohan123,zhuohan123,2026-08-29T09:13:42.192220+00:00
7,vllm-project/vllm,pull_request,32,pull_commit,committed,264b698a2d0bc5fe78afa4643d37c70faaeb63f8,2023-04-07T20:57:01Z,WoosukKwon,User,,human_account,,no,,,264b698a2d0bc5fe78afa4643d37c70faaeb63f8,WoosukKwon,WoosukKwon,2026-08-29T09:13:43.207750+00:00
7,vllm-project/vllm,pull_request,32,pull_commit,committed,cdc3dedc7db259a0a335df4171458ec6b186d1b4,2023-04-07T20:57:13Z,WoosukKwon,User,,human_account,,no,,,cdc3dedc7db259a0a335df4171458ec6b186d1b4,WoosukKwon,WoosukKwon,2026-08-29T09:13:43.207750+00:00
7,vllm-project/vllm,pull_request,32,pull_commit,committed,73aa5abee0d12bd1c05b4b18e4881ee4aa9aa373,2023-04-08T00:41:00Z,WoosukKwon,User,,human_account,,no,,,73aa5abee0d12bd1c05b4b18e4881ee4aa9aa373,WoosukKwon,WoosukKwon,2026-08-29T09:13:43.207750+00:00
7,vllm-project/vllm,pull_request,32,pull_commit,committed,b84108ecec01d54cbae9f94e5ce6913ae8d46be0,2023-04-08T00:41:55Z,WoosukKwon,User,,human_account,,no,,,b84108ecec01d54cbae9f94e5ce6913ae8d46be0,WoosukKwon,WoosukKwon,2026-08-29T09:13:43.207750+00:00
7,vllm-project/vllm,pull_request,39,pull_commit,committed,b32fb2e55d0eb67fd979a54aca4042a6f8d546af,2023-04-13T11:20:56Z,WoosukKwon,User,,human_account,,no,,,b32fb2e55d0eb67fd979a54aca4042a6f8d546af,WoosukKwon,WoosukKwon,2026-08-29T09:13:43.668889+00:00
7,vllm-project/vllm,pull_request,39,pull_commit,committed,16e39413d1c28f538d01b97ff2254b90a73d950f,2023-04-13T23:32:57Z,WoosukKwon,User,,human_account,,no,,,16e39413d1c28f538d01b97ff2254b90a73d950f,WoosukKwon,WoosukKwon,2026-08-29T09:13:43.668889+00:00
7,vllm-project/vllm,pull_request,39,pull_commit,committed,092be5d469f631c06564ac0b40a592147c83a632,2023-04-13T23:37:05Z,WoosukKwon,User,,human_account,,no,,,092be5d469f631c06564ac0b40a592147c83a632,WoosukKwon,WoosukKwon,2026-08-29T09:13:43.668889+00:00
7,vllm-project/vllm,pull_request,39,pull_commit,committed,e81b8f7c5709ed9d3487685be22bb2eb5433b9ea,2023-04-14T23:18:43Z,WoosukKwon,User,,human_account,,no,,,e81b8f7c5709ed9d3487685be22bb2eb5433b9ea,WoosukKwon,WoosukKwon,2026-08-29T09:13:43.668889+00:00
7,vllm-project/vllm,pull_request,39,pull_commit,committed,a018aeb05fd6059717cfe863b3fee62d730f0c99,2023-04-14T23:36:30Z,suquark,User,,human_account,,no,,,a018aeb05fd6059717cfe863b3fee62d730f0c99,suquark,suquark,2026-08-29T09:13:43.668889+00:00
7,vllm-project/vllm,pull_request,39,pull_commit,committed,0efadb4b5a8cf3995be23fe545a4c6b6547f66e0,2023-04-14T23:36:30Z,suquark,User,,human_account,,no,,,0efadb4b5a8cf3995be23fe545a4c6b6547f66e0,suquark,suquark,2026-08-29T09:13:43.668889+00:00
7,vllm-project/vllm,pull_request,39,pull_commit,committed,e42669e577e8e4e3519d7722713e8a778f91279b,2023-04-14T23:48:03Z,suquark,User,,human_account,,no,,,e42669e577e8e4e3519d7722713e8a778f91279b,suquark,suquark,2026-08-29T09:13:43.668889+00:00
7,vllm-project/vllm,pull_request,39,pull_commit,committed,e583121286d86f6638af5273bd4642959f21cd91,2023-04-15T00:02:33Z,suquark,User,,human_account,,no,,,e583121286d86f6638af5273bd4642959f21cd91,suquark,suquark,2026-08-29T09:13:43.668889+00:00
7,vllm-project/vllm,pull_request,39,pull_commit,committed,67354af06b545ef18ac4a528e5b56d0787d3429d,2023-04-15T00:04:16Z,suquark,User,,human_account,,no,,,67354af06b545ef18ac4a528e5b56d0787d3429d,suquark,suquark,2026-08-29T09:13:43.668889+00:00
7,vllm-project/vllm,pull_request,39,pull_commit,committed,cc15c5b74a7849299f99a681d1c663819e3a8ce9,2023-04-15T20:38:42Z,suquark,User,,human_account,,no,,,cc15c5b74a7849299f99a681d1c663819e3a8ce9,suquark,suquark,2026-08-29T09:13:43.668889+00:00
7,vllm-project/vllm,pull_request,39,pull_commit,committed,f814626515bb26ae670f35c8d81c749546c17d5d,2023-04-16T04:55:24Z,suquark,User,,human_account,,no,,,f814626515bb26ae670f35c8d81c749546c17d5d,suquark,suquark,2026-08-29T09:13:43.668889+00:00
7,vllm-project/vllm,pull_request,68,pull_commit,committed,8b3e8784f56438782eca376106370ee7180bfac9,2023-05-04T09:46:46Z,WoosukKwon,User,,human_account,,no,,,8b3e8784f56438782eca376106370ee7180bfac9,WoosukKwon,WoosukKwon,2026-08-29T09:13:44.152365+00:00
7,vllm-project/vllm,pull_request,141,pull_commit,committed,cc12338e81d1567357e79ad6ad66f83989a3d6c8,2023-06-06T01:25:46Z,WoosukKwon,User,,human_account,,no,,,cc12338e81d1567357e79ad6ad66f83989a3d6c8,WoosukKwon,WoosukKwon,2026-08-29T09:13:44.700276+00:00
7,vllm-project/vllm,pull_request,141,pull_commit,committed,67006dd1795b7d434fd1c26adf33a4271e0c6e79,2023-06-06T01:28:27Z,WoosukKwon,User,,human_account,,no,,,67006dd1795b7d434fd1c26adf33a4271e0c6e79,WoosukKwon,WoosukKwon,2026-08-29T09:13:44.700276+00:00
7,vllm-project/vllm,pull_request,141,pull_commit,committed,f29f81c7b8eb833d35372438013e37fa30081f1b,2023-06-06T01:28:42Z,WoosukKwon,User,,human_account,,no,,,f29f81c7b8eb833d35372438013e37fa30081f1b,WoosukKwon,WoosukKwon,2026-08-29T09:13:44.700276+00:00
7,vllm-project/vllm,pull_request,141,pull_commit,committed,25509179ad36290217f2c1828b217cb45451d1ee,2023-06-06T01:30:41Z,WoosukKwon,User,,human_account,,no,,,25509179ad36290217f2c1828b217cb45451d1ee,WoosukKwon,WoosukKwon,2026-08-29T09:13:44.700276+00:00
7,vllm-project/vllm,pull_request,141,pull_commit,committed,b8d1be4a1da129aeaad70aeb470f80ea39275a68,2023-06-06T01:30:55Z,WoosukKwon,User,,human_account,,no,,,b8d1be4a1da129aeaad70aeb470f80ea39275a68,WoosukKwon,WoosukKwon,2026-08-29T09:13:44.700276+00:00
7,vllm-project/vllm,pull_request,141,pull_commit,committed,a2a17bbdd29ef5439d93a3fa3c336cf8d39fadf6,2023-06-06T01:41:27Z,WoosukKwon,User,,human_account,,no,,,a2a17bbdd29ef5439d93a3fa3c336cf8d39fadf6,WoosukKwon,WoosukKwon,2026-08-29T09:13:44.700276+00:00
7,vllm-project/vllm,pull_request,141,pull_commit,committed,205c78f0a5f01d5f4c199a0d64c28323786686f2,2023-06-06T01:45:08Z,WoosukKwon,User,,human_account,,no,,,205c78f0a5f01d5f4c199a0d64c28323786686f2,WoosukKwon,WoosukKwon,2026-08-29T09:13:44.700276+00:00
7,vllm-project/vllm,pull_request,141,pull_commit,committed,d917bc54396a9c59568f39b23b07920b28d0eeec,2023-06-06T01:46:55Z,WoosukKwon,User,,human_account,,no,,,d917bc54396a9c59568f39b23b07920b28d0eeec,WoosukKwon,WoosukKwon,2026-08-29T09:13:44.700276+00:00
7,vllm-project/vllm,pull_request,141,pull_commit,committed,56532b567bdaebcd0292461e2ac4866636315c1a,2023-06-06T01:49:54Z,WoosukKwon,User,,human_account,,no,,,56532b567bdaebcd0292461e2ac4866636315c1a,WoosukKwon,WoosukKwon,2026-08-29T09:13:44.700276+00:00
7,vllm-project/vllm,pull_request,141,pull_commit,committed,042bc25670aba3127b86e64299738ee72ac578bc,2023-06-06T01:52:13Z,WoosukKwon,User,,human_account,,no,,,042bc25670aba3127b86e64299738ee72ac578bc,WoosukKwon,WoosukKwon,2026-08-29T09:13:44.700276+00:00
7,vllm-project/vllm,pull_request,141,pull_commit,committed,30b42395ecd39b8718d290dde9f498bb0daa0967,2023-06-06T02:00:24Z,WoosukKwon,User,,human_account,,no,,,30b42395ecd39b8718d290dde9f498bb0daa0967,WoosukKwon,WoosukKwon,2026-08-29T09:13:44.700276+00:00
7,vllm-project/vllm,pull_request,141,pull_commit,committed,c2b9186abfe02ca9716ce5802ebff2c40f719528,2023-06-06T02:01:16Z,WoosukKwon,User,,human_account,,no,,,c2b9186abfe02ca9716ce5802ebff2c40f719528,WoosukKwon,WoosukKwon,2026-08-29T09:13:44.700276+00:00
7,vllm-project/vllm,pull_request,141,pull_commit,committed,d408884169f4a42628442dacc8e52f2f4e9209f5,2023-06-06T02:02:26Z,WoosukKwon,User,,human_account,,no,,,d408884169f4a42628442dacc8e52f2f4e9209f5,WoosukKwon,WoosukKwon,2026-08-29T09:13:44.700276+00:00
7,vllm-project/vllm,pull_request,141,pull_commit,committed,000710a330360a66a6e1a829e34369f737e2bd7f,2023-06-06T02:07:20Z,WoosukKwon,User,,human_account,,no,,,000710a330360a66a6e1a829e34369f737e2bd7f,WoosukKwon,WoosukKwon,2026-08-29T09:13:44.700276+00:00
7,vllm-project/vllm,pull_request,141,pull_commit,committed,37e7a21b4a3c15b258f33b44f09496b69658f07c,2023-06-06T02:49:41Z,WoosukKwon,User,,human_account,,no,,,37e7a21b4a3c15b258f33b44f09496b69658f07c,WoosukKwon,WoosukKwon,2026-08-29T09:13:44.700276+00:00
7,vllm-project/vllm,pull_request,141,pull_commit,committed,0931129da73f5fa1ea970afb48a4a3cba50a05b4,2023-06-06T03:04:50Z,WoosukKwon,User,,human_account,,no,,,0931129da73f5fa1ea970afb48a4a3cba50a05b4,WoosukKwon,WoosukKwon,2026-08-29T09:13:44.700276+00:00
7,vllm-project/vllm,pull_request,141,pull_commit,committed,75a69c48f034c3932e76f12096dc1fa041d76445,2023-06-06T03:06:16Z,WoosukKwon,User,,human_account,,no,,,75a69c48f034c3932e76f12096dc1fa041d76445,WoosukKwon,WoosukKwon,2026-08-29T09:13:44.700276+00:00
7,vllm-project/vllm,pull_request,141,pull_commit,committed,9ffd92661e92124141b4cb9857e57365c42a729c,2023-06-07T05:33:45Z,WoosukKwon,User,,human_account,,no,,,9ffd92661e92124141b4cb9857e57365c42a729c,WoosukKwon,WoosukKwon,2026-08-29T09:13:44.700276+00:00
7,vllm-project/vllm,pull_request,141,pull_commit,committed,5075bbcbb2104ced7bb69ce07fdec3be45d70571,2023-06-07T07:20:01Z,WoosukKwon,User,,human_account,,no,,,5075bbcbb2104ced7bb69ce07fdec3be45d70571,WoosukKwon,WoosukKwon,2026-08-29T09:13:44.700276+00:00
7,vllm-project/vllm,pull_request,141,pull_commit,committed,6dcd3c1883ab83ad6ca59a3c6e081eb7c5417016,2023-06-07T07:23:54Z,WoosukKwon,User,,human_account,,no,,,6dcd3c1883ab83ad6ca59a3c6e081eb7c5417016,WoosukKwon,WoosukKwon,2026-08-29T09:13:44.700276+00:00
7,vllm-project/vllm,pull_request,141,pull_commit,committed,e08afd7f8f149ee30c578633595cacbe56d739b6,2023-06-07T07:25:26Z,WoosukKwon,User,,human_account,,no,,,e08afd7f8f149ee30c578633595cacbe56d739b6,WoosukKwon,WoosukKwon,2026-08-29T09:13:44.700276+00:00
7,vllm-project/vllm,pull_request,116,pull_commit,committed,263c2863439c159b636992d18cdb72e3da889c78,2023-05-20T20:35:00Z,zhuohan123,User,,human_account,,no,,,263c2863439c159b636992d18cdb72e3da889c78,zhuohan123,zhuohan123,2026-08-29T09:13:45.221981+00:00
7,vllm-project/vllm,pull_request,116,pull_commit,committed,18f809761020626e7e8cd49d118f4a474506cf46,2023-05-20T20:39:25Z,zhuohan123,User,,human_account,,no,,,18f809761020626e7e8cd49d118f4a474506cf46,zhuohan123,zhuohan123,2026-08-29T09:13:45.221981+00:00
7,vllm-project/vllm,pull_request,116,pull_commit,committed,fb73a1baf297564331956c4acb1489cc010a074d,2023-05-20T23:43:33Z,zhuohan123,User,,human_account,,no,,,fb73a1baf297564331956c4acb1489cc010a074d,zhuohan123,zhuohan123,2026-08-29T09:13:45.221981+00:00
7,vllm-project/vllm,pull_request,116,pull_commit,committed,b990239ce1bc81c60c692714fb9fe682ff894225,2023-05-20T23:44:00Z,zhuohan123,User,,human_account,,no,,,b990239ce1bc81c60c692714fb9fe682ff894225,zhuohan123,zhuohan123,2026-08-29T09:13:45.221981+00:00
7,vllm-project/vllm,pull_request,116,pull_commit,committed,00c84e2d6e874a9371af49d79c11c2def26eacec,2023-05-20T23:51:31Z,zhuohan123,User,,human_account,,no,,,00c84e2d6e874a9371af49d79c11c2def26eacec,zhuohan123,zhuohan123,2026-08-29T09:13:45.221981+00:00
7,vllm-project/vllm,pull_request,116,pull_commit,committed,1c71b88fc3b2f0ee0c7f664582236630e4404a8c,2023-05-21T17:47:23Z,zhuohan123,User,,human_account,,no,,,1c71b88fc3b2f0ee0c7f664582236630e4404a8c,zhuohan123,zhuohan123,2026-08-29T09:13:45.221981+00:00
7,vllm-project/vllm,pull_request,116,pull_commit,committed,5415281d25468c3d3941c76dd4472ba09112cb8d,2023-05-21T18:32:20Z,zhuohan123,User,,human_account,,no,,,5415281d25468c3d3941c76dd4472ba09112cb8d,zhuohan123,zhuohan123,2026-08-29T09:13:45.221981+00:00
7,vllm-project/vllm,pull_request,116,pull_commit,committed,63c5d3cc25fcb15d3e6c7fa97b287af44cc98cf7,2023-05-21T23:36:53Z,zhuohan123,User,,human_account,,no,,,63c5d3cc25fcb15d3e6c7fa97b287af44cc98cf7,zhuohan123,zhuohan123,2026-08-29T09:13:45.221981+00:00
7,vllm-project/vllm,pull_request,116,pull_commit,committed,8321b47339b7d887d4361485452665f884128203,2023-05-21T23:57:18Z,zhuohan123,User,,human_account,,no,,,8321b47339b7d887d4361485452665f884128203,zhuohan123,zhuohan123,2026-08-29T09:13:45.221981+00:00
7,vllm-project/vllm,pull_request,116,pull_commit,committed,5c82790227cbfb2c9ad25998f1f0858fa75635dc,2023-05-22T00:40:00Z,zhuohan123,User,,human_account,,no,,,5c82790227cbfb2c9ad25998f1f0858fa75635dc,zhuohan123,zhuohan123,2026-08-29T09:13:45.221981+00:00
7,vllm-project/vllm,pull_request,116,pull_commit,committed,0e12ecb7cf963fc0a1ab44e068724d12e883f7d7,2023-05-23T00:17:01Z,zhuohan123,User,,human_account,,no,,,0e12ecb7cf963fc0a1ab44e068724d12e883f7d7,zhuohan123,zhuohan123,2026-08-29T09:13:45.221981+00:00
7,vllm-project/vllm,pull_request,116,pull_commit,committed,aa9e83cd4b9edf6a439cd7ef99f87a352b78f15a,2023-05-23T05:34:50Z,zhuohan123,User,,human_account,,no,,,aa9e83cd4b9edf6a439cd7ef99f87a352b78f15a,zhuohan123,zhuohan123,2026-08-29T09:13:45.221981+00:00
7,vllm-project/vllm,pull_request,116,pull_commit,committed,abb1bf1328771a841a22c74bc2863698e8a40f79,2023-05-23T05:50:14Z,zhuohan123,User,,human_account,,no,,,abb1bf1328771a841a22c74bc2863698e8a40f79,zhuohan123,zhuohan123,2026-08-29T09:13:45.221981+00:00
7,vllm-project/vllm,pull_request,116,pull_commit,committed,8e14b2e91b6b73fa26571cf004f32e83e5290325,2023-05-23T05:54:07Z,zhuohan123,User,,human_account,,no,,,8e14b2e91b6b73fa26571cf004f32e83e5290325,zhuohan123,zhuohan123,2026-08-29T09:13:45.221981+00:00
7,vllm-project/vllm,pull_request,116,pull_commit,committed,788d070fa8053a3404510478ec91f5dd3cce5382,2023-05-23T19:46:37Z,zhuohan123,User,,human_account,,no,,,788d070fa8053a3404510478ec91f5dd3cce5382,zhuohan123,zhuohan123,2026-08-29T09:13:45.221981+00:00
7,vllm-project/vllm,pull_request,116,pull_commit,committed,6cc6118edc055f5bc4d054efd9f386fc2e4311a8,2023-05-23T20:01:22Z,zhuohan123,User,,human_account,,no,,,6cc6118edc055f5bc4d054efd9f386fc2e4311a8,zhuohan123,zhuohan123,2026-08-29T09:13:45.221981+00:00
7,vllm-project/vllm,pull_request,116,pull_commit,committed,205b7edaaa19b9b73a24a31a9bd981c59e61912d,2023-05-23T20:25:53Z,zhuohan123,User,,human_account,,no,,,205b7edaaa19b9b73a24a31a9bd981c59e61912d,zhuohan123,zhuohan123,2026-08-29T09:13:45.221981+00:00
7,vllm-project/vllm,pull_request,116,pull_commit,committed,489e55e77115a4e0484268400511c917de4c876a,2023-05-23T20:26:29Z,zhuohan123,User,,human_account,,no,,,489e55e77115a4e0484268400511c917de4c876a,zhuohan123,zhuohan123,2026-08-29T09:13:45.221981+00:00
7,vllm-project/vllm,pull_request,116,pull_commit,committed,ee59d787f1897a906bae212f62897c6f2b9dbced,2023-05-23T23:16:53Z,zhuohan123,User,,human_account,,no,,,ee59d787f1897a906bae212f62897c6f2b9dbced,zhuohan123,zhuohan123,2026-08-29T09:13:45.221981+00:00
7,vllm-project/vllm,pull_request,116,pull_commit,committed,dd03d97a0a70b848bd0e96f352e1db991858faba,2023-05-23T23:43:36Z,zhuohan123,User,,human_account,,no,,,dd03d97a0a70b848bd0e96f352e1db991858faba,zhuohan123,zhuohan123,2026-08-29T09:13:45.221981+00:00
7,vllm-project/vllm,pull_request,116,pull_commit,committed,2cca8266538f2bbc5959cc7e83a0df53859f6230,2023-05-23T23:54:36Z,zhuohan123,User,,human_account,,no,,,2cca8266538f2bbc5959cc7e83a0df53859f6230,zhuohan123,zhuohan123,2026-08-29T09:13:45.221981+00:00
7,vllm-project/vllm,pull_request,116,pull_commit,committed,9fd49e5926608f7b5b7d437c3b86ba9d84a96edb,2023-05-24T03:04:59Z,zhuohan123,User,,human_account,,no,,,9fd49e5926608f7b5b7d437c3b86ba9d84a96edb,zhuohan123,zhuohan123,2026-08-29T09:13:45.221981+00:00
7,vllm-project/vllm,pull_request,116,pull_commit,committed,02f46cd9117aa8476be4f3ce3c7dd4e8c13ade1d,2023-05-24T03:39:07Z,zhuohan123,User,,human_account,,no,,,02f46cd9117aa8476be4f3ce3c7dd4e8c13ade1d,zhuohan123,zhuohan123,2026-08-29T09:13:45.221981+00:00
7,vllm-project/vllm,pull_request,116,pull_commit,committed,7d9a9c6af596efb47258f9c8f59ab2a52daf4838,2023-05-24T03:40:29Z,web-flow,User,,human_account,,no,,,7d9a9c6af596efb47258f9c8f59ab2a52daf4838,zhuohan123,web-flow,2026-08-29T09:13:45.221981+00:00
7,vllm-project/vllm,pull_request,116,pull_commit,committed,51bee2df70d748ff5ab92f56b35a7f0aeb18926b,2023-05-24T03:48:40Z,zhuohan123,User,,human_account,,no,,,51bee2df70d748ff5ab92f56b35a7f0aeb18926b,zhuohan123,zhuohan123,2026-08-29T09:13:45.221981+00:00
7,vllm-project/vllm,pull_request,116,pull_commit,committed,83df8a0de42f5c6228dcd1efce385f715d9b79df,2023-05-24T04:38:59Z,zhuohan123,User,,human_account,,no,,,83df8a0de42f5c6228dcd1efce385f715d9b79df,zhuohan123,zhuohan123,2026-08-29T09:13:45.221981+00:00
7,vllm-project/vllm,pull_request,114,pull_commit,committed,0b52e5cc39028bc523f7b67e24643c29bc3542f9,2023-05-20T20:54:52Z,WoosukKwon,User,,human_account,,no,,,0b52e5cc39028bc523f7b67e24643c29bc3542f9,WoosukKwon,WoosukKwon,2026-08-29T09:13:45.850281+00:00
7,vllm-project/vllm,pull_request,114,pull_commit,committed,084a8a59db51f730576a2a7642e13990c666e7ba,2023-05-20T20:57:53Z,WoosukKwon,User,,human_account,,no,,,084a8a59db51f730576a2a7642e13990c666e7ba,WoosukKwon,WoosukKwon,2026-08-29T09:13:45.850281+00:00
7,vllm-project/vllm,pull_request,114,pull_commit,committed,6aeb5e5c289c16c67bb5fae45006c38f1ad02cc0,2023-05-20T21:09:02Z,WoosukKwon,User,,human_account,,no,,,6aeb5e5c289c16c67bb5fae45006c38f1ad02cc0,WoosukKwon,WoosukKwon,2026-08-29T09:13:45.850281+00:00
7,vllm-project/vllm,pull_request,114,pull_commit,committed,a137d5171eeab51ccae8d08dc75f97836641691b,2023-05-20T21:13:52Z,WoosukKwon,User,,human_account,,no,,,a137d5171eeab51ccae8d08dc75f97836641691b,WoosukKwon,WoosukKwon,2026-08-29T09:13:45.850281+00:00
7,vllm-project/vllm,pull_request,114,pull_commit,committed,15f03a37618613541b084d54a75c7e1531581db1,2023-05-20T21:24:46Z,WoosukKwon,User,,human_account,,no,,,15f03a37618613541b084d54a75c7e1531581db1,WoosukKwon,WoosukKwon,2026-08-29T09:13:45.850281+00:00
7,vllm-project/vllm,pull_request,114,pull_commit,committed,26ce5027dd397fffcc30e641cae0a01908e35246,2023-05-20T21:24:54Z,WoosukKwon,User,,human_account,,no,,,26ce5027dd397fffcc30e641cae0a01908e35246,WoosukKwon,WoosukKwon,2026-08-29T09:13:45.850281+00:00
7,vllm-project/vllm,pull_request,114,pull_commit,committed,21ae2b4f0d566b40e3d8c30499cf8a477fde7540,2023-05-20T21:27:07Z,WoosukKwon,User,,human_account,,no,,,21ae2b4f0d566b40e3d8c30499cf8a477fde7540,WoosukKwon,WoosukKwon,2026-08-29T09:13:45.850281+00:00
7,vllm-project/vllm,pull_request,114,pull_commit,committed,fdc560a811f2107898791e63c67ef99d94c40cc5,2023-05-20T21:28:09Z,WoosukKwon,User,,human_account,,no,,,fdc560a811f2107898791e63c67ef99d94c40cc5,WoosukKwon,WoosukKwon,2026-08-29T09:13:45.850281+00:00
7,vllm-project/vllm,pull_request,114,pull_commit,committed,e238aa40f9f4afa47eb64ad7b25a36b673d9da11,2023-05-20T21:54:33Z,WoosukKwon,User,,human_account,,no,,,e238aa40f9f4afa47eb64ad7b25a36b673d9da11,WoosukKwon,WoosukKwon,2026-08-29T09:13:45.850281+00:00
7,vllm-project/vllm,pull_request,114,pull_commit,committed,46e73e4f9db9c5e33a523054e4e95c6e645be96b,2023-05-21T01:31:45Z,WoosukKwon,User,,human_account,,no,,,46e73e4f9db9c5e33a523054e4e95c6e645be96b,WoosukKwon,WoosukKwon,2026-08-29T09:13:45.850281+00:00
7,vllm-project/vllm,pull_request,114,pull_commit,committed,d28beec771e8348edd5e1e3ec40e877cf469ba7b,2023-05-21T02:38:54Z,WoosukKwon,User,,human_account,,no,,,d28beec771e8348edd5e1e3ec40e877cf469ba7b,WoosukKwon,WoosukKwon,2026-08-29T09:13:45.850281+00:00
7,vllm-project/vllm,pull_request,114,pull_commit,committed,9f82f5da34dc3745d98fbfcae38158b814f4ea65,2023-05-21T02:39:35Z,WoosukKwon,User,,human_account,,no,,,9f82f5da34dc3745d98fbfcae38158b814f4ea65,WoosukKwon,WoosukKwon,2026-08-29T09:13:45.850281+00:00
7,vllm-project/vllm,pull_request,114,pull_commit,committed,2a4c9b2cb3ca5cf5c8dc3c8d6e4a712d30ce315e,2023-05-21T02:40:46Z,WoosukKwon,User,,human_account,,no,,,2a4c9b2cb3ca5cf5c8dc3c8d6e4a712d30ce315e,WoosukKwon,WoosukKwon,2026-08-29T09:13:45.850281+00:00
7,vllm-project/vllm,pull_request,114,pull_commit,committed,3ab517024d64b2470e95fefa2c373bd9a63f5e4d,2023-05-21T02:41:22Z,WoosukKwon,User,,human_account,,no,,,3ab517024d64b2470e95fefa2c373bd9a63f5e4d,WoosukKwon,WoosukKwon,2026-08-29T09:13:45.850281+00:00
7,vllm-project/vllm,pull_request,114,pull_commit,committed,76ad6ba280254884104d32b3fe4632b5d758f904,2023-05-21T02:41:53Z,WoosukKwon,User,,human_account,,no,,,76ad6ba280254884104d32b3fe4632b5d758f904,WoosukKwon,WoosukKwon,2026-08-29T09:13:45.850281+00:00
7,vllm-project/vllm,pull_request,114,pull_commit,committed,0d980fc186f7eafc82e62875231b08fa5ff4c475,2023-05-21T02:56:52Z,WoosukKwon,User,,human_account,,no,,,0d980fc186f7eafc82e62875231b08fa5ff4c475,WoosukKwon,WoosukKwon,2026-08-29T09:13:45.850281+00:00
7,vllm-project/vllm,pull_request,114,pull_commit,committed,73254f05f1470670a044aa35f3fa37f1ae013739,2023-05-21T02:57:15Z,WoosukKwon,User,,human_account,,no,,,73254f05f1470670a044aa35f3fa37f1ae013739,WoosukKwon,WoosukKwon,2026-08-29T09:13:45.850281+00:00
7,vllm-project/vllm,pull_request,114,pull_commit,committed,a0decf1462414e56464339c55f5ce2f0edafec24,2023-05-21T03:05:19Z,WoosukKwon,User,,human_account,,no,,,a0decf1462414e56464339c55f5ce2f0edafec24,WoosukKwon,WoosukKwon,2026-08-29T09:13:45.850281+00:00
7,vllm-project/vllm,pull_request,114,pull_commit,committed,191240ec5ca499ccefd73b4589dd66423adfafc8,2023-05-21T03:10:00Z,WoosukKwon,User,,human_account,,no,,,191240ec5ca499ccefd73b4589dd66423adfafc8,WoosukKwon,WoosukKwon,2026-08-29T09:13:45.850281+00:00
7,vllm-project/vllm,pull_request,114,pull_commit,committed,43919a93ea9a0f743fe99a3c2e4cefc18d163798,2023-05-21T03:10:31Z,WoosukKwon,User,,human_account,,no,,,43919a93ea9a0f743fe99a3c2e4cefc18d163798,WoosukKwon,WoosukKwon,2026-08-29T09:13:45.850281+00:00
7,vllm-project/vllm,pull_request,114,pull_commit,committed,069b380d65ab53c569bd60380e6e925c510a4fe5,2023-05-21T03:10:41Z,WoosukKwon,User,,human_account,,no,,,069b380d65ab53c569bd60380e6e925c510a4fe5,WoosukKwon,WoosukKwon,2026-08-29T09:13:45.850281+00:00
7,vllm-project/vllm,pull_request,114,pull_commit,committed,6786cd338412e8fd1fbc07a2cefd8a61619a2197,2023-05-21T03:12:13Z,WoosukKwon,User,,human_account,,no,,,6786cd338412e8fd1fbc07a2cefd8a61619a2197,WoosukKwon,WoosukKwon,2026-08-29T09:13:45.850281+00:00
7,vllm-project/vllm,pull_request,84,pull_commit,committed,6c9799a73ddb3bbf3562c9009385a2d6f7482bf4,2023-05-06T22:11:21Z,WoosukKwon,User,,human_account,,no,,,6c9799a73ddb3bbf3562c9009385a2d6f7482bf4,WoosukKwon,WoosukKwon,2026-08-29T09:13:46.391541+00:00
7,vllm-project/vllm,pull_request,84,pull_commit,committed,bacf49c4e0b3a11c9949693205bffe56f0d1c4a2,2023-05-06T22:28:49Z,WoosukKwon,User,,human_account,,no,,,bacf49c4e0b3a11c9949693205bffe56f0d1c4a2,WoosukKwon,WoosukKwon,2026-08-29T09:13:46.391541+00:00
7,vllm-project/vllm,pull_request,84,pull_commit,committed,a16c1f3d47c3d45bd30e942d6bf683f0b9fcf27d,2023-05-06T23:20:16Z,WoosukKwon,User,,human_account,,no,,,a16c1f3d47c3d45bd30e942d6bf683f0b9fcf27d,WoosukKwon,WoosukKwon,2026-08-29T09:13:46.391541+00:00
7,vllm-project/vllm,pull_request,84,pull_commit,committed,9b868d1fdb575adb8835a3eb7360d00e428c8214,2023-05-06T23:57:35Z,WoosukKwon,User,,human_account,,no,,,9b868d1fdb575adb8835a3eb7360d00e428c8214,WoosukKwon,WoosukKwon,2026-08-29T09:13:46.391541+00:00
7,vllm-project/vllm,pull_request,84,pull_commit,committed,b2ff569d399cd602b46d06bc185eee7fd2fd67c3,2023-05-07T19:54:15Z,WoosukKwon,User,,human_account,,no,,,b2ff569d399cd602b46d06bc185eee7fd2fd67c3,WoosukKwon,WoosukKwon,2026-08-29T09:13:46.391541+00:00
7,vllm-project/vllm,pull_request,84,pull_commit,committed,38b946bfbfa1208399a7aa3bb636629b2ee53737,2023-05-07T21:19:08Z,WoosukKwon,User,,human_account,,no,,,38b946bfbfa1208399a7aa3bb636629b2ee53737,WoosukKwon,WoosukKwon,2026-08-29T09:13:46.391541+00:00
7,vllm-project/vllm,pull_request,84,pull_commit,committed,62c717555378b31b7157b94880583ee248f117d6,2023-05-07T21:36:18Z,WoosukKwon,User,,human_account,,no,,,62c717555378b31b7157b94880583ee248f117d6,WoosukKwon,WoosukKwon,2026-08-29T09:13:46.391541+00:00
7,vllm-project/vllm,pull_request,84,pull_commit,committed,26aafdcf628197d121ec91438c83f831a784c265,2023-05-07T21:59:02Z,WoosukKwon,User,,human_account,,no,,,26aafdcf628197d121ec91438c83f831a784c265,WoosukKwon,WoosukKwon,2026-08-29T09:13:46.391541+00:00
7,vllm-project/vllm,pull_request,84,pull_commit,committed,8419df6b1fc418540f1df51230771ebf136376a5,2023-05-07T22:07:22Z,WoosukKwon,User,,human_account,,no,,,8419df6b1fc418540f1df51230771ebf136376a5,WoosukKwon,WoosukKwon,2026-08-29T09:13:46.391541+00:00
7,vllm-project/vllm,pull_request,84,pull_commit,committed,d9520b4ea449c48b43c1ba8af59af79ce12414eb,2023-05-07T22:07:36Z,WoosukKwon,User,,human_account,,no,,,d9520b4ea449c48b43c1ba8af59af79ce12414eb,WoosukKwon,WoosukKwon,2026-08-29T09:13:46.391541+00:00
7,vllm-project/vllm,pull_request,84,pull_commit,committed,61bf05fde36e83949b9bf36d9adba5ccf9dcc46d,2023-05-07T22:08:36Z,WoosukKwon,User,,human_account,,no,,,61bf05fde36e83949b9bf36d9adba5ccf9dcc46d,WoosukKwon,WoosukKwon,2026-08-29T09:13:46.391541+00:00
7,vllm-project/vllm,pull_request,84,pull_commit,committed,799ce5330c1773d55dc2ee343fb1688bc9e066ae,2023-05-07T22:14:09Z,WoosukKwon,User,,human_account,,no,,,799ce5330c1773d55dc2ee343fb1688bc9e066ae,WoosukKwon,WoosukKwon,2026-08-29T09:13:46.391541+00:00
7,vllm-project/vllm,pull_request,84,pull_commit,committed,b6f6d4c42259a1ff9d2221d28ae11b93a4e5369d,2023-05-07T22:15:20Z,WoosukKwon,User,,human_account,,no,,,b6f6d4c42259a1ff9d2221d28ae11b93a4e5369d,WoosukKwon,WoosukKwon,2026-08-29T09:13:46.391541+00:00
7,vllm-project/vllm,pull_request,84,pull_commit,committed,a25b37de20096aa3175a5b5e2ffc8d1c96003aa3,2023-05-07T22:46:05Z,WoosukKwon,User,,human_account,,no,,,a25b37de20096aa3175a5b5e2ffc8d1c96003aa3,WoosukKwon,WoosukKwon,2026-08-29T09:13:46.391541+00:00
7,vllm-project/vllm,pull_request,84,pull_commit,committed,e2ea5cc19cc4836bd43d371622e772a659ace7a7,2023-05-07T22:56:09Z,WoosukKwon,User,,human_account,,no,,,e2ea5cc19cc4836bd43d371622e772a659ace7a7,WoosukKwon,WoosukKwon,2026-08-29T09:13:46.391541+00:00
7,vllm-project/vllm,pull_request,84,pull_commit,committed,de47b95a35b1c44d375c7b97d034a7ebcc1092b3,2023-05-07T23:02:57Z,WoosukKwon,User,,human_account,,no,,,de47b95a35b1c44d375c7b97d034a7ebcc1092b3,WoosukKwon,WoosukKwon,2026-08-29T09:13:46.391541+00:00
7,vllm-project/vllm,pull_request,84,pull_commit,committed,724dc90bf3c985c915cfd4230bc3c9c6ebb85fca,2023-05-07T23:09:41Z,WoosukKwon,User,,human_account,,no,,,724dc90bf3c985c915cfd4230bc3c9c6ebb85fca,WoosukKwon,WoosukKwon,2026-08-29T09:13:46.391541+00:00
7,vllm-project/vllm,pull_request,84,pull_commit,committed,fd2647f3d14ee1a8ce17e084867ef2db4780e522,2023-05-07T23:11:38Z,WoosukKwon,User,,human_account,,no,,,fd2647f3d14ee1a8ce17e084867ef2db4780e522,WoosukKwon,WoosukKwon,2026-08-29T09:13:46.391541+00:00
7,vllm-project/vllm,pull_request,84,pull_commit,committed,7755a7a267f077d461d2eb04743188e998ec1843,2023-05-07T23:16:33Z,WoosukKwon,User,,human_account,,no,,,7755a7a267f077d461d2eb04743188e998ec1843,WoosukKwon,WoosukKwon,2026-08-29T09:13:46.391541+00:00
7,vllm-project/vllm,pull_request,84,pull_commit,committed,a95bd42d3fd4eb1151e3e844650122e3f41a399b,2023-05-07T23:16:45Z,WoosukKwon,User,,human_account,,no,,,a95bd42d3fd4eb1151e3e844650122e3f41a399b,WoosukKwon,WoosukKwon,2026-08-29T09:13:46.391541+00:00
7,vllm-project/vllm,pull_request,84,pull_commit,committed,4dc8e9ee4df0bf67363a1f5abded36b4e3d097a4,2023-05-07T23:19:49Z,WoosukKwon,User,,human_account,,no,,,4dc8e9ee4df0bf67363a1f5abded36b4e3d097a4,WoosukKwon,WoosukKwon,2026-08-29T09:13:46.391541+00:00
7,vllm-project/vllm,pull_request,84,pull_commit,committed,e6ffa8076db9158e8f10ec51eb51b8a8e5d40ad2,2023-05-07T23:20:02Z,WoosukKwon,User,,human_account,,no,,,e6ffa8076db9158e8f10ec51eb51b8a8e5d40ad2,WoosukKwon,WoosukKwon,2026-08-29T09:13:46.391541+00:00
7,vllm-project/vllm,pull_request,84,pull_commit,committed,da591aaf28154d51440931089489c041cbec60f1,2023-05-07T23:24:28Z,WoosukKwon,User,,human_account,,no,,,da591aaf28154d51440931089489c041cbec60f1,WoosukKwon,WoosukKwon,2026-08-29T09:13:46.391541+00:00
7,vllm-project/vllm,pull_request,84,pull_commit,committed,0ae70da2a16cc4f8da649fd47ab48ec1f04ab657,2023-05-07T23:29:03Z,WoosukKwon,User,,human_account,,no,,,0ae70da2a16cc4f8da649fd47ab48ec1f04ab657,WoosukKwon,WoosukKwon,2026-08-29T09:13:46.391541+00:00
7,vllm-project/vllm,pull_request,84,pull_commit,committed,f1d270034eb14dd49a6b5efc43d2b051a4be59b9,2023-05-07T23:29:41Z,WoosukKwon,User,,human_account,,no,,,f1d270034eb14dd49a6b5efc43d2b051a4be59b9,WoosukKwon,WoosukKwon,2026-08-29T09:13:46.391541+00:00
7,vllm-project/vllm,pull_request,84,pull_commit,committed,338b2f4621631bf1f888480e17967a4fe4928b51,2023-05-07T23:31:54Z,WoosukKwon,User,,human_account,,no,,,338b2f4621631bf1f888480e17967a4fe4928b51,WoosukKwon,WoosukKwon,2026-08-29T09:13:46.391541+00:00
7,vllm-project/vllm,pull_request,84,pull_commit,committed,38429875ae7ff32bbad9b40ea35522f390126c92,2023-05-08T01:05:35Z,WoosukKwon,User,,human_account,,no,,,38429875ae7ff32bbad9b40ea35522f390126c92,WoosukKwon,WoosukKwon,2026-08-29T09:13:46.391541+00:00
7,vllm-project/vllm,pull_request,84,pull_commit,committed,acb28555d764ecb7c60569fa0ca5a98e62568856,2023-05-09T22:52:10Z,WoosukKwon,User,,human_account,,no,,,acb28555d764ecb7c60569fa0ca5a98e62568856,WoosukKwon,WoosukKwon,2026-08-29T09:13:46.391541+00:00
7,vllm-project/vllm,pull_request,84,pull_commit,committed,be3f6c7196dd8809ee27465734de4a7a3f3db80f,2023-05-09T22:55:32Z,WoosukKwon,User,,human_account,,no,,,be3f6c7196dd8809ee27465734de4a7a3f3db80f,WoosukKwon,WoosukKwon,2026-08-29T09:13:46.391541+00:00
7,vllm-project/vllm,pull_request,84,pull_commit,committed,729e14b20d03c3ec58d35a90429f7feb320f9c3c,2023-05-09T22:56:45Z,WoosukKwon,User,,human_account,,no,,,729e14b20d03c3ec58d35a90429f7feb320f9c3c,WoosukKwon,WoosukKwon,2026-08-29T09:13:46.391541+00:00
7,vllm-project/vllm,pull_request,84,pull_commit,committed,9fe9fbfb5599a2035d2a30a48fce490e42a0f519,2023-05-09T23:02:24Z,WoosukKwon,User,,human_account,,no,,,9fe9fbfb5599a2035d2a30a48fce490e42a0f519,WoosukKwon,WoosukKwon,2026-08-29T09:13:46.391541+00:00
7,vllm-project/vllm,pull_request,137,pull_commit,committed,546310b3f327f0ac4c46e37774e40e855835e4f3,2023-05-24T02:08:25Z,WoosukKwon,User,,human_account,,no,,,546310b3f327f0ac4c46e37774e40e855835e4f3,WoosukKwon,WoosukKwon,2026-08-29T09:13:46.959270+00:00
7,vllm-project/vllm,pull_request,137,pull_commit,committed,817a711f5b351ed8a4a1678a9799b22d665dc758,2023-05-25T01:22:54Z,WoosukKwon,User,,human_account,,no,,,817a711f5b351ed8a4a1678a9799b22d665dc758,WoosukKwon,WoosukKwon,2026-08-29T09:13:46.959270+00:00
7,vllm-project/vllm,pull_request,137,pull_commit,committed,859297b72ec8bc8ff96a571077bb85aae149e01b,2023-05-25T04:14:15Z,WoosukKwon,User,,human_account,,no,,,859297b72ec8bc8ff96a571077bb85aae149e01b,WoosukKwon,WoosukKwon,2026-08-29T09:13:46.959270+00:00
7,vllm-project/vllm,pull_request,137,pull_commit,committed,32135d46e3d11b375f0b292ecac11bf37e3d15e7,2023-05-25T05:36:43Z,WoosukKwon,User,,human_account,,no,,,32135d46e3d11b375f0b292ecac11bf37e3d15e7,WoosukKwon,WoosukKwon,2026-08-29T09:13:46.959270+00:00
7,vllm-project/vllm,pull_request,137,pull_commit,committed,03bb57eb765f5575bacb66e7ddf8f5ecafe671d0,2023-06-03T05:48:01Z,WoosukKwon,User,,human_account,,no,,,03bb57eb765f5575bacb66e7ddf8f5ecafe671d0,WoosukKwon,WoosukKwon,2026-08-29T09:13:46.959270+00:00
7,vllm-project/vllm,pull_request,137,pull_commit,committed,c7cc0e129a0b1ccec119e3ca2e9a37b4802eb7e9,2023-06-03T06:08:31Z,WoosukKwon,User,,human_account,,no,,,c7cc0e129a0b1ccec119e3ca2e9a37b4802eb7e9,WoosukKwon,WoosukKwon,2026-08-29T09:13:46.959270+00:00
7,vllm-project/vllm,pull_request,137,pull_commit,committed,3131a7b2307c6c274b762ac9487cbfd392feb24d,2023-06-03T22:46:24Z,WoosukKwon,User,,human_account,,no,,,3131a7b2307c6c274b762ac9487cbfd392feb24d,WoosukKwon,WoosukKwon,2026-08-29T09:13:46.959270+00:00
7,vllm-project/vllm,pull_request,137,pull_commit,committed,6847eba12c5820cbb13a45fa300d9afbb61ccb73,2023-06-03T23:30:26Z,WoosukKwon,User,,human_account,,no,,,6847eba12c5820cbb13a45fa300d9afbb61ccb73,WoosukKwon,WoosukKwon,2026-08-29T09:13:46.959270+00:00
7,vllm-project/vllm,pull_request,137,pull_commit,committed,8f792172c7aed716e5a4a856922801f233dd1651,2023-06-03T23:31:31Z,WoosukKwon,User,,human_account,,no,,,8f792172c7aed716e5a4a856922801f233dd1651,WoosukKwon,WoosukKwon,2026-08-29T09:13:46.959270+00:00
7,vllm-project/vllm,pull_request,137,pull_commit,committed,cbe0e27201034d35a3ebaff82972dbef5f912ed1,2023-06-04T19:23:02Z,WoosukKwon,User,,human_account,,no,,,cbe0e27201034d35a3ebaff82972dbef5f912ed1,WoosukKwon,WoosukKwon,2026-08-29T09:13:46.959270+00:00
7,vllm-project/vllm,pull_request,137,pull_commit,committed,daebe63aca10c2f591496a8f47ccb3035d07380c,2023-06-04T19:30:05Z,WoosukKwon,User,,human_account,,no,,,daebe63aca10c2f591496a8f47ccb3035d07380c,WoosukKwon,WoosukKwon,2026-08-29T09:13:46.959270+00:00
7,vllm-project/vllm,pull_request,137,pull_commit,committed,d9c61269b60f777cc198908c6e49fa657144153f,2023-06-04T19:47:24Z,WoosukKwon,User,,human_account,,no,,,d9c61269b60f777cc198908c6e49fa657144153f,WoosukKwon,WoosukKwon,2026-08-29T09:13:46.959270+00:00
7,vllm-project/vllm,pull_request,137,pull_commit,committed,4610f7ed25ea7c510a34fcb469dcbc43c005f64b,2023-06-04T19:51:02Z,WoosukKwon,User,,human_account,,no,,,4610f7ed25ea7c510a34fcb469dcbc43c005f64b,WoosukKwon,WoosukKwon,2026-08-29T09:13:46.959270+00:00
7,vllm-project/vllm,pull_request,85,pull_commit,committed,38e06470404a1da6a911c12db6f7dd13b9949744,2023-05-08T01:44:50Z,WoosukKwon,User,,human_account,,no,,,38e06470404a1da6a911c12db6f7dd13b9949744,WoosukKwon,WoosukKwon,2026-08-29T09:13:47.445728+00:00
7,vllm-project/vllm,pull_request,85,pull_commit,committed,501aa1357c484790c952ee19f16395856fb7ae04,2023-05-08T01:47:57Z,WoosukKwon,User,,human_account,,no,,,501aa1357c484790c952ee19f16395856fb7ae04,WoosukKwon,WoosukKwon,2026-08-29T09:13:47.445728+00:00
7,vllm-project/vllm,pull_request,85,pull_commit,committed,027684e5829ad10c5ebe3953feae22d2965d094e,2023-05-08T01:48:46Z,WoosukKwon,User,,human_account,,no,,,027684e5829ad10c5ebe3953feae22d2965d094e,WoosukKwon,WoosukKwon,2026-08-29T09:13:47.445728+00:00
7,vllm-project/vllm,pull_request,85,pull_commit,committed,5618fc4b407099880546fb238832a5725988656e,2023-05-08T02:00:04Z,WoosukKwon,User,,human_account,,no,,,5618fc4b407099880546fb238832a5725988656e,WoosukKwon,WoosukKwon,2026-08-29T09:13:47.445728+00:00
7,vllm-project/vllm,pull_request,85,pull_commit,committed,bf90e26f1133ce52f6d093ba8282785fe685d2ba,2023-05-08T02:02:19Z,WoosukKwon,User,,human_account,,no,,,bf90e26f1133ce52f6d093ba8282785fe685d2ba,WoosukKwon,WoosukKwon,2026-08-29T09:13:47.445728+00:00
7,vllm-project/vllm,pull_request,133,pull_commit,committed,d925878c9d4489e6ccc3136a14ab87b0f68587eb,2023-05-27T23:39:27Z,WoosukKwon,User,,human_account,,no,,,d925878c9d4489e6ccc3136a14ab87b0f68587eb,WoosukKwon,WoosukKwon,2026-08-29T09:13:47.903486+00:00
7,vllm-project/vllm,pull_request,133,pull_commit,committed,05746a34e5cea28ba3de60c92452dbadc32f37c6,2023-05-28T00:08:24Z,WoosukKwon,User,,human_account,,no,,,05746a34e5cea28ba3de60c92452dbadc32f37c6,WoosukKwon,WoosukKwon,2026-08-29T09:13:47.903486+00:00
7,vllm-project/vllm,pull_request,133,pull_commit,committed,1c2a20a299a7e8e1744f90867b3d72fa713b6f4e,2023-05-28T00:21:33Z,WoosukKwon,User,,human_account,,no,,,1c2a20a299a7e8e1744f90867b3d72fa713b6f4e,WoosukKwon,WoosukKwon,2026-08-29T09:13:47.903486+00:00
7,vllm-project/vllm,pull_request,133,pull_commit,committed,09d4adaeb6c3e8c6cc99eb916b35004e0ad75cf4,2023-05-28T09:13:18Z,WoosukKwon,User,,human_account,,no,,,09d4adaeb6c3e8c6cc99eb916b35004e0ad75cf4,WoosukKwon,WoosukKwon,2026-08-29T09:13:47.903486+00:00
7,vllm-project/vllm,pull_request,133,pull_commit,committed,02d689b3540dc9c9ffc661567fd0f97957a28c13,2023-05-28T09:14:57Z,WoosukKwon,User,,human_account,,no,,,02d689b3540dc9c9ffc661567fd0f97957a28c13,WoosukKwon,WoosukKwon,2026-08-29T09:13:47.903486+00:00
7,vllm-project/vllm,pull_request,133,pull_commit,committed,8ae0e8831ed6755f495ae23e94902634c1343d78,2023-05-28T09:15:21Z,WoosukKwon,User,,human_account,,no,,,8ae0e8831ed6755f495ae23e94902634c1343d78,WoosukKwon,WoosukKwon,2026-08-29T09:13:47.903486+00:00
7,vllm-project/vllm,pull_request,133,pull_commit,committed,d595a0313d6f0da971862a724fb5568d90df272d,2023-05-28T09:53:48Z,WoosukKwon,User,,human_account,,no,,,d595a0313d6f0da971862a724fb5568d90df272d,WoosukKwon,WoosukKwon,2026-08-29T09:13:47.903486+00:00
7,vllm-project/vllm,pull_request,133,pull_commit,committed,328c8dc8d519abdf9afd8ffb5864a771f8b94e05,2023-05-28T10:06:21Z,WoosukKwon,User,,human_account,,no,,,328c8dc8d519abdf9afd8ffb5864a771f8b94e05,WoosukKwon,WoosukKwon,2026-08-29T09:13:47.903486+00:00
7,vllm-project/vllm,pull_request,133,pull_commit,committed,98ca5907e6f58a4e3025ffe0ece84a0394153fd5,2023-05-28T10:11:00Z,WoosukKwon,User,,human_account,,no,,,98ca5907e6f58a4e3025ffe0ece84a0394153fd5,WoosukKwon,WoosukKwon,2026-08-29T09:13:47.903486+00:00
7,vllm-project/vllm,pull_request,133,pull_commit,committed,f03f5f67e2405f5cd7745ebf829710a81346ea71,2023-05-28T10:11:46Z,WoosukKwon,User,,human_account,,no,,,f03f5f67e2405f5cd7745ebf829710a81346ea71,WoosukKwon,WoosukKwon,2026-08-29T09:13:47.903486+00:00
7,vllm-project/vllm,pull_request,79,pull_commit,committed,b21c51e947018809e732918f1fb2f69749e65e58,2023-05-06T09:08:53Z,WoosukKwon,User,,human_account,,no,,,b21c51e947018809e732918f1fb2f69749e65e58,WoosukKwon,WoosukKwon,2026-08-29T09:13:48.433372+00:00
7,vllm-project/vllm,pull_request,33,pull_commit,committed,5cd8f3dd874daba51800b97fcf20339c4418311d,2023-04-09T06:31:11Z,WoosukKwon,User,,human_account,,no,,,5cd8f3dd874daba51800b97fcf20339c4418311d,WoosukKwon,WoosukKwon,2026-08-29T09:13:48.954410+00:00
7,vllm-project/vllm,pull_request,121,pull_commit,committed,9bbb0a5e4a32780a05b06dfcda19855f4410a096,2023-05-23T00:52:03Z,WoosukKwon,User,,human_account,,no,,,9bbb0a5e4a32780a05b06dfcda19855f4410a096,WoosukKwon,WoosukKwon,2026-08-29T09:13:49.445600+00:00
7,vllm-project/vllm,pull_request,121,pull_commit,committed,b35fa03ea7d7095bcfe5d24ac294000a6b514563,2023-05-23T01:38:08Z,WoosukKwon,User,,human_account,,no,,,b35fa03ea7d7095bcfe5d24ac294000a6b514563,WoosukKwon,WoosukKwon,2026-08-29T09:13:49.445600+00:00
7,vllm-project/vllm,pull_request,121,pull_commit,committed,f777a342ac788956b94b036c0d6b85ee395991ee,2023-05-23T02:02:28Z,WoosukKwon,User,,human_account,,no,,,f777a342ac788956b94b036c0d6b85ee395991ee,WoosukKwon,WoosukKwon,2026-08-29T09:13:49.445600+00:00
7,vllm-project/vllm,pull_request,121,pull_commit,committed,35ff77391d506219bd03a5bb60e188747a76d8e2,2023-05-23T05:50:43Z,WoosukKwon,User,,human_account,,no,,,35ff77391d506219bd03a5bb60e188747a76d8e2,WoosukKwon,WoosukKwon,2026-08-29T09:13:49.445600+00:00
7,vllm-project/vllm,pull_request,121,pull_commit,committed,5161505bc34f6b558d2c02ca02d93ecbaebe8333,2023-05-23T05:51:51Z,WoosukKwon,User,,human_account,,no,,,5161505bc34f6b558d2c02ca02d93ecbaebe8333,WoosukKwon,WoosukKwon,2026-08-29T09:13:49.445600+00:00
7,vllm-project/vllm,pull_request,121,pull_commit,committed,237877be2f5490124d0abd70eb760e06d52a0db7,2023-05-24T01:01:21Z,WoosukKwon,User,,human_account,,no,,,237877be2f5490124d0abd70eb760e06d52a0db7,WoosukKwon,WoosukKwon,2026-08-29T09:13:49.445600+00:00
7,vllm-project/vllm,pull_request,121,pull_commit,committed,e5c49c438a946a12d62beeb4077d968875b50eea,2023-05-24T01:06:06Z,WoosukKwon,User,,human_account,,no,,,e5c49c438a946a12d62beeb4077d968875b50eea,WoosukKwon,WoosukKwon,2026-08-29T09:13:49.445600+00:00
7,vllm-project/vllm,pull_request,121,pull_commit,committed,4722c15e011b762ccf6bd633d55972047b21ba5c,2023-05-24T01:18:22Z,WoosukKwon,User,,human_account,,no,,,4722c15e011b762ccf6bd633d55972047b21ba5c,WoosukKwon,WoosukKwon,2026-08-29T09:13:49.445600+00:00
7,vllm-project/vllm,pull_request,121,pull_commit,committed,f8ee1a35e84d3fa79227632686a8e7f01e2eb71d,2023-05-24T01:19:51Z,WoosukKwon,User,,human_account,,no,,,f8ee1a35e84d3fa79227632686a8e7f01e2eb71d,WoosukKwon,WoosukKwon,2026-08-29T09:13:49.445600+00:00
7,vllm-project/vllm,pull_request,19,pull_commit,committed,9e385a177edff19cc46254617ba8d9eac15b25c0,2023-04-01T01:38:18Z,WoosukKwon,User,,human_account,,no,,,9e385a177edff19cc46254617ba8d9eac15b25c0,WoosukKwon,WoosukKwon,2026-08-29T09:13:49.926548+00:00
7,vllm-project/vllm,pull_request,30397,pull_commit,committed,5379e3007dfe99756d97a4e78a303a0e225dd3d6,2025-12-10T14:54:04Z,DarkLight1337,User,,human_account,,no,,,5379e3007dfe99756d97a4e78a303a0e225dd3d6,DarkLight1337,DarkLight1337,2026-08-29T09:13:50.442108+00:00
7,vllm-project/vllm,pull_request,30397,pull_commit,committed,31afb705ca6b220c6f56698684522a419470ceb1,2025-12-10T14:56:48Z,DarkLight1337,User,,human_account,,no,,,31afb705ca6b220c6f56698684522a419470ceb1,DarkLight1337,DarkLight1337,2026-08-29T09:13:50.442108+00:00
7,vllm-project/vllm,pull_request,30397,pull_commit,committed,71b5f52c2b9e0c967215deea01f16effaedf413c,2025-12-10T14:59:37Z,DarkLight1337,User,,human_account,,no,,,71b5f52c2b9e0c967215deea01f16effaedf413c,DarkLight1337,DarkLight1337,2026-08-29T09:13:50.442108+00:00
7,vllm-project/vllm,pull_request,30397,pull_commit,committed,cfa8a09ef804c6bbf0a6fbd76041d6d97df1f3a4,2025-12-10T15:47:05Z,DarkLight1337,User,,human_account,,no,,,cfa8a09ef804c6bbf0a6fbd76041d6d97df1f3a4,DarkLight1337,DarkLight1337,2026-08-29T09:13:50.442108+00:00
7,vllm-project/vllm,pull_request,26209,pull_commit,committed,3edcca740dfde35488be423ab44140f7740dc5f5,2025-10-06T16:13:26Z,varun-sundar-rabindranath,User,,human_account,,no,,,3edcca740dfde35488be423ab44140f7740dc5f5,varun-sundar-rabindranath,varun-sundar-rabindranath,2026-08-29T09:13:51.033902+00:00
7,vllm-project/vllm,pull_request,26209,pull_commit,committed,3ccf4865a4eeddebab1c68e87cb0daf0ae621bb7,2025-10-06T16:14:13Z,varun-sundar-rabindranath,User,,human_account,,no,,,3ccf4865a4eeddebab1c68e87cb0daf0ae621bb7,varun-sundar-rabindranath,varun-sundar-rabindranath,2026-08-29T09:13:51.033902+00:00
7,vllm-project/vllm,pull_request,26209,pull_commit,committed,f01a7e16690a23fe3ced84b80df1136b1f3a57a5,2025-10-06T16:17:38Z,varun-sundar-rabindranath,User,,human_account,,no,,,f01a7e16690a23fe3ced84b80df1136b1f3a57a5,varun-sundar-rabindranath,varun-sundar-rabindranath,2026-08-29T09:13:51.033902+00:00
7,vllm-project/vllm,pull_request,24717,pull_commit,committed,c6c0eaf3ed3cebaf63a572635432a792b0ba2f13,2025-09-12T03:44:58Z,heheda12345,User,,human_account,,no,,,c6c0eaf3ed3cebaf63a572635432a792b0ba2f13,heheda12345,heheda12345,2026-08-29T09:13:51.517002+00:00
7,vllm-project/vllm,pull_request,24717,pull_commit,committed,14844f1234e3c6bd2dedde13f9b43923e7119fa6,2025-09-12T03:54:09Z,heheda12345,User,,human_account,,no,,,14844f1234e3c6bd2dedde13f9b43923e7119fa6,heheda12345,heheda12345,2026-08-29T09:13:51.517002+00:00
7,vllm-project/vllm,pull_request,24717,pull_commit,committed,7dd6de597a4273e7eb18aa540888fb16a45a3598,2025-09-12T03:56:46Z,heheda12345,User,,human_account,,no,,,7dd6de597a4273e7eb18aa540888fb16a45a3598,heheda12345,heheda12345,2026-08-29T09:13:51.517002+00:00
7,vllm-project/vllm,pull_request,24717,pull_commit,committed,e84b92c7b3f1370e584b6f5de0f773e4562dcd81,2025-09-12T04:28:17Z,heheda12345,User,,human_account,,no,,,e84b92c7b3f1370e584b6f5de0f773e4562dcd81,heheda12345,heheda12345,2026-08-29T09:13:51.517002+00:00
7,vllm-project/vllm,pull_request,24717,pull_commit,committed,68748ecb65069661b766aba1f3fcc01d8fa0fc01,2025-09-12T06:14:24Z,heheda12345,User,,human_account,,no,,,68748ecb65069661b766aba1f3fcc01d8fa0fc01,heheda12345,heheda12345,2026-08-29T09:13:51.517002+00:00
7,vllm-project/vllm,pull_request,28433,pull_commit,committed,f7f64e27c0a9973a1b917cdf8702c66848a19f18,2025-09-18T23:52:08Z,cagrikymk,User,,human_account,,no,,,f7f64e27c0a9973a1b917cdf8702c66848a19f18,cagrikymk,cagrikymk,2026-08-29T09:13:52.137037+00:00
7,vllm-project/vllm,pull_request,28433,pull_commit,committed,72e91bc41821f4935d96f397c7289bf31972cbb1,2025-09-22T18:27:41Z,cagrikymk,User,,human_account,,no,,,72e91bc41821f4935d96f397c7289bf31972cbb1,cagrikymk,cagrikymk,2026-08-29T09:13:52.137037+00:00
7,vllm-project/vllm,pull_request,28433,pull_commit,committed,802defa56981753ff839b841e5f874ce98f0c2d6,2025-09-24T19:10:36Z,cagrikymk,User,,human_account,,no,,,802defa56981753ff839b841e5f874ce98f0c2d6,cagrikymk,cagrikymk,2026-08-29T09:13:52.137037+00:00
7,vllm-project/vllm,pull_request,28433,pull_commit,committed,5a152df8b6c17f0a181c2b9e64e9133f11bd70fa,2025-09-25T19:03:25Z,cagrikymk,User,,human_account,,no,,,5a152df8b6c17f0a181c2b9e64e9133f11bd70fa,cagrikymk,cagrikymk,2026-08-29T09:13:52.137037+00:00
7,vllm-project/vllm,pull_request,28433,pull_commit,committed,1c4d861fab974b8d51b2bb19781c7b1ff110f623,2025-09-25T19:14:04Z,cagrikymk,User,,human_account,,no,,,1c4d861fab974b8d51b2bb19781c7b1ff110f623,cagrikymk,cagrikymk,2026-08-29T09:13:52.137037+00:00
7,vllm-project/vllm,pull_request,28433,pull_commit,committed,6df24a819b1b974059029a86ba7ad2e40b9c33fe,2025-09-25T20:06:58Z,cagrikymk,User,,human_account,,no,,,6df24a819b1b974059029a86ba7ad2e40b9c33fe,cagrikymk,cagrikymk,2026-08-29T09:13:52.137037+00:00
7,vllm-project/vllm,pull_request,28433,pull_commit,committed,b72b919791e68bd9b062fd80c2121044233d2382,2025-09-25T20:09:38Z,cagrikymk,User,,human_account,,no,,,b72b919791e68bd9b062fd80c2121044233d2382,cagrikymk,cagrikymk,2026-08-29T09:13:52.137037+00:00
7,vllm-project/vllm,pull_request,28433,pull_commit,committed,afedf44336bf108a95617f3fb82872d4f13f659c,2025-09-29T15:42:34Z,cagrikymk,User,,human_account,,no,,,afedf44336bf108a95617f3fb82872d4f13f659c,cagrikymk,cagrikymk,2026-08-29T09:13:52.137037+00:00
7,vllm-project/vllm,pull_request,28433,pull_commit,committed,9b58027c2a69ad3754b2fecb364e68f152fad9d5,2025-10-08T05:14:53Z,cagrikymk,User,,human_account,,no,,,9b58027c2a69ad3754b2fecb364e68f152fad9d5,cagrikymk,cagrikymk,2026-08-29T09:13:52.137037+00:00
7,vllm-project/vllm,pull_request,28433,pull_commit,committed,9b30274d4da86604116e416897f6573983824185,2025-10-08T16:36:05Z,cagrikymk,User,,human_account,,no,,,9b30274d4da86604116e416897f6573983824185,cagrikymk,cagrikymk,2026-08-29T09:13:52.137037+00:00
7,vllm-project/vllm,pull_request,28433,pull_commit,committed,6cfb68db4f5dc7baced171a5e3473cb66670151f,2025-11-05T23:46:18Z,cagrikymk,User,,human_account,,no,,,6cfb68db4f5dc7baced171a5e3473cb66670151f,cagrikymk,cagrikymk,2026-08-29T09:13:52.137037+00:00
7,vllm-project/vllm,pull_request,28433,pull_commit,committed,b16e5bcca324ab81ada24714bf75661b7ed47705,2025-11-05T23:52:25Z,cagrikymk,User,,human_account,,no,,,b16e5bcca324ab81ada24714bf75661b7ed47705,cagrikymk,cagrikymk,2026-08-29T09:13:52.137037+00:00
7,vllm-project/vllm,pull_request,28433,pull_commit,committed,8ff1954eb43239200b9558d66ea860ba7037f6c3,2025-11-06T00:00:00Z,cagrikymk,User,,human_account,,no,,,8ff1954eb43239200b9558d66ea860ba7037f6c3,cagrikymk,cagrikymk,2026-08-29T09:13:52.137037+00:00
7,vllm-project/vllm,pull_request,28433,pull_commit,committed,1f7f1558060f299194ca953efcb4df489195a4ce,2025-11-10T22:52:03Z,cagrikymk,User,,human_account,,no,,,1f7f1558060f299194ca953efcb4df489195a4ce,cagrikymk,cagrikymk,2026-08-29T09:13:52.137037+00:00
7,vllm-project/vllm,pull_request,28433,pull_commit,committed,82ba32d0b760395bdc5706f7cdef77331a3bd6da,2025-11-10T22:58:37Z,cagrikymk,User,,human_account,,no,,,82ba32d0b760395bdc5706f7cdef77331a3bd6da,cagrikymk,cagrikymk,2026-08-29T09:13:52.137037+00:00
7,vllm-project/vllm,pull_request,28433,pull_commit,committed,76c99de4285864674027f048865cbde056b279b4,2025-11-11T01:12:52Z,cagrikymk,User,,human_account,,no,,,76c99de4285864674027f048865cbde056b279b4,cagrikymk,cagrikymk,2026-08-29T09:13:52.137037+00:00
7,vllm-project/vllm,pull_request,28433,pull_commit,committed,7315226ebb3fcff9d09820479f302db42ce45fd0,2025-11-11T15:52:17Z,cagrikymk,User,,human_account,,no,,,7315226ebb3fcff9d09820479f302db42ce45fd0,cagrikymk,cagrikymk,2026-08-29T09:13:52.137037+00:00
7,vllm-project/vllm,pull_request,30790,pull_commit,committed,5c748406c6ae9f803eb23526f52d191f5b02e264,2025-12-17T18:56:47Z,atalman,User,,human_account,,no,,,5c748406c6ae9f803eb23526f52d191f5b02e264,atalman,atalman,2026-08-29T09:13:52.800731+00:00
7,vllm-project/vllm,pull_request,30790,pull_commit,committed,56a85d65049f732fe232aeef41f54aee2df0ee40,2025-12-17T18:56:47Z,atalman,User,,human_account,,no,,,56a85d65049f732fe232aeef41f54aee2df0ee40,atalman,atalman,2026-08-29T09:13:52.800731+00:00
7,vllm-project/vllm,pull_request,30790,pull_commit,committed,04f7afe169d2017d935fdfd36cc8609e8d38ffc9,2025-12-17T18:56:47Z,atalman,User,,human_account,,no,,,04f7afe169d2017d935fdfd36cc8609e8d38ffc9,atalman,atalman,2026-08-29T09:13:52.800731+00:00
7,vllm-project/vllm,pull_request,30790,pull_commit,committed,e81251c3138135be37ed7b419bb114bcdd1cbf57,2025-12-17T18:56:47Z,atalman,User,,human_account,,no,,,e81251c3138135be37ed7b419bb114bcdd1cbf57,atalman,atalman,2026-08-29T09:13:52.800731+00:00
7,vllm-project/vllm,pull_request,30790,pull_commit,committed,405fe40aeb9f5321b66b3e8700be0931bc073970,2025-12-17T18:56:47Z,atalman,User,,human_account,,no,,,405fe40aeb9f5321b66b3e8700be0931bc073970,atalman,atalman,2026-08-29T09:13:52.800731+00:00
7,vllm-project/vllm,pull_request,30790,pull_commit,committed,76a1681938307279c91b78c4ec66768c60bbc5f0,2025-12-17T18:56:47Z,atalman,User,,human_account,,no,,,76a1681938307279c91b78c4ec66768c60bbc5f0,atalman,atalman,2026-08-29T09:13:52.800731+00:00
7,vllm-project/vllm,pull_request,30790,pull_commit,committed,0d540eba8b1035865c4c5fa57ccf8bf7ebcca598,2025-12-17T18:56:47Z,atalman,User,,human_account,,no,,,0d540eba8b1035865c4c5fa57ccf8bf7ebcca598,atalman,atalman,2026-08-29T09:13:52.800731+00:00
7,vllm-project/vllm,pull_request,30790,pull_commit,committed,046a542d915802ac427a79715ccd4d3573296fd7,2025-12-17T18:56:47Z,atalman,User,,human_account,,no,,,046a542d915802ac427a79715ccd4d3573296fd7,atalman,atalman,2026-08-29T09:13:52.800731+00:00
7,vllm-project/vllm,pull_request,30790,pull_commit,committed,1089e6d69068b41ac519bea6116261aaf89d64b4,2025-12-17T18:56:47Z,atalman,User,,human_account,,no,,,1089e6d69068b41ac519bea6116261aaf89d64b4,atalman,atalman,2026-08-29T09:13:52.800731+00:00
7,vllm-project/vllm,pull_request,30790,pull_commit,committed,6cf7b1e9812c0f89eaaee310b998871d141d97d4,2025-12-17T18:56:48Z,atalman,User,,human_account,,no,,,6cf7b1e9812c0f89eaaee310b998871d141d97d4,atalman,atalman,2026-08-29T09:13:52.800731+00:00
7,vllm-project/vllm,pull_request,30790,pull_commit,committed,00658b09f3082fdc45001a9df3dfd181c9276413,2025-12-17T18:56:48Z,atalman,User,,human_account,,no,,,00658b09f3082fdc45001a9df3dfd181c9276413,atalman,atalman,2026-08-29T09:13:52.800731+00:00
7,vllm-project/vllm,pull_request,30790,pull_commit,committed,10a539d25b87644f796337c52ce4c7b59793e5e9,2025-12-17T18:56:48Z,atalman,User,,human_account,,no,,,10a539d25b87644f796337c52ce4c7b59793e5e9,atalman,atalman,2026-08-29T09:13:52.800731+00:00
7,vllm-project/vllm,pull_request,30790,pull_commit,committed,57373b7c96728994e802cbcf4266ad3d8ebb6d86,2025-12-17T18:56:48Z,atalman,User,,human_account,,no,,,57373b7c96728994e802cbcf4266ad3d8ebb6d86,atalman,atalman,2026-08-29T09:13:52.800731+00:00
7,vllm-project/vllm,pull_request,30790,pull_commit,committed,942458fc40b5a87e096122fe6fa2feab82bfb540,2025-12-17T18:56:48Z,atalman,User,,human_account,,no,,,942458fc40b5a87e096122fe6fa2feab82bfb540,atalman,atalman,2026-08-29T09:13:52.800731+00:00
7,vllm-project/vllm,pull_request,30790,pull_commit,committed,cdcb535604c17f5e8e16384afe2084cc10781c58,2025-12-17T18:56:48Z,atalman,User,,human_account,,no,,,cdcb535604c17f5e8e16384afe2084cc10781c58,atalman,atalman,2026-08-29T09:13:52.800731+00:00
7,vllm-project/vllm,pull_request,30790,pull_commit,committed,72f53ef000c1e12478c130699fc57bb9dd954220,2025-12-17T18:56:48Z,atalman,User,,human_account,,no,,,72f53ef000c1e12478c130699fc57bb9dd954220,atalman,atalman,2026-08-29T09:13:52.800731+00:00
7,vllm-project/vllm,pull_request,30790,pull_commit,committed,aaffc05af222b33813989cc21f208422311b2d0d,2025-12-17T18:56:48Z,atalman,User,,human_account,,no,,,aaffc05af222b33813989cc21f208422311b2d0d,atalman,atalman,2026-08-29T09:13:52.800731+00:00
7,vllm-project/vllm,pull_request,30790,pull_commit,committed,3e13ddad0bd16c1917023731ad981b3ea2f98881,2025-12-17T18:56:48Z,atalman,User,,human_account,,no,,,3e13ddad0bd16c1917023731ad981b3ea2f98881,atalman,atalman,2026-08-29T09:13:52.800731+00:00
7,vllm-project/vllm,pull_request,30790,pull_commit,committed,3cfd01c3de4ea4feab24291539b7a144f10d7807,2025-12-17T18:56:48Z,atalman,User,,human_account,,no,,,3cfd01c3de4ea4feab24291539b7a144f10d7807,atalman,atalman,2026-08-29T09:13:52.800731+00:00
7,vllm-project/vllm,pull_request,30790,pull_commit,committed,91db43459946a303c506e13e661f8784e062f726,2025-12-17T18:56:48Z,atalman,User,,human_account,,no,,,91db43459946a303c506e13e661f8784e062f726,atalman,atalman,2026-08-29T09:13:52.800731+00:00
7,vllm-project/vllm,pull_request,26798,pull_commit,committed,c1dbdc313b5a76a231b1c6ad5aefb01f3ffeadff,2025-10-14T11:14:40Z,princepride,User,,human_account,,no,,,c1dbdc313b5a76a231b1c6ad5aefb01f3ffeadff,princepride,princepride,2026-08-29T09:13:53.321916+00:00
7,vllm-project/vllm,pull_request,26798,pull_commit,committed,3f433705bdef1a658394ae0a46b1078b6078f9c4,2025-10-14T11:21:19Z,princepride,User,,human_account,,no,,,3f433705bdef1a658394ae0a46b1078b6078f9c4,princepride,princepride,2026-08-29T09:13:53.321916+00:00
7,vllm-project/vllm,pull_request,31350,pull_commit,committed,367bc7c203606a4dd591af9167ca56eaa7ff052e,2025-12-25T13:06:26Z,yurekami,User,,human_account,,no,,,367bc7c203606a4dd591af9167ca56eaa7ff052e,yurekami,yurekami,2026-08-29T09:13:53.882873+00:00
7,vllm-project/vllm,pull_request,31350,pull_commit,committed,3fe89fe895d716ea94f8f60b202d4c9fa2349ee2,2025-12-25T13:09:00Z,yurekami,User,,human_account,,no,,,3fe89fe895d716ea94f8f60b202d4c9fa2349ee2,yurekami,yurekami,2026-08-29T09:13:53.882873+00:00
7,vllm-project/vllm,pull_request,25770,pull_commit,committed,bc5a6293b8691c612676622ac628a515c8b5a999,2025-09-26T16:01:05Z,hmellor,User,,human_account,,no,,,bc5a6293b8691c612676622ac628a515c8b5a999,hmellor,hmellor,2026-08-29T09:13:54.386132+00:00
7,vllm-project/vllm,pull_request,25770,pull_commit,committed,82c20d929a3dc5c88197a6af810f1e9648b0c467,2025-09-26T16:07:06Z,hmellor,User,,human_account,,no,,,82c20d929a3dc5c88197a6af810f1e9648b0c467,hmellor,hmellor,2026-08-29T09:13:54.386132+00:00
7,vllm-project/vllm,pull_request,25770,pull_commit,committed,7f468c3e7674f4a9eca0ca10bbcddfa7827fa4f7,2025-09-27T09:19:55Z,web-flow,User,,human_account,,no,,,7f468c3e7674f4a9eca0ca10bbcddfa7827fa4f7,Isotr0py,web-flow,2026-08-29T09:13:54.386132+00:00
7,vllm-project/vllm,pull_request,25770,pull_commit,committed,cb627cf87c6328d89fd35fb1cf01b0089f7fe233,2025-09-27T10:35:00Z,hmellor,User,,human_account,,no,,,cb627cf87c6328d89fd35fb1cf01b0089f7fe233,hmellor,hmellor,2026-08-29T09:13:54.386132+00:00
7,vllm-project/vllm,pull_request,26868,pull_commit,committed,5a405c5376bdc245a48537647b54e676c6baba00,2025-10-15T02:38:08Z,wzshiming,User,,human_account,,no,,,5a405c5376bdc245a48537647b54e676c6baba00,wzshiming,wzshiming,2026-08-29T09:13:55.005658+00:00
7,vllm-project/vllm,pull_request,28189,pull_commit,committed,b914075f3e4425dce3d9bfd84fd8eca30d857bc2,2025-11-06T06:13:22Z,sherrycc41,User,,human_account,,no,,,b914075f3e4425dce3d9bfd84fd8eca30d857bc2,sherrycc41,sherrycc41,2026-08-29T09:13:55.549291+00:00
7,vllm-project/vllm,pull_request,27846,pull_commit,committed,e1af19d22ca56cef8cf091ca03043d74ffd15a09,2025-10-31T00:25:37Z,pwschuurman,User,,human_account,,no,,,e1af19d22ca56cef8cf091ca03043d74ffd15a09,pwschuurman,pwschuurman,2026-08-29T09:13:56.095023+00:00
7,vllm-project/vllm,pull_request,27846,pull_commit,committed,c78f2819a2aa337096c637099e3f08dd7455f70a,2025-10-31T06:05:25Z,pwschuurman,User,,human_account,,no,,,c78f2819a2aa337096c637099e3f08dd7455f70a,pwschuurman,pwschuurman,2026-08-29T09:13:56.095023+00:00
7,vllm-project/vllm,pull_request,27846,pull_commit,committed,53f52e7daf30dc78bb4e6c60948f56709c5cf1f6,2025-11-03T12:16:44Z,web-flow,User,,human_account,,no,,,53f52e7daf30dc78bb4e6c60948f56709c5cf1f6,Isotr0py,web-flow,2026-08-29T09:13:56.095023+00:00
7,vllm-project/vllm,pull_request,25758,pull_commit,committed,add652dfe3dcbcee965cf61e9a58f4f6eea0ec77,2025-09-26T09:24:31Z,tomasruizt,User,,human_account,,no,,,add652dfe3dcbcee965cf61e9a58f4f6eea0ec77,tomasruizt,tomasruizt,2026-08-29T09:13:56.716405+00:00
7,vllm-project/vllm,pull_request,25758,pull_commit,committed,a9ab31350bc09bf6bfddfa0bc6d9242c6aba85e0,2025-09-26T09:24:59Z,tomasruizt,User,,human_account,,no,,,a9ab31350bc09bf6bfddfa0bc6d9242c6aba85e0,tomasruizt,tomasruizt,2026-08-29T09:13:56.716405+00:00
7,vllm-project/vllm,pull_request,26745,pull_commit,committed,38cf8237d4c3991164334d0ebc8494e1a1a4dabf,2025-10-14T01:06:33Z,web-flow,User,,human_account,,no,,,38cf8237d4c3991164334d0ebc8494e1a1a4dabf,mgoin,web-flow,2026-08-29T09:13:57.717327+00:00
7,vllm-project/vllm,pull_request,28075,pull_commit,committed,0172203d888c3cc8b5c9c78253a5cf45225a289b,2025-11-04T22:50:40Z,walterbm,User,,human_account,,no,,,0172203d888c3cc8b5c9c78253a5cf45225a289b,walterbm,walterbm,2026-08-29T09:13:58.263737+00:00
7,vllm-project/vllm,pull_request,28075,pull_commit,committed,713ece7af70750ee8e291befaf53bd5b5c2398f0,2025-11-04T23:31:45Z,walterbm,User,,human_account,,no,,,713ece7af70750ee8e291befaf53bd5b5c2398f0,walterbm,walterbm,2026-08-29T09:13:58.263737+00:00
7,vllm-project/vllm,pull_request,28075,pull_commit,committed,e88a8eced4e50a194a311d97bacf7507829062cb,2025-11-05T04:22:11Z,web-flow,User,,human_account,,no,,,e88a8eced4e50a194a311d97bacf7507829062cb,walterbm,web-flow,2026-08-29T09:13:58.263737+00:00
7,vllm-project/vllm,pull_request,28075,pull_commit,committed,75cc780af0c485f0ae7b102dd19277b4e1c90a4c,2025-11-05T04:48:36Z,walterbm,User,,human_account,,no,,,75cc780af0c485f0ae7b102dd19277b4e1c90a4c,walterbm,walterbm,2026-08-29T09:13:58.263737+00:00
7,vllm-project/vllm,pull_request,28075,pull_commit,committed,ba72fc5909c3a42921721941c55e80d381748a41,2025-11-05T05:11:03Z,walterbm,User,,human_account,,no,,,ba72fc5909c3a42921721941c55e80d381748a41,walterbm,walterbm,2026-08-29T09:13:58.263737+00:00
7,vllm-project/vllm,pull_request,28075,pull_commit,committed,4e3d41ea7533e352bd74e99b9831948ba4dd4fee,2025-11-05T07:15:36Z,walterbm,User,,human_account,,no,,,4e3d41ea7533e352bd74e99b9831948ba4dd4fee,walterbm,walterbm,2026-08-29T09:13:58.263737+00:00
7,vllm-project/vllm,pull_request,28075,pull_commit,committed,fa2ad41aaed25d582f0efef6801a0ab28a68b2d6,2025-11-05T07:53:31Z,walterbm,User,,human_account,,no,,,fa2ad41aaed25d582f0efef6801a0ab28a68b2d6,walterbm,walterbm,2026-08-29T09:13:58.263737+00:00
7,vllm-project/vllm,pull_request,30537,pull_commit,committed,c58f19f9d5b4468810f66b3d61be27e2b62acf18,2025-12-12T05:30:41Z,mgoin,User,,human_account,,no,,,c58f19f9d5b4468810f66b3d61be27e2b62acf18,mgoin,mgoin,2026-08-29T09:13:59.395496+00:00
7,vllm-project/vllm,pull_request,30537,pull_commit,committed,ebc8cb03b1259cb301860832df719b9cd7bc00f6,2025-12-12T05:36:15Z,mgoin,User,,human_account,,no,,,ebc8cb03b1259cb301860832df719b9cd7bc00f6,mgoin,mgoin,2026-08-29T09:13:59.395496+00:00
7,vllm-project/vllm,pull_request,30537,pull_commit,committed,81b4fd30884b6c6ee19560eb729faa4ed113e2a8,2025-12-12T05:39:40Z,mgoin,User,,human_account,,no,,,81b4fd30884b6c6ee19560eb729faa4ed113e2a8,mgoin,mgoin,2026-08-29T09:13:59.395496+00:00
7,vllm-project/vllm,pull_request,30537,pull_commit,committed,d74cc3b0dedf1cce57acc83ff56bb46130fed855,2025-12-15T21:59:08Z,mgoin,User,,human_account,,no,,,d74cc3b0dedf1cce57acc83ff56bb46130fed855,mgoin,mgoin,2026-08-29T09:13:59.395496+00:00
7,vllm-project/vllm,pull_request,43581,pull_commit,committed,214783357c529dad2e49996e872ca66f953417fd,2026-05-25T08:29:58Z,jzakrzew,User,,human_account,,no,,,214783357c529dad2e49996e872ca66f953417fd,jzakrzew,jzakrzew,2026-08-29T09:13:59.971834+00:00
7,vllm-project/vllm,pull_request,43581,pull_commit,committed,755e5ab2ecbba98dbfd42e61e098e45cf15f60f6,2026-05-25T09:06:40Z,web-flow,User,,human_account,,no,,,755e5ab2ecbba98dbfd42e61e098e45cf15f60f6,jzakrzew,web-flow,2026-08-29T09:13:59.971834+00:00
7,vllm-project/vllm,pull_request,43581,pull_commit,committed,37681fd7d467a307a00f8faf729f9b10e21d6d55,2026-05-25T10:23:46Z,web-flow,User,,human_account,,no,,,37681fd7d467a307a00f8faf729f9b10e21d6d55,jzakrzew,web-flow,2026-08-29T09:13:59.971834+00:00
7,vllm-project/vllm,pull_request,43581,pull_commit,committed,d22fe3b946e77bd64e8e93a67ecabd1e8795a3bf,2026-05-26T06:39:26Z,web-flow,User,,human_account,,no,,,d22fe3b946e77bd64e8e93a67ecabd1e8795a3bf,tomeras91,web-flow,2026-08-29T09:13:59.971834+00:00
7,vllm-project/vllm,pull_request,43581,pull_commit,committed,436bd2d444d723fda4347c82598d2b6c70f84486,2026-05-26T11:12:48Z,web-flow,User,,human_account,,no,,,436bd2d444d723fda4347c82598d2b6c70f84486,jzakrzew,web-flow,2026-08-29T09:13:59.971834+00:00
7,vllm-project/vllm,pull_request,43581,pull_commit,committed,9e9d754c64cf38a03966dfecf55028960c3b4320,2026-05-26T15:17:22Z,web-flow,User,,human_account,,no,,,9e9d754c64cf38a03966dfecf55028960c3b4320,jzakrzew,web-flow,2026-08-29T09:13:59.971834+00:00
7,vllm-project/vllm,pull_request,43581,pull_commit,committed,3474b67f31751bf45ac7eb19d3347b775a98dfcd,2026-05-27T06:05:33Z,web-flow,User,,human_account,,no,,,3474b67f31751bf45ac7eb19d3347b775a98dfcd,tomeras91,web-flow,2026-08-29T09:13:59.971834+00:00
7,vllm-project/vllm,pull_request,43581,pull_commit,committed,ed313da8c3dc6beb5e5befc9b625ad9f3cc4e413,2026-05-27T17:39:08Z,web-flow,User,,human_account,,no,,,ed313da8c3dc6beb5e5befc9b625ad9f3cc4e413,jzakrzew,web-flow,2026-08-29T09:13:59.971834+00:00
7,vllm-project/vllm,pull_request,42459,pull_commit,committed,a3b57a7ca1e825807ef2d3f45bba1e531fb2175a,2026-05-12T21:02:31Z,rasmith,User,,human_account,,no,,,a3b57a7ca1e825807ef2d3f45bba1e531fb2175a,rasmith,rasmith,2026-08-29T09:14:00.601400+00:00
7,vllm-project/vllm,pull_request,42459,pull_commit,committed,c8dd6f9d85b2f0e3382e543810082fd6938e38fd,2026-05-19T18:31:39Z,web-flow,User,,human_account,,no,,,c8dd6f9d85b2f0e3382e543810082fd6938e38fd,rasmith,web-flow,2026-08-29T09:14:00.601400+00:00
7,vllm-project/vllm,pull_request,42459,pull_commit,committed,0d7c55cd72dca8d5b18989a1b60c5382f5da2f6a,2026-07-14T18:59:24Z,rasmith,User,,human_account,,no,,,0d7c55cd72dca8d5b18989a1b60c5382f5da2f6a,rasmith,rasmith,2026-08-29T09:14:00.601400+00:00
7,vllm-project/vllm,pull_request,52869,pull_commit,committed,6bbf68350a726ec8e5ef8485059479eb4161d963,2026-08-20T03:50:48Z,keneoneth,User,,human_account,,no,,,6bbf68350a726ec8e5ef8485059479eb4161d963,keneoneth,keneoneth,2026-08-29T09:14:01.146234+00:00
7,vllm-project/vllm,pull_request,49380,pull_commit,committed,e8f21e82e946abaf0dd7094714df6ef5040d2638,2026-07-21T23:45:42Z,peizhang56,User,,human_account,,no,,,e8f21e82e946abaf0dd7094714df6ef5040d2638,peizhang56,peizhang56,2026-08-29T09:14:02.005565+00:00
7,vllm-project/vllm,pull_request,50982,pull_commit,committed,33d05e5c4fc417d82ea4b7ce6fc4b3a724e2b0f7,2026-08-04T13:36:57Z,,,,unknown,,no,,,33d05e5c4fc417d82ea4b7ce6fc4b3a724e2b0f7,,,2026-08-29T09:14:02.470400+00:00
7,vllm-project/vllm,pull_request,50982,pull_commit,committed,b8089ccab54e05cdf8ae5ca06aba4cc3edf7db2c,2026-08-05T02:12:31Z,web-flow,User,,human_account,,no,,,b8089ccab54e05cdf8ae5ca06aba4cc3edf7db2c,AiKiAi-stack,web-flow,2026-08-29T09:14:02.470400+00:00
7,vllm-project/vllm,pull_request,50982,pull_commit,committed,01c9f0cad0dd08e50095b52ed0fcede3cc6a809d,2026-08-05T04:13:19Z,web-flow,User,,human_account,,no,,,01c9f0cad0dd08e50095b52ed0fcede3cc6a809d,AiKiAi-stack,web-flow,2026-08-29T09:14:02.470400+00:00
7,vllm-project/vllm,pull_request,50022,pull_commit,committed,05c9763506e947c4f830ccd9dc81565fcae58e5c,2026-07-27T17:28:53Z,thegoldenflow,User,,human_account,,no,,,05c9763506e947c4f830ccd9dc81565fcae58e5c,thegoldenflow,thegoldenflow,2026-08-29T09:14:02.971253+00:00
7,vllm-project/vllm,pull_request,50022,pull_commit,committed,d4dd5cb8e8a52fa654c1bc0aebfb6f4ba3246b12,2026-07-28T18:02:27Z,thegoldenflow,User,,human_account,,no,,,d4dd5cb8e8a52fa654c1bc0aebfb6f4ba3246b12,thegoldenflow,thegoldenflow,2026-08-29T09:14:02.971253+00:00
7,vllm-project/vllm,pull_request,51508,pull_commit,committed,02d710837549a368073552333f66d714477415d2,2026-08-08T17:18:51Z,maxpla3,User,,human_account,,no,,,02d710837549a368073552333f66d714477415d2,maxpla3,maxpla3,2026-08-29T09:14:03.432581+00:00
7,vllm-project/vllm,pull_request,51508,pull_commit,committed,cc5b3834dd96fca1649938f3779f5eb90024ae20,2026-08-08T18:22:38Z,maxpla3,User,,human_account,,no,,,cc5b3834dd96fca1649938f3779f5eb90024ae20,maxpla3,maxpla3,2026-08-29T09:14:03.432581+00:00
7,vllm-project/vllm,pull_request,51508,pull_commit,committed,9a4c57918ccd13746d6cdbaacf2f957064f5932a,2026-08-09T21:20:47Z,web-flow,User,,human_account,,no,,,9a4c57918ccd13746d6cdbaacf2f957064f5932a,maxpla3,web-flow,2026-08-29T09:14:03.432581+00:00
7,vllm-project/vllm,pull_request,51508,pull_commit,committed,328d95e3035428e0cda61e86aef00d50ded23f18,2026-08-17T09:37:13Z,web-flow,User,,human_account,,no,,,328d95e3035428e0cda61e86aef00d50ded23f18,maxpla3,web-flow,2026-08-29T09:14:03.432581+00:00
7,vllm-project/vllm,pull_request,46978,pull_commit,committed,c1f693dd9ef2c0a4f9102be73b6bd46073fa82e5,2026-06-29T00:37:43Z,AndreasKaratzas,User,,human_account,,no,,,c1f693dd9ef2c0a4f9102be73b6bd46073fa82e5,AndreasKaratzas,AndreasKaratzas,2026-08-29T09:14:03.914989+00:00
7,vllm-project/vllm,pull_request,46978,pull_commit,committed,c2849dd1a4180f483db67d2eeecefd572753fdf9,2026-06-29T00:52:07Z,AndreasKaratzas,User,,human_account,,no,,,c2849dd1a4180f483db67d2eeecefd572753fdf9,AndreasKaratzas,AndreasKaratzas,2026-08-29T09:14:03.914989+00:00
7,vllm-project/vllm,pull_request,46978,pull_commit,committed,cb6a179ceaee6774cfa91de29415e968c9e9248a,2026-06-29T02:09:33Z,AndreasKaratzas,User,,human_account,,no,,,cb6a179ceaee6774cfa91de29415e968c9e9248a,AndreasKaratzas,AndreasKaratzas,2026-08-29T09:14:03.914989+00:00
7,vllm-project/vllm,pull_request,46978,pull_commit,committed,4120e504cdec6875d23758957d2f7984ecddb729,2026-06-29T02:10:01Z,AndreasKaratzas,User,,human_account,,no,,,4120e504cdec6875d23758957d2f7984ecddb729,AndreasKaratzas,AndreasKaratzas,2026-08-29T09:14:03.914989+00:00
7,vllm-project/vllm,pull_request,46978,pull_commit,committed,d87998ed46feb1d014193d5bbb30dc69bd229a3b,2026-06-29T03:54:06Z,AndreasKaratzas,User,,human_account,,no,,,d87998ed46feb1d014193d5bbb30dc69bd229a3b,AndreasKaratzas,AndreasKaratzas,2026-08-29T09:14:03.914989+00:00
7,vllm-project/vllm,pull_request,46978,pull_commit,committed,1e7538b9ba498b71ba71b52ba80f528ed07d6025,2026-06-29T06:40:51Z,AndreasKaratzas,User,,human_account,,no,,,1e7538b9ba498b71ba71b52ba80f528ed07d6025,AndreasKaratzas,AndreasKaratzas,2026-08-29T09:14:03.914989+00:00
7,vllm-project/vllm,pull_request,46978,pull_commit,committed,8e29a6a8e5b899a4aacb1a9ed4e1d152343dabda,2026-06-29T16:27:03Z,AndreasKaratzas,User,,human_account,,no,,,8e29a6a8e5b899a4aacb1a9ed4e1d152343dabda,AndreasKaratzas,AndreasKaratzas,2026-08-29T09:14:03.914989+00:00
7,vllm-project/vllm,pull_request,46978,pull_commit,committed,d36f37dee38d665867f8e4f17642206a3268ee1e,2026-06-30T16:41:11Z,AndreasKaratzas,User,,human_account,,no,,,d36f37dee38d665867f8e4f17642206a3268ee1e,AndreasKaratzas,AndreasKaratzas,2026-08-29T09:14:03.914989+00:00
7,vllm-project/vllm,pull_request,46978,pull_commit,committed,251cbb5b176ffd035bea5a41f088e49351947b05,2026-06-30T16:46:00Z,AndreasKaratzas,User,,human_account,,no,,,251cbb5b176ffd035bea5a41f088e49351947b05,AndreasKaratzas,AndreasKaratzas,2026-08-29T09:14:03.914989+00:00
7,vllm-project/vllm,pull_request,44172,pull_commit,committed,70431403846a22fd02d70b5e980deae3b5865837,2026-06-01T10:37:46Z,Jraaay,User,,human_account,,no,,,70431403846a22fd02d70b5e980deae3b5865837,Jraaay,Jraaay,2026-08-29T09:14:04.506787+00:00
7,vllm-project/vllm,pull_request,44574,pull_commit,committed,1627410f3f098156af9d9b90787b42dd6df1dc27,2026-06-05T20:47:55Z,mikekg,User,,human_account,,no,,,1627410f3f098156af9d9b90787b42dd6df1dc27,mikekg,mikekg,2026-08-29T09:14:05.039476+00:00
7,vllm-project/vllm,pull_request,52927,pull_commit,committed,ac44dcc989354892d54dc913fc6f45ce3860ff20,2026-08-19T09:55:18Z,zhang-keliang,User,,human_account,,no,,,ac44dcc989354892d54dc913fc6f45ce3860ff20,zhang-keliang,zhang-keliang,2026-08-29T09:14:05.617657+00:00
7,vllm-project/vllm,pull_request,52927,pull_commit,committed,28244390dc6cec53b4aaa7293d2bb556131ac7a7,2026-08-19T11:42:44Z,zhang-keliang,User,,human_account,,no,,,28244390dc6cec53b4aaa7293d2bb556131ac7a7,zhang-keliang,zhang-keliang,2026-08-29T09:14:05.617657+00:00
7,vllm-project/vllm,pull_request,43437,pull_commit,committed,c874c8909d4c064bdc75e27c2998302655ebc160,2026-05-22T15:04:23Z,,,,unknown,,no,,,c874c8909d4c064bdc75e27c2998302655ebc160,,,2026-08-29T09:14:06.209187+00:00
7,vllm-project/vllm,pull_request,43437,pull_commit,committed,47538bfc0ae978accdde4a2c75b63139843a5c8c,2026-05-22T16:27:16Z,web-flow,User,,human_account,,no,,,47538bfc0ae978accdde4a2c75b63139843a5c8c,mergify[bot],web-flow,2026-08-29T09:14:06.209187+00:00
7,vllm-project/vllm,pull_request,53012,pull_commit,committed,8f5c26220d935b1ef7be272b3b5be56d24ba6f91,2026-08-19T22:58:38Z,khluu,User,,human_account,,no,,,8f5c26220d935b1ef7be272b3b5be56d24ba6f91,khluu,khluu,2026-08-29T09:14:06.787407+00:00
7,vllm-project/vllm,pull_request,51855,pull_commit,committed,80c666d950f4e7cff1c03f1e13dbee73f0d6b661,2026-08-12T06:13:34Z,ZJY0516,User,,human_account,,no,,,80c666d950f4e7cff1c03f1e13dbee73f0d6b661,ZJY0516,ZJY0516,2026-08-29T09:14:07.327980+00:00
7,vllm-project/vllm,pull_request,51855,pull_commit,committed,9424df9989f53b166d038da2f64df60550362df5,2026-08-12T06:56:17Z,ZJY0516,User,,human_account,,no,,,9424df9989f53b166d038da2f64df60550362df5,ZJY0516,ZJY0516,2026-08-29T09:14:07.327980+00:00
7,vllm-project/vllm,pull_request,51855,pull_commit,committed,2c78a5b7879cdee23abf4ea656eda66e2cdb2a62,2026-08-12T10:42:33Z,ZJY0516,User,,human_account,,no,,,2c78a5b7879cdee23abf4ea656eda66e2cdb2a62,ZJY0516,ZJY0516,2026-08-29T09:14:07.327980+00:00
7,vllm-project/vllm,pull_request,51855,pull_commit,committed,8e581c5a780c011694a94d6c6f815f2314635762,2026-08-12T12:21:56Z,ZJY0516,User,,human_account,,no,,,8e581c5a780c011694a94d6c6f815f2314635762,ZJY0516,ZJY0516,2026-08-29T09:14:07.327980+00:00
7,vllm-project/vllm,pull_request,51855,pull_commit,committed,af6ea81ea5c627d30ba7080d26632c92398c8ba8,2026-08-12T14:12:37Z,ZJY0516,User,,human_account,,no,,,af6ea81ea5c627d30ba7080d26632c92398c8ba8,ZJY0516,ZJY0516,2026-08-29T09:14:07.327980+00:00
7,vllm-project/vllm,pull_request,51855,pull_commit,committed,cabd15f1cb2e17a89be35bbaf43bfeb8eba248a6,2026-08-14T07:03:52Z,ZJY0516,User,,human_account,,no,,,cabd15f1cb2e17a89be35bbaf43bfeb8eba248a6,ZJY0516,ZJY0516,2026-08-29T09:14:07.327980+00:00
7,vllm-project/vllm,pull_request,51855,pull_commit,committed,2b9574dcb17c27cd023e0eb40afd75205caa10cb,2026-08-14T16:18:02Z,ZJY0516,User,,human_account,,no,,,2b9574dcb17c27cd023e0eb40afd75205caa10cb,ZJY0516,ZJY0516,2026-08-29T09:14:07.327980+00:00
7,vllm-project/vllm,pull_request,51855,pull_commit,committed,72d96e8a5eb3884432553396c39de0266bf5db30,2026-08-14T21:34:45Z,benchislett,User,,human_account,,no,,,72d96e8a5eb3884432553396c39de0266bf5db30,benchislett,benchislett,2026-08-29T09:14:07.327980+00:00
7,vllm-project/vllm,pull_request,51855,pull_commit,committed,eb6705c796b9a9f5324ef4a9a676d69416fced2f,2026-08-14T21:51:17Z,benchislett,User,,human_account,,no,,,eb6705c796b9a9f5324ef4a9a676d69416fced2f,benchislett,benchislett,2026-08-29T09:14:07.327980+00:00
7,vllm-project/vllm,pull_request,51855,pull_commit,committed,610949515cd299fea702fafd6ad039194d68f443,2026-08-14T22:42:10Z,benchislett,User,,human_account,,no,,,610949515cd299fea702fafd6ad039194d68f443,benchislett,benchislett,2026-08-29T09:14:07.327980+00:00
7,vllm-project/vllm,pull_request,51855,pull_commit,committed,1c69a8d109f66a707b049b0a56ad6a4c2a5ca31d,2026-08-15T00:55:31Z,benchislett,User,,human_account,,no,,,1c69a8d109f66a707b049b0a56ad6a4c2a5ca31d,benchislett,benchislett,2026-08-29T09:14:07.327980+00:00
7,vllm-project/vllm,pull_request,51855,pull_commit,committed,58f441a6a68895998b036615ed1be457c614d7ad,2026-08-15T01:07:48Z,benchislett,User,,human_account,,no,,,58f441a6a68895998b036615ed1be457c614d7ad,benchislett,benchislett,2026-08-29T09:14:07.327980+00:00
7,vllm-project/vllm,pull_request,51855,pull_commit,committed,19115f4a68f11503690a439be8c6bf3a261abedd,2026-08-15T15:01:45Z,ZJY0516,User,,human_account,,no,,,19115f4a68f11503690a439be8c6bf3a261abedd,ZJY0516,ZJY0516,2026-08-29T09:14:07.327980+00:00
7,vllm-project/vllm,pull_request,51855,pull_commit,committed,51fc7b4535d09958dc987ad49e1f72dd589afa2e,2026-08-17T03:53:48Z,web-flow,User,,human_account,,no,,,51fc7b4535d09958dc987ad49e1f72dd589afa2e,mergify[bot],web-flow,2026-08-29T09:14:07.327980+00:00
7,vllm-project/vllm,pull_request,51855,pull_commit,committed,9c2cd648b49246c4fc58832e82c614f67e5e3fe2,2026-08-17T07:15:26Z,ZJY0516,User,,human_account,,no,,,9c2cd648b49246c4fc58832e82c614f67e5e3fe2,ZJY0516,ZJY0516,2026-08-29T09:14:07.327980+00:00
7,vllm-project/vllm,pull_request,45950,pull_commit,committed,ac9485b48464fff785e36e4e2750b9ee03b19c34,2026-06-17T16:39:17Z,tahsintunan,User,,human_account,,no,,,ac9485b48464fff785e36e4e2750b9ee03b19c34,tahsintunan,tahsintunan,2026-08-29T09:14:07.864996+00:00
7,vllm-project/vllm,pull_request,45950,pull_commit,committed,fe4e81ecc4f78a1e00b4ec2bafff0710d67280a3,2026-06-17T16:44:11Z,tahsintunan,User,,human_account,,no,,,fe4e81ecc4f78a1e00b4ec2bafff0710d67280a3,tahsintunan,tahsintunan,2026-08-29T09:14:07.864996+00:00
7,vllm-project/vllm,pull_request,45950,pull_commit,committed,2f27fc00ffe00e255b5bbf8b88f5e101768a7db6,2026-06-18T09:54:24Z,web-flow,User,,human_account,,no,,,2f27fc00ffe00e255b5bbf8b88f5e101768a7db6,tahsintunan,web-flow,2026-08-29T09:14:07.864996+00:00
7,vllm-project/vllm,pull_request,53331,pull_commit,committed,8e6d8e4f6a0c84db0d79129ab648492edf640fe2,2026-08-14T06:00:17Z,web-flow,User,,human_account,,no,,,8e6d8e4f6a0c84db0d79129ab648492edf640fe2,jikunshang,web-flow,2026-08-29T09:14:08.419715+00:00
7,vllm-project/vllm,pull_request,53331,pull_commit,committed,bda4c3e8eefe5442897f07f9c0c2d1cae833ca2f,2026-08-14T08:19:21Z,web-flow,User,,human_account,,no,,,bda4c3e8eefe5442897f07f9c0c2d1cae833ca2f,ccaadaro,web-flow,2026-08-29T09:14:08.419715+00:00
7,vllm-project/vllm,pull_request,53331,pull_commit,committed,d4c24e6f5d1864bc81ad0769097e00b9042178ca,2026-08-14T08:23:51Z,web-flow,User,,human_account,,no,,,d4c24e6f5d1864bc81ad0769097e00b9042178ca,LucasWilkinson,web-flow,2026-08-29T09:14:08.419715+00:00
7,vllm-project/vllm,pull_request,53331,pull_commit,committed,3c8676aebbd54ccf5d666b9c493d28badd3f970f,2026-08-14T09:00:23Z,web-flow,User,,human_account,,no,,,3c8676aebbd54ccf5d666b9c493d28badd3f970f,yisustc,web-flow,2026-08-29T09:14:08.419715+00:00
7,vllm-project/vllm,pull_request,53331,pull_commit,committed,624999aae5315b3d1d9a36b3bab1629f39456de9,2026-08-14T09:01:37Z,web-flow,User,,human_account,,no,,,624999aae5315b3d1d9a36b3bab1629f39456de9,jikunshang,web-flow,2026-08-29T09:14:08.419715+00:00
7,vllm-project/vllm,pull_request,53331,pull_commit,committed,103c419f048474d757c752524abb1e155dd01b9a,2026-08-14T09:15:59Z,web-flow,User,,human_account,,no,,,103c419f048474d757c752524abb1e155dd01b9a,fangchenli,web-flow,2026-08-29T09:14:08.419715+00:00
7,vllm-project/vllm,pull_request,53331,pull_commit,committed,b8165e5e58ee25a9f5183e692b6259d37c3873ad,2026-08-14T09:27:24Z,web-flow,User,,human_account,,no,,,b8165e5e58ee25a9f5183e692b6259d37c3873ad,noooop,web-flow,2026-08-29T09:14:08.419715+00:00
7,vllm-project/vllm,pull_request,53331,pull_commit,committed,66728feb1fbe0c6d32dcce2d4ce6e827712118c8,2026-08-14T09:33:21Z,web-flow,User,,human_account,,no,,,66728feb1fbe0c6d32dcce2d4ce6e827712118c8,Isotr0py,web-flow,2026-08-29T09:14:08.419715+00:00
7,vllm-project/vllm,pull_request,53331,pull_commit,committed,20405bfb15546bb988f425a3c95fef9ac59104c7,2026-08-14T09:46:46Z,web-flow,User,,human_account,,no,,,20405bfb15546bb988f425a3c95fef9ac59104c7,bastefaniak,web-flow,2026-08-29T09:14:08.419715+00:00
7,vllm-project/vllm,pull_request,53331,pull_commit,committed,69e0e58da107a9d0aa48a50094d6f16a0984a090,2026-08-14T09:47:30Z,web-flow,User,,human_account,,no,,,69e0e58da107a9d0aa48a50094d6f16a0984a090,jeejeelee,web-flow,2026-08-29T09:14:08.419715+00:00
7,vllm-project/vllm,pull_request,53331,pull_commit,committed,aa3100357322995b201d5348c5490596a7bd70a9,2026-08-14T09:47:42Z,web-flow,User,,human_account,,no,,,aa3100357322995b201d5348c5490596a7bd70a9,iwannagotobed,web-flow,2026-08-29T09:14:08.419715+00:00
7,vllm-project/vllm,pull_request,53331,pull_commit,committed,63a9a5010a6d1539c52957646ef9d6bbcf7a4deb,2026-08-14T10:09:51Z,web-flow,User,,human_account,,no,,,63a9a5010a6d1539c52957646ef9d6bbcf7a4deb,zobinHuang,web-flow,2026-08-29T09:14:08.419715+00:00
7,vllm-project/vllm,pull_request,53331,pull_commit,committed,57bd0ed441095b5c546707cabe25d3fa08b7f161,2026-08-14T13:47:55Z,web-flow,User,,human_account,,no,,,57bd0ed441095b5c546707cabe25d3fa08b7f161,LucasWilkinson,web-flow,2026-08-29T09:14:08.419715+00:00
7,vllm-project/vllm,pull_request,53331,pull_commit,committed,1f7427bc0ad31fdad1b0933c77ea5acae15da2e0,2026-08-14T13:49:47Z,web-flow,User,,human_account,,no,,,1f7427bc0ad31fdad1b0933c77ea5acae15da2e0,mayuyuace,web-flow,2026-08-29T09:14:08.419715+00:00
7,vllm-project/vllm,pull_request,53331,pull_commit,committed,cdc4824a21eaa986d4d1fee90a7e6465c9f706e6,2026-08-14T15:15:43Z,web-flow,User,,human_account,,no,,,cdc4824a21eaa986d4d1fee90a7e6465c9f706e6,wangxiyuan,web-flow,2026-08-29T09:14:08.419715+00:00
7,vllm-project/vllm,pull_request,53331,pull_commit,committed,03a8d0b1ede68efc20b8bbfc14ee4681a62f8d75,2026-08-14T16:03:42Z,web-flow,User,,human_account,,no,,,03a8d0b1ede68efc20b8bbfc14ee4681a62f8d75,rchalamala,web-flow,2026-08-29T09:14:08.419715+00:00
7,vllm-project/vllm,pull_request,53331,pull_commit,committed,e078a2238a1e4b53d49a7cc15e09716ed61abf3b,2026-08-14T16:27:24Z,web-flow,User,,human_account,,no,,,e078a2238a1e4b53d49a7cc15e09716ed61abf3b,shanjiaz,web-flow,2026-08-29T09:14:08.419715+00:00
7,vllm-project/vllm,pull_request,53331,pull_commit,committed,83ded8d839f60d97f5b020b598001cd9081150f6,2026-08-14T17:08:41Z,web-flow,User,,human_account,,no,,,83ded8d839f60d97f5b020b598001cd9081150f6,stefankoncarevic,web-flow,2026-08-29T09:14:08.419715+00:00
7,vllm-project/vllm,pull_request,53331,pull_commit,committed,9b0ab5dd53583ee25066b8d937e8bd3235daa6e2,2026-08-14T17:38:14Z,web-flow,User,,human_account,,no,,,9b0ab5dd53583ee25066b8d937e8bd3235daa6e2,jamesETsmith,web-flow,2026-08-29T09:14:08.419715+00:00
7,vllm-project/vllm,pull_request,53331,pull_commit,committed,3e3ceb1961d44252ff4a4f8e22364186d70c54f7,2026-08-14T17:40:14Z,web-flow,User,,human_account,,no,,,3e3ceb1961d44252ff4a4f8e22364186d70c54f7,njhill,web-flow,2026-08-29T09:14:08.419715+00:00
7,vllm-project/vllm,pull_request,53331,pull_commit,committed,f473870ecf7a5a83958dbc116468663224f45b05,2026-08-14T18:32:39Z,web-flow,User,,human_account,,no,,,f473870ecf7a5a83958dbc116468663224f45b05,connorcarpenter15,web-flow,2026-08-29T09:14:08.419715+00:00
7,vllm-project/vllm,pull_request,53331,pull_commit,committed,c794754062d49a8fdb63ab3c5215b488b865030c,2026-08-14T18:38:04Z,web-flow,User,,human_account,,no,,,c794754062d49a8fdb63ab3c5215b488b865030c,stacyroberts,web-flow,2026-08-29T09:14:08.419715+00:00
7,vllm-project/vllm,pull_request,53331,pull_commit,committed,925ea7e60f727bbb3fe3fcdb1c02b01a5bfb2749,2026-08-14T20:01:24Z,web-flow,User,,human_account,,no,,,925ea7e60f727bbb3fe3fcdb1c02b01a5bfb2749,guanxingithub,web-flow,2026-08-29T09:14:08.419715+00:00
7,vllm-project/vllm,pull_request,53331,pull_commit,committed,d87ef456abe54565cef476637df5e585bfddfb37,2026-08-14T22:11:32Z,web-flow,User,,human_account,,no,,,d87ef456abe54565cef476637df5e585bfddfb37,khluu,web-flow,2026-08-29T09:14:08.419715+00:00
7,vllm-project/vllm,pull_request,53331,pull_commit,committed,549cef0b0b2c8924d302686c613cb4c39fc24dcd,2026-08-14T22:11:41Z,web-flow,User,,human_account,,no,,,549cef0b0b2c8924d302686c613cb4c39fc24dcd,khluu,web-flow,2026-08-29T09:14:08.419715+00:00
7,vllm-project/vllm,pull_request,53331,pull_commit,committed,694db075f8af1ccb026720782bc0e2400a3f5c61,2026-08-14T22:11:48Z,web-flow,User,,human_account,,no,,,694db075f8af1ccb026720782bc0e2400a3f5c61,khluu,web-flow,2026-08-29T09:14:08.419715+00:00
7,vllm-project/vllm,pull_request,53331,pull_commit,committed,81e81dac1f3654564c3c48000edce1cdbe248ab9,2026-08-14T22:11:55Z,web-flow,User,,human_account,,no,,,81e81dac1f3654564c3c48000edce1cdbe248ab9,khluu,web-flow,2026-08-29T09:14:08.419715+00:00
7,vllm-project/vllm,pull_request,53331,pull_commit,committed,bb4b448f9896cf3f5607bd5ed4b35b29cd866a6b,2026-08-14T22:12:02Z,web-flow,User,,human_account,,no,,,bb4b448f9896cf3f5607bd5ed4b35b29cd866a6b,khluu,web-flow,2026-08-29T09:14:08.419715+00:00
7,vllm-project/vllm,pull_request,53331,pull_commit,committed,9df9b0b0a1816b6d0d0f6ecd0da563cc37fd72f5,2026-08-14T23:50:23Z,web-flow,User,,human_account,,no,,,9df9b0b0a1816b6d0d0f6ecd0da563cc37fd72f5,Rohan138,web-flow,2026-08-29T09:14:08.419715+00:00
7,vllm-project/vllm,pull_request,53331,pull_commit,committed,d6f17f3d530efbd83a730d3d73e9f483726dfde1,2026-08-14T23:54:50Z,web-flow,User,,human_account,,no,,,d6f17f3d530efbd83a730d3d73e9f483726dfde1,njhill,web-flow,2026-08-29T09:14:08.419715+00:00
7,vllm-project/vllm,pull_request,53331,pull_commit,committed,7b544ecb524b6a5847465b671db2df9b8560ad93,2026-08-15T00:07:07Z,web-flow,User,,human_account,,no,,,7b544ecb524b6a5847465b671db2df9b8560ad93,zhou9402,web-flow,2026-08-29T09:14:08.419715+00:00
7,vllm-project/vllm,pull_request,53331,pull_commit,committed,615d4cfadeb3d5ea1df248eb59aa128af5dbd441,2026-08-15T00:42:05Z,web-flow,User,,human_account,,no,,,615d4cfadeb3d5ea1df248eb59aa128af5dbd441,njhill,web-flow,2026-08-29T09:14:08.419715+00:00
7,vllm-project/vllm,pull_request,53331,pull_commit,committed,acb0f1dcdb668d90bbbf50e57552d2f6f0987c87,2026-08-15T01:32:59Z,web-flow,User,,human_account,,no,,,acb0f1dcdb668d90bbbf50e57552d2f6f0987c87,zyongye,web-flow,2026-08-29T09:14:08.419715+00:00
7,vllm-project/vllm,pull_request,53331,pull_commit,committed,44fc57d7b72eafaaefdcb0983451e08648be4d49,2026-08-15T06:30:56Z,web-flow,User,,human_account,,no,,,44fc57d7b72eafaaefdcb0983451e08648be4d49,AndreasKaratzas,web-flow,2026-08-29T09:14:08.419715+00:00
7,vllm-project/vllm,pull_request,53331,pull_commit,committed,42156466db66f6d54cbea6075af82304cdfdaa6a,2026-08-15T08:54:58Z,web-flow,User,,human_account,,no,,,42156466db66f6d54cbea6075af82304cdfdaa6a,biswapanda,web-flow,2026-08-29T09:14:08.419715+00:00
7,vllm-project/vllm,pull_request,53331,pull_commit,committed,5cecfc01375052698823fc401e31518fb32a981e,2026-08-15T09:40:24Z,web-flow,User,,human_account,,no,,,5cecfc01375052698823fc401e31518fb32a981e,DarkLight1337,web-flow,2026-08-29T09:14:08.419715+00:00
7,vllm-project/vllm,pull_request,53331,pull_commit,committed,ac2ae8798c7ef59c1924d5c0447a4279fa645770,2026-08-15T13:51:14Z,web-flow,User,,human_account,,no,,,ac2ae8798c7ef59c1924d5c0447a4279fa645770,chaunceyjiang,web-flow,2026-08-29T09:14:08.419715+00:00
7,vllm-project/vllm,pull_request,53331,pull_commit,committed,97388c44f9c608f83318e0c9540a536cd7de3e0d,2026-08-15T14:01:32Z,web-flow,User,,human_account,,no,,,97388c44f9c608f83318e0c9540a536cd7de3e0d,lucifer1004,web-flow,2026-08-29T09:14:08.419715+00:00
7,vllm-project/vllm,pull_request,53331,pull_commit,committed,d4801990a45792c7081652f8ebea4ee56ceb67f9,2026-08-15T14:01:52Z,web-flow,User,,human_account,,no,,,d4801990a45792c7081652f8ebea4ee56ceb67f9,shanewidanagama,web-flow,2026-08-29T09:14:08.419715+00:00
7,vllm-project/vllm,pull_request,53331,pull_commit,committed,ed0f4750f8766c2cc3984be4f1ba073a6915d4ed,2026-08-15T18:59:22Z,web-flow,User,,human_account,,no,,,ed0f4750f8766c2cc3984be4f1ba073a6915d4ed,UranusSeven,web-flow,2026-08-29T09:14:08.419715+00:00
7,vllm-project/vllm,pull_request,53331,pull_commit,committed,c94cdd0ae03865c00b694ca6f13b2d2bc4360fcd,2026-08-15T21:13:02Z,web-flow,User,,human_account,,no,,,c94cdd0ae03865c00b694ca6f13b2d2bc4360fcd,hsusul,web-flow,2026-08-29T09:14:08.419715+00:00
7,vllm-project/vllm,pull_request,53331,pull_commit,committed,fa9d67f7828e9bc105912ddf41dc384105732b1e,2026-08-15T22:40:38Z,web-flow,User,,human_account,,no,,,fa9d67f7828e9bc105912ddf41dc384105732b1e,omerpaz95,web-flow,2026-08-29T09:14:08.419715+00:00
7,vllm-project/vllm,pull_request,53331,pull_commit,committed,edd4c8176cfd98ece8a29beda574378c42971967,2026-08-16T01:39:23Z,web-flow,User,,human_account,,no,,,edd4c8176cfd98ece8a29beda574378c42971967,tobymao,web-flow,2026-08-29T09:14:08.419715+00:00
7,vllm-project/vllm,pull_request,53331,pull_commit,committed,6593754e61a45b27a93e40fa0479568945d38661,2026-08-16T04:03:53Z,web-flow,User,,human_account,,no,,,6593754e61a45b27a93e40fa0479568945d38661,mispa-ms,web-flow,2026-08-29T09:14:08.419715+00:00
7,vllm-project/vllm,pull_request,53331,pull_commit,committed,8efa13b700f1836657699cae2503dc2feab27fa0,2026-08-16T04:04:08Z,web-flow,User,,human_account,,no,,,8efa13b700f1836657699cae2503dc2feab27fa0,njhill,web-flow,2026-08-29T09:14:08.419715+00:00
7,vllm-project/vllm,pull_request,53331,pull_commit,committed,41f12a0daf193c80f2e748f6a65f0735623be3a5,2026-08-16T08:04:51Z,web-flow,User,,human_account,,no,,,41f12a0daf193c80f2e748f6a65f0735623be3a5,jeffreywang88,web-flow,2026-08-29T09:14:08.419715+00:00
7,vllm-project/vllm,pull_request,53331,pull_commit,committed,70aaec832bde70ada17cbad2061105bbd07541dc,2026-08-16T08:05:17Z,web-flow,User,,human_account,,no,,,70aaec832bde70ada17cbad2061105bbd07541dc,SayHelloToWorld,web-flow,2026-08-29T09:14:08.419715+00:00
7,vllm-project/vllm,pull_request,53331,pull_commit,committed,1b079c40ff9d2598d837f4ed1fc08342fca4fd6e,2026-08-16T09:02:20Z,web-flow,User,,human_account,,no,,,1b079c40ff9d2598d837f4ed1fc08342fca4fd6e,jyan-R,web-flow,2026-08-29T09:14:08.419715+00:00
7,vllm-project/vllm,pull_request,53331,pull_commit,committed,84530eb235dc3d866fa7d4588217f2fb53f43e76,2026-08-16T09:17:04Z,web-flow,User,,human_account,,no,,,84530eb235dc3d866fa7d4588217f2fb53f43e76,chaunceyjiang,web-flow,2026-08-29T09:14:08.419715+00:00
7,vllm-project/vllm,pull_request,53331,pull_commit,committed,4d2a68d64d9e05921ed5c4099146e768a92d71d5,2026-08-16T11:09:23Z,web-flow,User,,human_account,,no,,,4d2a68d64d9e05921ed5c4099146e768a92d71d5,oops-oom,web-flow,2026-08-29T09:14:08.419715+00:00
7,vllm-project/vllm,pull_request,53331,pull_commit,committed,836aac92ffdaa337083934181cb6d00b64b2a1a6,2026-08-16T13:15:47Z,web-flow,User,,human_account,,no,,,836aac92ffdaa337083934181cb6d00b64b2a1a6,chaunceyjiang,web-flow,2026-08-29T09:14:08.419715+00:00
7,vllm-project/vllm,pull_request,53331,pull_commit,committed,fe1c317157d4478fdc0e02096447e61305b871e9,2026-08-16T13:21:31Z,web-flow,User,,human_account,,no,,,fe1c317157d4478fdc0e02096447e61305b871e9,shantipriya-amd,web-flow,2026-08-29T09:14:08.419715+00:00
7,vllm-project/vllm,pull_request,53331,pull_commit,committed,9409f59e0963a033a87a6847d6cafef54a64a79c,2026-08-16T15:15:14Z,web-flow,User,,human_account,,no,,,9409f59e0963a033a87a6847d6cafef54a64a79c,andakai,web-flow,2026-08-29T09:14:08.419715+00:00
7,vllm-project/vllm,pull_request,53331,pull_commit,committed,83f591d7f694a3ca3ae3bf22d646e818a1421872,2026-08-16T15:24:14Z,web-flow,User,,human_account,,no,,,83f591d7f694a3ca3ae3bf22d646e818a1421872,chaunceyjiang,web-flow,2026-08-29T09:14:08.419715+00:00
7,vllm-project/vllm,pull_request,53331,pull_commit,committed,6914d60b1e1a2594f0066fe81e3684574413fbe7,2026-08-16T16:50:31Z,web-flow,User,,human_account,,no,,,6914d60b1e1a2594f0066fe81e3684574413fbe7,akii96,web-flow,2026-08-29T09:14:08.419715+00:00
7,vllm-project/vllm,pull_request,53331,pull_commit,committed,7d7b6f26f4120b5db10d0a697a878ad605f09579,2026-08-16T17:10:16Z,web-flow,User,,human_account,,no,,,7d7b6f26f4120b5db10d0a697a878ad605f09579,yewentao256,web-flow,2026-08-29T09:14:08.419715+00:00
7,vllm-project/vllm,pull_request,53331,pull_commit,committed,1f0e0bf61210346a6bef4ad75172e62554d1b86c,2026-08-16T17:13:02Z,web-flow,User,,human_account,,no,,,1f0e0bf61210346a6bef4ad75172e62554d1b86c,taneem-ibrahim,web-flow,2026-08-29T09:14:08.419715+00:00
7,vllm-project/vllm,pull_request,53331,pull_commit,committed,ef43e3101b8fda8cd2b52de150c76b4fc177fad2,2026-08-16T19:16:46Z,web-flow,User,,human_account,,no,,,ef43e3101b8fda8cd2b52de150c76b4fc177fad2,Fangzhou-Ai,web-flow,2026-08-29T09:14:08.419715+00:00
7,vllm-project/vllm,pull_request,53331,pull_commit,committed,fdab2b10bcac00a16c406f8b17a75a1c3f729e59,2026-08-16T19:25:49Z,web-flow,User,,human_account,,no,,,fdab2b10bcac00a16c406f8b17a75a1c3f729e59,taneem-ibrahim,web-flow,2026-08-29T09:14:08.419715+00:00
7,vllm-project/vllm,pull_request,53331,pull_commit,committed,6b0b850a8b1764a66d7ffbb023c0b0e0bbdb900b,2026-08-16T20:16:51Z,web-flow,User,,human_account,,no,,,6b0b850a8b1764a66d7ffbb023c0b0e0bbdb900b,taneem-ibrahim,web-flow,2026-08-29T09:14:08.419715+00:00
7,vllm-project/vllm,pull_request,53331,pull_commit,committed,e3c1cb54fcafe796bc2a0354bb0962edbb4abbb8,2026-08-16T22:17:25Z,web-flow,User,,human_account,,no,,,e3c1cb54fcafe796bc2a0354bb0962edbb4abbb8,Isotr0py,web-flow,2026-08-29T09:14:08.419715+00:00
7,vllm-project/vllm,pull_request,53331,pull_commit,committed,eee538d5daa0c8c969f20d0c48c972155a6f1859,2026-08-16T22:21:55Z,web-flow,User,,human_account,,no,,,eee538d5daa0c8c969f20d0c48c972155a6f1859,gty111,web-flow,2026-08-29T09:14:08.419715+00:00
7,vllm-project/vllm,pull_request,53331,pull_commit,committed,dc9ae4b8ac2331991ad7091812ef82ece4f8fdc2,2026-08-16T23:09:46Z,web-flow,User,,human_account,,no,,,dc9ae4b8ac2331991ad7091812ef82ece4f8fdc2,chengy-sysu,web-flow,2026-08-29T09:14:08.419715+00:00
7,vllm-project/vllm,pull_request,53331,pull_commit,committed,a18c9b56ff9feb617d8f7c2eeca9263b328cc9c1,2026-08-17T01:04:38Z,web-flow,User,,human_account,,no,,,a18c9b56ff9feb617d8f7c2eeca9263b328cc9c1,BabyDrangoner,web-flow,2026-08-29T09:14:08.419715+00:00
7,vllm-project/vllm,pull_request,53331,pull_commit,committed,0ad04cff1b10267a2642becbf31f62c91018cad5,2026-08-17T01:52:02Z,web-flow,User,,human_account,,no,,,0ad04cff1b10267a2642becbf31f62c91018cad5,shen-shanshan,web-flow,2026-08-29T09:14:08.419715+00:00
7,vllm-project/vllm,pull_request,53331,pull_commit,committed,967e104fad12758e1fc4f16b7f9fdebfc3b6b1bb,2026-08-17T02:20:04Z,web-flow,User,,human_account,,no,,,967e104fad12758e1fc4f16b7f9fdebfc3b6b1bb,zyongye,web-flow,2026-08-29T09:14:08.419715+00:00
7,vllm-project/vllm,pull_request,53331,pull_commit,committed,a6a2a93f9b9f3b2c155b50c8c6f2badf41cbfd66,2026-08-17T02:27:59Z,web-flow,User,,human_account,,no,,,a6a2a93f9b9f3b2c155b50c8c6f2badf41cbfd66,Kaif10,web-flow,2026-08-29T09:14:08.419715+00:00
7,vllm-project/vllm,pull_request,53331,pull_commit,committed,502af5ed007da93c2a7747b31d0dc0e6110e17a3,2026-08-17T02:32:23Z,web-flow,User,,human_account,,no,,,502af5ed007da93c2a7747b31d0dc0e6110e17a3,yitingdc,web-flow,2026-08-29T09:14:08.419715+00:00
7,vllm-project/vllm,pull_request,53331,pull_commit,committed,6664d397bf091cb9371cba481d4efb8233436fe6,2026-08-17T02:36:41Z,web-flow,User,,human_account,,no,,,6664d397bf091cb9371cba481d4efb8233436fe6,positive666,web-flow,2026-08-29T09:14:08.419715+00:00
7,vllm-project/vllm,pull_request,53331,pull_commit,committed,292187dd8ca1b1bfa195f25b2886262527269999,2026-08-17T03:01:13Z,web-flow,User,,human_account,,no,,,292187dd8ca1b1bfa195f25b2886262527269999,LucasWilkinson,web-flow,2026-08-29T09:14:08.419715+00:00
7,vllm-project/vllm,pull_request,53331,pull_commit,committed,7ea4b40954084bbafa595faab6b322a5eb124ec0,2026-08-17T03:04:15Z,web-flow,User,,human_account,,no,,,7ea4b40954084bbafa595faab6b322a5eb124ec0,pavelzak,web-flow,2026-08-29T09:14:08.419715+00:00
7,vllm-project/vllm,pull_request,53331,pull_commit,committed,71b578b9cc37c262aeeb23815e6c478112c97d8b,2026-08-17T03:52:24Z,web-flow,User,,human_account,,no,,,71b578b9cc37c262aeeb23815e6c478112c97d8b,AndreasKaratzas,web-flow,2026-08-29T09:14:08.419715+00:00
7,vllm-project/vllm,pull_request,53331,pull_commit,committed,311b3513af33bc29b4acb2fde2e9313e5e9966a0,2026-08-17T04:08:35Z,web-flow,User,,human_account,,no,,,311b3513af33bc29b4acb2fde2e9313e5e9966a0,AndreasKaratzas,web-flow,2026-08-29T09:14:08.419715+00:00
7,vllm-project/vllm,pull_request,53331,pull_commit,committed,53e211d2923192ea1f7442de93d59cfbb150e089,2026-08-17T05:19:07Z,web-flow,User,,human_account,,no,,,53e211d2923192ea1f7442de93d59cfbb150e089,Isotr0py,web-flow,2026-08-29T09:14:08.419715+00:00
7,vllm-project/vllm,pull_request,53331,pull_commit,committed,93550cc4cd7e97bebe47b9b57333b60921c0d662,2026-08-17T06:17:15Z,web-flow,User,,human_account,,no,,,93550cc4cd7e97bebe47b9b57333b60921c0d662,noooop,web-flow,2026-08-29T09:14:08.419715+00:00
7,vllm-project/vllm,pull_request,53331,pull_commit,committed,a02cfccbc6187344325e364f09f6d8c33c4b253b,2026-08-17T06:29:41Z,web-flow,User,,human_account,,no,,,a02cfccbc6187344325e364f09f6d8c33c4b253b,AndreasKaratzas,web-flow,2026-08-29T09:14:08.419715+00:00
7,vllm-project/vllm,pull_request,53331,pull_commit,committed,5fd7a888386cff800f32de6b5a33d1dd3ca1e397,2026-08-17T06:40:36Z,web-flow,User,,human_account,,no,,,5fd7a888386cff800f32de6b5a33d1dd3ca1e397,Isotr0py,web-flow,2026-08-29T09:14:08.419715+00:00
7,vllm-project/vllm,pull_request,53331,pull_commit,committed,0ff370b51c58a3072b85e68fa5686b77b5034965,2026-08-17T08:48:11Z,web-flow,User,,human_account,,no,,,0ff370b51c58a3072b85e68fa5686b77b5034965,theamalsebastian,web-flow,2026-08-29T09:14:08.419715+00:00
7,vllm-project/vllm,pull_request,53331,pull_commit,committed,c05d923f186842d4ac35bfddafdd5aa01b6cbaf8,2026-08-17T08:56:44Z,web-flow,User,,human_account,,no,,,c05d923f186842d4ac35bfddafdd5aa01b6cbaf8,tjtanaa,web-flow,2026-08-29T09:14:08.419715+00:00
7,vllm-project/vllm,pull_request,53331,pull_commit,committed,bb233626caa31602728f7ee4625f3d2a4d1a3ad5,2026-08-17T09:03:33Z,web-flow,User,,human_account,,no,,,bb233626caa31602728f7ee4625f3d2a4d1a3ad5,khluu,web-flow,2026-08-29T09:14:08.419715+00:00
7,vllm-project/vllm,pull_request,53331,pull_commit,committed,cc7cf71fc819df579664adc2e944438d464dbc30,2026-08-17T09:21:34Z,web-flow,User,,human_account,,no,,,cc7cf71fc819df579664adc2e944438d464dbc30,pmanczak,web-flow,2026-08-29T09:14:08.419715+00:00
7,vllm-project/vllm,pull_request,53331,pull_commit,committed,95901ce70a625cd152e465d1b15441fd199bde24,2026-08-17T10:30:35Z,web-flow,User,,human_account,,no,,,95901ce70a625cd152e465d1b15441fd199bde24,030611,web-flow,2026-08-29T09:14:08.419715+00:00
7,vllm-project/vllm,pull_request,53331,pull_commit,committed,f27ae25473af7520dde3f8b9e0705041940be0c9,2026-08-17T10:45:59Z,web-flow,User,,human_account,,no,,,f27ae25473af7520dde3f8b9e0705041940be0c9,ganeshr10,web-flow,2026-08-29T09:14:08.419715+00:00
7,vllm-project/vllm,pull_request,53331,pull_commit,committed,70afdedc1081d28c3eaae53bece8292298484c86,2026-08-17T11:34:14Z,web-flow,User,,human_account,,no,,,70afdedc1081d28c3eaae53bece8292298484c86,ZJY0516,web-flow,2026-08-29T09:14:08.419715+00:00
7,vllm-project/vllm,pull_request,53331,pull_commit,committed,1d3a8b9e220f1edc77c190c3370cf0f76dfdd2fd,2026-08-17T12:26:05Z,web-flow,User,,human_account,,no,,,1d3a8b9e220f1edc77c190c3370cf0f76dfdd2fd,qli88,web-flow,2026-08-29T09:14:08.419715+00:00
7,vllm-project/vllm,pull_request,53331,pull_commit,committed,017e9f4448b700e85ee16023287b025693c72b9e,2026-08-17T13:20:50Z,web-flow,User,,human_account,,no,,,017e9f4448b700e85ee16023287b025693c72b9e,tlrmchlsmth,web-flow,2026-08-29T09:14:08.419715+00:00
7,vllm-project/vllm,pull_request,53331,pull_commit,committed,4ab5e5012a27e2b751c679873f231bafa0f6b098,2026-08-17T16:45:45Z,web-flow,User,,human_account,,no,,,4ab5e5012a27e2b751c679873f231bafa0f6b098,mgoin,web-flow,2026-08-29T09:14:08.419715+00:00
7,vllm-project/vllm,pull_request,53331,pull_commit,committed,7075ddac28c25d4fd2b84bc2a9a6c5ffde0345c8,2026-08-17T16:48:30Z,web-flow,User,,human_account,,no,,,7075ddac28c25d4fd2b84bc2a9a6c5ffde0345c8,mgoin,web-flow,2026-08-29T09:14:08.419715+00:00
7,vllm-project/vllm,pull_request,53331,pull_commit,committed,49905ad94dfc58ba94cca8b173dba31b820d6bc6,2026-08-17T17:11:14Z,web-flow,User,,human_account,,no,,,49905ad94dfc58ba94cca8b173dba31b820d6bc6,LopezCastroRoberto,web-flow,2026-08-29T09:14:08.419715+00:00
7,vllm-project/vllm,pull_request,53331,pull_commit,committed,cfbc5afbf7e56d825a3de98fc38ceb4be48d820e,2026-08-17T17:40:51Z,web-flow,User,,human_account,,no,,,cfbc5afbf7e56d825a3de98fc38ceb4be48d820e,HollowMan6,web-flow,2026-08-29T09:14:08.419715+00:00
7,vllm-project/vllm,pull_request,53331,pull_commit,committed,ceb340e2eb5b4c8edee8d0dbd71195389ebd86b5,2026-08-17T17:45:40Z,web-flow,User,,human_account,,no,,,ceb340e2eb5b4c8edee8d0dbd71195389ebd86b5,jperezdealgaba,web-flow,2026-08-29T09:14:08.419715+00:00
7,vllm-project/vllm,pull_request,53331,pull_commit,committed,402547d7f02bdbfc5dce5d27dc21f50dd4d627b6,2026-08-17T17:50:26Z,web-flow,User,,human_account,,no,,,402547d7f02bdbfc5dce5d27dc21f50dd4d627b6,stefankoncarevic,web-flow,2026-08-29T09:14:08.419715+00:00
7,vllm-project/vllm,pull_request,53331,pull_commit,committed,75dde08d3fd0cf4217c90e8499881d60fe426aa0,2026-08-17T18:21:32Z,web-flow,User,,human_account,,no,,,75dde08d3fd0cf4217c90e8499881d60fe426aa0,LucasWilkinson,web-flow,2026-08-29T09:14:08.419715+00:00
7,vllm-project/vllm,pull_request,53331,pull_commit,committed,c1e438728c55281fda46c8baed755f4148c63660,2026-08-17T18:32:04Z,web-flow,User,,human_account,,no,,,c1e438728c55281fda46c8baed755f4148c63660,AndreasKaratzas,web-flow,2026-08-29T09:14:08.419715+00:00
7,vllm-project/vllm,pull_request,53331,pull_commit,committed,3fc28939099a3bad1bcd27e8eec20d9afe921879,2026-08-17T19:10:34Z,web-flow,User,,human_account,,no,,,3fc28939099a3bad1bcd27e8eec20d9afe921879,cr-zhao,web-flow,2026-08-29T09:14:08.419715+00:00
7,vllm-project/vllm,pull_request,53331,pull_commit,committed,9633933dd81228fbcae07969f20881ad0b7cb766,2026-08-17T19:41:09Z,web-flow,User,,human_account,,no,,,9633933dd81228fbcae07969f20881ad0b7cb766,khluu,web-flow,2026-08-29T09:14:08.419715+00:00
7,vllm-project/vllm,pull_request,53331,pull_commit,committed,d1e3eee6fb8ed3623241ef5c8e3ac533f775bff9,2026-08-17T20:08:45Z,web-flow,User,,human_account,,no,,,d1e3eee6fb8ed3623241ef5c8e3ac533f775bff9,wzhao18,web-flow,2026-08-29T09:14:08.419715+00:00
7,vllm-project/vllm,pull_request,53331,pull_commit,committed,f08a95f8d84260fb093975cbf2bbccee8d106b69,2026-08-17T20:27:56Z,web-flow,User,,human_account,,no,,,f08a95f8d84260fb093975cbf2bbccee8d106b69,connorcarpenter15,web-flow,2026-08-29T09:14:08.419715+00:00
7,vllm-project/vllm,pull_request,53331,pull_commit,committed,8878ebd8fdfe286eb7cf00ccbb6919bc7a40b1dd,2026-08-17T20:46:22Z,web-flow,User,,human_account,,no,,,8878ebd8fdfe286eb7cf00ccbb6919bc7a40b1dd,micah-wil,web-flow,2026-08-29T09:14:08.419715+00:00
7,vllm-project/vllm,pull_request,53331,pull_commit,committed,e68fb75b250e33f013162582ece39e766a424df8,2026-08-17T21:58:48Z,web-flow,User,,human_account,,no,,,e68fb75b250e33f013162582ece39e766a424df8,hongxiayang,web-flow,2026-08-29T09:14:08.419715+00:00
7,vllm-project/vllm,pull_request,53331,pull_commit,committed,455edc022b45bbb5a279cff21cd3a34e6371aadf,2026-08-17T21:58:50Z,web-flow,User,,human_account,,no,,,455edc022b45bbb5a279cff21cd3a34e6371aadf,gcanlin,web-flow,2026-08-29T09:14:08.419715+00:00
7,vllm-project/vllm,pull_request,53331,pull_commit,committed,60c3a31b12b0a735baa79684885391747771ec64,2026-08-17T23:09:12Z,web-flow,User,,human_account,,no,,,60c3a31b12b0a735baa79684885391747771ec64,AndreasKaratzas,web-flow,2026-08-29T09:14:08.419715+00:00
7,vllm-project/vllm,pull_request,53331,pull_commit,committed,5ae2d38821ba381ff2091b52b463296784b56217,2026-08-17T23:30:41Z,web-flow,User,,human_account,,no,,,5ae2d38821ba381ff2091b52b463296784b56217,BugenZhao,web-flow,2026-08-29T09:14:08.419715+00:00
7,vllm-project/vllm,pull_request,53331,pull_commit,committed,49fb2ee3481246ce88224220442c6ef30f88b209,2026-08-17T23:33:22Z,web-flow,User,,human_account,,no,,,49fb2ee3481246ce88224220442c6ef30f88b209,divakar-amd,web-flow,2026-08-29T09:14:08.419715+00:00
7,vllm-project/vllm,pull_request,53331,pull_commit,committed,c296cf8259ed834b7174c59a2ee1f2f25967a87b,2026-08-17T23:54:05Z,web-flow,User,,human_account,,no,,,c296cf8259ed834b7174c59a2ee1f2f25967a87b,jbyczkow,web-flow,2026-08-29T09:14:08.419715+00:00
7,vllm-project/vllm,pull_request,53331,pull_commit,committed,58aa1e3d2692250c6bb24a0f852e3cb8e809a14f,2026-08-17T23:58:02Z,web-flow,User,,human_account,,no,,,58aa1e3d2692250c6bb24a0f852e3cb8e809a14f,tommy-asai-sonarsource,web-flow,2026-08-29T09:14:08.419715+00:00
7,vllm-project/vllm,pull_request,53331,pull_commit,committed,0e8989b41648e99176a53480e42c447f8bf95620,2026-08-18T00:05:48Z,web-flow,User,,human_account,,no,,,0e8989b41648e99176a53480e42c447f8bf95620,jikunshang,web-flow,2026-08-29T09:14:08.419715+00:00
7,vllm-project/vllm,pull_request,53331,pull_commit,committed,0db502c8d8a620f29dd3560e69a22f0a7ed3477c,2026-08-18T00:05:51Z,web-flow,User,,human_account,,no,,,0db502c8d8a620f29dd3560e69a22f0a7ed3477c,GirasoleY,web-flow,2026-08-29T09:14:08.419715+00:00
7,vllm-project/vllm,pull_request,53331,pull_commit,committed,c296851a7d173fa89d2eefbca0243be42ae9b5e0,2026-08-18T00:18:14Z,web-flow,User,,human_account,,no,,,c296851a7d173fa89d2eefbca0243be42ae9b5e0,bobboli,web-flow,2026-08-29T09:14:08.419715+00:00
7,vllm-project/vllm,pull_request,53331,pull_commit,committed,cdb8545a91be16f2b80234e0801458ad2a18cf1b,2026-08-18T01:17:40Z,web-flow,User,,human_account,,no,,,cdb8545a91be16f2b80234e0801458ad2a18cf1b,BabyDrangoner,web-flow,2026-08-29T09:14:08.419715+00:00
7,vllm-project/vllm,pull_request,53331,pull_commit,committed,69d3335066718b7e2b3d00713e02646874b424a9,2026-08-18T01:38:42Z,web-flow,User,,human_account,,no,,,69d3335066718b7e2b3d00713e02646874b424a9,LH-and-FPGA,web-flow,2026-08-29T09:14:08.419715+00:00
7,vllm-project/vllm,pull_request,53331,pull_commit,committed,f4b161d7fca438bfe29509984759be1943a5aa88,2026-08-18T01:47:35Z,web-flow,User,,human_account,,no,,,f4b161d7fca438bfe29509984759be1943a5aa88,mayuyuace,web-flow,2026-08-29T09:14:08.419715+00:00
7,vllm-project/vllm,pull_request,53331,pull_commit,committed,d5f5de7a7db4e13ea9f94ce8662b55b6b5e97d02,2026-08-18T02:55:37Z,web-flow,User,,human_account,,no,,,d5f5de7a7db4e13ea9f94ce8662b55b6b5e97d02,HollowMan6,web-flow,2026-08-29T09:14:08.419715+00:00
7,vllm-project/vllm,pull_request,53331,pull_commit,committed,e0e5a7fb2808504ba86c94f7b379e38496002fd0,2026-08-18T03:16:54Z,web-flow,User,,human_account,,no,,,e0e5a7fb2808504ba86c94f7b379e38496002fd0,WoosukKwon,web-flow,2026-08-29T09:14:08.419715+00:00
7,vllm-project/vllm,pull_request,53331,pull_commit,committed,101c4477dd4538f6fc32161d680ff2fba942b6d0,2026-08-18T04:46:08Z,web-flow,User,,human_account,,no,,,101c4477dd4538f6fc32161d680ff2fba942b6d0,SayHelloToWorld,web-flow,2026-08-29T09:14:08.419715+00:00
7,vllm-project/vllm,pull_request,53331,pull_commit,committed,aa9903490c616dc6871e5acc62cec7bb1e5e9434,2026-08-18T04:59:57Z,web-flow,User,,human_account,,no,,,aa9903490c616dc6871e5acc62cec7bb1e5e9434,kkt-cohere,web-flow,2026-08-29T09:14:08.419715+00:00
7,vllm-project/vllm,pull_request,53331,pull_commit,committed,b0e9cff5e7f7dc4180ff0cd9380f9dcc2933c2f7,2026-08-18T06:27:41Z,web-flow,User,,human_account,,no,,,b0e9cff5e7f7dc4180ff0cd9380f9dcc2933c2f7,yma11,web-flow,2026-08-29T09:14:08.419715+00:00
7,vllm-project/vllm,pull_request,53331,pull_commit,committed,c89d692cb5fa430ddca06a9e16682977a18b55dc,2026-08-18T06:37:37Z,web-flow,User,,human_account,,no,,,c89d692cb5fa430ddca06a9e16682977a18b55dc,BugenZhao,web-flow,2026-08-29T09:14:08.419715+00:00
7,vllm-project/vllm,pull_request,53331,pull_commit,committed,d785eb51ce24210ec6da82140729d30822332032,2026-08-18T06:46:44Z,web-flow,User,,human_account,,no,,,d785eb51ce24210ec6da82140729d30822332032,floatlibai,web-flow,2026-08-29T09:14:08.419715+00:00
7,vllm-project/vllm,pull_request,53331,pull_commit,committed,5fa8ca971a7a3f19806808f72987a06187bdce55,2026-08-18T06:50:35Z,web-flow,User,,human_account,,no,,,5fa8ca971a7a3f19806808f72987a06187bdce55,AndreasKaratzas,web-flow,2026-08-29T09:14:08.419715+00:00
7,vllm-project/vllm,pull_request,53331,pull_commit,committed,2687fec6ef744f7d8ac174303e9a2ee6fe8d7153,2026-08-18T06:53:21Z,web-flow,User,,human_account,,no,,,2687fec6ef744f7d8ac174303e9a2ee6fe8d7153,jeejeelee,web-flow,2026-08-29T09:14:08.419715+00:00
7,vllm-project/vllm,pull_request,53331,pull_commit,committed,b01728b0880ca419bb41199523535457f4ab0010,2026-08-18T07:07:15Z,web-flow,User,,human_account,,no,,,b01728b0880ca419bb41199523535457f4ab0010,rajathpi,web-flow,2026-08-29T09:14:08.419715+00:00
7,vllm-project/vllm,pull_request,53331,pull_commit,committed,5c9ff5366b039a69b344773bdfead8466ed9a097,2026-08-18T08:22:13Z,web-flow,User,,human_account,,no,,,5c9ff5366b039a69b344773bdfead8466ed9a097,he-yufeng,web-flow,2026-08-29T09:14:08.419715+00:00
7,vllm-project/vllm,pull_request,53331,pull_commit,committed,e8ad2855e7f5d40665250eb468bfd567e3a4b3c1,2026-08-18T08:31:51Z,web-flow,User,,human_account,,no,,,e8ad2855e7f5d40665250eb468bfd567e3a4b3c1,qli88,web-flow,2026-08-29T09:14:08.419715+00:00
7,vllm-project/vllm,pull_request,53331,pull_commit,committed,eab1cff5b0ca87ec415c3ca555f060933d0a6b72,2026-08-18T08:43:12Z,web-flow,User,,human_account,,no,,,eab1cff5b0ca87ec415c3ca555f060933d0a6b72,yimdev,web-flow,2026-08-29T09:14:08.419715+00:00
7,vllm-project/vllm,pull_request,53331,pull_commit,committed,41f179b57aa8ab6f634f508128ce1f1efadd0eb1,2026-08-18T09:06:05Z,web-flow,User,,human_account,,no,,,41f179b57aa8ab6f634f508128ce1f1efadd0eb1,BugenZhao,web-flow,2026-08-29T09:14:08.419715+00:00
7,vllm-project/vllm,pull_request,53331,pull_commit,committed,be3f614ff158ccecc99546958bf5e4893f8e0581,2026-08-18T12:28:00Z,web-flow,User,,human_account,,no,,,be3f614ff158ccecc99546958bf5e4893f8e0581,taneem-ibrahim,web-flow,2026-08-29T09:14:08.419715+00:00
7,vllm-project/vllm,pull_request,53331,pull_commit,committed,d29dc3ab87840aef42129b30825176295ea73b07,2026-08-18T12:41:26Z,web-flow,User,,human_account,,no,,,d29dc3ab87840aef42129b30825176295ea73b07,lxy-alexander,web-flow,2026-08-29T09:14:08.419715+00:00
7,vllm-project/vllm,pull_request,53331,pull_commit,committed,689be2bcd37a3a862d1330c2aa91727406e64085,2026-08-18T15:04:36Z,web-flow,User,,human_account,,no,,,689be2bcd37a3a862d1330c2aa91727406e64085,wzhao18,web-flow,2026-08-29T09:14:08.419715+00:00
7,vllm-project/vllm,pull_request,53331,pull_commit,committed,3bb9c18f0c845170679498f6aa39c6a92f2f68cb,2026-08-18T15:06:18Z,web-flow,User,,human_account,,no,,,3bb9c18f0c845170679498f6aa39c6a92f2f68cb,Isotr0py,web-flow,2026-08-29T09:14:08.419715+00:00
7,vllm-project/vllm,pull_request,53331,pull_commit,committed,241ff8c443175ae3e5e2b42b866e4c9275bd7744,2026-08-18T15:53:49Z,web-flow,User,,human_account,,no,,,241ff8c443175ae3e5e2b42b866e4c9275bd7744,gangula-karthik,web-flow,2026-08-29T09:14:08.419715+00:00
7,vllm-project/vllm,pull_request,53331,pull_commit,committed,f9f066d195ca079c7403d9d9447c6b1d740c348c,2026-08-18T16:00:55Z,web-flow,User,,human_account,,no,,,f9f066d195ca079c7403d9d9447c6b1d740c348c,ActiveSky,web-flow,2026-08-29T09:14:08.419715+00:00
7,vllm-project/vllm,pull_request,53331,pull_commit,committed,88b2bff2c63d0f28396451f1199d09ee0f3e2d88,2026-08-18T16:56:56Z,web-flow,User,,human_account,,no,,,88b2bff2c63d0f28396451f1199d09ee0f3e2d88,fxmarty-amd,web-flow,2026-08-29T09:14:08.419715+00:00
7,vllm-project/vllm,pull_request,53331,pull_commit,committed,bca7bea2405127bd5291bb6fffa679bdcd8f6dd9,2026-08-18T16:58:04Z,web-flow,User,,human_account,,no,,,bca7bea2405127bd5291bb6fffa679bdcd8f6dd9,mgoin,web-flow,2026-08-29T09:14:08.419715+00:00
7,vllm-project/vllm,pull_request,53331,pull_commit,committed,ddbf826bee965ace7d2a68599fb45a69e79745d2,2026-08-18T17:54:51Z,web-flow,User,,human_account,,no,,,ddbf826bee965ace7d2a68599fb45a69e79745d2,sstamenk,web-flow,2026-08-29T09:14:08.419715+00:00
7,vllm-project/vllm,pull_request,53331,pull_commit,committed,ad5e71b276f6a8d9642560205736bee800464937,2026-08-18T18:01:00Z,web-flow,User,,human_account,,no,,,ad5e71b276f6a8d9642560205736bee800464937,mpashkovskii,web-flow,2026-08-29T09:14:08.419715+00:00
7,vllm-project/vllm,pull_request,53331,pull_commit,committed,01e56caaf2b2d6f62be5fd78e0a7733fc9c9ed5f,2026-08-18T18:20:48Z,web-flow,User,,human_account,,no,,,01e56caaf2b2d6f62be5fd78e0a7733fc9c9ed5f,WoosukKwon,web-flow,2026-08-29T09:14:08.419715+00:00
7,vllm-project/vllm,pull_request,53331,pull_commit,committed,d75136c030cc62973dc470d1981199be8de47d62,2026-08-18T18:23:34Z,web-flow,User,,human_account,,no,,,d75136c030cc62973dc470d1981199be8de47d62,connorcarpenter15,web-flow,2026-08-29T09:14:08.419715+00:00
7,vllm-project/vllm,pull_request,53331,pull_commit,committed,90984ddbed27a09409506d6d6c0eea87f54b04b5,2026-08-18T18:35:44Z,web-flow,User,,human_account,,no,,,90984ddbed27a09409506d6d6c0eea87f54b04b5,AndreasKaratzas,web-flow,2026-08-29T09:14:08.419715+00:00
7,vllm-project/vllm,pull_request,53331,pull_commit,committed,6948a43fbbf427e69ca0d325cd7ab1daee8d131b,2026-08-18T18:43:51Z,web-flow,User,,human_account,,no,,,6948a43fbbf427e69ca0d325cd7ab1daee8d131b,mganczarenko,web-flow,2026-08-29T09:14:08.419715+00:00
7,vllm-project/vllm,pull_request,53331,pull_commit,committed,9842d701450214d4b78cd9aefb8eee0c616bce33,2026-08-18T19:00:04Z,web-flow,User,,human_account,,no,,,9842d701450214d4b78cd9aefb8eee0c616bce33,SageMoore,web-flow,2026-08-29T09:14:08.419715+00:00
7,vllm-project/vllm,pull_request,53331,pull_commit,committed,8d6b18329a303c3d4a8f1a7b515cd69a4ef64800,2026-08-18T19:50:32Z,web-flow,User,,human_account,,no,,,8d6b18329a303c3d4a8f1a7b515cd69a4ef64800,khluu,web-flow,2026-08-29T09:14:08.419715+00:00
7,vllm-project/vllm,pull_request,53331,pull_commit,committed,6a391a931a92250aa45aa711aaa3f099f5a8d05f,2026-08-18T20:04:28Z,web-flow,User,,human_account,,no,,,6a391a931a92250aa45aa711aaa3f099f5a8d05f,biswapanda,web-flow,2026-08-29T09:14:08.419715+00:00
7,vllm-project/vllm,pull_request,53331,pull_commit,committed,7ddb50788ddf0846518feff972028534e39bcb86,2026-08-18T20:49:35Z,web-flow,User,,human_account,,no,,,7ddb50788ddf0846518feff972028534e39bcb86,aoshen02,web-flow,2026-08-29T09:14:08.419715+00:00
7,vllm-project/vllm,pull_request,53331,pull_commit,committed,12f64b39d29282437e35be9aa5db432fb2a1a6e6,2026-08-18T21:21:43Z,web-flow,User,,human_account,,no,,,12f64b39d29282437e35be9aa5db432fb2a1a6e6,sfeng33,web-flow,2026-08-29T09:14:08.419715+00:00
7,vllm-project/vllm,pull_request,53331,pull_commit,committed,5d8a4cf9761ec890ae9f11502fe0f4a13e9981a5,2026-08-18T21:37:10Z,web-flow,User,,human_account,,no,,,5d8a4cf9761ec890ae9f11502fe0f4a13e9981a5,LiuYinfeng01,web-flow,2026-08-29T09:14:08.419715+00:00
7,vllm-project/vllm,pull_request,53331,pull_commit,committed,6066bb3d502107d27383a64b306d36148421d4b9,2026-08-18T21:40:30Z,web-flow,User,,human_account,,no,,,6066bb3d502107d27383a64b306d36148421d4b9,stefankoncarevic,web-flow,2026-08-29T09:14:08.419715+00:00
7,vllm-project/vllm,pull_request,53331,pull_commit,committed,d3fafe0c27f9666a06675858738aaeab949da0f5,2026-08-18T21:42:45Z,web-flow,User,,human_account,,no,,,d3fafe0c27f9666a06675858738aaeab949da0f5,xuebwang-amd,web-flow,2026-08-29T09:14:08.419715+00:00
7,vllm-project/vllm,pull_request,53331,pull_commit,committed,5f7a20b3162ef88d531ada03aa1174643bb97c11,2026-08-18T21:59:08Z,web-flow,User,,human_account,,no,,,5f7a20b3162ef88d531ada03aa1174643bb97c11,GirasoleY,web-flow,2026-08-29T09:14:08.419715+00:00
7,vllm-project/vllm,pull_request,53331,pull_commit,committed,203926c4778698f11904beec88f6a91b94b7122d,2026-08-18T22:16:25Z,web-flow,User,,human_account,,no,,,203926c4778698f11904beec88f6a91b94b7122d,AndreasKaratzas,web-flow,2026-08-29T09:14:08.419715+00:00
7,vllm-project/vllm,pull_request,53331,pull_commit,committed,aa6abec49a7ed7e40ee4c2a07586d0d83887fa2a,2026-08-18T22:34:50Z,web-flow,User,,human_account,,no,,,aa6abec49a7ed7e40ee4c2a07586d0d83887fa2a,AndreasKaratzas,web-flow,2026-08-29T09:14:08.419715+00:00
7,vllm-project/vllm,pull_request,53331,pull_commit,committed,8f4a7f45c53ab52b17023d3ca804e477daa36a23,2026-08-18T22:45:47Z,web-flow,User,,human_account,,no,,,8f4a7f45c53ab52b17023d3ca804e477daa36a23,AndreasKaratzas,web-flow,2026-08-29T09:14:08.419715+00:00
7,vllm-project/vllm,pull_request,53331,pull_commit,committed,ef47a897e2ad9a404cce9c9e7df15934deb8ffbe,2026-08-18T23:14:39Z,web-flow,User,,human_account,,no,,,ef47a897e2ad9a404cce9c9e7df15934deb8ffbe,russellb,web-flow,2026-08-29T09:14:08.419715+00:00
7,vllm-project/vllm,pull_request,53331,pull_commit,committed,a9f4afb66f77ba122d905611fa3f620abda98220,2026-08-19T00:02:18Z,web-flow,User,,human_account,,no,,,a9f4afb66f77ba122d905611fa3f620abda98220,HollowMan6,web-flow,2026-08-29T09:14:08.419715+00:00
7,vllm-project/vllm,pull_request,53331,pull_commit,committed,f1178f3a06fa30a0cc282376924210cedad08c44,2026-08-19T00:02:59Z,web-flow,User,,human_account,,no,,,f1178f3a06fa30a0cc282376924210cedad08c44,WoosukKwon,web-flow,2026-08-29T09:14:08.419715+00:00
7,vllm-project/vllm,pull_request,53331,pull_commit,committed,b05ae5dc008850a620dec6de66635dec2b5913fd,2026-08-19T01:04:10Z,web-flow,User,,human_account,,no,,,b05ae5dc008850a620dec6de66635dec2b5913fd,khluu,web-flow,2026-08-29T09:14:08.419715+00:00
7,vllm-project/vllm,pull_request,53331,pull_commit,committed,d36cc4254eb6f745427e9bd328aab5ac34e5cb7e,2026-08-19T01:37:29Z,web-flow,User,,human_account,,no,,,d36cc4254eb6f745427e9bd328aab5ac34e5cb7e,Etelis,web-flow,2026-08-29T09:14:08.419715+00:00
7,vllm-project/vllm,pull_request,53331,pull_commit,committed,a2257f95b79287933defef5be40b74ce93053da3,2026-08-19T02:13:06Z,web-flow,User,,human_account,,no,,,a2257f95b79287933defef5be40b74ce93053da3,itayalroy,web-flow,2026-08-29T09:14:08.419715+00:00
7,vllm-project/vllm,pull_request,53331,pull_commit,committed,b1d9337e92692da328bdf921286e59d8f8f36725,2026-08-19T02:16:08Z,web-flow,User,,human_account,,no,,,b1d9337e92692da328bdf921286e59d8f8f36725,zhenwei-intel,web-flow,2026-08-29T09:14:08.419715+00:00
7,vllm-project/vllm,pull_request,53331,pull_commit,committed,f485081e8b76135091398818ea63040ffe7e1c5b,2026-08-19T02:25:23Z,web-flow,User,,human_account,,no,,,f485081e8b76135091398818ea63040ffe7e1c5b,chaojun-zhang,web-flow,2026-08-29T09:14:08.419715+00:00
7,vllm-project/vllm,pull_request,53331,pull_commit,committed,e4d61d0d222ad21437a1507bb34ca7e916aac880,2026-08-19T02:28:52Z,web-flow,User,,human_account,,no,,,e4d61d0d222ad21437a1507bb34ca7e916aac880,bigPYJ1151,web-flow,2026-08-29T09:14:08.419715+00:00
7,vllm-project/vllm,pull_request,53331,pull_commit,committed,f936a267f9a774b7ac09f987226d8e5a591139da,2026-08-19T02:45:41Z,web-flow,User,,human_account,,no,,,f936a267f9a774b7ac09f987226d8e5a591139da,Oxygen56,web-flow,2026-08-29T09:14:08.419715+00:00
7,vllm-project/vllm,pull_request,53331,pull_commit,committed,03b87dc42f1f3750ddc37da359fe2b670d78e925,2026-08-19T02:47:37Z,web-flow,User,,human_account,,no,,,03b87dc42f1f3750ddc37da359fe2b670d78e925,mayuyuace,web-flow,2026-08-29T09:14:08.419715+00:00
7,vllm-project/vllm,pull_request,53331,pull_commit,committed,aabc1a0a0b55c768ab1f8962157f5fa086932b88,2026-08-19T02:52:25Z,web-flow,User,,human_account,,no,,,aabc1a0a0b55c768ab1f8962157f5fa086932b88,tlrmchlsmth,web-flow,2026-08-29T09:14:08.419715+00:00
7,vllm-project/vllm,pull_request,53331,pull_commit,committed,deeeae75d0e42199aaeb627ad66e38b28337d2bf,2026-08-19T02:56:33Z,web-flow,User,,human_account,,no,,,deeeae75d0e42199aaeb627ad66e38b28337d2bf,njhill,web-flow,2026-08-29T09:14:08.419715+00:00
7,vllm-project/vllm,pull_request,53331,pull_commit,committed,e575b5f1a967b7ebb44eb65c4a3203e269cfc54d,2026-08-19T03:30:47Z,web-flow,User,,human_account,,no,,,e575b5f1a967b7ebb44eb65c4a3203e269cfc54d,mayuyuace,web-flow,2026-08-29T09:14:08.419715+00:00
7,vllm-project/vllm,pull_request,53331,pull_commit,committed,8e46accab22bc864f3ddbe8276d7c7cd2eb71239,2026-08-19T03:32:41Z,web-flow,User,,human_account,,no,,,8e46accab22bc864f3ddbe8276d7c7cd2eb71239,MatthewBonanni,web-flow,2026-08-29T09:14:08.419715+00:00
7,vllm-project/vllm,pull_request,53331,pull_commit,committed,31305736307ecdfe3398b643240770651b523a84,2026-08-19T03:32:46Z,web-flow,User,,human_account,,no,,,31305736307ecdfe3398b643240770651b523a84,daviswer,web-flow,2026-08-29T09:14:08.419715+00:00
7,vllm-project/vllm,pull_request,53331,pull_commit,committed,63ff748f657af0e2a95a712fd2cc994f4299ff8c,2026-08-19T04:02:09Z,web-flow,User,,human_account,,no,,,63ff748f657af0e2a95a712fd2cc994f4299ff8c,drakosha,web-flow,2026-08-29T09:14:08.419715+00:00
7,vllm-project/vllm,pull_request,53331,pull_commit,committed,08afae27863e884d68937f76e5bb87bba171c5de,2026-08-19T04:36:05Z,web-flow,User,,human_account,,no,,,08afae27863e884d68937f76e5bb87bba171c5de,taneem-ibrahim,web-flow,2026-08-29T09:14:08.419715+00:00
7,vllm-project/vllm,pull_request,53331,pull_commit,committed,86a89a93486d3bd4bd1c94149066c992cb7e2f09,2026-08-19T04:48:50Z,web-flow,User,,human_account,,no,,,86a89a93486d3bd4bd1c94149066c992cb7e2f09,vineethsaivs,web-flow,2026-08-29T09:14:08.419715+00:00
7,vllm-project/vllm,pull_request,53331,pull_commit,committed,5a4c8d99242e9e069b604d0e9b969e77f7dd501d,2026-08-19T04:55:20Z,web-flow,User,,human_account,,no,,,5a4c8d99242e9e069b604d0e9b969e77f7dd501d,Agoni-02,web-flow,2026-08-29T09:14:08.419715+00:00
7,vllm-project/vllm,pull_request,53331,pull_commit,committed,ee117307512f7ab0fe5ce70f8a2963bb83dfc442,2026-08-19T07:07:40Z,web-flow,User,,human_account,,no,,,ee117307512f7ab0fe5ce70f8a2963bb83dfc442,njhill,web-flow,2026-08-29T09:14:08.419715+00:00
7,vllm-project/vllm,pull_request,53331,pull_commit,committed,b09bd69b5bf14911abef9a0e8e493b83c8a38fa6,2026-08-19T07:13:52Z,web-flow,User,,human_account,,no,,,b09bd69b5bf14911abef9a0e8e493b83c8a38fa6,WoosukKwon,web-flow,2026-08-29T09:14:08.419715+00:00
7,vllm-project/vllm,pull_request,53331,pull_commit,committed,842dd8fd96650063e1ad32e6075742d457d39773,2026-08-19T07:21:08Z,web-flow,User,,human_account,,no,,,842dd8fd96650063e1ad32e6075742d457d39773,taneem-ibrahim,web-flow,2026-08-29T09:14:08.419715+00:00
7,vllm-project/vllm,pull_request,53331,pull_commit,committed,9a9aa2b017b468082ca538b6f7a725a60d7f8b47,2026-08-19T07:52:53Z,web-flow,User,,human_account,,no,,,9a9aa2b017b468082ca538b6f7a725a60d7f8b47,Andy365-365,web-flow,2026-08-29T09:14:08.419715+00:00
7,vllm-project/vllm,pull_request,53331,pull_commit,committed,93eea4f665a0a6a188fd52b37f4a18bc37315f62,2026-08-19T09:01:12Z,web-flow,User,,human_account,,no,,,93eea4f665a0a6a188fd52b37f4a18bc37315f62,mayuyuace,web-flow,2026-08-29T09:14:08.419715+00:00
7,vllm-project/vllm,pull_request,53331,pull_commit,committed,340b7e4909f14ff33943ab6ac7955191e1b8b4ff,2026-08-19T09:29:32Z,web-flow,User,,human_account,,no,,,340b7e4909f14ff33943ab6ac7955191e1b8b4ff,he-yufeng,web-flow,2026-08-29T09:14:08.419715+00:00
7,vllm-project/vllm,pull_request,53331,pull_commit,committed,eac636a7fa476983cdae34b45a984e9852aad375,2026-08-19T09:43:46Z,web-flow,User,,human_account,,no,,,eac636a7fa476983cdae34b45a984e9852aad375,noooop,web-flow,2026-08-29T09:14:08.419715+00:00
7,vllm-project/vllm,pull_request,53331,pull_commit,committed,cba06764d7a9da41e6f535d6355c13f725574f07,2026-08-19T10:31:19Z,web-flow,User,,human_account,,no,,,cba06764d7a9da41e6f535d6355c13f725574f07,wangxiyuan,web-flow,2026-08-29T09:14:08.419715+00:00
7,vllm-project/vllm,pull_request,53331,pull_commit,committed,b160cab156106b212ee67beb16c9725d366b8857,2026-08-19T11:18:10Z,web-flow,User,,human_account,,no,,,b160cab156106b212ee67beb16c9725d366b8857,haoyangqian,web-flow,2026-08-29T09:14:08.419715+00:00
7,vllm-project/vllm,pull_request,53331,pull_commit,committed,58302b459198eec60fad49af3c506ec10d6af821,2026-08-19T11:38:34Z,web-flow,User,,human_account,,no,,,58302b459198eec60fad49af3c506ec10d6af821,qwerqwerqwe8688-jpg,web-flow,2026-08-29T09:14:08.419715+00:00
7,vllm-project/vllm,pull_request,53331,pull_commit,committed,2f54100a593e34dd473912c756346abee55a6246,2026-08-19T12:25:46Z,web-flow,User,,human_account,,no,,,2f54100a593e34dd473912c756346abee55a6246,hmellor,web-flow,2026-08-29T09:14:08.419715+00:00
7,vllm-project/vllm,pull_request,53331,pull_commit,committed,58de6cbdc2fac255ca6fe6855f90c65f80a76d57,2026-08-19T12:34:50Z,web-flow,User,,human_account,,no,,,58de6cbdc2fac255ca6fe6855f90c65f80a76d57,Naveassaf,web-flow,2026-08-29T09:14:08.419715+00:00
7,vllm-project/vllm,pull_request,53331,pull_commit,committed,92bdee05cb4ea5e94c4cce3eb0544f51d6eece8d,2026-08-19T12:48:45Z,web-flow,User,,human_account,,no,,,92bdee05cb4ea5e94c4cce3eb0544f51d6eece8d,qgallouedec,web-flow,2026-08-29T09:14:08.419715+00:00
7,vllm-project/vllm,pull_request,53331,pull_commit,committed,c2e7242ab7287cc9e2bdbea5901c560fc2d17bff,2026-08-19T13:24:26Z,web-flow,User,,human_account,,no,,,c2e7242ab7287cc9e2bdbea5901c560fc2d17bff,eilamc14,web-flow,2026-08-29T09:14:08.419715+00:00
7,vllm-project/vllm,pull_request,53331,pull_commit,committed,2b7fcbf52782f8729fd6ce6c9ab803617d72897b,2026-08-19T13:25:29Z,web-flow,User,,human_account,,no,,,2b7fcbf52782f8729fd6ce6c9ab803617d72897b,lucifer1004,web-flow,2026-08-29T09:14:08.419715+00:00
7,vllm-project/vllm,pull_request,53331,pull_commit,committed,db92053e97b5630a6a36118693b1dffe9b03be36,2026-08-19T14:16:39Z,web-flow,User,,human_account,,no,,,db92053e97b5630a6a36118693b1dffe9b03be36,sseanliu,web-flow,2026-08-29T09:14:08.419715+00:00
7,vllm-project/vllm,pull_request,53331,pull_commit,committed,2d7f42b4f3b2b69dd9b2610d287083d147c997f6,2026-08-19T14:55:09Z,web-flow,User,,human_account,,no,,,2d7f42b4f3b2b69dd9b2610d287083d147c997f6,mgoin,web-flow,2026-08-29T09:14:08.419715+00:00
7,vllm-project/vllm,pull_request,53331,pull_commit,committed,be06873198cd544f963b4e2f0f0877b23ab5861e,2026-08-19T14:55:59Z,web-flow,User,,human_account,,no,,,be06873198cd544f963b4e2f0f0877b23ab5861e,y0hnn,web-flow,2026-08-29T09:14:08.419715+00:00
7,vllm-project/vllm,pull_request,53331,pull_commit,committed,160f7f0840e1773b2418199800c7ac66f1b4f074,2026-08-19T15:19:42Z,web-flow,User,,human_account,,no,,,160f7f0840e1773b2418199800c7ac66f1b4f074,AndreasKaratzas,web-flow,2026-08-29T09:14:08.419715+00:00
7,vllm-project/vllm,pull_request,53331,pull_commit,committed,17dbd429306d2fe9cc6be04e57aab314bd697f5e,2026-08-19T15:20:05Z,web-flow,User,,human_account,,no,,,17dbd429306d2fe9cc6be04e57aab314bd697f5e,AndreasKaratzas,web-flow,2026-08-29T09:14:08.419715+00:00
7,vllm-project/vllm,pull_request,53331,pull_commit,committed,525b7bbb3a74d811cedcee108425d9bb5c215fdd,2026-08-19T15:50:59Z,web-flow,User,,human_account,,no,,,525b7bbb3a74d811cedcee108425d9bb5c215fdd,dineshchitlangia,web-flow,2026-08-29T09:14:08.419715+00:00
7,vllm-project/vllm,pull_request,53331,pull_commit,committed,583a00257d4c5d1a54063d956057df1df6822b06,2026-08-19T16:14:52Z,web-flow,User,,human_account,,no,,,583a00257d4c5d1a54063d956057df1df6822b06,akii96,web-flow,2026-08-29T09:14:08.419715+00:00
7,vllm-project/vllm,pull_request,53331,pull_commit,committed,c676232313fce3d607da7c66e41fe8d4739c194d,2026-08-19T16:29:29Z,web-flow,User,,human_account,,no,,,c676232313fce3d607da7c66e41fe8d4739c194d,xuebwang-amd,web-flow,2026-08-29T09:14:08.419715+00:00
7,vllm-project/vllm,pull_request,53331,pull_commit,committed,54dd98be2830bbd7b70fd60a0e917b7d0df5adab,2026-08-19T16:31:32Z,web-flow,User,,human_account,,no,,,54dd98be2830bbd7b70fd60a0e917b7d0df5adab,yiliu30,web-flow,2026-08-29T09:14:08.419715+00:00
7,vllm-project/vllm,pull_request,53331,pull_commit,committed,e9e1630e93b13b241c4cdb52c47e35fd38c6eb46,2026-08-19T16:36:27Z,web-flow,User,,human_account,,no,,,e9e1630e93b13b241c4cdb52c47e35fd38c6eb46,Lossfull,web-flow,2026-08-29T09:14:08.419715+00:00
7,vllm-project/vllm,pull_request,53331,pull_commit,committed,3a386cfaf51f872334c64edd08fbf71dd4bb0120,2026-08-19T16:39:59Z,web-flow,User,,human_account,,no,,,3a386cfaf51f872334c64edd08fbf71dd4bb0120,AndreasKaratzas,web-flow,2026-08-29T09:14:08.419715+00:00
7,vllm-project/vllm,pull_request,53331,pull_commit,committed,0c8c3f41cff4a4d361d4a80804eddd8dfc2a56ce,2026-08-19T16:44:36Z,web-flow,User,,human_account,,no,,,0c8c3f41cff4a4d361d4a80804eddd8dfc2a56ce,lxyxinyi,web-flow,2026-08-29T09:14:08.419715+00:00
7,vllm-project/vllm,pull_request,53331,pull_commit,committed,9b5f3454f2be4c2c0f17c84a78af25a1d550d446,2026-08-19T16:48:11Z,web-flow,User,,human_account,,no,,,9b5f3454f2be4c2c0f17c84a78af25a1d550d446,linitra24,web-flow,2026-08-29T09:14:08.419715+00:00
7,vllm-project/vllm,pull_request,53331,pull_commit,committed,f76d71d7ceac040d555323f36b2f6afeab0e8df2,2026-08-19T17:32:37Z,web-flow,User,,human_account,,no,,,f76d71d7ceac040d555323f36b2f6afeab0e8df2,mgoin,web-flow,2026-08-29T09:14:08.419715+00:00
7,vllm-project/vllm,pull_request,53331,pull_commit,committed,755492e37d7d7201d93f0effa200acac56601f38,2026-08-19T17:48:46Z,web-flow,User,,human_account,,no,,,755492e37d7d7201d93f0effa200acac56601f38,ywang96,web-flow,2026-08-29T09:14:08.419715+00:00
7,vllm-project/vllm,pull_request,53331,pull_commit,committed,480d4f0d154a00b719abf876dd9c1a98bc5acbf7,2026-08-19T18:46:12Z,web-flow,User,,human_account,,no,,,480d4f0d154a00b719abf876dd9c1a98bc5acbf7,AndreasKaratzas,web-flow,2026-08-29T09:14:08.419715+00:00
7,vllm-project/vllm,pull_request,53331,pull_commit,committed,cb58bb9c1e38cd366910858873946c95be6328a9,2026-08-19T19:17:17Z,web-flow,User,,human_account,,no,,,cb58bb9c1e38cd366910858873946c95be6328a9,AndreasKaratzas,web-flow,2026-08-29T09:14:08.419715+00:00
7,vllm-project/vllm,pull_request,53331,pull_commit,committed,541c6d64c19b64b970edc9122a56027d41b7a0be,2026-08-19T19:41:26Z,web-flow,User,,human_account,,no,,,541c6d64c19b64b970edc9122a56027d41b7a0be,mgoin,web-flow,2026-08-29T09:14:08.419715+00:00
7,vllm-project/vllm,pull_request,53331,pull_commit,committed,d591d1d511b5f2a70ae34adfd5adc5c1956ecae2,2026-08-19T19:42:30Z,web-flow,User,,human_account,,no,,,d591d1d511b5f2a70ae34adfd5adc5c1956ecae2,vanshbhatia-amd,web-flow,2026-08-29T09:14:08.419715+00:00
7,vllm-project/vllm,pull_request,53331,pull_commit,committed,c205726108df54bb6fbf15b19e725a4a3add2b18,2026-08-19T21:45:44Z,web-flow,User,,human_account,,no,,,c205726108df54bb6fbf15b19e725a4a3add2b18,jcotant-inferact,web-flow,2026-08-29T09:14:08.419715+00:00
7,vllm-project/vllm,pull_request,53331,pull_commit,committed,823ec22b78b639f6794df3e5ee16ce4429f2c269,2026-08-19T22:39:08Z,web-flow,User,,human_account,,no,,,823ec22b78b639f6794df3e5ee16ce4429f2c269,Rohan138,web-flow,2026-08-29T09:14:08.419715+00:00
7,vllm-project/vllm,pull_request,53331,pull_commit,committed,5bf0dbd6fd7b0e9d0aa744e483037563111ce887,2026-08-20T00:18:47Z,web-flow,User,,human_account,,no,,,5bf0dbd6fd7b0e9d0aa744e483037563111ce887,SageMoore,web-flow,2026-08-29T09:14:08.419715+00:00
7,vllm-project/vllm,pull_request,53331,pull_commit,committed,0a111cca2cddbfccf5b99f61af9c9bbde53f6d9c,2026-08-20T00:24:07Z,web-flow,User,,human_account,,no,,,0a111cca2cddbfccf5b99f61af9c9bbde53f6d9c,ronensc,web-flow,2026-08-29T09:14:08.419715+00:00
7,vllm-project/vllm,pull_request,53331,pull_commit,committed,d4f4d3f40fc5350a71777fcb0e5eb8a57bda631f,2026-08-20T00:39:30Z,web-flow,User,,human_account,,no,,,d4f4d3f40fc5350a71777fcb0e5eb8a57bda631f,TheEpicDolphin,web-flow,2026-08-29T09:14:08.419715+00:00
7,vllm-project/vllm,pull_request,53331,pull_commit,committed,bf2866f8bf5bb20628e2b93835be3c281a9b4ca4,2026-08-20T00:40:35Z,web-flow,User,,human_account,,no,,,bf2866f8bf5bb20628e2b93835be3c281a9b4ca4,chengy-sysu,web-flow,2026-08-29T09:14:08.419715+00:00
7,vllm-project/vllm,pull_request,53331,pull_commit,committed,58e5ee0158b6a264c3506f00480e108a34b33ee3,2026-08-20T01:04:11Z,web-flow,User,,human_account,,no,,,58e5ee0158b6a264c3506f00480e108a34b33ee3,GirasoleY,web-flow,2026-08-29T09:14:08.419715+00:00
7,vllm-project/vllm,pull_request,53331,pull_commit,committed,6a962071bdad41c2d739bb2e879e72bbe9df9e63,2026-08-20T01:17:43Z,web-flow,User,,human_account,,no,,,6a962071bdad41c2d739bb2e879e72bbe9df9e63,WoosukKwon,web-flow,2026-08-29T09:14:08.419715+00:00
7,vllm-project/vllm,pull_request,53331,pull_commit,committed,fbb4c04db42ff0c6a98af909321bf841798a20c2,2026-08-20T02:20:21Z,web-flow,User,,human_account,,no,,,fbb4c04db42ff0c6a98af909321bf841798a20c2,micah-wil,web-flow,2026-08-29T09:14:08.419715+00:00
7,vllm-project/vllm,pull_request,53331,pull_commit,committed,c0233fcf0100c07820d7f7a725de458a0e14df64,2026-08-20T02:39:52Z,web-flow,User,,human_account,,no,,,c0233fcf0100c07820d7f7a725de458a0e14df64,WoosukKwon,web-flow,2026-08-29T09:14:08.419715+00:00
7,vllm-project/vllm,pull_request,53331,pull_commit,committed,76fb6d210a57c7efbb61fa6cb029d1fa1911bfb5,2026-08-20T02:49:23Z,web-flow,User,,human_account,,no,,,76fb6d210a57c7efbb61fa6cb029d1fa1911bfb5,92hyungjun,web-flow,2026-08-29T09:14:08.419715+00:00
7,vllm-project/vllm,pull_request,53331,pull_commit,committed,f85e060ec24ad5b67b47690b89bd0a5f1def05f4,2026-08-20T02:59:22Z,web-flow,User,,human_account,,no,,,f85e060ec24ad5b67b47690b89bd0a5f1def05f4,pmanczak,web-flow,2026-08-29T09:14:08.419715+00:00
7,vllm-project/vllm,pull_request,53331,pull_commit,committed,e85dd21497e46f739911ee1cef4f6d6c68da1e62,2026-08-20T03:23:43Z,web-flow,User,,human_account,,no,,,e85dd21497e46f739911ee1cef4f6d6c68da1e62,he-yufeng,web-flow,2026-08-29T09:14:08.419715+00:00
7,vllm-project/vllm,pull_request,53331,pull_commit,committed,4f66bc3e0d92aca0e8d1a29e22425327a07c916e,2026-08-20T03:33:25Z,web-flow,User,,human_account,,no,,,4f66bc3e0d92aca0e8d1a29e22425327a07c916e,AndreasKaratzas,web-flow,2026-08-29T09:14:08.419715+00:00
7,vllm-project/vllm,pull_request,53331,pull_commit,committed,11baa0ebd88480b0a3e30138e4ee189420cd33be,2026-08-20T03:52:42Z,web-flow,User,,human_account,,no,,,11baa0ebd88480b0a3e30138e4ee189420cd33be,xyang16,web-flow,2026-08-29T09:14:08.419715+00:00
7,vllm-project/vllm,pull_request,53331,pull_commit,committed,9b2aef512440f024fc98cd0ac954cd452613ad5b,2026-08-20T04:23:09Z,web-flow,User,,human_account,,no,,,9b2aef512440f024fc98cd0ac954cd452613ad5b,AmitMY,web-flow,2026-08-29T09:14:08.419715+00:00
7,vllm-project/vllm,pull_request,53331,pull_commit,committed,cd5035379c4c565fc9265cf121bc1c8364bc5eca,2026-08-20T04:33:37Z,web-flow,User,,human_account,,no,,,cd5035379c4c565fc9265cf121bc1c8364bc5eca,akii96,web-flow,2026-08-29T09:14:08.419715+00:00
7,vllm-project/vllm,pull_request,53331,pull_commit,committed,d626108b1841888ec90aced33367149a6bbc7e4b,2026-08-20T04:51:04Z,web-flow,User,,human_account,,no,,,d626108b1841888ec90aced33367149a6bbc7e4b,shen-shanshan,web-flow,2026-08-29T09:14:08.419715+00:00
7,vllm-project/vllm,pull_request,53331,pull_commit,committed,754e1c3de4e35c44da76beddf33ca71081d15d3c,2026-08-20T06:56:09Z,web-flow,User,,human_account,,no,,,754e1c3de4e35c44da76beddf33ca71081d15d3c,mayuyuace,web-flow,2026-08-29T09:14:08.419715+00:00
7,vllm-project/vllm,pull_request,53331,pull_commit,committed,a1c5b1fd9f6ef06a4fa236b7d48350115e5688b9,2026-08-20T07:12:43Z,web-flow,User,,human_account,,no,,,a1c5b1fd9f6ef06a4fa236b7d48350115e5688b9,zllion,web-flow,2026-08-29T09:14:08.419715+00:00
7,vllm-project/vllm,pull_request,53331,pull_commit,committed,d66300a1baa7779c68c7dfa4e51eee2502b48017,2026-08-20T07:30:40Z,web-flow,User,,human_account,,no,,,d66300a1baa7779c68c7dfa4e51eee2502b48017,AnkitNakhawa,web-flow,2026-08-29T09:14:08.419715+00:00
7,vllm-project/vllm,pull_request,53331,pull_commit,committed,16cfe728d8d0bc3cd4a8397db0f392dd52a2c109,2026-08-20T07:41:06Z,web-flow,User,,human_account,,no,,,16cfe728d8d0bc3cd4a8397db0f392dd52a2c109,qgallouedec,web-flow,2026-08-29T09:14:08.419715+00:00
7,vllm-project/vllm,pull_request,53331,pull_commit,committed,a34fd69106080aed8eab1490883942f2fe8264b7,2026-08-20T08:10:06Z,web-flow,User,,human_account,,no,,,a34fd69106080aed8eab1490883942f2fe8264b7,khluu,web-flow,2026-08-29T09:14:08.419715+00:00
7,vllm-project/vllm,pull_request,53331,pull_commit,committed,14617c2b6c1257ac0d6c7b5e05b195ca30013827,2026-08-20T08:11:44Z,web-flow,User,,human_account,,no,,,14617c2b6c1257ac0d6c7b5e05b195ca30013827,dmvevents,web-flow,2026-08-29T09:14:08.419715+00:00
7,vllm-project/vllm,pull_request,53331,pull_commit,committed,4666a8ba9ed5d271bf751cf1384cab2d2dcc0cfa,2026-08-20T08:39:48Z,web-flow,User,,human_account,,no,,,4666a8ba9ed5d271bf751cf1384cab2d2dcc0cfa,DarkLight1337,web-flow,2026-08-29T09:14:08.419715+00:00
7,vllm-project/vllm,pull_request,53331,pull_commit,committed,3ee3e3b59e3c98bcf84872a49d708136156a8d50,2026-08-20T08:50:19Z,new-TonyWang,User,,human_account,,no,,,3ee3e3b59e3c98bcf84872a49d708136156a8d50,new-TonyWang,new-TonyWang,2026-08-29T09:14:08.419715+00:00
7,vllm-project/vllm,pull_request,53331,pull_commit,committed,633f5d78a067ec770fdb6c04c324e489d2bd7ec0,2026-08-20T08:50:19Z,new-TonyWang,User,,human_account,,no,,,633f5d78a067ec770fdb6c04c324e489d2bd7ec0,new-TonyWang,new-TonyWang,2026-08-29T09:14:08.419715+00:00
7,vllm-project/vllm,pull_request,53331,pull_commit,committed,6a2b52571d2b321951363bf0fc220b5f153c5e16,2026-08-20T08:50:19Z,new-TonyWang,User,,human_account,,no,,,6a2b52571d2b321951363bf0fc220b5f153c5e16,new-TonyWang,new-TonyWang,2026-08-29T09:14:08.419715+00:00
7,vllm-project/vllm,pull_request,53331,pull_commit,committed,100c8829ae80a5d1d590a6524c9da96bda2c668d,2026-08-20T08:50:19Z,new-TonyWang,User,,human_account,,no,,,100c8829ae80a5d1d590a6524c9da96bda2c668d,new-TonyWang,new-TonyWang,2026-08-29T09:14:08.419715+00:00
7,vllm-project/vllm,pull_request,53331,pull_commit,committed,6e4c376eb933101f1e6897f6188bb85aac5118f0,2026-08-20T08:50:19Z,new-TonyWang,User,,human_account,,no,,,6e4c376eb933101f1e6897f6188bb85aac5118f0,new-TonyWang,new-TonyWang,2026-08-29T09:14:08.419715+00:00
7,vllm-project/vllm,pull_request,53331,pull_commit,committed,3a672ea8b4a813eb2cc87191d6e3354fd5f7c47e,2026-08-20T08:50:46Z,new-TonyWang,User,,human_account,,no,,,3a672ea8b4a813eb2cc87191d6e3354fd5f7c47e,new-TonyWang,new-TonyWang,2026-08-29T09:14:08.419715+00:00
7,vllm-project/vllm,pull_request,53331,pull_commit,committed,6f2ff6eca38967c97ded32ce8359c19eb027e21f,2026-08-20T08:50:46Z,new-TonyWang,User,,human_account,,no,,,6f2ff6eca38967c97ded32ce8359c19eb027e21f,new-TonyWang,new-TonyWang,2026-08-29T09:14:08.419715+00:00
7,vllm-project/vllm,pull_request,53331,pull_commit,committed,e512373a94e1da6e9b4135acf543dc0e017dd659,2026-08-20T08:50:46Z,new-TonyWang,User,,human_account,,no,,,e512373a94e1da6e9b4135acf543dc0e017dd659,new-TonyWang,new-TonyWang,2026-08-29T09:14:08.419715+00:00
7,vllm-project/vllm,pull_request,53331,pull_commit,committed,68cb958c8b0d1d5a9463f179322bbb00897b6a90,2026-08-20T08:50:46Z,new-TonyWang,User,,human_account,,no,,,68cb958c8b0d1d5a9463f179322bbb00897b6a90,new-TonyWang,new-TonyWang,2026-08-29T09:14:08.419715+00:00
7,vllm-project/vllm,pull_request,53331,pull_commit,committed,664514d33f41b09bd21555fcab560e1d4d4cf0a7,2026-08-20T08:50:46Z,new-TonyWang,User,,human_account,,no,,,664514d33f41b09bd21555fcab560e1d4d4cf0a7,new-TonyWang,new-TonyWang,2026-08-29T09:14:08.419715+00:00
7,vllm-project/vllm,pull_request,53331,pull_commit,committed,aaf3e802f98f37f58ad71ae45454399e963d475b,2026-08-20T08:51:17Z,new-TonyWang,User,,human_account,,no,,,aaf3e802f98f37f58ad71ae45454399e963d475b,new-TonyWang,new-TonyWang,2026-08-29T09:14:08.419715+00:00
7,vllm-project/vllm,pull_request,53331,pull_commit,committed,5ffba4e5d56eff46e08ddc9557ac335fc25f36fc,2026-08-20T08:51:17Z,new-TonyWang,User,,human_account,,no,,,5ffba4e5d56eff46e08ddc9557ac335fc25f36fc,new-TonyWang,new-TonyWang,2026-08-29T09:14:08.419715+00:00
7,vllm-project/vllm,pull_request,53331,pull_commit,committed,1bf30046e6260fed0a396257c1bf6ee5cf35a067,2026-08-20T08:51:17Z,new-TonyWang,User,,human_account,,no,,,1bf30046e6260fed0a396257c1bf6ee5cf35a067,new-TonyWang,new-TonyWang,2026-08-29T09:14:08.419715+00:00
7,vllm-project/vllm,pull_request,53331,pull_commit,committed,3a4e201e1eb6354fba0a0f7749b18aea8e2216e3,2026-08-20T08:51:29Z,new-TonyWang,User,,human_account,,no,,,3a4e201e1eb6354fba0a0f7749b18aea8e2216e3,new-TonyWang,new-TonyWang,2026-08-29T09:14:08.419715+00:00
7,vllm-project/vllm,pull_request,53331,pull_commit,committed,9108e71e050672885a1a0a5fe0f372160202aa9f,2026-08-20T08:51:29Z,new-TonyWang,User,,human_account,,no,,,9108e71e050672885a1a0a5fe0f372160202aa9f,new-TonyWang,new-TonyWang,2026-08-29T09:14:08.419715+00:00
7,vllm-project/vllm,pull_request,53331,pull_commit,committed,17dea007f2f6feebf63d1aa30684278e88eaf122,2026-08-20T08:51:39Z,new-TonyWang,User,,human_account,,no,,,17dea007f2f6feebf63d1aa30684278e88eaf122,new-TonyWang,new-TonyWang,2026-08-29T09:14:08.419715+00:00
7,vllm-project/vllm,pull_request,53331,pull_commit,committed,1b583995eaf89971aad1695f75f88d26e49fde56,2026-08-20T08:51:39Z,new-TonyWang,User,,human_account,,no,,,1b583995eaf89971aad1695f75f88d26e49fde56,new-TonyWang,new-TonyWang,2026-08-29T09:14:08.419715+00:00
7,vllm-project/vllm,pull_request,53331,pull_commit,committed,38b98e9ed77906e74f7b679e32319647d31313fc,2026-08-20T08:51:39Z,new-TonyWang,User,,human_account,,no,,,38b98e9ed77906e74f7b679e32319647d31313fc,new-TonyWang,new-TonyWang,2026-08-29T09:14:08.419715+00:00
7,vllm-project/vllm,pull_request,53331,pull_commit,committed,4e4b581f9a1d1d76b21580d32341a28c718c6d56,2026-08-21T23:33:21Z,new-TonyWang,User,,human_account,,no,,,4e4b581f9a1d1d76b21580d32341a28c718c6d56,new-TonyWang,new-TonyWang,2026-08-29T09:14:08.419715+00:00
7,vllm-project/vllm,pull_request,48143,pull_commit,committed,b2afd1c2e0c0d9b24d222459609ab4f04ecd8f1f,2026-07-09T16:46:16Z,yewentao256,User,,human_account,,no,,,b2afd1c2e0c0d9b24d222459609ab4f04ecd8f1f,yewentao256,yewentao256,2026-08-29T09:14:11.163185+00:00
7,vllm-project/vllm,pull_request,48143,pull_commit,committed,b9638d32b64a19764e5e42c06eec70324ebe5261,2026-07-10T16:41:28Z,web-flow,User,,human_account,,no,,,b9638d32b64a19764e5e42c06eec70324ebe5261,yewentao256,web-flow,2026-08-29T09:14:11.163185+00:00
7,vllm-project/vllm,pull_request,48143,pull_commit,committed,a3f4ea383b185b8210774a0c60766ff08a42ae2b,2026-07-13T18:17:52Z,web-flow,User,,human_account,,no,,,a3f4ea383b185b8210774a0c60766ff08a42ae2b,yewentao256,web-flow,2026-08-29T09:14:11.163185+00:00
7,vllm-project/vllm,pull_request,48143,pull_commit,committed,5d25179968b512bcb64c5b5db953d97c6c621df4,2026-07-14T15:38:32Z,yewentao256,User,,human_account,,no,,,5d25179968b512bcb64c5b5db953d97c6c621df4,yewentao256,yewentao256,2026-08-29T09:14:11.163185+00:00
7,vllm-project/vllm,pull_request,48143,pull_commit,committed,a3dde325a3e96e43abb26b47b0762c35a834bc87,2026-07-14T17:03:26Z,web-flow,User,,human_account,,no,,,a3dde325a3e96e43abb26b47b0762c35a834bc87,yewentao256,web-flow,2026-08-29T09:14:11.163185+00:00
7,vllm-project/vllm,pull_request,48143,pull_commit,committed,530f3a4d3221586ff2a9a5c61a2e2282646cab95,2026-07-15T20:58:02Z,web-flow,User,,human_account,,no,,,530f3a4d3221586ff2a9a5c61a2e2282646cab95,mergify[bot],web-flow,2026-08-29T09:14:11.163185+00:00
7,vllm-project/vllm,pull_request,50729,pull_commit,committed,a0ffafd3d5dd10b5fc1e84731cccd9c831b14f25,2026-08-11T16:56:53Z,AndreasKaratzas,User,,human_account,,no,,,a0ffafd3d5dd10b5fc1e84731cccd9c831b14f25,AndreasKaratzas,AndreasKaratzas,2026-08-29T09:14:11.695357+00:00
7,vllm-project/vllm,pull_request,50729,pull_commit,committed,05f5647d9ba82cbe6fb506d048187109b6448391,2026-08-11T16:56:53Z,AndreasKaratzas,User,,human_account,,no,,,05f5647d9ba82cbe6fb506d048187109b6448391,AndreasKaratzas,AndreasKaratzas,2026-08-29T09:14:11.695357+00:00
7,vllm-project/vllm,pull_request,50729,pull_commit,committed,a5a0c685fb668f3c50c637eb50f556ebcb53eee8,2026-08-11T16:57:40Z,AndreasKaratzas,User,,human_account,,no,,,a5a0c685fb668f3c50c637eb50f556ebcb53eee8,AndreasKaratzas,AndreasKaratzas,2026-08-29T09:14:11.695357+00:00
7,vllm-project/vllm,pull_request,50729,pull_commit,committed,f2f609b726b49f9a1e92406d77cba1b8115afe1a,2026-08-11T18:52:27Z,web-flow,User,,human_account,,no,,,f2f609b726b49f9a1e92406d77cba1b8115afe1a,AndreasKaratzas,web-flow,2026-08-29T09:14:11.695357+00:00
7,vllm-project/vllm,pull_request,50729,pull_commit,committed,4fd9ec83538eabe756f9e698f949a6c3a5ce489b,2026-08-11T20:23:11Z,web-flow,User,,human_account,,no,,,4fd9ec83538eabe756f9e698f949a6c3a5ce489b,AndreasKaratzas,web-flow,2026-08-29T09:14:11.695357+00:00
7,vllm-project/vllm,pull_request,50729,pull_commit,committed,195f7e1fe3d6c968383726078ada97f6dc9af0a2,2026-08-12T19:42:53Z,AndreasKaratzas,User,,human_account,,no,,,195f7e1fe3d6c968383726078ada97f6dc9af0a2,AndreasKaratzas,AndreasKaratzas,2026-08-29T09:14:11.695357+00:00
7,vllm-project/vllm,pull_request,50729,pull_commit,committed,759cb10c2d5b529f2b039e29cc8bfa07e3625616,2026-08-13T06:33:09Z,AndreasKaratzas,User,,human_account,,no,,,759cb10c2d5b529f2b039e29cc8bfa07e3625616,AndreasKaratzas,AndreasKaratzas,2026-08-29T09:14:11.695357+00:00
7,vllm-project/vllm,pull_request,50729,pull_commit,committed,bfe38d5dced88c2f83afacb470cb8ae5f5cc3716,2026-08-13T06:54:09Z,web-flow,User,,human_account,,no,,,bfe38d5dced88c2f83afacb470cb8ae5f5cc3716,AndreasKaratzas,web-flow,2026-08-29T09:14:11.695357+00:00
7,vllm-project/vllm,pull_request,49818,pull_commit,committed,8c73fb3fcdbb2afc506d54b3a74acb92e9ae9dce,2026-07-25T17:53:11Z,0xdespot,User,,human_account,,no,,,8c73fb3fcdbb2afc506d54b3a74acb92e9ae9dce,0xdespot,0xdespot,2026-08-29T09:14:12.186639+00:00
7,vllm-project/vllm,pull_request,49818,pull_commit,committed,59a4cb419189319f5399ae855172fcb951cbd7fa,2026-07-25T22:23:15Z,0xdespot,User,,human_account,,no,,,59a4cb419189319f5399ae855172fcb951cbd7fa,0xdespot,0xdespot,2026-08-29T09:14:12.186639+00:00
7,vllm-project/vllm,pull_request,44797,pull_commit,committed,35ac07f409d7a23041f3fdd9851c6807fe082e77,2026-06-07T19:12:02Z,Anai-Guo,User,,human_account,,no,,,35ac07f409d7a23041f3fdd9851c6807fe082e77,Anai-Guo,Anai-Guo,2026-08-29T09:14:12.719954+00:00
7,vllm-project/vllm,pull_request,53958,pull_commit,committed,161915435b433297d253076ec6be0fe03e5ae2ce,2026-08-27T21:26:46Z,hhb,User,,human_account,,no,,,161915435b433297d253076ec6be0fe03e5ae2ce,hhb,hhb,2026-08-29T09:14:13.274607+00:00
7,vllm-project/vllm,pull_request,43425,pull_commit,committed,01e7bebf34b4ce992c07b01ecb0d9c21a5890980,2026-05-22T13:02:21Z,wangyicong52,User,,human_account,,no,,,01e7bebf34b4ce992c07b01ecb0d9c21a5890980,wangyicong52,wangyicong52,2026-08-29T09:14:13.753482+00:00
7,vllm-project/vllm,pull_request,43247,pull_commit,committed,3e31402e6503144546de597478aa20227323c92f,2026-05-20T20:24:47Z,ashwing,User,,human_account,,no,,,3e31402e6503144546de597478aa20227323c92f,ashwing,ashwing,2026-08-29T09:14:14.254160+00:00
7,vllm-project/vllm,pull_request,43247,pull_commit,committed,f71d5344364ea244c2b475ac324f7f24975adfef,2026-05-20T20:43:54Z,ashwing,User,,human_account,,no,,,f71d5344364ea244c2b475ac324f7f24975adfef,ashwing,ashwing,2026-08-29T09:14:14.254160+00:00
7,vllm-project/vllm,pull_request,43247,pull_commit,committed,6e88430cdb534f003a09786bc522b81ad04a0c87,2026-05-20T21:21:36Z,web-flow,User,,human_account,,no,,,6e88430cdb534f003a09786bc522b81ad04a0c87,ashwing,web-flow,2026-08-29T09:14:14.254160+00:00
7,vllm-project/vllm,pull_request,43247,pull_commit,committed,b2b64b781e5d536acb7fb47d821b0ac6703200dc,2026-05-20T22:14:56Z,ashwing,User,,human_account,,no,,,b2b64b781e5d536acb7fb47d821b0ac6703200dc,ashwing,ashwing,2026-08-29T09:14:14.254160+00:00
7,vllm-project/vllm,pull_request,43247,pull_commit,committed,17aeb08ba1ccd6d1111be56e04119e8ad3fbdeba,2026-05-21T05:21:33Z,web-flow,User,,human_account,,no,,,17aeb08ba1ccd6d1111be56e04119e8ad3fbdeba,ashwing,web-flow,2026-08-29T09:14:14.254160+00:00
7,vllm-project/vllm,pull_request,54290,pull_commit,committed,8d0f56a8074e215e0708c08b30bc3e5fd81f6094,2026-08-28T23:37:23Z,Vansh-Sharmaa,User,,human_account,,no,,,8d0f56a8074e215e0708c08b30bc3e5fd81f6094,Vansh-Sharmaa,Vansh-Sharmaa,2026-08-29T09:14:14.740796+00:00
7,vllm-project/vllm,pull_request,48969,pull_commit,committed,a056e0c2ee1cf932406215554b698ca8d4106d14,2026-07-28T00:38:40Z,,,,unknown,,no,,,a056e0c2ee1cf932406215554b698ca8d4106d14,,,2026-08-29T09:14:15.215399+00:00
7,vllm-project/vllm,pull_request,48969,pull_commit,committed,64b9b6ef8f97dcc609523fdea981f13468767bf7,2026-07-28T00:40:24Z,,,,unknown,,no,,,64b9b6ef8f97dcc609523fdea981f13468767bf7,,,2026-08-29T09:14:15.215399+00:00
7,vllm-project/vllm,pull_request,48969,pull_commit,committed,c3b4dc6cce90a58c1ff3af29bcc6430565d905b2,2026-07-28T00:40:30Z,,,,unknown,,no,,,c3b4dc6cce90a58c1ff3af29bcc6430565d905b2,,,2026-08-29T09:14:15.215399+00:00
7,vllm-project/vllm,pull_request,48969,pull_commit,committed,d085843cba3ed93b30184f05bd922473569ee729,2026-07-28T00:43:44Z,,,,unknown,,no,,,d085843cba3ed93b30184f05bd922473569ee729,,,2026-08-29T09:14:15.215399+00:00
7,vllm-project/vllm,pull_request,49297,pull_commit,committed,3695023d6d00c3ce2e10c1acd3a3a1baa03245ad,2026-07-21T07:18:08Z,ZeldaHuang,User,,human_account,,no,,,3695023d6d00c3ce2e10c1acd3a3a1baa03245ad,ZeldaHuang,ZeldaHuang,2026-08-29T09:14:15.761146+00:00
7,vllm-project/vllm,pull_request,49297,pull_commit,committed,5488bee5ed6f5f36e7c7ed95c005a47fcfe47afd,2026-07-21T09:48:54Z,web-flow,User,,human_account,,no,,,5488bee5ed6f5f36e7c7ed95c005a47fcfe47afd,NickLucche,web-flow,2026-08-29T09:14:15.761146+00:00
10,openai/codex,pull_request,2053,pull_commit,committed,ba78c67c08812390b3c1e382fcf4b2e1742ac538,2025-08-09T00:35:00Z,dylan-hurd-oai,User,,human_account,,no,,,ba78c67c08812390b3c1e382fcf4b2e1742ac538,dylan-hurd-oai,dylan-hurd-oai,2026-08-29T09:14:16.279592+00:00
10,openai/codex,pull_request,922,pull_commit,committed,16be257bcc2d474e25779f8d6c44d65ddc37f752,2025-05-14T01:07:51Z,bolinfest,User,,human_account,,no,,,16be257bcc2d474e25779f8d6c44d65ddc37f752,bolinfest,bolinfest,2026-08-29T09:14:16.792319+00:00
10,openai/codex,pull_request,833,pull_commit,committed,3ffa707253a8c243cee31d41b1abadae96410d28,2025-05-06T18:58:28Z,bolinfest,User,,human_account,,no,,,3ffa707253a8c243cee31d41b1abadae96410d28,bolinfest,bolinfest,2026-08-29T09:14:17.311914+00:00
10,openai/codex,pull_request,1053,pull_commit,committed,267aa8efad755eeb9b3cff4347f82da9bed257f4,2025-05-20T18:29:12Z,oscarsalvador,User,,human_account,,no,,,267aa8efad755eeb9b3cff4347f82da9bed257f4,oscarsalvador,oscarsalvador,2026-08-29T09:14:17.782816+00:00
10,openai/codex,pull_request,1053,pull_commit,committed,671ea2a4603e6a4e5e4880f09946a93bc8921a5c,2025-05-20T18:42:16Z,oscarsalvador,User,,human_account,,no,,,671ea2a4603e6a4e5e4880f09946a93bc8921a5c,oscarsalvador,oscarsalvador,2026-08-29T09:14:17.782816+00:00
10,openai/codex,pull_request,1053,pull_commit,committed,e9bc3209463c2a8f2b89703a2a5bf5e1578b09a8,2025-05-21T21:04:23Z,web-flow,User,,human_account,,no,,,e9bc3209463c2a8f2b89703a2a5bf5e1578b09a8,oscarsalvador,web-flow,2026-08-29T09:14:17.782816+00:00
10,openai/codex,pull_request,1053,pull_commit,committed,b936483f585443e2657f422ca77ac67d4e0c1bdc,2025-05-22T17:09:16Z,web-flow,User,,human_account,,no,,,b936483f585443e2657f422ca77ac67d4e0c1bdc,oscarsalvador,web-flow,2026-08-29T09:14:17.782816+00:00
10,openai/codex,pull_request,1053,pull_commit,committed,c02eaa304e139799670298d649fa7ead793fd42c,2025-05-23T17:12:23Z,web-flow,User,,human_account,,no,,,c02eaa304e139799670298d649fa7ead793fd42c,oscarsalvador,web-flow,2026-08-29T09:14:17.782816+00:00
10,openai/codex,pull_request,1053,pull_commit,committed,735c8413fb6ee4df12bfd12d6cc7c94faf363203,2025-05-23T20:22:37Z,web-flow,User,,human_account,,no,,,735c8413fb6ee4df12bfd12d6cc7c94faf363203,oscarsalvador,web-flow,2026-08-29T09:14:17.782816+00:00
10,openai/codex,pull_request,1053,pull_commit,committed,1fa2952a584f5c38b74b8107b0a62314a2c00082,2025-05-26T13:31:45Z,web-flow,User,,human_account,,no,,,1fa2952a584f5c38b74b8107b0a62314a2c00082,oscarsalvador,web-flow,2026-08-29T09:14:17.782816+00:00
10,openai/codex,pull_request,2095,pull_commit,committed,7bba985ae46fb8ce0dfac30db1ad06ed878ad7d6,2025-08-09T17:28:13Z,gpeal,User,,human_account,,no,,,7bba985ae46fb8ce0dfac30db1ad06ed878ad7d6,gpeal,gpeal,2026-08-29T09:14:18.384632+00:00
10,openai/codex,pull_request,2095,pull_commit,committed,1237c306eacc95a408962c517395765ea0ea6bbf,2025-08-09T17:28:14Z,gpeal,User,,human_account,,no,,,1237c306eacc95a408962c517395765ea0ea6bbf,gpeal,gpeal,2026-08-29T09:14:18.384632+00:00
10,openai/codex,pull_request,2095,pull_commit,committed,4f1032857f7f81a7dd3fbc61ec1ece75e4d5f0c3,2025-08-09T17:28:14Z,gpeal,User,,human_account,,no,,,4f1032857f7f81a7dd3fbc61ec1ece75e4d5f0c3,gpeal,gpeal,2026-08-29T09:14:18.384632+00:00
10,openai/codex,pull_request,2095,pull_commit,committed,8c7d9f02aa94964a887af5e8374fcbd350e4663d,2025-08-09T17:28:14Z,gpeal,User,,human_account,,no,,,8c7d9f02aa94964a887af5e8374fcbd350e4663d,gpeal,gpeal,2026-08-29T09:14:18.384632+00:00
10,openai/codex,pull_request,2095,pull_commit,committed,a1175c41fedb1fd63ad7e0107bc43c49ad7e6f65,2025-08-09T17:28:14Z,gpeal,User,,human_account,,no,,,a1175c41fedb1fd63ad7e0107bc43c49ad7e6f65,gpeal,gpeal,2026-08-29T09:14:18.384632+00:00
10,openai/codex,pull_request,2095,pull_commit,committed,6c52a495d7415cb596077812bd8171a1e2cd2be8,2025-08-09T17:28:14Z,gpeal,User,,human_account,,no,,,6c52a495d7415cb596077812bd8171a1e2cd2be8,gpeal,gpeal,2026-08-29T09:14:18.384632+00:00
10,openai/codex,pull_request,2095,pull_commit,committed,c58918db6e42de8830248d5281632433479c1e6d,2025-08-09T17:28:14Z,gpeal,User,,human_account,,no,,,c58918db6e42de8830248d5281632433479c1e6d,gpeal,gpeal,2026-08-29T09:14:18.384632+00:00
10,openai/codex,pull_request,2095,pull_commit,committed,9ee54afb7bdd63528690c3d507eda754859004ef,2025-08-09T17:51:18Z,gpeal,User,,human_account,,no,,,9ee54afb7bdd63528690c3d507eda754859004ef,gpeal,gpeal,2026-08-29T09:14:18.384632+00:00
10,openai/codex,pull_request,2095,pull_commit,committed,4515dec781a2c6e687559dce1ac542f37d17fb57,2025-08-09T18:02:17Z,gpeal,User,,human_account,,no,,,4515dec781a2c6e687559dce1ac542f37d17fb57,gpeal,gpeal,2026-08-29T09:14:18.384632+00:00
10,openai/codex,pull_request,2095,pull_commit,committed,cf583d38c28fc494f1f1699ad31d805e20fbae40,2025-08-09T18:07:49Z,gpeal,User,,human_account,,no,,,cf583d38c28fc494f1f1699ad31d805e20fbae40,gpeal,gpeal,2026-08-29T09:14:18.384632+00:00
10,openai/codex,pull_request,2095,pull_commit,committed,ccdca98045ed1c11966dd758aeaf21d1d10b2929,2025-08-09T18:19:10Z,gpeal,User,,human_account,,no,,,ccdca98045ed1c11966dd758aeaf21d1d10b2929,gpeal,gpeal,2026-08-29T09:14:18.384632+00:00
10,openai/codex,pull_request,2095,pull_commit,committed,b4811b3bf6e934189e0dc8b8247bebd5036d85a0,2025-08-09T18:36:23Z,gpeal,User,,human_account,,no,,,b4811b3bf6e934189e0dc8b8247bebd5036d85a0,gpeal,gpeal,2026-08-29T09:14:18.384632+00:00
10,openai/codex,pull_request,2095,pull_commit,committed,ff9d1ec96f416f207abddbe3768fa778edaed8f1,2025-08-09T22:53:49Z,gpeal,User,,human_account,,no,,,ff9d1ec96f416f207abddbe3768fa778edaed8f1,gpeal,gpeal,2026-08-29T09:14:18.384632+00:00
10,openai/codex,pull_request,2095,pull_commit,committed,5eb1f65b038364e63bdabcc8e7ca864ed13107f3,2025-08-09T23:06:43Z,gpeal,User,,human_account,,no,,,5eb1f65b038364e63bdabcc8e7ca864ed13107f3,gpeal,gpeal,2026-08-29T09:14:18.384632+00:00
10,openai/codex,pull_request,2095,pull_commit,committed,0bae3077c865373abdc0e619e46a02286cf24bee,2025-08-10T00:37:14Z,gpeal,User,,human_account,,no,,,0bae3077c865373abdc0e619e46a02286cf24bee,gpeal,gpeal,2026-08-29T09:14:18.384632+00:00
10,openai/codex,pull_request,2095,pull_commit,committed,69b1ac68be190338ac3983e9ee4fcf10833ecdb1,2025-08-10T00:45:45Z,gpeal,User,,human_account,,no,,,69b1ac68be190338ac3983e9ee4fcf10833ecdb1,gpeal,gpeal,2026-08-29T09:14:18.384632+00:00
10,openai/codex,pull_request,2095,pull_commit,committed,c3793105dd56235efd71288bf3952848aedd8f30,2025-08-10T18:22:59Z,gpeal,User,,human_account,,no,,,c3793105dd56235efd71288bf3952848aedd8f30,gpeal,gpeal,2026-08-29T09:14:18.384632+00:00
10,openai/codex,pull_request,2095,pull_commit,committed,6efbf17c6696189eb4c6ab0bbfe89901d818340c,2025-08-10T18:39:03Z,gpeal,User,,human_account,,no,,,6efbf17c6696189eb4c6ab0bbfe89901d818340c,gpeal,gpeal,2026-08-29T09:14:18.384632+00:00
10,openai/codex,pull_request,2095,pull_commit,committed,9865a2b26f8fe2e528b87c7c38f182255079feff,2025-08-11T18:19:50Z,gpeal,User,,human_account,,no,,,9865a2b26f8fe2e528b87c7c38f182255079feff,gpeal,gpeal,2026-08-29T09:14:18.384632+00:00
10,openai/codex,pull_request,710,pull_commit,committed,1e5d059dceb1fb53cfc0b80141e83c85b7317907,2025-04-28T20:37:28Z,bolinfest,User,,human_account,,no,,,1e5d059dceb1fb53cfc0b80141e83c85b7317907,bolinfest,bolinfest,2026-08-29T09:14:18.950528+00:00
10,openai/codex,pull_request,643,pull_commit,committed,40400f6ad7eecc0b32db68903b5a1e66e3a66b35,2025-04-25T07:00:21Z,web-flow,User,,human_account,,no,,,40400f6ad7eecc0b32db68903b5a1e66e3a66b35,skpulipaka26,web-flow,2026-08-29T09:14:19.419450+00:00
10,openai/codex,pull_request,221,pull_commit,committed,9a047f40eb041ebff9045edf1ebb938d10342a6e,2025-04-17T09:35:57Z,web-flow,User,,human_account,,no,,,9a047f40eb041ebff9045edf1ebb938d10342a6e,ensorrow,web-flow,2026-08-29T09:14:20.084066+00:00
10,openai/codex,pull_request,221,pull_commit,committed,908a89a91a0a6d6fcbf32e1b4ce5d5ee7393e475,2025-04-17T09:41:45Z,web-flow,User,,human_account,,no,,,908a89a91a0a6d6fcbf32e1b4ce5d5ee7393e475,ensorrow,web-flow,2026-08-29T09:14:20.084066+00:00
10,openai/codex,pull_request,889,pull_commit,committed,a7436cfcc530b22acc383d271220672224d49c9c,2025-05-10T21:10:49Z,fouad-openai,User,,human_account,,no,,,a7436cfcc530b22acc383d271220672224d49c9c,fouad-openai,fouad-openai,2026-08-29T09:14:20.711996+00:00
10,openai/codex,pull_request,889,pull_commit,committed,d4a8dbed20e60f7a0f5bd6303547a6fd9a584010,2025-05-11T22:27:40Z,fouad-openai,User,,human_account,,no,,,d4a8dbed20e60f7a0f5bd6303547a6fd9a584010,fouad-openai,fouad-openai,2026-08-29T09:14:20.711996+00:00
10,openai/codex,pull_request,889,pull_commit,committed,ff4a9cfe99b360240861c808c9287f54d4c50326,2025-05-11T22:51:53Z,fouad-openai,User,,human_account,,no,,,ff4a9cfe99b360240861c808c9287f54d4c50326,fouad-openai,fouad-openai,2026-08-29T09:14:20.711996+00:00
10,openai/codex,pull_request,889,pull_commit,committed,fa0e3530cda055697cc989fd833a3b75b1dc39bb,2025-05-12T01:15:17Z,fouad-openai,User,,human_account,,no,,,fa0e3530cda055697cc989fd833a3b75b1dc39bb,fouad-openai,fouad-openai,2026-08-29T09:14:20.711996+00:00
10,openai/codex,pull_request,839,pull_commit,committed,d01d08ae808d88941bea83b31aac5f6b11c8c93e,2025-05-06T21:02:00Z,oscarsalvador,User,,human_account,,no,,,d01d08ae808d88941bea83b31aac5f6b11c8c93e,oscarsalvador,oscarsalvador,2026-08-29T09:14:21.248327+00:00
10,openai/codex,pull_request,839,pull_commit,committed,4ab674398825a4682009b8f5417b3f49a6844875,2025-05-07T21:51:01Z,web-flow,User,,human_account,,no,,,4ab674398825a4682009b8f5417b3f49a6844875,oscarsalvador,web-flow,2026-08-29T09:14:21.248327+00:00
10,openai/codex,pull_request,839,pull_commit,committed,3b0968fde816e27e80240398dc70ebbeb5ae423e,2025-05-07T22:48:15Z,oscarsalvador,User,,human_account,,no,,,3b0968fde816e27e80240398dc70ebbeb5ae423e,oscarsalvador,oscarsalvador,2026-08-29T09:14:21.248327+00:00
10,openai/codex,pull_request,839,pull_commit,committed,d1884e97be04adc7b7840b1d2838f29ba0283556,2025-05-09T17:04:06Z,oscarsalvador,User,,human_account,,no,,,d1884e97be04adc7b7840b1d2838f29ba0283556,oscarsalvador,oscarsalvador,2026-08-29T09:14:21.248327+00:00
10,openai/codex,pull_request,839,pull_commit,committed,b49e2622fca47596d507bee22aa6da370e615bb0,2025-05-09T17:04:51Z,oscarsalvador,User,,human_account,,no,,,b49e2622fca47596d507bee22aa6da370e615bb0,oscarsalvador,oscarsalvador,2026-08-29T09:14:21.248327+00:00
10,openai/codex,pull_request,242,pull_commit,committed,ff8873a589784b04e3e39a6166100bddcdc55b41,2025-04-17T14:59:00Z,,,,unknown,,no,,,ff8873a589784b04e3e39a6166100bddcdc55b41,,,2026-08-29T09:14:21.873591+00:00
10,openai/codex,pull_request,1402,pull_commit,committed,b52ac151cd0790cf6b6319fafecb8e386e194a31,2025-06-27T06:32:12Z,gpeal,User,,human_account,,no,,,b52ac151cd0790cf6b6319fafecb8e386e194a31,gpeal,gpeal,2026-08-29T09:14:22.461893+00:00
10,openai/codex,pull_request,1402,pull_commit,committed,3a2e9630277be08993286d34a1d7d2c3087e9cd0,2025-06-27T06:35:34Z,gpeal,User,,human_account,,no,,,3a2e9630277be08993286d34a1d7d2c3087e9cd0,gpeal,gpeal,2026-08-29T09:14:22.461893+00:00
10,openai/codex,pull_request,1402,pull_commit,committed,f4f671c32b4f946a12773a9a510c9e146a8eb0fa,2025-06-27T17:22:23Z,gpeal,User,,human_account,,no,,,f4f671c32b4f946a12773a9a510c9e146a8eb0fa,gpeal,gpeal,2026-08-29T09:14:22.461893+00:00
10,openai/codex,pull_request,1035,pull_commit,committed,3d8a13a4d435788e785403ce604738d3db209176,2025-05-19T21:42:42Z,web-flow,User,,human_account,,no,,,3d8a13a4d435788e785403ce604738d3db209176,iqrecycling,web-flow,2026-08-29T09:14:22.990674+00:00
10,openai/codex,pull_request,1022,pull_commit,committed,719b495283f5cb912a5ddd532b2fa56bc39d78ec,2025-05-19T02:12:54Z,appleboy,User,,human_account,,no,,,719b495283f5cb912a5ddd532b2fa56bc39d78ec,appleboy,appleboy,2026-08-29T09:14:23.566384+00:00
10,openai/codex,pull_request,1022,pull_commit,committed,ba25cfd944fff0aeed6517780cdf178cf24e4a12,2025-05-19T02:24:32Z,appleboy,User,,human_account,,no,,,ba25cfd944fff0aeed6517780cdf178cf24e4a12,appleboy,appleboy,2026-08-29T09:14:23.566384+00:00
10,openai/codex,pull_request,1022,pull_commit,committed,174f9e2873f6ee3462d5f86c9fd462aa1f0c825c,2025-05-19T02:29:16Z,appleboy,User,,human_account,,no,,,174f9e2873f6ee3462d5f86c9fd462aa1f0c825c,appleboy,appleboy,2026-08-29T09:14:23.566384+00:00
10,openai/codex,pull_request,1022,pull_commit,committed,5ecdb9cbf3e31dc47251a1a78f2a336fd4a959fe,2025-05-20T14:44:15Z,web-flow,User,,human_account,,no,,,5ecdb9cbf3e31dc47251a1a78f2a336fd4a959fe,appleboy,web-flow,2026-08-29T09:14:23.566384+00:00
10,openai/codex,pull_request,1022,pull_commit,committed,1baf568e53cdf44c3038e3765c06699dadf906f1,2025-05-25T05:10:58Z,web-flow,User,,human_account,,no,,,1baf568e53cdf44c3038e3765c06699dadf906f1,appleboy,web-flow,2026-08-29T09:14:23.566384+00:00
10,openai/codex,pull_request,1022,pull_commit,committed,9a4b4fe908fde779da81679bf14f1f1a7c047655,2025-06-04T13:27:29Z,web-flow,User,,human_account,,no,,,9a4b4fe908fde779da81679bf14f1f1a7c047655,appleboy,web-flow,2026-08-29T09:14:23.566384+00:00
10,openai/codex,pull_request,638,pull_commit,committed,4db909caa7a2be6700dff27bc9c6ad098f48c270,2025-04-25T01:03:21Z,bolinfest,User,,human_account,,no,,,4db909caa7a2be6700dff27bc9c6ad098f48c270,bolinfest,bolinfest,2026-08-29T09:14:24.106598+00:00
10,openai/codex,pull_request,753,pull_commit,committed,f25597b51040329fbb1241b1e3d87ff72fd9df3a,2025-04-30T16:21:25Z,bolinfest,User,,human_account,,no,,,f25597b51040329fbb1241b1e3d87ff72fd9df3a,bolinfest,bolinfest,2026-08-29T09:14:24.575307+00:00
10,openai/codex,pull_request,484,pull_commit,committed,f21b41d989ecd116d0f1b15db1c5ba9cdd0cfb49,2025-04-21T17:56:10Z,dnakov,User,,human_account,,no,,,f21b41d989ecd116d0f1b15db1c5ba9cdd0cfb49,dnakov,dnakov,2026-08-29T09:14:25.051142+00:00
10,openai/codex,pull_request,223,pull_commit,committed,378f2ca3f0918abde701876e858edc5c8ec90b1b,2025-04-17T09:44:54Z,khossdev,User,,human_account,,no,,,378f2ca3f0918abde701876e858edc5c8ec90b1b,khossdev,khossdev,2026-08-29T09:14:25.573065+00:00
10,openai/codex,pull_request,223,pull_commit,committed,28ab54cef31e6bac5a4e2bbece0573d4887a47dc,2025-04-17T09:47:17Z,khossdev,User,,human_account,,no,,,28ab54cef31e6bac5a4e2bbece0573d4887a47dc,khossdev,khossdev,2026-08-29T09:14:25.573065+00:00
10,openai/codex,pull_request,223,pull_commit,committed,163633493534c2d66e13c7653512de1464cad451,2025-04-17T09:56:03Z,khossdev,User,,human_account,,no,,,163633493534c2d66e13c7653512de1464cad451,khossdev,khossdev,2026-08-29T09:14:25.573065+00:00
10,openai/codex,pull_request,223,pull_commit,committed,3f54c6ddffe3e09ce3b586fb8df7daaf82cc574e,2025-04-17T10:00:49Z,khossdev,User,,human_account,,no,,,3f54c6ddffe3e09ce3b586fb8df7daaf82cc574e,khossdev,khossdev,2026-08-29T09:14:25.573065+00:00
10,openai/codex,pull_request,7028,pull_commit,committed,536d1030d210d3137b8fda74d0e2d9bb6c68775b,2025-11-20T21:13:49Z,aibrahim-oai,User,,human_account,,no,,,536d1030d210d3137b8fda74d0e2d9bb6c68775b,aibrahim-oai,aibrahim-oai,2026-08-29T09:14:26.124972+00:00
10,openai/codex,pull_request,7028,pull_commit,committed,bf3624c1a3a1f2ddd2faa4b16c32d8525c4e6b7f,2025-11-20T21:37:40Z,aibrahim-oai,User,,human_account,,no,,,bf3624c1a3a1f2ddd2faa4b16c32d8525c4e6b7f,aibrahim-oai,aibrahim-oai,2026-08-29T09:14:26.124972+00:00
10,openai/codex,pull_request,8162,pull_commit,committed,67e8a6f6d491a426d74c8588358a233af4ce88b6,2025-12-17T06:26:49Z,RealXuChe,User,,human_account,,no,,,67e8a6f6d491a426d74c8588358a233af4ce88b6,RealXuChe,RealXuChe,2026-08-29T09:14:26.612872+00:00
10,openai/codex,pull_request,8182,pull_commit,committed,bd83bbe7c2e6d7eb4b8c08c61d82c97d57b9424a,2025-12-17T13:09:49Z,jif-oai,User,,human_account,,no,,,bd83bbe7c2e6d7eb4b8c08c61d82c97d57b9424a,jif-oai,jif-oai,2026-08-29T09:14:27.066858+00:00
10,openai/codex,pull_request,8182,pull_commit,committed,7e0ec39844d48f13f72b80ce77a6263ee83d5a6e,2025-12-17T13:23:38Z,jif-oai,User,,human_account,,no,,,7e0ec39844d48f13f72b80ce77a6263ee83d5a6e,jif-oai,jif-oai,2026-08-29T09:14:27.066858+00:00
10,openai/codex,pull_request,8220,pull_commit,committed,349aa9e0cb002dc37e8e04367ba13220c0b5cb73,2025-12-18T00:12:42Z,xl-openai,User,,human_account,,no,,,349aa9e0cb002dc37e8e04367ba13220c0b5cb73,xl-openai,xl-openai,2026-08-29T09:14:27.601360+00:00
10,openai/codex,pull_request,8220,pull_commit,committed,ed08394e44122ba76c1e275a6e35f311e4fc2a53,2025-12-18T02:32:03Z,xl-openai,User,,human_account,,no,,,ed08394e44122ba76c1e275a6e35f311e4fc2a53,xl-openai,xl-openai,2026-08-29T09:14:27.601360+00:00
10,openai/codex,pull_request,3072,pull_commit,committed,a8324c5d948707b94f11885676cb33288845df3d,2025-09-02T21:52:44Z,aibrahim-oai,User,,human_account,,no,,,a8324c5d948707b94f11885676cb33288845df3d,aibrahim-oai,aibrahim-oai,2026-08-29T09:14:28.085662+00:00
10,openai/codex,pull_request,3072,pull_commit,committed,8bb57afc84646fafa2e141c89820091551202cea,2025-09-02T22:18:04Z,aibrahim-oai,User,,human_account,,no,,,8bb57afc84646fafa2e141c89820091551202cea,aibrahim-oai,aibrahim-oai,2026-08-29T09:14:28.085662+00:00
10,openai/codex,pull_request,3072,pull_commit,committed,4e6bc85fc44ffcaf62c72907faee79586093f308,2025-09-02T22:19:29Z,aibrahim-oai,User,,human_account,,no,,,4e6bc85fc44ffcaf62c72907faee79586093f308,aibrahim-oai,aibrahim-oai,2026-08-29T09:14:28.085662+00:00
10,openai/codex,pull_request,5299,pull_commit,committed,d1fb6e2f5d6663ee4836fd7f805840e9137d6139,2025-10-17T20:57:52Z,,,,unknown,,no,,,d1fb6e2f5d6663ee4836fd7f805840e9137d6139,,,2026-08-29T09:14:28.625296+00:00
10,openai/codex,pull_request,4478,pull_commit,committed,229398e1505895cbacc77139e6084745ee96f185,2025-09-30T00:49:21Z,pakrym-oai,User,,human_account,,no,,,229398e1505895cbacc77139e6084745ee96f185,pakrym-oai,pakrym-oai,2026-08-29T09:14:29.139743+00:00
10,openai/codex,pull_request,4478,pull_commit,committed,fc5922a6b2dc7d53761fbb1e830ca54baa996843,2025-09-30T00:51:42Z,pakrym-oai,User,,human_account,,no,,,fc5922a6b2dc7d53761fbb1e830ca54baa996843,pakrym-oai,pakrym-oai,2026-08-29T09:14:29.139743+00:00
10,openai/codex,pull_request,4463,pull_commit,committed,4c948c7f0d2e6555205077748908fb7b92b2f30a,2025-09-29T20:45:58Z,web-flow,User,,human_account,,no,,,4c948c7f0d2e6555205077748908fb7b92b2f30a,andrescoto-cpu,web-flow,2026-08-29T09:14:29.651676+00:00
10,openai/codex,pull_request,4456,pull_commit,committed,eeb0a5788327c8c969aab573e7faba45632efb2e,2025-09-29T18:49:54Z,dedrisian-oai,User,,human_account,,no,,,eeb0a5788327c8c969aab573e7faba45632efb2e,dedrisian-oai,dedrisian-oai,2026-08-29T09:14:30.190146+00:00
10,openai/codex,pull_request,4456,pull_commit,committed,85054383531c7c032835ecec2401e9fa22a8d423,2025-09-29T19:21:30Z,dedrisian-oai,User,,human_account,,no,,,85054383531c7c032835ecec2401e9fa22a8d423,dedrisian-oai,dedrisian-oai,2026-08-29T09:14:30.190146+00:00
10,openai/codex,pull_request,3030,pull_commit,committed,409d7cf2c15b204c56ca8382d851650ad13b43de,2025-10-16T00:13:54Z,mazdak,User,,human_account,,no,,,409d7cf2c15b204c56ca8382d851650ad13b43de,mazdak,mazdak,2026-08-29T09:14:30.656776+00:00
10,openai/codex,pull_request,3030,pull_commit,committed,bcc64d8ba0929e928c8f80209fe5eea0bdafd355,2025-10-16T00:13:54Z,mazdak,User,,human_account,,no,,,bcc64d8ba0929e928c8f80209fe5eea0bdafd355,mazdak,mazdak,2026-08-29T09:14:30.656776+00:00
10,openai/codex,pull_request,4664,pull_commit,committed,af544fd7a8be4f5a7262245d0ceb11fb742e058a,2025-10-03T01:04:10Z,nornagon-openai,User,,human_account,,no,,,af544fd7a8be4f5a7262245d0ceb11fb742e058a,nornagon-openai,nornagon-openai,2026-08-29T09:14:31.226661+00:00
10,openai/codex,pull_request,4664,pull_commit,committed,16efeb9b000589c62ff4504606dbd41f8e31b235,2025-10-03T01:04:11Z,nornagon-openai,User,,human_account,,no,,,16efeb9b000589c62ff4504606dbd41f8e31b235,nornagon-openai,nornagon-openai,2026-08-29T09:14:31.226661+00:00
10,openai/codex,pull_request,4664,pull_commit,committed,035259471fa5c33be576595c5dda79936ec06c8f,2025-10-03T01:05:10Z,nornagon-openai,User,,human_account,,no,,,035259471fa5c33be576595c5dda79936ec06c8f,nornagon-openai,nornagon-openai,2026-08-29T09:14:31.226661+00:00
10,openai/codex,pull_request,4664,pull_commit,committed,930c4a9be1bbd5ceaff0f1c519db44ccaa6e777e,2025-10-03T15:16:41Z,nornagon-openai,User,,human_account,,no,,,930c4a9be1bbd5ceaff0f1c519db44ccaa6e777e,nornagon-openai,nornagon-openai,2026-08-29T09:14:31.226661+00:00
10,openai/codex,pull_request,4664,pull_commit,committed,d842181db6e64e9f778dc020d20daa23ce35015f,2025-10-03T15:41:11Z,nornagon-openai,User,,human_account,,no,,,d842181db6e64e9f778dc020d20daa23ce35015f,nornagon-openai,nornagon-openai,2026-08-29T09:14:31.226661+00:00
10,openai/codex,pull_request,4664,pull_commit,committed,bf22e6297cc6d4ff074c86eba07eec3969b40e52,2025-10-03T15:42:30Z,nornagon-openai,User,,human_account,,no,,,bf22e6297cc6d4ff074c86eba07eec3969b40e52,nornagon-openai,nornagon-openai,2026-08-29T09:14:31.226661+00:00
10,openai/codex,pull_request,4664,pull_commit,committed,4ec303b7c95d50fa2d58b9a20b4fcc798593aeb3,2025-10-07T18:11:30Z,web-flow,User,,human_account,,no,,,4ec303b7c95d50fa2d58b9a20b4fcc798593aeb3,nornagon-openai,web-flow,2026-08-29T09:14:31.226661+00:00
10,openai/codex,pull_request,26286,pull_commit,committed,de3ce0862816bade1be27c499e904f8cf6fdc47c,2026-06-04T01:29:46Z,winston-openai,User,,human_account,,no,,,de3ce0862816bade1be27c499e904f8cf6fdc47c,winston-openai,winston-openai,2026-08-29T09:14:31.857547+00:00
10,openai/codex,pull_request,26286,pull_commit,committed,9f9257e9cdb95f73ac6bba7e85cc64f007b6b191,2026-06-04T01:55:52Z,winston-openai,User,,human_account,,no,,,9f9257e9cdb95f73ac6bba7e85cc64f007b6b191,winston-openai,winston-openai,2026-08-29T09:14:31.857547+00:00
10,openai/codex,pull_request,26286,pull_commit,committed,b468d853354d7b317f8f91d7da012eb5d006dc51,2026-06-04T01:56:27Z,winston-openai,User,,human_account,,no,,,b468d853354d7b317f8f91d7da012eb5d006dc51,winston-openai,winston-openai,2026-08-29T09:14:31.857547+00:00
10,openai/codex,pull_request,26286,pull_commit,committed,c9014ad029f8febe5735f042a0cd5094868d7108,2026-06-04T02:26:44Z,winston-openai,User,,human_account,,no,,,c9014ad029f8febe5735f042a0cd5094868d7108,winston-openai,winston-openai,2026-08-29T09:14:31.857547+00:00
10,openai/codex,pull_request,26286,pull_commit,committed,14d16d2dd4041d9658e217d11242efcc1f10e1f8,2026-06-04T02:53:12Z,winston-openai,User,,human_account,,no,,,14d16d2dd4041d9658e217d11242efcc1f10e1f8,winston-openai,winston-openai,2026-08-29T09:14:31.857547+00:00
10,openai/codex,pull_request,26286,pull_commit,committed,fb6ce7fef9984fad3441c94242cef631fef17931,2026-06-04T02:58:12Z,winston-openai,User,,human_account,,no,,,fb6ce7fef9984fad3441c94242cef631fef17931,winston-openai,winston-openai,2026-08-29T09:14:31.857547+00:00
10,openai/codex,pull_request,26286,pull_commit,committed,f4f971624e37563bae19676633c597baa4a3bb2c,2026-06-04T05:20:01Z,winston-openai,User,,human_account,,no,,,f4f971624e37563bae19676633c597baa4a3bb2c,winston-openai,winston-openai,2026-08-29T09:14:31.857547+00:00
10,openai/codex,pull_request,26286,pull_commit,committed,460f10012abf922b4debfc88b1cbb5a634c998f1,2026-06-04T05:20:16Z,winston-openai,User,,human_account,,no,,,460f10012abf922b4debfc88b1cbb5a634c998f1,winston-openai,winston-openai,2026-08-29T09:14:31.857547+00:00
10,openai/codex,pull_request,26286,pull_commit,committed,338aa0ab3880765e21b79142acc2a946a81cddb0,2026-06-04T05:30:13Z,winston-openai,User,,human_account,,no,,,338aa0ab3880765e21b79142acc2a946a81cddb0,winston-openai,winston-openai,2026-08-29T09:14:31.857547+00:00
10,openai/codex,pull_request,26286,pull_commit,committed,7a3610fc2faeb6bf16822e467ed7a356430ad03e,2026-06-04T10:47:28Z,winston-openai,User,,human_account,,no,,,7a3610fc2faeb6bf16822e467ed7a356430ad03e,winston-openai,winston-openai,2026-08-29T09:14:31.857547+00:00
10,openai/codex,pull_request,26286,pull_commit,committed,438686dc0f8c2936acc02303539e1005f5e72faa,2026-06-04T10:50:51Z,winston-openai,User,,human_account,,no,,,438686dc0f8c2936acc02303539e1005f5e72faa,winston-openai,winston-openai,2026-08-29T09:14:31.857547+00:00
10,openai/codex,pull_request,22198,pull_commit,committed,7f013f1cf6f5b8761bbe5399206bae373580787c,2026-05-11T19:40:51Z,mzeng-openai,User,,human_account,,no,,,7f013f1cf6f5b8761bbe5399206bae373580787c,mzeng-openai,mzeng-openai,2026-08-29T09:14:32.358498+00:00
10,openai/codex,pull_request,22198,pull_commit,committed,18937d89e2abf125d2470fc9ef2f2bf05af98864,2026-05-11T20:26:31Z,mzeng-openai,User,,human_account,,no,,,18937d89e2abf125d2470fc9ef2f2bf05af98864,mzeng-openai,mzeng-openai,2026-08-29T09:14:32.358498+00:00
10,openai/codex,pull_request,22198,pull_commit,committed,08fe67db303c5d1f3de5d30a57d211662231724e,2026-05-11T23:20:52Z,mzeng-openai,User,,human_account,,no,,,08fe67db303c5d1f3de5d30a57d211662231724e,mzeng-openai,mzeng-openai,2026-08-29T09:14:32.358498+00:00
10,openai/codex,pull_request,22198,pull_commit,committed,93de3fd4fd7e27e65b8881c6a0cff5dbf24d95ab,2026-05-11T23:35:42Z,web-flow,User,,human_account,,no,,,93de3fd4fd7e27e65b8881c6a0cff5dbf24d95ab,mzeng-openai,web-flow,2026-08-29T09:14:32.358498+00:00
10,openai/codex,pull_request,40961,pull_commit,committed,7f823973633472ec75b9ab86342e01561f78dd42,2026-08-26T19:38:42Z,dank-openai,User,,human_account,,no,,,7f823973633472ec75b9ab86342e01561f78dd42,dank-openai,,2026-08-29T09:14:32.895633+00:00
10,openai/codex,pull_request,28122,pull_commit,committed,a2a917b071ce164777333349163005720c8c5e7f,2026-06-14T05:27:09Z,anp-oai,User,,human_account,,no,,,a2a917b071ce164777333349163005720c8c5e7f,anp-oai,anp-oai,2026-08-29T09:14:33.390945+00:00
10,openai/codex,pull_request,28122,pull_commit,committed,019ff65142c38263fd685f9692670aeeb560c5c6,2026-06-14T05:27:09Z,anp-oai,User,,human_account,,no,,,019ff65142c38263fd685f9692670aeeb560c5c6,anp-oai,anp-oai,2026-08-29T09:14:33.390945+00:00
10,openai/codex,pull_request,28122,pull_commit,committed,5bada3f2a4f18a252cd65d89f461d3ff3c9f4b1f,2026-06-14T05:27:09Z,anp-oai,User,,human_account,,no,,,5bada3f2a4f18a252cd65d89f461d3ff3c9f4b1f,anp-oai,anp-oai,2026-08-29T09:14:33.390945+00:00
10,openai/codex,pull_request,28122,pull_commit,committed,2a8b87ed44215e4bf0bcce6b778038874c720b51,2026-06-14T05:27:09Z,anp-oai,User,,human_account,,no,,,2a8b87ed44215e4bf0bcce6b778038874c720b51,anp-oai,anp-oai,2026-08-29T09:14:33.390945+00:00
10,openai/codex,pull_request,28122,pull_commit,committed,310ccf29f684a7a19ae65ea790bd465cfe74cb2a,2026-06-14T05:27:09Z,anp-oai,User,,human_account,,no,,,310ccf29f684a7a19ae65ea790bd465cfe74cb2a,anp-oai,anp-oai,2026-08-29T09:14:33.390945+00:00
10,openai/codex,pull_request,28122,pull_commit,committed,763357aaa79a5fb13f84a5013deb2ff284a67bd4,2026-06-14T05:27:09Z,anp-oai,User,,human_account,,no,,,763357aaa79a5fb13f84a5013deb2ff284a67bd4,anp-oai,anp-oai,2026-08-29T09:14:33.390945+00:00
10,openai/codex,pull_request,28122,pull_commit,committed,ce4102787545b9131e32619e43ed89dc0ad13f12,2026-06-14T05:27:09Z,anp-oai,User,,human_account,,no,,,ce4102787545b9131e32619e43ed89dc0ad13f12,anp-oai,anp-oai,2026-08-29T09:14:33.390945+00:00
10,openai/codex,pull_request,28122,pull_commit,committed,4f6dd50b0eb01f3548c7b1403017e74c8697ef51,2026-06-14T05:27:09Z,anp-oai,User,,human_account,,no,,,4f6dd50b0eb01f3548c7b1403017e74c8697ef51,anp-oai,anp-oai,2026-08-29T09:14:33.390945+00:00
10,openai/codex,pull_request,28122,pull_commit,committed,f4db0780fc9ef2063e29847f851759c5bd97dbe1,2026-06-14T05:31:28Z,anp-oai,User,,human_account,,no,,,f4db0780fc9ef2063e29847f851759c5bd97dbe1,anp-oai,anp-oai,2026-08-29T09:14:33.390945+00:00
10,openai/codex,pull_request,28122,pull_commit,committed,25644e0ec49ebf371ab45c8ae73b3cb8fd78607e,2026-06-14T05:41:42Z,anp-oai,User,,human_account,,no,,,25644e0ec49ebf371ab45c8ae73b3cb8fd78607e,anp-oai,anp-oai,2026-08-29T09:14:33.390945+00:00
10,openai/codex,pull_request,28122,pull_commit,committed,18004b9322a89dd9efc40aea3f88643cdfc55eed,2026-06-14T05:49:31Z,anp-oai,User,,human_account,,no,,,18004b9322a89dd9efc40aea3f88643cdfc55eed,anp-oai,anp-oai,2026-08-29T09:14:33.390945+00:00
10,openai/codex,pull_request,28122,pull_commit,committed,716e9e32e934a3f7b868a1bc7a327524594dc81e,2026-06-14T05:56:50Z,anp-oai,User,,human_account,,no,,,716e9e32e934a3f7b868a1bc7a327524594dc81e,anp-oai,anp-oai,2026-08-29T09:14:33.390945+00:00
10,openai/codex,pull_request,28122,pull_commit,committed,1a7dbd5b4ff43cdf230f8b7062e6c1618ed458dc,2026-06-14T05:59:36Z,anp-oai,User,,human_account,,no,,,1a7dbd5b4ff43cdf230f8b7062e6c1618ed458dc,anp-oai,anp-oai,2026-08-29T09:14:33.390945+00:00
10,openai/codex,pull_request,30676,pull_commit,committed,680058260e229fbb0dd5a0e94128a8e0c99bf22b,2026-07-07T04:01:31Z,apanasenko-oai,User,,human_account,,no,,,680058260e229fbb0dd5a0e94128a8e0c99bf22b,apanasenko-oai,apanasenko-oai,2026-08-29T09:14:33.884868+00:00
10,openai/codex,pull_request,29026,pull_commit,committed,2cae3a1cac87f7b632052a1a43243f5ba205ea90,2026-06-19T02:10:56Z,xl-openai,User,,human_account,,no,,,2cae3a1cac87f7b632052a1a43243f5ba205ea90,xl-openai,xl-openai,2026-08-29T09:14:34.886079+00:00
10,openai/codex,pull_request,29026,pull_commit,committed,317578257fc3e86893047613eb7b3079c821307e,2026-06-19T02:56:51Z,xl-openai,User,,human_account,,no,,,317578257fc3e86893047613eb7b3079c821307e,xl-openai,xl-openai,2026-08-29T09:14:34.886079+00:00
10,openai/codex,pull_request,29026,pull_commit,committed,eb7186aba60ccc52159093373e28c282b38d9b65,2026-06-19T03:06:33Z,xl-openai,User,,human_account,,no,,,eb7186aba60ccc52159093373e28c282b38d9b65,xl-openai,xl-openai,2026-08-29T09:14:34.886079+00:00
10,openai/codex,pull_request,35670,pull_commit,committed,fd41e813cb5939029acab29cb5f2fb8ac8d8286d,2026-07-27T21:12:00Z,iceweasel-oai,User,,human_account,,no,,,fd41e813cb5939029acab29cb5f2fb8ac8d8286d,iceweasel-oai,,2026-08-29T09:14:35.433011+00:00
22,n8n-io/n8n,pull_request,83,pull_commit,committed,b8b5ba4e79cd346205b8b0b89a8a288b0eca9d39,2019-10-16T20:53:30Z,NeOMakinG,User,,human_account,,no,,,b8b5ba4e79cd346205b8b0b89a8a288b0eca9d39,NeOMakinG,NeOMakinG,2026-08-29T09:14:35.972201+00:00
22,n8n-io/n8n,pull_request,83,pull_commit,committed,027ce90f896426e84077009a324a3d1922d2250c,2019-10-20T11:22:57Z,NeOMakinG,User,,human_account,,no,,,027ce90f896426e84077009a324a3d1922d2250c,NeOMakinG,NeOMakinG,2026-08-29T09:14:35.972201+00:00
22,n8n-io/n8n,pull_request,83,pull_commit,committed,f2af8d706dfe7c52438af6aa2b34d04eb3b84ac8,2019-10-20T20:14:42Z,NeOMakinG,User,,human_account,,no,,,f2af8d706dfe7c52438af6aa2b34d04eb3b84ac8,NeOMakinG,NeOMakinG,2026-08-29T09:14:35.972201+00:00
22,n8n-io/n8n,pull_request,83,pull_commit,committed,f033e4c886ab5ac102e21d10b364d5e4e15c22d2,2019-10-20T21:26:58Z,NeOMakinG,User,,human_account,,no,,,f033e4c886ab5ac102e21d10b364d5e4e15c22d2,NeOMakinG,NeOMakinG,2026-08-29T09:14:35.972201+00:00
22,n8n-io/n8n,pull_request,57,pull_commit,committed,98674d74e25c837bce3e1ae80dd627f4f10e277e,2019-10-10T08:22:01Z,web-flow,User,,human_account,,no,,,98674d74e25c837bce3e1ae80dd627f4f10e277e,justb81,web-flow,2026-08-29T09:14:36.532586+00:00
22,n8n-io/n8n,pull_request,35,pull_commit,committed,b453c05f7d5b0a5d9f56a3f9d5a9dc1a0681d7f9,2019-10-08T12:40:47Z,web-flow,User,,human_account,,no,,,b453c05f7d5b0a5d9f56a3f9d5a9dc1a0681d7f9,,web-flow,2026-08-29T09:14:37.049393+00:00
22,n8n-io/n8n,pull_request,42,pull_commit,committed,bdf192822c9272a8701699e5093e4a4fcf0f9fc4,2019-10-09T17:29:11Z,ddevault,User,,human_account,,no,,,bdf192822c9272a8701699e5093e4a4fcf0f9fc4,ddevault,ddevault,2026-08-29T09:14:37.586005+00:00
22,n8n-io/n8n,pull_request,5,pull_commit,committed,ad6adb6a91a88d8991c2bf9a6fdac29820784a24,2019-08-14T07:08:55Z,web-flow,User,,human_account,,no,,,ad6adb6a91a88d8991c2bf9a6fdac29820784a24,thomasleveil,web-flow,2026-08-29T09:14:38.156411+00:00
22,n8n-io/n8n,pull_request,66,pull_commit,committed,b1d1851842e7e619adc76f2fa638ae80befee387,2019-10-11T15:13:58Z,YoniFei,User,,human_account,,no,,,b1d1851842e7e619adc76f2fa638ae80befee387,YoniFei,YoniFei,2026-08-29T09:14:38.756796+00:00
22,n8n-io/n8n,pull_request,66,pull_commit,committed,aa1caa41880b84e9568e7581584caa4c7d5f3e33,2019-10-12T08:30:06Z,YoniFei,User,,human_account,,no,,,aa1caa41880b84e9568e7581584caa4c7d5f3e33,YoniFei,YoniFei,2026-08-29T09:14:38.756796+00:00
22,n8n-io/n8n,pull_request,85,pull_commit,committed,40c59a17b7798c68e42d603e7f93480d8c140969,2019-10-17T20:57:08Z,,,,unknown,,no,,,40c59a17b7798c68e42d603e7f93480d8c140969,,,2026-08-29T09:14:39.276918+00:00
22,n8n-io/n8n,pull_request,85,pull_commit,committed,16f0f326e9abab1b752b743f7ebe7aebb356bce3,2019-10-19T20:20:51Z,web-flow,User,,human_account,,no,,,16f0f326e9abab1b752b743f7ebe7aebb356bce3,milekz,web-flow,2026-08-29T09:14:39.276918+00:00
22,n8n-io/n8n,pull_request,85,pull_commit,committed,31416b63976e4a039751ee776f4954d7db6e8807,2019-10-19T20:33:49Z,web-flow,User,,human_account,,no,,,31416b63976e4a039751ee776f4954d7db6e8807,milekz,web-flow,2026-08-29T09:14:39.276918+00:00
22,n8n-io/n8n,pull_request,85,pull_commit,committed,ec54e76f280331f03cc70a13ed694f78dca8a0e3,2019-10-19T20:39:26Z,web-flow,User,,human_account,,no,,,ec54e76f280331f03cc70a13ed694f78dca8a0e3,milekz,web-flow,2026-08-29T09:14:39.276918+00:00
22,n8n-io/n8n,pull_request,85,pull_commit,committed,a565579ec4a99f9b29cfdb3bfa2f7cc3ffa0b0dc,2019-10-19T21:18:25Z,web-flow,User,,human_account,,no,,,a565579ec4a99f9b29cfdb3bfa2f7cc3ffa0b0dc,milekz,web-flow,2026-08-29T09:14:39.276918+00:00
22,n8n-io/n8n,pull_request,23405,pull_commit,committed,f743f4e69bece8a5c20fab3cdaa364313170a6d8,2025-12-18T12:35:59Z,ivov,User,,human_account,,no,,,f743f4e69bece8a5c20fab3cdaa364313170a6d8,ivov,ivov,2026-08-29T09:14:39.781214+00:00
22,n8n-io/n8n,pull_request,23405,pull_commit,committed,38ffc0ba89cdf3c13a59759329c23c764ce99df2,2025-12-18T12:37:08Z,ivov,User,,human_account,,no,,,38ffc0ba89cdf3c13a59759329c23c764ce99df2,ivov,ivov,2026-08-29T09:14:39.781214+00:00
22,n8n-io/n8n,pull_request,23405,pull_commit,committed,1e541ddaa350f2ea6e033bc952226576481350b4,2025-12-18T12:50:02Z,ivov,User,,human_account,,no,,,1e541ddaa350f2ea6e033bc952226576481350b4,ivov,ivov,2026-08-29T09:14:39.781214+00:00
22,n8n-io/n8n,pull_request,19466,pull_commit,committed,f3d7c5e033263f98fa202173a78fe5d5c51ebefa,2025-09-12T11:53:10Z,Cadiac,User,,human_account,,no,,,f3d7c5e033263f98fa202173a78fe5d5c51ebefa,Cadiac,Cadiac,2026-08-29T09:14:40.337076+00:00
22,n8n-io/n8n,pull_request,21690,pull_commit,committed,3652a2d8a70d4a20bd67a765e950f23061ead933,2025-11-10T12:29:33Z,mike12345567,User,,human_account,,no,,,3652a2d8a70d4a20bd67a765e950f23061ead933,mike12345567,mike12345567,2026-08-29T09:14:40.886280+00:00
22,n8n-io/n8n,pull_request,21690,pull_commit,committed,ea4a21ecebc4a3e2e81663d2491106b0f140c1eb,2025-11-10T15:23:11Z,mike12345567,User,,human_account,,no,,,ea4a21ecebc4a3e2e81663d2491106b0f140c1eb,mike12345567,mike12345567,2026-08-29T09:14:40.886280+00:00
22,n8n-io/n8n,pull_request,23154,pull_commit,committed,4aadb21042fd5554d776dca0f542b35d03167db5,2025-12-12T16:49:14Z,web-flow,User,,human_account,,no,,,4aadb21042fd5554d776dca0f542b35d03167db5,victorgamer2204-maker,web-flow,2026-08-29T09:14:41.416958+00:00
22,n8n-io/n8n,pull_request,22467,pull_commit,committed,69d4308af2956008f28276b088a4055450633b5d,2025-11-28T14:12:13Z,tomi,User,,human_account,,no,,,69d4308af2956008f28276b088a4055450633b5d,tomi,tomi,2026-08-29T09:14:42.035743+00:00
22,n8n-io/n8n,pull_request,21209,pull_commit,committed,b849d8b95eba9ce95f1a198e87410fb389044c4d,2025-10-27T04:35:09Z,michael-radency,User,,human_account,,no,,,b849d8b95eba9ce95f1a198e87410fb389044c4d,michael-radency,michael-radency,2026-08-29T09:14:42.611914+00:00
22,n8n-io/n8n,pull_request,21209,pull_commit,committed,24622e60206d059f37a294c1d33ae7db5da318b5,2025-10-27T04:52:04Z,michael-radency,User,,human_account,,no,,,24622e60206d059f37a294c1d33ae7db5da318b5,michael-radency,michael-radency,2026-08-29T09:14:42.611914+00:00
22,n8n-io/n8n,pull_request,21209,pull_commit,committed,e36691de42079c9b734b4cdc2dab2dd4d19c3b50,2025-10-27T06:05:56Z,michael-radency,User,,human_account,,no,,,e36691de42079c9b734b4cdc2dab2dd4d19c3b50,michael-radency,michael-radency,2026-08-29T09:14:42.611914+00:00
22,n8n-io/n8n,pull_request,23222,pull_commit,committed,4c71ca8908bc35aa0ee2e441b138147f77c4fadf,2025-12-15T11:21:46Z,Cadiac,User,,human_account,,no,,,4c71ca8908bc35aa0ee2e441b138147f77c4fadf,Cadiac,Cadiac,2026-08-29T09:14:43.600937+00:00
22,n8n-io/n8n,pull_request,21859,pull_commit,committed,a6d2e1da0f048d1b79c8aeeda03da8b12cad0ea4,2025-11-14T08:36:45Z,guillaumejacquart,User,,human_account,,no,,,a6d2e1da0f048d1b79c8aeeda03da8b12cad0ea4,guillaumejacquart,guillaumejacquart,2026-08-29T09:14:44.145525+00:00
22,n8n-io/n8n,pull_request,19715,pull_commit,committed,ad655a15ba788285bf56374f11d585b586d26aa9,2025-09-18T13:33:39Z,mike12345567,User,,human_account,,no,,,ad655a15ba788285bf56374f11d585b586d26aa9,mike12345567,mike12345567,2026-08-29T09:14:44.795460+00:00
22,n8n-io/n8n,pull_request,19715,pull_commit,committed,f2355df40b106432a2e395623b7de758cb708f0f,2025-09-18T14:06:12Z,mike12345567,User,,human_account,,no,,,f2355df40b106432a2e395623b7de758cb708f0f,mike12345567,mike12345567,2026-08-29T09:14:44.795460+00:00
22,n8n-io/n8n,pull_request,20212,pull_commit,committed,45c9a49488b00ef19ae62caf33495da6ab95c615,2025-09-30T13:12:04Z,afitzek,User,,human_account,,no,,,45c9a49488b00ef19ae62caf33495da6ab95c615,afitzek,afitzek,2026-08-29T09:14:45.253033+00:00
22,n8n-io/n8n,pull_request,20212,pull_commit,committed,dc3e5ee4604ed3ab20554136106b6958134433a9,2025-09-30T13:26:28Z,afitzek,User,,human_account,,no,,,dc3e5ee4604ed3ab20554136106b6958134433a9,afitzek,afitzek,2026-08-29T09:14:45.253033+00:00
22,n8n-io/n8n,pull_request,19920,pull_commit,committed,5e57e2874e84bb084c41040f015d1abb8df5c298,2025-09-23T14:33:25Z,yehorkardash,User,,human_account,,no,,,5e57e2874e84bb084c41040f015d1abb8df5c298,yehorkardash,yehorkardash,2026-08-29T09:14:45.737313+00:00
22,n8n-io/n8n,pull_request,19920,pull_commit,committed,fb08ebb80cb35468332af58f5014f0469e288d93,2025-09-23T15:02:26Z,yehorkardash,User,,human_account,,no,,,fb08ebb80cb35468332af58f5014f0469e288d93,yehorkardash,yehorkardash,2026-08-29T09:14:45.737313+00:00
22,n8n-io/n8n,pull_request,22308,pull_commit,committed,056cdc9059cb22e135f36dfaf8f09da340a09432,2025-11-25T18:05:58Z,NaniSkinner,User,,human_account,,no,,,056cdc9059cb22e135f36dfaf8f09da340a09432,NaniSkinner,NaniSkinner,2026-08-29T09:14:46.316050+00:00
22,n8n-io/n8n,pull_request,22918,pull_commit,committed,4aba137f3680ed3a46d1db961c30f65cf722afa3,2025-12-08T11:59:13Z,shortstacked,User,,human_account,,no,,,4aba137f3680ed3a46d1db961c30f65cf722afa3,shortstacked,shortstacked,2026-08-29T09:14:46.861444+00:00
22,n8n-io/n8n,pull_request,21349,pull_commit,committed,8b63466f1a54f360c6afe40110ac8df048f930fe,2025-10-28T14:37:32Z,autologie,User,,human_account,,no,,,8b63466f1a54f360c6afe40110ac8df048f930fe,autologie,autologie,2026-08-29T09:14:47.424206+00:00
22,n8n-io/n8n,pull_request,21349,pull_commit,committed,b65362ebef1643a54749fcdd0eb40c3729091677,2025-10-28T16:54:29Z,autologie,User,,human_account,,no,,,b65362ebef1643a54749fcdd0eb40c3729091677,autologie,autologie,2026-08-29T09:14:47.424206+00:00
22,n8n-io/n8n,pull_request,21349,pull_commit,committed,aeb3ca9cc0a81c7d9524e232dec7b62ca2012887,2025-10-28T17:21:56Z,autologie,User,,human_account,,no,,,aeb3ca9cc0a81c7d9524e232dec7b62ca2012887,autologie,autologie,2026-08-29T09:14:47.424206+00:00
22,n8n-io/n8n,pull_request,21349,pull_commit,committed,f3f99dd9b6b6fb2e0df37b6982d2c8b90f5fcc46,2025-10-29T09:10:26Z,autologie,User,,human_account,,no,,,f3f99dd9b6b6fb2e0df37b6982d2c8b90f5fcc46,autologie,autologie,2026-08-29T09:14:47.424206+00:00
22,n8n-io/n8n,pull_request,21349,pull_commit,committed,0a92a03d1046af096763e7d6d16e319a73a27870,2025-10-29T09:40:55Z,autologie,User,,human_account,,no,,,0a92a03d1046af096763e7d6d16e319a73a27870,autologie,autologie,2026-08-29T09:14:47.424206+00:00
22,n8n-io/n8n,pull_request,21349,pull_commit,committed,57fc559e9167fc158954aa93bdc11cedbdaade59,2025-10-29T09:54:18Z,autologie,User,,human_account,,no,,,57fc559e9167fc158954aa93bdc11cedbdaade59,autologie,autologie,2026-08-29T09:14:47.424206+00:00
22,n8n-io/n8n,pull_request,21349,pull_commit,committed,6e7caf358a7523587484dfa52b285f29f4ea3855,2025-10-29T10:07:40Z,autologie,User,,human_account,,no,,,6e7caf358a7523587484dfa52b285f29f4ea3855,autologie,autologie,2026-08-29T09:14:47.424206+00:00
22,n8n-io/n8n,pull_request,21349,pull_commit,committed,ca9d3b6f1f6b803153891dfdce08c530da832dcb,2025-10-29T10:11:49Z,autologie,User,,human_account,,no,,,ca9d3b6f1f6b803153891dfdce08c530da832dcb,autologie,autologie,2026-08-29T09:14:47.424206+00:00
22,n8n-io/n8n,pull_request,21349,pull_commit,committed,5aa537f99d7abb49951025deb9c7dfe3e603fed9,2025-10-29T10:38:05Z,autologie,User,,human_account,,no,,,5aa537f99d7abb49951025deb9c7dfe3e603fed9,autologie,autologie,2026-08-29T09:14:47.424206+00:00
22,n8n-io/n8n,pull_request,21349,pull_commit,committed,82e9025a12c6ca12e6fa3d2d29795b10b6793890,2025-10-29T11:28:02Z,autologie,User,,human_account,,no,,,82e9025a12c6ca12e6fa3d2d29795b10b6793890,autologie,autologie,2026-08-29T09:14:47.424206+00:00
22,n8n-io/n8n,pull_request,21349,pull_commit,committed,5af4d84061dd7190fc6ce1818dea49d5a493bd31,2025-10-29T12:24:20Z,autologie,User,,human_account,,no,,,5af4d84061dd7190fc6ce1818dea49d5a493bd31,autologie,autologie,2026-08-29T09:14:47.424206+00:00
22,n8n-io/n8n,pull_request,21349,pull_commit,committed,c734cefba8a02528c89b97b9af3839a5b038b63f,2025-10-29T14:12:54Z,autologie,User,,human_account,,no,,,c734cefba8a02528c89b97b9af3839a5b038b63f,autologie,autologie,2026-08-29T09:14:47.424206+00:00
22,n8n-io/n8n,pull_request,21349,pull_commit,committed,3da49623bbacb0a46a873d116ee79f0bea0477f1,2025-10-29T14:24:08Z,autologie,User,,human_account,,no,,,3da49623bbacb0a46a873d116ee79f0bea0477f1,autologie,autologie,2026-08-29T09:14:47.424206+00:00
22,n8n-io/n8n,pull_request,21349,pull_commit,committed,45769397f743dd079b90857f80de8f93d0c2f249,2025-10-29T14:35:47Z,autologie,User,,human_account,,no,,,45769397f743dd079b90857f80de8f93d0c2f249,autologie,autologie,2026-08-29T09:14:47.424206+00:00
22,n8n-io/n8n,pull_request,21349,pull_commit,committed,701eb925bdb861c8006a89956cce5ea75dad88c0,2025-10-29T15:21:09Z,autologie,User,,human_account,,no,,,701eb925bdb861c8006a89956cce5ea75dad88c0,autologie,autologie,2026-08-29T09:14:47.424206+00:00
22,n8n-io/n8n,pull_request,21349,pull_commit,committed,ecf07ec688ab23a38fb38fd6df6716449acbd462,2025-10-29T15:56:06Z,autologie,User,,human_account,,no,,,ecf07ec688ab23a38fb38fd6df6716449acbd462,autologie,autologie,2026-08-29T09:14:47.424206+00:00
22,n8n-io/n8n,pull_request,21349,pull_commit,committed,e413ef846f19aca268446a357986bffac777c61b,2025-10-29T15:56:55Z,autologie,User,,human_account,,no,,,e413ef846f19aca268446a357986bffac777c61b,autologie,autologie,2026-08-29T09:14:47.424206+00:00
22,n8n-io/n8n,pull_request,21349,pull_commit,committed,74f9ef046bfeb5dd9d17326ea0619b2a660e3aa4,2025-10-29T16:08:56Z,autologie,User,,human_account,,no,,,74f9ef046bfeb5dd9d17326ea0619b2a660e3aa4,autologie,autologie,2026-08-29T09:14:47.424206+00:00
22,n8n-io/n8n,pull_request,21349,pull_commit,committed,6498fb3f7a9f453e79c69d95d6f77fac90cfd1fc,2025-10-30T08:59:33Z,autologie,User,,human_account,,no,,,6498fb3f7a9f453e79c69d95d6f77fac90cfd1fc,autologie,autologie,2026-08-29T09:14:47.424206+00:00
22,n8n-io/n8n,pull_request,21349,pull_commit,committed,8103662c7f2e15abf6bbc7c05c2f1361e139d2c5,2025-10-30T09:31:35Z,autologie,User,,human_account,,no,,,8103662c7f2e15abf6bbc7c05c2f1361e139d2c5,autologie,autologie,2026-08-29T09:14:47.424206+00:00
22,n8n-io/n8n,pull_request,19534,pull_commit,committed,7d48a4adef17a5062cfc29367a763a4c2bdb5822,2025-09-15T06:21:10Z,web-flow,User,,human_account,,no,,,7d48a4adef17a5062cfc29367a763a4c2bdb5822,Anany-k,web-flow,2026-08-29T09:14:47.955574+00:00
22,n8n-io/n8n,pull_request,19534,pull_commit,committed,24a60b763a9be552f50a11aa6e942a5b80ad60a1,2025-09-15T06:51:47Z,web-flow,User,,human_account,,no,,,24a60b763a9be552f50a11aa6e942a5b80ad60a1,Anany-k,web-flow,2026-08-29T09:14:47.955574+00:00
22,n8n-io/n8n,pull_request,22033,pull_commit,committed,75bf978664cab1be1850b96aaca9eb2300a01d48,2025-11-19T10:57:41Z,Cadiac,User,,human_account,,no,,,75bf978664cab1be1850b96aaca9eb2300a01d48,Cadiac,Cadiac,2026-08-29T09:14:48.542316+00:00
22,n8n-io/n8n,pull_request,22033,pull_commit,committed,ee2aaa38fc7de2ad090243786b6ee54b3089416b,2025-11-19T11:19:31Z,Cadiac,User,,human_account,,no,,,ee2aaa38fc7de2ad090243786b6ee54b3089416b,Cadiac,Cadiac,2026-08-29T09:14:48.542316+00:00
22,n8n-io/n8n,pull_request,22033,pull_commit,committed,06900a7066131833cc04e2fd695caf6e6bd19857,2025-11-19T11:23:33Z,Cadiac,User,,human_account,,no,,,06900a7066131833cc04e2fd695caf6e6bd19857,Cadiac,Cadiac,2026-08-29T09:14:48.542316+00:00
22,n8n-io/n8n,pull_request,31141,pull_commit,committed,2a9c08273f0c434e4db99e61c2452a0d4da45fcc,2026-05-26T12:35:22Z,aalises,User,,human_account,,no,,,2a9c08273f0c434e4db99e61c2452a0d4da45fcc,aalises,aalises,2026-08-29T09:14:49.067120+00:00
22,n8n-io/n8n,pull_request,31141,pull_commit,committed,a92b6822b6324cc2f4a5c24392bdc82d1239b7a4,2026-05-26T14:07:29Z,web-flow,User,,human_account,,no,,,a92b6822b6324cc2f4a5c24392bdc82d1239b7a4,aalises,web-flow,2026-08-29T09:14:49.067120+00:00
22,n8n-io/n8n,pull_request,33712,pull_commit,committed,95730827758f4ad57f587a383c05fd2f903f391a,2026-07-06T22:51:50Z,riqwan,User,,human_account,,no,,,95730827758f4ad57f587a383c05fd2f903f391a,riqwan,riqwan,2026-08-29T09:14:49.650238+00:00
22,n8n-io/n8n,pull_request,33712,pull_commit,committed,d51281581376e8be65d46b71e9192319de3b0c47,2026-07-06T23:21:10Z,riqwan,User,,human_account,,no,,,d51281581376e8be65d46b71e9192319de3b0c47,riqwan,riqwan,2026-08-29T09:14:49.650238+00:00
22,n8n-io/n8n,pull_request,33712,pull_commit,committed,0e2873793d3226899367e0e2f848571fa952d907,2026-07-07T07:12:36Z,riqwan,User,,human_account,,no,,,0e2873793d3226899367e0e2f848571fa952d907,riqwan,riqwan,2026-08-29T09:14:49.650238+00:00
22,n8n-io/n8n,pull_request,33712,pull_commit,committed,e92c1c70c73ccfd5e08abe7026ca96b143b682d4,2026-07-07T07:16:15Z,web-flow,User,,human_account,,no,,,e92c1c70c73ccfd5e08abe7026ca96b143b682d4,riqwan,web-flow,2026-08-29T09:14:49.650238+00:00
22,n8n-io/n8n,pull_request,36417,pull_commit,committed,a69d60ef21415a68246ce146e9ad63258c9ebfbe,2026-08-17T13:27:00Z,SamWooler,User,,human_account,,no,,,a69d60ef21415a68246ce146e9ad63258c9ebfbe,SamWooler,SamWooler,2026-08-29T09:14:50.220638+00:00
22,n8n-io/n8n,pull_request,36417,pull_commit,committed,71e490aa1c6503ca6aa2a317f99a2ee17c09741f,2026-08-17T13:27:00Z,SamWooler,User,,human_account,,no,,,71e490aa1c6503ca6aa2a317f99a2ee17c09741f,SamWooler,SamWooler,2026-08-29T09:14:50.220638+00:00
22,n8n-io/n8n,pull_request,36417,pull_commit,committed,48f2b31ae3c55420470456e83e9dabbefe8a010a,2026-08-18T07:55:55Z,web-flow,User,,human_account,,no,,,48f2b31ae3c55420470456e83e9dabbefe8a010a,SamWooler,web-flow,2026-08-29T09:14:50.220638+00:00
22,n8n-io/n8n,pull_request,33324,pull_commit,committed,c8c4f2c2bacf81e07c0656c68b588e8f4a81b857,2026-06-30T23:01:42Z,web-flow,User,,human_account,,no,,,c8c4f2c2bacf81e07c0656c68b588e8f4a81b857,aikido-autofix[bot],web-flow,2026-08-29T09:14:50.657156+00:00
22,n8n-io/n8n,pull_request,29713,pull_commit,committed,6a739d8fcca940b7b7183f5dbc244eb8e8f49384,2026-05-04T15:42:53Z,github-actions[bot],Bot,,automation_bot,,no,,,6a739d8fcca940b7b7183f5dbc244eb8e8f49384,ivov,github-actions[bot],2026-08-29T09:14:51.204697+00:00
22,n8n-io/n8n,pull_request,31805,pull_commit,committed,204cf2e34752ce6a2dc5530fd9b7a02cac2de1cd,2026-06-05T09:13:41Z,n8n-cat-bot[bot],Bot,,automation_bot,,no,,,204cf2e34752ce6a2dc5530fd9b7a02cac2de1cd,n8n-cat-bot[bot],n8n-cat-bot[bot],2026-08-29T09:14:51.669177+00:00
22,n8n-io/n8n,pull_request,33589,pull_commit,committed,0981c0bf96030648502e7ad69754444a52f4c853,2026-07-04T08:17:39Z,adityajha77,User,,human_account,,no,,,0981c0bf96030648502e7ad69754444a52f4c853,adityajha77,adityajha77,2026-08-29T09:14:52.131302+00:00
22,n8n-io/n8n,pull_request,33589,pull_commit,committed,34711110446b6787c34946a1fb4f6aa412577c5e,2026-07-08T04:25:36Z,michael-radency,User,,human_account,,no,,,34711110446b6787c34946a1fb4f6aa412577c5e,michael-radency,michael-radency,2026-08-29T09:14:52.131302+00:00
22,n8n-io/n8n,pull_request,33589,pull_commit,committed,f012ed3dd4d95774a5e68282519265b3d90f7c85,2026-07-08T05:06:13Z,michael-radency,User,,human_account,,no,,,f012ed3dd4d95774a5e68282519265b3d90f7c85,michael-radency,michael-radency,2026-08-29T09:14:52.131302+00:00
22,n8n-io/n8n,pull_request,32691,pull_commit,committed,2f705ddeb8d6ed4f8444b848b445c1bbba112144,2026-06-20T08:03:32Z,n8n-cat-bot[bot],Bot,,automation_bot,,no,,,2f705ddeb8d6ed4f8444b848b445c1bbba112144,n8n-cat-bot[bot],n8n-cat-bot[bot],2026-08-29T09:14:52.602098+00:00
22,n8n-io/n8n,pull_request,32691,pull_commit,committed,1ea7bdf6528842a52793feee7bfad179b90e4e72,2026-06-20T08:54:12Z,n8n-cat-bot[bot],Bot,,automation_bot,,no,,,1ea7bdf6528842a52793feee7bfad179b90e4e72,n8n-cat-bot[bot],n8n-cat-bot[bot],2026-08-29T09:14:52.602098+00:00
22,n8n-io/n8n,pull_request,32691,pull_commit,committed,62514f372b683eeb23144ac5f268384acb3f1f1d,2026-06-20T13:41:21Z,n8n-cat-bot[bot],Bot,,automation_bot,,no,,,62514f372b683eeb23144ac5f268384acb3f1f1d,n8n-cat-bot[bot],n8n-cat-bot[bot],2026-08-29T09:14:52.602098+00:00
22,n8n-io/n8n,pull_request,35274,pull_commit,committed,dfe812632ee1cada565a9495b002da5df09e63ee,2026-07-30T13:33:56Z,JoseBra,User,,human_account,,no,,,dfe812632ee1cada565a9495b002da5df09e63ee,JoseBra,JoseBra,2026-08-29T09:14:53.154758+00:00
22,n8n-io/n8n,pull_request,35274,pull_commit,committed,65aba7c77c0e360d52370dafedb9274b73ba8d51,2026-07-30T15:06:06Z,JoseBra,User,,human_account,,no,,,65aba7c77c0e360d52370dafedb9274b73ba8d51,JoseBra,JoseBra,2026-08-29T09:14:53.154758+00:00
22,n8n-io/n8n,pull_request,35274,pull_commit,committed,897cc6d93fd65c3d531e662cf3d6ed2d819230a3,2026-07-30T15:46:00Z,JoseBra,User,,human_account,,no,,,897cc6d93fd65c3d531e662cf3d6ed2d819230a3,JoseBra,JoseBra,2026-08-29T09:14:53.154758+00:00
22,n8n-io/n8n,pull_request,35274,pull_commit,committed,674e67fe707d71b45c0d3e7ad3ce0db956750608,2026-07-30T15:55:35Z,JoseBra,User,,human_account,,no,,,674e67fe707d71b45c0d3e7ad3ce0db956750608,JoseBra,JoseBra,2026-08-29T09:14:53.154758+00:00
22,n8n-io/n8n,pull_request,35274,pull_commit,committed,7b93bfe982e628caa052e00267913a76b54706f0,2026-07-30T17:18:34Z,JoseBra,User,,human_account,,no,,,7b93bfe982e628caa052e00267913a76b54706f0,JoseBra,JoseBra,2026-08-29T09:14:53.154758+00:00
22,n8n-io/n8n,pull_request,35274,pull_commit,committed,4a89c79b7469d13bc64ff32d4b51940a55d109ec,2026-07-30T17:36:14Z,JoseBra,User,,human_account,,no,,,4a89c79b7469d13bc64ff32d4b51940a55d109ec,JoseBra,JoseBra,2026-08-29T09:14:53.154758+00:00
22,n8n-io/n8n,pull_request,32487,pull_commit,committed,ffde20bbc751b478e0613dde1c033741d7dacbff,2026-06-17T10:33:04Z,yehorkardash,User,,human_account,,no,,,ffde20bbc751b478e0613dde1c033741d7dacbff,yehorkardash,yehorkardash,2026-08-29T09:14:53.636335+00:00
22,n8n-io/n8n,pull_request,32487,pull_commit,committed,ef291343491fb662043ab1d433121c979c46f206,2026-06-17T10:47:58Z,yehorkardash,User,,human_account,,no,,,ef291343491fb662043ab1d433121c979c46f206,yehorkardash,yehorkardash,2026-08-29T09:14:53.636335+00:00
22,n8n-io/n8n,pull_request,32487,pull_commit,committed,def6e5125f9f71dcebd6e20c29a52d5d34bdc028,2026-06-17T11:25:16Z,yehorkardash,User,,human_account,,no,,,def6e5125f9f71dcebd6e20c29a52d5d34bdc028,yehorkardash,yehorkardash,2026-08-29T09:14:53.636335+00:00
22,n8n-io/n8n,pull_request,32487,pull_commit,committed,982ca019393ff9e501c37973c79676cbbbbeea97,2026-06-17T12:04:16Z,yehorkardash,User,,human_account,,no,,,982ca019393ff9e501c37973c79676cbbbbeea97,yehorkardash,yehorkardash,2026-08-29T09:14:53.636335+00:00
22,n8n-io/n8n,pull_request,32487,pull_commit,committed,0cc93211b1040a1c36a4396a231e89065231cb76,2026-06-17T12:18:18Z,yehorkardash,User,,human_account,,no,,,0cc93211b1040a1c36a4396a231e89065231cb76,yehorkardash,yehorkardash,2026-08-29T09:14:53.636335+00:00
22,n8n-io/n8n,pull_request,32487,pull_commit,committed,a541bb49e75b24beebade2b198922859345e38a0,2026-06-17T12:40:37Z,web-flow,User,,human_account,,no,,,a541bb49e75b24beebade2b198922859345e38a0,yehorkardash,web-flow,2026-08-29T09:14:53.636335+00:00
22,n8n-io/n8n,pull_request,35108,pull_commit,committed,d9f9c7b473c5c1f025421c5a9f07b07c889df1f0,2026-07-28T14:08:00Z,alexgrozav,User,,human_account,,no,,,d9f9c7b473c5c1f025421c5a9f07b07c889df1f0,alexgrozav,alexgrozav,2026-08-29T09:14:54.296432+00:00
22,n8n-io/n8n,pull_request,35108,pull_commit,committed,fb29f9bead998c0ac2132945578af4c8df4fdea6,2026-07-28T14:32:30Z,alexgrozav,User,,human_account,,no,,,fb29f9bead998c0ac2132945578af4c8df4fdea6,alexgrozav,alexgrozav,2026-08-29T09:14:54.296432+00:00
22,n8n-io/n8n,pull_request,35108,pull_commit,committed,ec0603fe50f8a403c660522c892fb4ed4c6c018a,2026-07-28T14:54:52Z,alexgrozav,User,,human_account,,no,,,ec0603fe50f8a403c660522c892fb4ed4c6c018a,alexgrozav,alexgrozav,2026-08-29T09:14:54.296432+00:00
22,n8n-io/n8n,pull_request,35108,pull_commit,committed,7d89244a3d7baba4ec0dcd8a4f1eea160436d1dd,2026-07-28T15:05:21Z,alexgrozav,User,,human_account,,no,,,7d89244a3d7baba4ec0dcd8a4f1eea160436d1dd,alexgrozav,alexgrozav,2026-08-29T09:14:54.296432+00:00
22,n8n-io/n8n,pull_request,35108,pull_commit,committed,7e1b38b71fb8fbf7cc4261707eaa38f011515e10,2026-07-28T15:06:11Z,alexgrozav,User,,human_account,,no,,,7e1b38b71fb8fbf7cc4261707eaa38f011515e10,alexgrozav,alexgrozav,2026-08-29T09:14:54.296432+00:00
22,n8n-io/n8n,pull_request,35108,pull_commit,committed,f4ec834af894f1dec34b4b3257e17823a2cbf9cf,2026-07-28T15:11:02Z,alexgrozav,User,,human_account,,no,,,f4ec834af894f1dec34b4b3257e17823a2cbf9cf,alexgrozav,alexgrozav,2026-08-29T09:14:54.296432+00:00
22,n8n-io/n8n,pull_request,35108,pull_commit,committed,7af25a4e0d8a9da0ad1bc467905d4695f5eb3b25,2026-07-28T15:19:33Z,alexgrozav,User,,human_account,,no,,,7af25a4e0d8a9da0ad1bc467905d4695f5eb3b25,alexgrozav,alexgrozav,2026-08-29T09:14:54.296432+00:00
22,n8n-io/n8n,pull_request,35108,pull_commit,committed,6d7d8c031389d4a6c8fe96fad10b13e777c3e6d5,2026-07-28T15:24:16Z,alexgrozav,User,,human_account,,no,,,6d7d8c031389d4a6c8fe96fad10b13e777c3e6d5,alexgrozav,alexgrozav,2026-08-29T09:14:54.296432+00:00
22,n8n-io/n8n,pull_request,35108,pull_commit,committed,5f0e3092053c2351e17534f206969586a31dd77d,2026-07-28T15:28:12Z,alexgrozav,User,,human_account,,no,,,5f0e3092053c2351e17534f206969586a31dd77d,alexgrozav,alexgrozav,2026-08-29T09:14:54.296432+00:00
22,n8n-io/n8n,pull_request,35108,pull_commit,committed,cc600923a55550b55cbc3d2d599c7d80ce29c892,2026-07-28T15:40:36Z,web-flow,User,,human_account,,no,,,cc600923a55550b55cbc3d2d599c7d80ce29c892,alexgrozav,web-flow,2026-08-29T09:14:54.296432+00:00
22,n8n-io/n8n,pull_request,36476,pull_commit,committed,f23f6553f0f421b90165fa5476484211cbe5ee5d,2026-08-18T06:49:09Z,kgrhartlage,User,,human_account,,no,,,f23f6553f0f421b90165fa5476484211cbe5ee5d,kgrhartlage,kgrhartlage,2026-08-29T09:14:54.901095+00:00
22,n8n-io/n8n,pull_request,36476,pull_commit,committed,7e2acad998e2b4287eae3cc3aab93da29cfb3048,2026-08-18T08:34:04Z,kgrhartlage,User,,human_account,,no,,,7e2acad998e2b4287eae3cc3aab93da29cfb3048,kgrhartlage,kgrhartlage,2026-08-29T09:14:54.901095+00:00
22,n8n-io/n8n,pull_request,36476,pull_commit,committed,33329c76b3a4165b1d6f43888923f40fded2ef98,2026-08-18T11:07:30Z,kgrhartlage,User,,human_account,,no,,,33329c76b3a4165b1d6f43888923f40fded2ef98,kgrhartlage,kgrhartlage,2026-08-29T09:14:54.901095+00:00
22,n8n-io/n8n,pull_request,36476,pull_commit,committed,bf7e9dc605b8f16745ef5d2ac56ed04bb52fe191,2026-08-18T13:38:13Z,kgrhartlage,User,,human_account,,no,,,bf7e9dc605b8f16745ef5d2ac56ed04bb52fe191,kgrhartlage,kgrhartlage,2026-08-29T09:14:54.901095+00:00
22,n8n-io/n8n,pull_request,36476,pull_commit,committed,245a13325f88a2da5841d14697531d73e781a9d3,2026-08-18T13:52:26Z,kgrhartlage,User,,human_account,,no,,,245a13325f88a2da5841d14697531d73e781a9d3,kgrhartlage,kgrhartlage,2026-08-29T09:14:54.901095+00:00
22,n8n-io/n8n,pull_request,31381,pull_commit,committed,e284ca79674b48411c0b6c3c057a833b76550c5d,2026-05-29T14:14:23Z,BerniWittmann,User,,human_account,,no,,,e284ca79674b48411c0b6c3c057a833b76550c5d,BerniWittmann,BerniWittmann,2026-08-29T09:14:55.420714+00:00
22,n8n-io/n8n,pull_request,31381,pull_commit,committed,7ce2b2f0946102515fe6d0b2d5995cd1c9d58ec3,2026-06-03T06:44:29Z,web-flow,User,,human_account,,no,,,7ce2b2f0946102515fe6d0b2d5995cd1c9d58ec3,BerniWittmann,web-flow,2026-08-29T09:14:55.420714+00:00
22,n8n-io/n8n,pull_request,31381,pull_commit,committed,e31954a7c08fccd6f9c74e58e7f7b957433f0591,2026-06-03T07:56:09Z,web-flow,User,,human_account,,no,,,e31954a7c08fccd6f9c74e58e7f7b957433f0591,elsmr,web-flow,2026-08-29T09:14:55.420714+00:00
22,n8n-io/n8n,pull_request,31381,pull_commit,committed,fc3875fb78db321aea90897c64f9497363eea711,2026-06-04T07:14:47Z,BerniWittmann,User,,human_account,,no,,,fc3875fb78db321aea90897c64f9497363eea711,BerniWittmann,BerniWittmann,2026-08-29T09:14:55.420714+00:00
22,n8n-io/n8n,pull_request,31381,pull_commit,committed,4daa18e4c6fb3ae7fb1e358278f562186738b3cb,2026-06-04T08:10:46Z,elsmr,User,,human_account,,no,,,4daa18e4c6fb3ae7fb1e358278f562186738b3cb,elsmr,elsmr,2026-08-29T09:14:55.420714+00:00
22,n8n-io/n8n,pull_request,34117,pull_commit,committed,9ff576a53cb6dab8526928f7ccaa07196dbc185e,2026-07-14T07:00:57Z,github-actions[bot],Bot,,automation_bot,,no,,,9ff576a53cb6dab8526928f7ccaa07196dbc185e,n8n-release-helper[bot],github-actions[bot],2026-08-29T09:14:55.953082+00:00
22,n8n-io/n8n,pull_request,33071,pull_commit,committed,8730a756dec06d5eae27b138356f203cf8427cc0,2026-06-30T14:16:07Z,guillaumejacquart,User,,human_account,,no,,,8730a756dec06d5eae27b138356f203cf8427cc0,guillaumejacquart,guillaumejacquart,2026-08-29T09:14:56.428117+00:00
22,n8n-io/n8n,pull_request,30403,pull_commit,committed,d4e047667b2af95d9f629f861a268f3825a92853,2026-05-13T12:35:59Z,alielkhateeb,User,,human_account,,no,,,d4e047667b2af95d9f629f861a268f3825a92853,alielkhateeb,alielkhateeb,2026-08-29T09:14:56.928529+00:00
22,n8n-io/n8n,pull_request,30403,pull_commit,committed,0138f577031004b5c476213833ec30f2cfe3880f,2026-05-13T12:36:00Z,alielkhateeb,User,,human_account,,no,,,0138f577031004b5c476213833ec30f2cfe3880f,alielkhateeb,alielkhateeb,2026-08-29T09:14:56.928529+00:00
22,n8n-io/n8n,pull_request,30403,pull_commit,committed,07349b3916e6e64e59940632f4df58a53c3df098,2026-05-13T12:36:00Z,alielkhateeb,User,,human_account,,no,,,07349b3916e6e64e59940632f4df58a53c3df098,alielkhateeb,alielkhateeb,2026-08-29T09:14:56.928529+00:00
22,n8n-io/n8n,pull_request,29901,pull_commit,committed,96969b1c9b8e8efa15611669a722b9217467bbc7,2026-05-06T13:39:05Z,github-actions[bot],Bot,,automation_bot,,no,,,96969b1c9b8e8efa15611669a722b9217467bbc7,afitzek,github-actions[bot],2026-08-29T09:14:57.453994+00:00
22,n8n-io/n8n,pull_request,32856,pull_commit,committed,d6ae9d7dc856495b3c007810c0c8e23ee04a93dd,2026-06-23T13:08:00Z,MarcL,User,,human_account,,no,,,d6ae9d7dc856495b3c007810c0c8e23ee04a93dd,MarcL,MarcL,2026-08-29T09:14:57.999795+00:00
22,n8n-io/n8n,pull_request,31366,pull_commit,committed,c7cef365ebfa9063ba3bd410e493ee74997e6365,2026-05-29T10:55:40Z,tomi,User,,human_account,,no,,,c7cef365ebfa9063ba3bd410e493ee74997e6365,tomi,tomi,2026-08-29T09:14:58.550100+00:00
22,n8n-io/n8n,pull_request,31366,pull_commit,committed,1d70d449d383da622002f3f836687deb62945be8,2026-05-29T11:20:36Z,tomi,User,,human_account,,no,,,1d70d449d383da622002f3f836687deb62945be8,tomi,tomi,2026-08-29T09:14:58.550100+00:00
22,n8n-io/n8n,pull_request,31366,pull_commit,committed,92341e7e234273e479cb804ccdde46aa124b7611,2026-05-29T12:20:53Z,tomi,User,,human_account,,no,,,92341e7e234273e479cb804ccdde46aa124b7611,tomi,tomi,2026-08-29T09:14:58.550100+00:00
22,n8n-io/n8n,pull_request,31366,pull_commit,committed,b91ffa13293c6a34ace6b7e3b81070c273ab96bb,2026-05-29T12:26:25Z,tomi,User,,human_account,,no,,,b91ffa13293c6a34ace6b7e3b81070c273ab96bb,tomi,tomi,2026-08-29T09:14:58.550100+00:00
22,n8n-io/n8n,pull_request,31366,pull_commit,committed,110c2dc9bbfd9fcee44eae97c8193173c5adfac9,2026-05-29T12:31:18Z,tomi,User,,human_account,,no,,,110c2dc9bbfd9fcee44eae97c8193173c5adfac9,tomi,tomi,2026-08-29T09:14:58.550100+00:00
22,n8n-io/n8n,pull_request,31366,pull_commit,committed,705dd14ce3af6d1dc1d0b1b20d90404407be9608,2026-06-01T11:14:23Z,tomi,User,,human_account,,no,,,705dd14ce3af6d1dc1d0b1b20d90404407be9608,tomi,tomi,2026-08-29T09:14:58.550100+00:00
22,n8n-io/n8n,pull_request,31366,pull_commit,committed,a23b4d4bcb9a2b5f1c9f4491ddebfacc613d7a6b,2026-06-01T11:20:39Z,tomi,User,,human_account,,no,,,a23b4d4bcb9a2b5f1c9f4491ddebfacc613d7a6b,tomi,tomi,2026-08-29T09:14:58.550100+00:00
22,n8n-io/n8n,pull_request,31366,pull_commit,committed,01413f74f75b5142afec2ce63ec5d95109c99a76,2026-06-01T11:21:27Z,tomi,User,,human_account,,no,,,01413f74f75b5142afec2ce63ec5d95109c99a76,tomi,tomi,2026-08-29T09:14:58.550100+00:00
22,n8n-io/n8n,pull_request,31366,pull_commit,committed,1d8b9e8310a2f0eb7ddd286d550185a65129fa2d,2026-06-01T12:14:58Z,tomi,User,,human_account,,no,,,1d8b9e8310a2f0eb7ddd286d550185a65129fa2d,tomi,tomi,2026-08-29T09:14:58.550100+00:00
22,n8n-io/n8n,pull_request,30058,pull_commit,committed,2edb2ccfd019d0a72b2a9acf91edf22ad07e1fed,2026-05-08T05:42:11Z,Matsuuu,User,,human_account,,no,,,2edb2ccfd019d0a72b2a9acf91edf22ad07e1fed,Matsuuu,Matsuuu,2026-08-29T09:14:59.065096+00:00
22,n8n-io/n8n,pull_request,34753,pull_commit,committed,e2097743587ea9a25e28d760de52e24e3e94a8c8,2026-07-22T23:14:13Z,web-flow,User,,human_account,,no,,,e2097743587ea9a25e28d760de52e24e3e94a8c8,aikido-autofix[bot],web-flow,2026-08-29T09:14:59.585557+00:00
22,n8n-io/n8n,pull_request,34753,pull_commit,committed,8ba62b27f65eac05f8c69d2bc0b976cf62b3f87d,2026-07-23T12:42:24Z,shortstacked,User,,human_account,,no,,,8ba62b27f65eac05f8c69d2bc0b976cf62b3f87d,shortstacked,shortstacked,2026-08-29T09:14:59.585557+00:00
22,n8n-io/n8n,pull_request,36913,pull_commit,committed,74f059539a8d1cb4a8abe509ba3dba050dfd75a6,2026-08-24T10:45:39Z,kgrhartlage,User,,human_account,,no,,,74f059539a8d1cb4a8abe509ba3dba050dfd75a6,kgrhartlage,kgrhartlage,2026-08-29T09:15:00.133977+00:00
22,n8n-io/n8n,pull_request,36913,pull_commit,committed,df1a707c41ab32c52ab7e78f92672521c50c8b13,2026-08-25T08:29:20Z,kgrhartlage,User,,human_account,,no,,,df1a707c41ab32c52ab7e78f92672521c50c8b13,kgrhartlage,kgrhartlage,2026-08-29T09:15:00.133977+00:00
22,n8n-io/n8n,pull_request,36913,pull_commit,committed,4e46e2d5269a61fe8cbcff3c22765a3201addc7b,2026-08-25T08:40:06Z,kgrhartlage,User,,human_account,,no,,,4e46e2d5269a61fe8cbcff3c22765a3201addc7b,kgrhartlage,kgrhartlage,2026-08-29T09:15:00.133977+00:00
22,n8n-io/n8n,pull_request,36913,pull_commit,committed,b39ce779cce1e4bd0938ff7c35e71ca80ce71e0f,2026-08-25T09:05:52Z,kgrhartlage,User,,human_account,,no,,,b39ce779cce1e4bd0938ff7c35e71ca80ce71e0f,kgrhartlage,kgrhartlage,2026-08-29T09:15:00.133977+00:00
22,n8n-io/n8n,pull_request,36913,pull_commit,committed,82e97ea4748a45713ec14c724f08bd1444d160a2,2026-08-25T09:07:51Z,kgrhartlage,User,,human_account,,no,,,82e97ea4748a45713ec14c724f08bd1444d160a2,kgrhartlage,kgrhartlage,2026-08-29T09:15:00.133977+00:00
22,n8n-io/n8n,pull_request,36913,pull_commit,committed,d64a7b22456ed8afdd9566d996f2dcb31f1e8143,2026-08-25T12:51:05Z,kgrhartlage,User,,human_account,,no,,,d64a7b22456ed8afdd9566d996f2dcb31f1e8143,kgrhartlage,kgrhartlage,2026-08-29T09:15:00.133977+00:00
22,n8n-io/n8n,pull_request,36913,pull_commit,committed,62b26819340d763e468789453f7803b30a4dbc7a,2026-08-25T13:05:19Z,web-flow,User,,human_account,,no,,,62b26819340d763e468789453f7803b30a4dbc7a,kgrhartlage,web-flow,2026-08-29T09:15:00.133977+00:00
22,n8n-io/n8n,pull_request,32133,pull_commit,committed,cc1da4cc83dd97b0a9591e82cd3d2711cbd244dd,2026-06-11T10:36:49Z,despairblue,User,,human_account,,no,,,cc1da4cc83dd97b0a9591e82cd3d2711cbd244dd,despairblue,despairblue,2026-08-29T09:15:00.648598+00:00
22,n8n-io/n8n,pull_request,32133,pull_commit,committed,fa882a05bc6d234ed37038d0af7b72b321e5a0c9,2026-06-11T10:47:54Z,despairblue,User,,human_account,,no,,,fa882a05bc6d234ed37038d0af7b72b321e5a0c9,despairblue,despairblue,2026-08-29T09:15:00.648598+00:00
22,n8n-io/n8n,pull_request,33820,pull_commit,committed,8b0b88c836f080a5ba11a5159fa1570999e7c415,2026-07-08T10:02:47Z,BerniWittmann,User,,human_account,,no,,,8b0b88c836f080a5ba11a5159fa1570999e7c415,BerniWittmann,BerniWittmann,2026-08-29T09:15:01.121957+00:00
22,n8n-io/n8n,pull_request,33820,pull_commit,committed,608cd26a0db4dffed119cab2821978de5a6fa9ee,2026-07-08T10:35:35Z,BerniWittmann,User,,human_account,,no,,,608cd26a0db4dffed119cab2821978de5a6fa9ee,BerniWittmann,BerniWittmann,2026-08-29T09:15:01.121957+00:00
22,n8n-io/n8n,pull_request,30852,pull_commit,committed,2082268647e463174073f90de8d01e8cc113ef41,2026-05-20T23:23:32Z,web-flow,User,,human_account,,no,,,2082268647e463174073f90de8d01e8cc113ef41,aikido-autofix[bot],web-flow,2026-08-29T09:15:01.638125+00:00
22,n8n-io/n8n,pull_request,30852,pull_commit,committed,73f30702e63b61ff0bd393c6f88eb456b61ba49c,2026-05-21T12:27:25Z,web-flow,User,,human_account,,no,,,73f30702e63b61ff0bd393c6f88eb456b61ba49c,shortstacked,web-flow,2026-08-29T09:15:01.638125+00:00
22,n8n-io/n8n,pull_request,30852,pull_commit,committed,ab266ab816d87e31bb72a7867dfb814b55a9abda,2026-05-21T17:17:21Z,shortstacked,User,,human_account,,no,,,ab266ab816d87e31bb72a7867dfb814b55a9abda,shortstacked,shortstacked,2026-08-29T09:15:01.638125+00:00
22,n8n-io/n8n,pull_request,34249,pull_commit,committed,90ef9486f7e8f70b614bf458b9aa5aa751527a18,2026-07-15T12:51:54Z,konstantintieber,User,,human_account,,no,,,90ef9486f7e8f70b614bf458b9aa5aa751527a18,konstantintieber,konstantintieber,2026-08-29T09:15:02.152027+00:00
25,coder/coder,pull_request,335,pull_commit,committed,aec02017f6a01eff136e1d3af3e72321a1a73ce1,2022-02-20T17:54:11Z,,,,unknown,,no,,,aec02017f6a01eff136e1d3af3e72321a1a73ce1,,,2026-08-29T09:15:02.648399+00:00
25,coder/coder,pull_request,335,pull_commit,committed,9be2ffc968e6a2122cdb5993ab414531a52d90b8,2022-02-20T17:58:34Z,,,,unknown,,no,,,9be2ffc968e6a2122cdb5993ab414531a52d90b8,,,2026-08-29T09:15:02.648399+00:00
25,coder/coder,pull_request,864,pull_commit,committed,71678245c08f2a5201fc0f833560cb08b885e284,2022-04-04T19:13:33Z,coadler,User,,human_account,,no,,,71678245c08f2a5201fc0f833560cb08b885e284,coadler,coadler,2026-08-29T09:15:03.162554+00:00
25,coder/coder,pull_request,536,pull_commit,committed,ae518f0c29cb2ee2ea47603337e4c7c3970620d1,2022-03-23T12:36:42Z,web-flow,User,,human_account,,no,,,ae518f0c29cb2ee2ea47603337e4c7c3970620d1,dependabot[bot],web-flow,2026-08-29T09:15:03.724553+00:00
25,coder/coder,pull_request,283,pull_commit,committed,05c863433d4c47416de4de68ce507255ae95a2ed,2022-02-14T16:35:06Z,web-flow,User,,human_account,,no,,,05c863433d4c47416de4de68ce507255ae95a2ed,dependabot[bot],web-flow,2026-08-29T09:15:04.812638+00:00
25,coder/coder,pull_request,323,pull_commit,committed,607f85089ba79cf5c9cc6c42ca10e2fc0c436766,2022-02-18T16:13:32Z,,,,unknown,,no,,,607f85089ba79cf5c9cc6c42ca10e2fc0c436766,,,2026-08-29T09:15:05.407702+00:00
25,coder/coder,pull_request,356,pull_commit,committed,48bcf2ccdc8885793252069514a92334712ac1a0,2022-02-24T16:37:35Z,kylecarbs,User,,human_account,,no,,,48bcf2ccdc8885793252069514a92334712ac1a0,kylecarbs,kylecarbs,2026-08-29T09:15:06.294164+00:00
25,coder/coder,pull_request,514,pull_commit,committed,d6122094759628eb6c428ab1a6b9472c042db0d9,2022-03-21T17:18:44Z,presleyp,User,,human_account,,no,,,d6122094759628eb6c428ab1a6b9472c042db0d9,presleyp,presleyp,2026-08-29T09:15:06.761651+00:00
25,coder/coder,pull_request,514,pull_commit,committed,194c787a7924589fb2324050452a569bc1011fb7,2022-03-21T18:31:46Z,presleyp,User,,human_account,,no,,,194c787a7924589fb2324050452a569bc1011fb7,presleyp,presleyp,2026-08-29T09:15:06.761651+00:00
25,coder/coder,pull_request,514,pull_commit,committed,5198d396252e5ed879324fb2fe221afc5afde2c1,2022-03-21T18:31:56Z,presleyp,User,,human_account,,no,,,5198d396252e5ed879324fb2fe221afc5afde2c1,presleyp,presleyp,2026-08-29T09:15:06.761651+00:00
25,coder/coder,pull_request,514,pull_commit,committed,e79e3ded2f6820352ccb96a78a39a3d71a4b6a6e,2022-03-21T21:27:21Z,presleyp,User,,human_account,,no,,,e79e3ded2f6820352ccb96a78a39a3d71a4b6a6e,presleyp,presleyp,2026-08-29T09:15:06.761651+00:00
25,coder/coder,pull_request,514,pull_commit,committed,2c74904dbeb1f386e92bd0efa9339087eaabaf67,2022-03-21T21:27:31Z,presleyp,User,,human_account,,no,,,2c74904dbeb1f386e92bd0efa9339087eaabaf67,presleyp,presleyp,2026-08-29T09:15:06.761651+00:00
25,coder/coder,pull_request,514,pull_commit,committed,3e6b156f017a0b52d69642978f4f109fcc7e6503,2022-03-21T23:36:34Z,presleyp,User,,human_account,,no,,,3e6b156f017a0b52d69642978f4f109fcc7e6503,presleyp,presleyp,2026-08-29T09:15:06.761651+00:00
25,coder/coder,pull_request,514,pull_commit,committed,42cc2fbcbdcdddf8068f0fdcd1605c4c65535d99,2022-03-21T23:37:09Z,presleyp,User,,human_account,,no,,,42cc2fbcbdcdddf8068f0fdcd1605c4c65535d99,presleyp,presleyp,2026-08-29T09:15:06.761651+00:00
25,coder/coder,pull_request,514,pull_commit,committed,fd0407f5c76c122fed19c7ec921c0daf684f6462,2022-03-22T18:22:39Z,presleyp,User,,human_account,,no,,,fd0407f5c76c122fed19c7ec921c0daf684f6462,presleyp,presleyp,2026-08-29T09:15:06.761651+00:00
25,coder/coder,pull_request,514,pull_commit,committed,3633dfccb652eec6f46d0e689e8fe2782bbdc955,2022-03-22T18:25:01Z,presleyp,User,,human_account,,no,,,3633dfccb652eec6f46d0e689e8fe2782bbdc955,presleyp,presleyp,2026-08-29T09:15:06.761651+00:00
25,coder/coder,pull_request,514,pull_commit,committed,507b54aa2d07f2f2fb02cf41dacd267c924cd8b2,2022-03-22T21:51:49Z,presleyp,User,,human_account,,no,,,507b54aa2d07f2f2fb02cf41dacd267c924cd8b2,presleyp,presleyp,2026-08-29T09:15:06.761651+00:00
25,coder/coder,pull_request,514,pull_commit,committed,0e2315c851d80494d688fb7e717fd1bf6b44f35b,2022-03-22T21:52:09Z,presleyp,User,,human_account,,no,,,0e2315c851d80494d688fb7e717fd1bf6b44f35b,presleyp,presleyp,2026-08-29T09:15:06.761651+00:00
25,coder/coder,pull_request,514,pull_commit,committed,a0eca97b5380ad4b79795107d024d1247fd7198c,2022-03-22T22:47:42Z,presleyp,User,,human_account,,no,,,a0eca97b5380ad4b79795107d024d1247fd7198c,presleyp,presleyp,2026-08-29T09:15:06.761651+00:00
25,coder/coder,pull_request,524,pull_commit,committed,cb887bfe9aee23d1eb3301570290ee66f1be75a0,2022-03-23T01:36:38Z,web-flow,User,,human_account,,no,,,cb887bfe9aee23d1eb3301570290ee66f1be75a0,dependabot[bot],web-flow,2026-08-29T09:15:07.291753+00:00
25,coder/coder,pull_request,373,pull_commit,committed,48bcf2ccdc8885793252069514a92334712ac1a0,2022-02-24T16:37:35Z,kylecarbs,User,,human_account,,no,,,48bcf2ccdc8885793252069514a92334712ac1a0,kylecarbs,kylecarbs,2026-08-29T09:15:07.936505+00:00
25,coder/coder,pull_request,373,pull_commit,committed,eb50cda5f7446b984e328c66ed642286791adefb,2022-02-25T17:09:55Z,kylecarbs,User,,human_account,,no,,,eb50cda5f7446b984e328c66ed642286791adefb,kylecarbs,kylecarbs,2026-08-29T09:15:07.936505+00:00
25,coder/coder,pull_request,373,pull_commit,committed,773e38f02582be1fbf46a839fcb82dcae6b591fb,2022-02-25T20:41:56Z,kylecarbs,User,,human_account,,no,,,773e38f02582be1fbf46a839fcb82dcae6b591fb,kylecarbs,kylecarbs,2026-08-29T09:15:07.936505+00:00
25,coder/coder,pull_request,373,pull_commit,committed,89ca1d7723be9c20197c377c66f0418dcdd76b9c,2022-02-26T17:43:26Z,kylecarbs,User,,human_account,,no,,,89ca1d7723be9c20197c377c66f0418dcdd76b9c,kylecarbs,kylecarbs,2026-08-29T09:15:07.936505+00:00
25,coder/coder,pull_request,373,pull_commit,committed,29b574033bed821ccec2c07d4fa12662dbc10ce7,2022-02-26T17:48:05Z,kylecarbs,User,,human_account,,no,,,29b574033bed821ccec2c07d4fa12662dbc10ce7,kylecarbs,kylecarbs,2026-08-29T09:15:07.936505+00:00
25,coder/coder,pull_request,373,pull_commit,committed,604e9958a53c2f3f89e9eca99c13cf66ac04fb37,2022-02-26T19:58:53Z,kylecarbs,User,,human_account,,no,,,604e9958a53c2f3f89e9eca99c13cf66ac04fb37,kylecarbs,kylecarbs,2026-08-29T09:15:07.936505+00:00
25,coder/coder,pull_request,373,pull_commit,committed,f8cab499cf28a8384a5004be96738b30702d271f,2022-02-26T20:20:01Z,kylecarbs,User,,human_account,,no,,,f8cab499cf28a8384a5004be96738b30702d271f,kylecarbs,kylecarbs,2026-08-29T09:15:07.936505+00:00
25,coder/coder,pull_request,373,pull_commit,committed,8f19f85edad376154803472c6bf77d3732e651c3,2022-02-26T20:20:53Z,web-flow,User,,human_account,,no,,,8f19f85edad376154803472c6bf77d3732e651c3,kylecarbs,web-flow,2026-08-29T09:15:07.936505+00:00
25,coder/coder,pull_request,373,pull_commit,committed,444109d82bd89de377bc6307b153878dcd57109d,2022-02-26T20:56:03Z,kylecarbs,User,,human_account,,no,,,444109d82bd89de377bc6307b153878dcd57109d,kylecarbs,kylecarbs,2026-08-29T09:15:07.936505+00:00
25,coder/coder,pull_request,373,pull_commit,committed,108f1b5f0c8061539f5b46eb32cbdd3c71a064e8,2022-02-26T21:51:22Z,kylecarbs,User,,human_account,,no,,,108f1b5f0c8061539f5b46eb32cbdd3c71a064e8,kylecarbs,kylecarbs,2026-08-29T09:15:07.936505+00:00
25,coder/coder,pull_request,373,pull_commit,committed,89b188709afee3f67948262b3b6e6ae33cbbdbaa,2022-02-27T17:53:53Z,kylecarbs,User,,human_account,,no,,,89b188709afee3f67948262b3b6e6ae33cbbdbaa,kylecarbs,kylecarbs,2026-08-29T09:15:07.936505+00:00
25,coder/coder,pull_request,373,pull_commit,committed,8de9e61c6b71ee9d7b45a0a1432920629c8c497f,2022-02-27T18:11:11Z,kylecarbs,User,,human_account,,no,,,8de9e61c6b71ee9d7b45a0a1432920629c8c497f,kylecarbs,kylecarbs,2026-08-29T09:15:07.936505+00:00
25,coder/coder,pull_request,373,pull_commit,committed,cb1c883116b31395c5e751ce421c8e6fafbb3056,2022-02-27T18:56:10Z,kylecarbs,User,,human_account,,no,,,cb1c883116b31395c5e751ce421c8e6fafbb3056,kylecarbs,kylecarbs,2026-08-29T09:15:07.936505+00:00
25,coder/coder,pull_request,373,pull_commit,committed,c55793c5768e4d2361d39dd2fe3cab4502be3ac1,2022-02-27T20:42:54Z,kylecarbs,User,,human_account,,no,,,c55793c5768e4d2361d39dd2fe3cab4502be3ac1,kylecarbs,kylecarbs,2026-08-29T09:15:07.936505+00:00
25,coder/coder,pull_request,373,pull_commit,committed,dac812d7c21612a2d909b91e924d89ab75d96088,2022-02-27T23:30:34Z,kylecarbs,User,,human_account,,no,,,dac812d7c21612a2d909b91e924d89ab75d96088,kylecarbs,kylecarbs,2026-08-29T09:15:07.936505+00:00
25,coder/coder,pull_request,373,pull_commit,committed,bc7d95ff08b1e71356767e7eacc75e6a57adb10b,2022-02-28T02:59:31Z,kylecarbs,User,,human_account,,no,,,bc7d95ff08b1e71356767e7eacc75e6a57adb10b,kylecarbs,kylecarbs,2026-08-29T09:15:07.936505+00:00
25,coder/coder,pull_request,373,pull_commit,committed,2a9772fc2261ef845ed713e56d42e6955e2e0a18,2022-02-28T19:11:22Z,kylecarbs,User,,human_account,,no,,,2a9772fc2261ef845ed713e56d42e6955e2e0a18,kylecarbs,kylecarbs,2026-08-29T09:15:07.936505+00:00
25,coder/coder,pull_request,1025,pull_commit,committed,526244f2ef7619447fa4d3bccbc9467db244842b,2022-04-16T18:53:00Z,ntimo,User,,human_account,,no,,,526244f2ef7619447fa4d3bccbc9467db244842b,ntimo,ntimo,2026-08-29T09:15:08.495762+00:00
25,coder/coder,pull_request,397,pull_commit,committed,9a70e22b4fae5e13f5f881e754c02e4a2a030992,2022-03-03T12:29:27Z,web-flow,User,,human_account,,no,,,9a70e22b4fae5e13f5f881e754c02e4a2a030992,dependabot[bot],web-flow,2026-08-29T09:15:09.050823+00:00
25,coder/coder,pull_request,397,pull_commit,committed,dc9ed600ae2cef4128dd0f5a656dbcae27207e8f,2022-03-03T14:11:20Z,web-flow,User,,human_account,,no,,,dc9ed600ae2cef4128dd0f5a656dbcae27207e8f,kylecarbs,web-flow,2026-08-29T09:15:09.050823+00:00
25,coder/coder,pull_request,577,pull_commit,committed,048f29a8bb192a39d61dd805278cc30d8bd9b531,2022-03-27T01:59:45Z,kylecarbs,User,,human_account,,no,,,048f29a8bb192a39d61dd805278cc30d8bd9b531,kylecarbs,kylecarbs,2026-08-29T09:15:09.679861+00:00
25,coder/coder,pull_request,577,pull_commit,committed,13e303d076ddfcbfc0c3d5b7edabc421fb32276d,2022-03-28T18:32:36Z,kylecarbs,User,,human_account,,no,,,13e303d076ddfcbfc0c3d5b7edabc421fb32276d,kylecarbs,kylecarbs,2026-08-29T09:15:09.679861+00:00
25,coder/coder,pull_request,874,pull_commit,committed,a9010df01921a13ee11478799740fc92965ef42d,2022-04-04T23:41:21Z,kylecarbs,User,,human_account,,no,,,a9010df01921a13ee11478799740fc92965ef42d,kylecarbs,kylecarbs,2026-08-29T09:15:10.210399+00:00
25,coder/coder,pull_request,874,pull_commit,committed,3066383070e7da2d64c6d22b07315172d2844c9a,2022-04-05T19:29:05Z,kylecarbs,User,,human_account,,no,,,3066383070e7da2d64c6d22b07315172d2844c9a,kylecarbs,kylecarbs,2026-08-29T09:15:10.210399+00:00
25,coder/coder,pull_request,352,pull_commit,committed,99037240a7f7d85cb0f3072606a184140cfd6fe8,2022-02-23T12:22:05Z,web-flow,User,,human_account,,no,,,99037240a7f7d85cb0f3072606a184140cfd6fe8,dependabot[bot],web-flow,2026-08-29T09:15:10.777881+00:00
25,coder/coder,pull_request,83,pull_commit,committed,48527f7de48140ec08fe528d4e8c047019f87618,2022-01-29T15:24:27Z,kylecarbs,User,,human_account,,no,,,48527f7de48140ec08fe528d4e8c047019f87618,kylecarbs,kylecarbs,2026-08-29T09:15:11.328882+00:00
25,coder/coder,pull_request,83,pull_commit,committed,c7c7388a064a5295aed73bcfd074cfb5cd4feef0,2022-01-29T15:41:46Z,kylecarbs,User,,human_account,,no,,,c7c7388a064a5295aed73bcfd074cfb5cd4feef0,kylecarbs,kylecarbs,2026-08-29T09:15:11.328882+00:00
25,coder/coder,pull_request,83,pull_commit,committed,ace6248a07da898c2e5aa5481a2d75ab97fb64ab,2022-01-29T15:44:57Z,kylecarbs,User,,human_account,,no,,,ace6248a07da898c2e5aa5481a2d75ab97fb64ab,kylecarbs,kylecarbs,2026-08-29T09:15:11.328882+00:00
25,coder/coder,pull_request,83,pull_commit,committed,2bd0c42786cc5e42ceda261f9322083c4412b918,2022-01-29T15:51:04Z,kylecarbs,User,,human_account,,no,,,2bd0c42786cc5e42ceda261f9322083c4412b918,kylecarbs,kylecarbs,2026-08-29T09:15:11.328882+00:00
25,coder/coder,pull_request,83,pull_commit,committed,2dc34f6aa1e6cf0a1abfac59b469d2408fbb8d92,2022-01-29T23:47:22Z,kylecarbs,User,,human_account,,no,,,2dc34f6aa1e6cf0a1abfac59b469d2408fbb8d92,kylecarbs,kylecarbs,2026-08-29T09:15:11.328882+00:00
25,coder/coder,pull_request,20591,pull_commit,committed,835049c0bcf2e8a1efc2c3325c3632f5c653ea01,2025-11-03T10:58:06Z,mafredri,User,,human_account,,no,,,835049c0bcf2e8a1efc2c3325c3632f5c653ea01,mafredri,mafredri,2026-08-29T09:15:11.823482+00:00
25,coder/coder,pull_request,20591,pull_commit,committed,e5cee2c203c1162828c6a511fad4e2269f1be7c3,2025-11-03T11:05:03Z,mafredri,User,,human_account,,no,,,e5cee2c203c1162828c6a511fad4e2269f1be7c3,mafredri,mafredri,2026-08-29T09:15:11.823482+00:00
25,coder/coder,pull_request,20695,pull_commit,committed,b770eebca308583281d66b14bea51de828221178,2025-11-10T16:35:46Z,pawbana,User,,human_account,,no,,,b770eebca308583281d66b14bea51de828221178,pawbana,pawbana,2026-08-29T09:15:12.330653+00:00
25,coder/coder,pull_request,19684,pull_commit,committed,83336d95a5cb5004ad9e1c6ef08bdf4eea1005cf,2025-09-03T08:26:54Z,johnstcn,User,,human_account,,no,,,83336d95a5cb5004ad9e1c6ef08bdf4eea1005cf,johnstcn,johnstcn,2026-08-29T09:15:12.836601+00:00
25,coder/coder,pull_request,20205,pull_commit,committed,72fe240c5ffa0b5a57d48a2e56fb08043047c4ab,2025-10-08T08:19:03Z,web-flow,User,,human_account,,no,,,72fe240c5ffa0b5a57d48a2e56fb08043047c4ab,matifali,web-flow,2026-08-29T09:15:13.377830+00:00
25,coder/coder,pull_request,20784,pull_commit,committed,b9de0ad4f105148a94e040660aab7f71cc484cbd,2025-11-14T22:45:02Z,code-asher,User,,human_account,,no,,,b9de0ad4f105148a94e040660aab7f71cc484cbd,code-asher,code-asher,2026-08-29T09:15:13.940363+00:00
25,coder/coder,pull_request,20784,pull_commit,committed,5c4c24eeb791e59b8d676203aa6f1c08f7d83bd3,2025-11-14T22:48:49Z,code-asher,User,,human_account,,no,,,5c4c24eeb791e59b8d676203aa6f1c08f7d83bd3,code-asher,code-asher,2026-08-29T09:15:13.940363+00:00
25,coder/coder,pull_request,20784,pull_commit,committed,abd1d3bd13a6eb7d096e8263f5206d317aa4169d,2025-11-19T19:42:34Z,code-asher,User,,human_account,,no,,,abd1d3bd13a6eb7d096e8263f5206d317aa4169d,code-asher,code-asher,2026-08-29T09:15:13.940363+00:00
25,coder/coder,pull_request,19946,pull_commit,committed,fba5d89cd9946740bd2392bb6fb7768d694c7321,2025-09-24T17:03:04Z,,,,unknown,,no,,,fba5d89cd9946740bd2392bb6fb7768d694c7321,,,2026-08-29T09:15:14.495549+00:00
25,coder/coder,pull_request,20792,pull_commit,committed,9a6a9c4945c13b7bd49b8a18626b50445645f096,2025-11-17T12:02:36Z,web-flow,User,,human_account,,no,,,9a6a9c4945c13b7bd49b8a18626b50445645f096,dependabot[bot],web-flow,2026-08-29T09:15:15.047654+00:00
25,coder/coder,pull_request,20254,pull_commit,committed,1be9e280e05608245d64ea2edb5c077a4983fc0e,2025-10-09T20:12:54Z,david-fraley,User,,human_account,,no,,,1be9e280e05608245d64ea2edb5c077a4983fc0e,david-fraley,david-fraley,2026-08-29T09:15:15.599235+00:00
25,coder/coder,pull_request,20254,pull_commit,committed,fcebf9a930cb7b87641ad3c2f7a40b48929cdceb,2025-10-09T20:25:06Z,david-fraley,User,,human_account,,no,,,fcebf9a930cb7b87641ad3c2f7a40b48929cdceb,david-fraley,david-fraley,2026-08-29T09:15:15.599235+00:00
25,coder/coder,pull_request,20254,pull_commit,committed,8369af3a49c6e305819ef3593163ad5be711762a,2025-10-09T20:32:52Z,david-fraley,User,,human_account,,no,,,8369af3a49c6e305819ef3593163ad5be711762a,david-fraley,david-fraley,2026-08-29T09:15:15.599235+00:00
25,coder/coder,pull_request,20286,pull_commit,committed,86e8abc4e6e6680bef9445cd87fde7b5e753ae05,2025-10-14T06:47:46Z,wy0464,User,,human_account,,no,,,86e8abc4e6e6680bef9445cd87fde7b5e753ae05,wy0464,wy0464,2026-08-29T09:15:16.057782+00:00
25,coder/coder,pull_request,21406,pull_commit,committed,18e4832fa743d7bb39ebdfedad5da7a69c98a09f,2025-12-30T20:23:41Z,aslilac,User,,human_account,,no,,,18e4832fa743d7bb39ebdfedad5da7a69c98a09f,aslilac,aslilac,2026-08-29T09:15:16.590219+00:00
25,coder/coder,pull_request,21406,pull_commit,committed,269d5c62673f6857aafbef889deb4a189eed8c6e,2026-01-05T20:10:52Z,aslilac,User,,human_account,,no,,,269d5c62673f6857aafbef889deb4a189eed8c6e,aslilac,aslilac,2026-08-29T09:15:16.590219+00:00
25,coder/coder,pull_request,21063,pull_commit,committed,8b5aa3fc4ffce9c6a863f6a7a5a691a01d68d1c9,2025-12-02T17:09:44Z,blink-so[bot],Bot,,automation_bot,,no,,,8b5aa3fc4ffce9c6a863f6a7a5a691a01d68d1c9,SasSwart,blink-so[bot],2026-08-29T09:15:17.098515+00:00
25,coder/coder,pull_request,21019,pull_commit,committed,05a11aa138a3159ee30f6793e346f697d6b59e22,2025-12-01T11:01:37Z,jdomeracki-coder,User,,human_account,,no,,,05a11aa138a3159ee30f6793e346f697d6b59e22,jdomeracki-coder,jdomeracki-coder,2026-08-29T09:15:17.654136+00:00
25,coder/coder,pull_request,21019,pull_commit,committed,813e82c62cbbed1870d0ed1a8b09e2515082416e,2025-12-01T11:07:49Z,jdomeracki-coder,User,,human_account,,no,,,813e82c62cbbed1870d0ed1a8b09e2515082416e,jdomeracki-coder,jdomeracki-coder,2026-08-29T09:15:17.654136+00:00
25,coder/coder,pull_request,21019,pull_commit,committed,b7fe5113b93d2d24a52774b94a5c5a291e2161d6,2025-12-01T11:29:33Z,jdomeracki-coder,User,,human_account,,no,,,b7fe5113b93d2d24a52774b94a5c5a291e2161d6,jdomeracki-coder,jdomeracki-coder,2026-08-29T09:15:17.654136+00:00
25,coder/coder,pull_request,21019,pull_commit,committed,a22d34a355bb1942f58912242c5b7d9093b88463,2025-12-01T11:46:11Z,jdomeracki-coder,User,,human_account,,no,,,a22d34a355bb1942f58912242c5b7d9093b88463,jdomeracki-coder,jdomeracki-coder,2026-08-29T09:15:17.654136+00:00
25,coder/coder,pull_request,21019,pull_commit,committed,c3a04418943e3d540c8c7feeb0afb259e5433af2,2025-12-01T13:57:55Z,jdomeracki-coder,User,,human_account,,no,,,c3a04418943e3d540c8c7feeb0afb259e5433af2,jdomeracki-coder,jdomeracki-coder,2026-08-29T09:15:17.654136+00:00
25,coder/coder,pull_request,19912,pull_commit,committed,c88e5465cf81648d270c0ff07171cafca2ffd463,2025-09-22T12:34:42Z,johnstcn,User,,human_account,,no,,,c88e5465cf81648d270c0ff07171cafca2ffd463,johnstcn,johnstcn,2026-08-29T09:15:18.222084+00:00
25,coder/coder,pull_request,19912,pull_commit,committed,4e6cc12602168ffabb9b110dd32618c9d2173dde,2025-09-22T13:16:46Z,johnstcn,User,,human_account,,no,,,4e6cc12602168ffabb9b110dd32618c9d2173dde,johnstcn,johnstcn,2026-08-29T09:15:18.222084+00:00
25,coder/coder,pull_request,19912,pull_commit,committed,054897f38c2da065256b3625ff8ce2f6621cf717,2025-09-22T13:41:27Z,johnstcn,User,,human_account,,no,,,054897f38c2da065256b3625ff8ce2f6621cf717,johnstcn,johnstcn,2026-08-29T09:15:18.222084+00:00
25,coder/coder,pull_request,19912,pull_commit,committed,bb98f4b520ec5533302a07cec3d60ee19b51d60a,2025-09-22T15:01:38Z,johnstcn,User,,human_account,,no,,,bb98f4b520ec5533302a07cec3d60ee19b51d60a,johnstcn,johnstcn,2026-08-29T09:15:18.222084+00:00
25,coder/coder,pull_request,19912,pull_commit,committed,cc561b815aff6a0a8c2eac640cf3a435d56f12b0,2025-09-22T15:01:50Z,johnstcn,User,,human_account,,no,,,cc561b815aff6a0a8c2eac640cf3a435d56f12b0,johnstcn,johnstcn,2026-08-29T09:15:18.222084+00:00
25,coder/coder,pull_request,19912,pull_commit,committed,d1b50c262a0b394479465b609942f0fead733d3a,2025-09-22T15:18:57Z,johnstcn,User,,human_account,,no,,,d1b50c262a0b394479465b609942f0fead733d3a,johnstcn,johnstcn,2026-08-29T09:15:18.222084+00:00
25,coder/coder,pull_request,19912,pull_commit,committed,b0a3d2f4b46ca2b0bd2674ff2455ac7a621ea2b1,2025-09-22T15:19:10Z,johnstcn,User,,human_account,,no,,,b0a3d2f4b46ca2b0bd2674ff2455ac7a621ea2b1,johnstcn,johnstcn,2026-08-29T09:15:18.222084+00:00
25,coder/coder,pull_request,19912,pull_commit,committed,f2cf2fc7e8d2ebeedccaae0e37141b7968aab0e5,2025-09-22T15:29:48Z,johnstcn,User,,human_account,,no,,,f2cf2fc7e8d2ebeedccaae0e37141b7968aab0e5,johnstcn,johnstcn,2026-08-29T09:15:18.222084+00:00
25,coder/coder,pull_request,20839,pull_commit,committed,bd6ac198f4d64b91121f328c11a7974ba57a8c08,2025-11-20T03:18:44Z,ethanndickson,User,,human_account,,no,,,bd6ac198f4d64b91121f328c11a7974ba57a8c08,ethanndickson,ethanndickson,2026-08-29T09:15:18.809027+00:00
25,coder/coder,pull_request,20526,pull_commit,committed,a55f9e1a73f4012d467574aca52402e253f81d81,2025-10-28T21:09:13Z,david-fraley,User,,human_account,,no,,,a55f9e1a73f4012d467574aca52402e253f81d81,david-fraley,david-fraley,2026-08-29T09:15:19.441614+00:00
25,coder/coder,pull_request,20876,pull_commit,committed,bc63676c6f82f0bfa8d024c524d317ac15203bb3,2025-11-23T22:26:09Z,web-flow,User,,human_account,,no,,,bc63676c6f82f0bfa8d024c524d317ac15203bb3,rowansmithau,web-flow,2026-08-29T09:15:19.986957+00:00
25,coder/coder,pull_request,21330,pull_commit,committed,5d775bedd51f2c3cdd9ac64e68ed514b29e3cc15,2026-01-23T06:38:02Z,cstyan,User,,human_account,,no,,,5d775bedd51f2c3cdd9ac64e68ed514b29e3cc15,cstyan,cstyan,2026-08-29T09:15:20.529136+00:00
25,coder/coder,pull_request,21330,pull_commit,committed,3429873fd3b5a71fa52bf80f66c564264d82d150,2026-01-23T06:38:02Z,cstyan,User,,human_account,,no,,,3429873fd3b5a71fa52bf80f66c564264d82d150,cstyan,cstyan,2026-08-29T09:15:20.529136+00:00
25,coder/coder,pull_request,21330,pull_commit,committed,6d5f6ab0f3b199af2fbf9485eb5aee4a69e43957,2026-01-23T06:38:02Z,cstyan,User,,human_account,,no,,,6d5f6ab0f3b199af2fbf9485eb5aee4a69e43957,cstyan,cstyan,2026-08-29T09:15:20.529136+00:00
25,coder/coder,pull_request,21330,pull_commit,committed,720c836475ff94171c7514a53cdbab18436151d6,2026-01-23T06:38:02Z,cstyan,User,,human_account,,no,,,720c836475ff94171c7514a53cdbab18436151d6,cstyan,cstyan,2026-08-29T09:15:20.529136+00:00
25,coder/coder,pull_request,21330,pull_commit,committed,c6127dc09522961c9925aeb1a5d3a0ab581249b3,2026-01-23T06:38:02Z,cstyan,User,,human_account,,no,,,c6127dc09522961c9925aeb1a5d3a0ab581249b3,cstyan,cstyan,2026-08-29T09:15:20.529136+00:00
25,coder/coder,pull_request,21330,pull_commit,committed,9e7d9c9301f22f6701b59ba24d172ae0c5da0c91,2026-01-23T06:38:02Z,cstyan,User,,human_account,,no,,,9e7d9c9301f22f6701b59ba24d172ae0c5da0c91,cstyan,cstyan,2026-08-29T09:15:20.529136+00:00
25,coder/coder,pull_request,21330,pull_commit,committed,256974e8845cb20abdb60a99fc86a85fbb71ef07,2026-01-23T06:38:02Z,cstyan,User,,human_account,,no,,,256974e8845cb20abdb60a99fc86a85fbb71ef07,cstyan,cstyan,2026-08-29T09:15:20.529136+00:00
25,coder/coder,pull_request,21330,pull_commit,committed,187ca5bd639ed6c1949df58bfd7f903c5b01203d,2026-01-23T06:38:02Z,cstyan,User,,human_account,,no,,,187ca5bd639ed6c1949df58bfd7f903c5b01203d,cstyan,cstyan,2026-08-29T09:15:20.529136+00:00
25,coder/coder,pull_request,21330,pull_commit,committed,6293b9c73a8a56a7cca462ee79206da85da0edd4,2026-01-23T06:38:02Z,cstyan,User,,human_account,,no,,,6293b9c73a8a56a7cca462ee79206da85da0edd4,cstyan,cstyan,2026-08-29T09:15:20.529136+00:00
25,coder/coder,pull_request,21330,pull_commit,committed,60747b81e26eb24ca46d6fd39f67c26ca1ebf2ce,2026-01-23T06:38:02Z,cstyan,User,,human_account,,no,,,60747b81e26eb24ca46d6fd39f67c26ca1ebf2ce,cstyan,cstyan,2026-08-29T09:15:20.529136+00:00
25,coder/coder,pull_request,21330,pull_commit,committed,99637d55642b6d88e5e5fed13fde263bd7747c55,2026-01-23T06:38:02Z,cstyan,User,,human_account,,no,,,99637d55642b6d88e5e5fed13fde263bd7747c55,cstyan,cstyan,2026-08-29T09:15:20.529136+00:00
25,coder/coder,pull_request,21330,pull_commit,committed,31809c5178e0052541197c3026a1da06dbf469e6,2026-01-23T06:38:02Z,cstyan,User,,human_account,,no,,,31809c5178e0052541197c3026a1da06dbf469e6,cstyan,cstyan,2026-08-29T09:15:20.529136+00:00
25,coder/coder,pull_request,21330,pull_commit,committed,87d3d533ab24abbb7caac5cedf3d4f551fc6b115,2026-01-23T06:38:02Z,cstyan,User,,human_account,,no,,,87d3d533ab24abbb7caac5cedf3d4f551fc6b115,cstyan,cstyan,2026-08-29T09:15:20.529136+00:00
25,coder/coder,pull_request,21330,pull_commit,committed,68d99b4c1a74508c14189430a9d4b590b302386b,2026-01-23T06:38:02Z,cstyan,User,,human_account,,no,,,68d99b4c1a74508c14189430a9d4b590b302386b,cstyan,cstyan,2026-08-29T09:15:20.529136+00:00
25,coder/coder,pull_request,21330,pull_commit,committed,f3eb83ad20416dcdc660e96316ca07dfcb0fe554,2026-01-23T06:38:02Z,cstyan,User,,human_account,,no,,,f3eb83ad20416dcdc660e96316ca07dfcb0fe554,cstyan,cstyan,2026-08-29T09:15:20.529136+00:00
25,coder/coder,pull_request,21330,pull_commit,committed,f0edc9ffc46c26f4ba04115c120cbee1a99ffe95,2026-01-23T06:38:02Z,cstyan,User,,human_account,,no,,,f0edc9ffc46c26f4ba04115c120cbee1a99ffe95,cstyan,cstyan,2026-08-29T09:15:20.529136+00:00
25,coder/coder,pull_request,21330,pull_commit,committed,90eacc601c4c6a501764426a5307cf6ba49e6997,2026-01-23T06:38:02Z,cstyan,User,,human_account,,no,,,90eacc601c4c6a501764426a5307cf6ba49e6997,cstyan,cstyan,2026-08-29T09:15:20.529136+00:00
25,coder/coder,pull_request,21330,pull_commit,committed,90197c904928c69057fc21788530c75927dcd200,2026-01-23T06:38:02Z,cstyan,User,,human_account,,no,,,90197c904928c69057fc21788530c75927dcd200,cstyan,cstyan,2026-08-29T09:15:20.529136+00:00
25,coder/coder,pull_request,21330,pull_commit,committed,43681edd502efa7b32df10bef73489d70f73551b,2026-01-23T06:38:02Z,cstyan,User,,human_account,,no,,,43681edd502efa7b32df10bef73489d70f73551b,cstyan,cstyan,2026-08-29T09:15:20.529136+00:00
25,coder/coder,pull_request,21330,pull_commit,committed,ec10cbea2a590bdb542d2fca65ded6d787867d36,2026-01-23T06:38:02Z,cstyan,User,,human_account,,no,,,ec10cbea2a590bdb542d2fca65ded6d787867d36,cstyan,cstyan,2026-08-29T09:15:20.529136+00:00
25,coder/coder,pull_request,21330,pull_commit,committed,5f51d9d3675518298e1ebc19bf790ec5d20f21e3,2026-01-23T06:38:02Z,cstyan,User,,human_account,,no,,,5f51d9d3675518298e1ebc19bf790ec5d20f21e3,cstyan,cstyan,2026-08-29T09:15:20.529136+00:00
25,coder/coder,pull_request,21330,pull_commit,committed,1073335546c09380789a637b771f1b8cc7d025f6,2026-01-23T06:38:02Z,cstyan,User,,human_account,,no,,,1073335546c09380789a637b771f1b8cc7d025f6,cstyan,cstyan,2026-08-29T09:15:20.529136+00:00
25,coder/coder,pull_request,21330,pull_commit,committed,d569f0fbdc5c580f872267723fd18231a37dde70,2026-01-23T06:38:02Z,cstyan,User,,human_account,,no,,,d569f0fbdc5c580f872267723fd18231a37dde70,cstyan,cstyan,2026-08-29T09:15:20.529136+00:00
25,coder/coder,pull_request,21330,pull_commit,committed,853aa113a9a0e9e9fe2c464cf8f3c4624fc8f033,2026-01-23T06:38:02Z,cstyan,User,,human_account,,no,,,853aa113a9a0e9e9fe2c464cf8f3c4624fc8f033,cstyan,cstyan,2026-08-29T09:15:20.529136+00:00
25,coder/coder,pull_request,21330,pull_commit,committed,1d55a65a4a8831736adef18e6624d5216a58d2af,2026-01-23T06:38:02Z,cstyan,User,,human_account,,no,,,1d55a65a4a8831736adef18e6624d5216a58d2af,cstyan,cstyan,2026-08-29T09:15:20.529136+00:00
25,coder/coder,pull_request,21330,pull_commit,committed,5e90b6cc6be2afd5bbc785d0ae60023bbb327afa,2026-01-23T06:38:02Z,cstyan,User,,human_account,,no,,,5e90b6cc6be2afd5bbc785d0ae60023bbb327afa,cstyan,cstyan,2026-08-29T09:15:20.529136+00:00
25,coder/coder,pull_request,21330,pull_commit,committed,53d62962388d2ea5716a6d887be87648c43c99e9,2026-01-23T06:38:02Z,cstyan,User,,human_account,,no,,,53d62962388d2ea5716a6d887be87648c43c99e9,cstyan,cstyan,2026-08-29T09:15:20.529136+00:00
25,coder/coder,pull_request,21330,pull_commit,committed,78e33686185ed221e1c3b77bc077f394d1b0685d,2026-01-23T06:38:02Z,cstyan,User,,human_account,,no,,,78e33686185ed221e1c3b77bc077f394d1b0685d,cstyan,cstyan,2026-08-29T09:15:20.529136+00:00
25,coder/coder,pull_request,21330,pull_commit,committed,16e915cd5940ba1355ea0716d209a2541a7e147a,2026-01-23T06:38:02Z,cstyan,User,,human_account,,no,,,16e915cd5940ba1355ea0716d209a2541a7e147a,cstyan,cstyan,2026-08-29T09:15:20.529136+00:00
25,coder/coder,pull_request,21330,pull_commit,committed,8ee0df9e028f1cfaccb09115de5cff986f72ab8f,2026-01-23T06:38:02Z,cstyan,User,,human_account,,no,,,8ee0df9e028f1cfaccb09115de5cff986f72ab8f,cstyan,cstyan,2026-08-29T09:15:20.529136+00:00
25,coder/coder,pull_request,21330,pull_commit,committed,7af5161fec9c6facaee5589bfb738eb74fefca70,2026-01-23T06:38:02Z,cstyan,User,,human_account,,no,,,7af5161fec9c6facaee5589bfb738eb74fefca70,cstyan,cstyan,2026-08-29T09:15:20.529136+00:00
25,coder/coder,pull_request,21330,pull_commit,committed,8ff401af4c22ef16c069ea79f6f3db1dc6113d63,2026-01-23T06:38:02Z,cstyan,User,,human_account,,no,,,8ff401af4c22ef16c069ea79f6f3db1dc6113d63,cstyan,cstyan,2026-08-29T09:15:20.529136+00:00
25,coder/coder,pull_request,21330,pull_commit,committed,f8ad8cb69522825c9aa5f8cb391a33e525bd376e,2026-01-23T06:38:02Z,cstyan,User,,human_account,,no,,,f8ad8cb69522825c9aa5f8cb391a33e525bd376e,cstyan,cstyan,2026-08-29T09:15:20.529136+00:00
25,coder/coder,pull_request,21330,pull_commit,committed,9acf9d57a5ebf50af89f73ae55ee344296091672,2026-01-23T06:38:02Z,cstyan,User,,human_account,,no,,,9acf9d57a5ebf50af89f73ae55ee344296091672,cstyan,cstyan,2026-08-29T09:15:20.529136+00:00
25,coder/coder,pull_request,21330,pull_commit,committed,01d722e2131a724dfbc31b6bf7c356c5b81bdf55,2026-01-23T06:38:02Z,cstyan,User,,human_account,,no,,,01d722e2131a724dfbc31b6bf7c356c5b81bdf55,cstyan,cstyan,2026-08-29T09:15:20.529136+00:00
25,coder/coder,pull_request,21330,pull_commit,committed,e4a80482dca2bbce2649b8696c9e73a9803c2af1,2026-01-23T06:38:02Z,cstyan,User,,human_account,,no,,,e4a80482dca2bbce2649b8696c9e73a9803c2af1,cstyan,cstyan,2026-08-29T09:15:20.529136+00:00
25,coder/coder,pull_request,21330,pull_commit,committed,105f0f699ad1139599aa10588d10356c07384054,2026-01-23T06:38:02Z,cstyan,User,,human_account,,no,,,105f0f699ad1139599aa10588d10356c07384054,cstyan,cstyan,2026-08-29T09:15:20.529136+00:00
25,coder/coder,pull_request,21330,pull_commit,committed,25831c76e2e4d78f869421f4302df31e6f6cc01d,2026-01-23T06:38:02Z,cstyan,User,,human_account,,no,,,25831c76e2e4d78f869421f4302df31e6f6cc01d,cstyan,cstyan,2026-08-29T09:15:20.529136+00:00
25,coder/coder,pull_request,21330,pull_commit,committed,cc95ac850c72d539c99f54857ecc65d9b7a9f2ef,2026-01-23T06:38:02Z,cstyan,User,,human_account,,no,,,cc95ac850c72d539c99f54857ecc65d9b7a9f2ef,cstyan,cstyan,2026-08-29T09:15:20.529136+00:00
25,coder/coder,pull_request,21330,pull_commit,committed,9cbb3c1b9d00a39a3d4774859dfd4910092e4ed0,2026-01-23T06:38:02Z,cstyan,User,,human_account,,no,,,9cbb3c1b9d00a39a3d4774859dfd4910092e4ed0,cstyan,cstyan,2026-08-29T09:15:20.529136+00:00
25,coder/coder,pull_request,21330,pull_commit,committed,ec1efde63f98dcde708d7ce701d696c58c4ad9a6,2026-01-23T06:38:02Z,cstyan,User,,human_account,,no,,,ec1efde63f98dcde708d7ce701d696c58c4ad9a6,cstyan,cstyan,2026-08-29T09:15:20.529136+00:00
25,coder/coder,pull_request,21330,pull_commit,committed,029a46766a10fac327dee4b5e169783c4ca6fd94,2026-01-23T06:38:02Z,cstyan,User,,human_account,,no,,,029a46766a10fac327dee4b5e169783c4ca6fd94,cstyan,cstyan,2026-08-29T09:15:20.529136+00:00
25,coder/coder,pull_request,20662,pull_commit,committed,77f9c6a2f82e843ce7a0267efae3c554ecf6528b,2025-10-29T22:06:57Z,cstyan,User,,human_account,,no,,,77f9c6a2f82e843ce7a0267efae3c554ecf6528b,cstyan,cstyan,2026-08-29T09:15:21.364763+00:00
25,coder/coder,pull_request,20662,pull_commit,committed,0bf08af277500ce578b7844ba2fff411d84b0b9d,2025-11-03T23:32:01Z,cstyan,User,,human_account,,no,,,0bf08af277500ce578b7844ba2fff411d84b0b9d,cstyan,cstyan,2026-08-29T09:15:21.364763+00:00
25,coder/coder,pull_request,20662,pull_commit,committed,f44792761c7a85cdd549f96a337f16436f9bf6ce,2025-11-14T21:22:25Z,cstyan,User,,human_account,,no,,,f44792761c7a85cdd549f96a337f16436f9bf6ce,cstyan,cstyan,2026-08-29T09:15:21.364763+00:00
25,coder/coder,pull_request,20662,pull_commit,committed,9561447a28bdc0ed2366031d66a22cc5abf68824,2025-11-17T19:18:46Z,cstyan,User,,human_account,,no,,,9561447a28bdc0ed2366031d66a22cc5abf68824,cstyan,cstyan,2026-08-29T09:15:21.364763+00:00
25,coder/coder,pull_request,20662,pull_commit,committed,c5f0c60ffaaa68601fb2418809d8b683cf55a2e5,2025-11-17T19:33:11Z,cstyan,User,,human_account,,no,,,c5f0c60ffaaa68601fb2418809d8b683cf55a2e5,cstyan,cstyan,2026-08-29T09:15:21.364763+00:00
25,coder/coder,pull_request,20662,pull_commit,committed,f77df042947f120e129fe9985b40218d44e13f25,2025-11-17T19:33:25Z,cstyan,User,,human_account,,no,,,f77df042947f120e129fe9985b40218d44e13f25,cstyan,cstyan,2026-08-29T09:15:21.364763+00:00
25,coder/coder,pull_request,20662,pull_commit,committed,c39830b9047dd1f3dd41eed8f75a25d5c16382fb,2025-11-17T21:17:03Z,cstyan,User,,human_account,,no,,,c39830b9047dd1f3dd41eed8f75a25d5c16382fb,cstyan,cstyan,2026-08-29T09:15:21.364763+00:00
25,coder/coder,pull_request,20662,pull_commit,committed,8ae59933916870305cbfc7ab461d255737b90b23,2025-11-17T22:21:05Z,cstyan,User,,human_account,,no,,,8ae59933916870305cbfc7ab461d255737b90b23,cstyan,cstyan,2026-08-29T09:15:21.364763+00:00
25,coder/coder,pull_request,20662,pull_commit,committed,e99a8c512189ff38d17e776d69a27fe538b4a5f2,2025-11-17T23:58:22Z,cstyan,User,,human_account,,no,,,e99a8c512189ff38d17e776d69a27fe538b4a5f2,cstyan,cstyan,2026-08-29T09:15:21.364763+00:00
25,coder/coder,pull_request,20662,pull_commit,committed,b8d3604fcc43f9418268ef7e21ed5ba48ad1aaca,2025-11-18T00:45:29Z,cstyan,User,,human_account,,no,,,b8d3604fcc43f9418268ef7e21ed5ba48ad1aaca,cstyan,cstyan,2026-08-29T09:15:21.364763+00:00
25,coder/coder,pull_request,20662,pull_commit,committed,31432ed28fdc78b25bed68a40410490bbb76319b,2025-11-18T01:04:16Z,cstyan,User,,human_account,,no,,,31432ed28fdc78b25bed68a40410490bbb76319b,cstyan,cstyan,2026-08-29T09:15:21.364763+00:00
25,coder/coder,pull_request,20662,pull_commit,committed,40e423a31c4f5bf27736e506260f16a555126f1e,2025-11-18T01:19:30Z,cstyan,User,,human_account,,no,,,40e423a31c4f5bf27736e506260f16a555126f1e,cstyan,cstyan,2026-08-29T09:15:21.364763+00:00
25,coder/coder,pull_request,20662,pull_commit,committed,dac1117ae7d88abb5f16245de1678cd79f552bae,2025-11-18T01:41:36Z,cstyan,User,,human_account,,no,,,dac1117ae7d88abb5f16245de1678cd79f552bae,cstyan,cstyan,2026-08-29T09:15:21.364763+00:00
25,coder/coder,pull_request,20662,pull_commit,committed,bdf076a843e5bef283c5ad87a0ab337e13db613b,2025-11-18T02:03:32Z,cstyan,User,,human_account,,no,,,bdf076a843e5bef283c5ad87a0ab337e13db613b,cstyan,cstyan,2026-08-29T09:15:21.364763+00:00
25,coder/coder,pull_request,20662,pull_commit,committed,a77b3100a27ff1e1495ee2fea4af07bf16e4dde0,2025-11-18T03:57:06Z,cstyan,User,,human_account,,no,,,a77b3100a27ff1e1495ee2fea4af07bf16e4dde0,cstyan,cstyan,2026-08-29T09:15:21.364763+00:00
25,coder/coder,pull_request,20662,pull_commit,committed,02d84bd49c537031cf80012d5433ce6a55918d62,2025-11-18T18:43:33Z,cstyan,User,,human_account,,no,,,02d84bd49c537031cf80012d5433ce6a55918d62,cstyan,cstyan,2026-08-29T09:15:21.364763+00:00
25,coder/coder,pull_request,20662,pull_commit,committed,afe37c93fc6e48dfc6a4d575cfbdb74f2dcf9802,2025-11-18T19:32:29Z,cstyan,User,,human_account,,no,,,afe37c93fc6e48dfc6a4d575cfbdb74f2dcf9802,cstyan,cstyan,2026-08-29T09:15:21.364763+00:00
25,coder/coder,pull_request,20662,pull_commit,committed,15081e83f5d59d3c02044bff4d478ab2b6581d4c,2025-11-21T17:40:08Z,cstyan,User,,human_account,,no,,,15081e83f5d59d3c02044bff4d478ab2b6581d4c,cstyan,cstyan,2026-08-29T09:15:21.364763+00:00
25,coder/coder,pull_request,20662,pull_commit,committed,089a5ef2a3495d737c7f1a700c1e40535f87410e,2025-11-21T17:47:31Z,cstyan,User,,human_account,,no,,,089a5ef2a3495d737c7f1a700c1e40535f87410e,cstyan,cstyan,2026-08-29T09:15:21.364763+00:00
25,coder/coder,pull_request,20662,pull_commit,committed,a2ee19d77d30cbf13af0b5f083d11bee242b0cac,2025-11-21T18:29:40Z,cstyan,User,,human_account,,no,,,a2ee19d77d30cbf13af0b5f083d11bee242b0cac,cstyan,cstyan,2026-08-29T09:15:21.364763+00:00
25,coder/coder,pull_request,20662,pull_commit,committed,1d48500b43cc88709767a8f460137528dcfc4566,2025-11-21T18:43:30Z,cstyan,User,,human_account,,no,,,1d48500b43cc88709767a8f460137528dcfc4566,cstyan,cstyan,2026-08-29T09:15:21.364763+00:00
25,coder/coder,pull_request,20662,pull_commit,committed,96eb4c06aad468eab41135d8d3c9bbfc71af80b9,2025-11-24T17:56:59Z,cstyan,User,,human_account,,no,,,96eb4c06aad468eab41135d8d3c9bbfc71af80b9,cstyan,cstyan,2026-08-29T09:15:21.364763+00:00
25,coder/coder,pull_request,20662,pull_commit,committed,68110902af15475389fe4ce5be030d94c16bc924,2025-11-24T22:57:24Z,cstyan,User,,human_account,,no,,,68110902af15475389fe4ce5be030d94c16bc924,cstyan,cstyan,2026-08-29T09:15:21.364763+00:00
25,coder/coder,pull_request,20662,pull_commit,committed,81bc27acb6bcee2aec8ced4243b605d01ba14acc,2025-11-25T18:15:19Z,cstyan,User,,human_account,,no,,,81bc27acb6bcee2aec8ced4243b605d01ba14acc,cstyan,cstyan,2026-08-29T09:15:21.364763+00:00
25,coder/coder,pull_request,20662,pull_commit,committed,83048644d862cf75ca6ccb63d024ee452d2c28c1,2025-11-25T19:56:15Z,cstyan,User,,human_account,,no,,,83048644d862cf75ca6ccb63d024ee452d2c28c1,cstyan,cstyan,2026-08-29T09:15:21.364763+00:00
25,coder/coder,pull_request,20662,pull_commit,committed,740348ce9e43829ae98c436f7af62fa64712898a,2025-11-25T22:25:57Z,cstyan,User,,human_account,,no,,,740348ce9e43829ae98c436f7af62fa64712898a,cstyan,cstyan,2026-08-29T09:15:21.364763+00:00
25,coder/coder,pull_request,20906,pull_commit,committed,237ee70bec4e4920c7d6f8a45dd21e53ce98b869,2025-11-25T19:13:49Z,geokat,User,,human_account,,no,,,237ee70bec4e4920c7d6f8a45dd21e53ce98b869,geokat,geokat,2026-08-29T09:15:21.942282+00:00
25,coder/coder,pull_request,20906,pull_commit,committed,92911f52fdf6dbad7afe54002f8611208f369c8f,2025-11-25T19:13:49Z,geokat,User,,human_account,,no,,,92911f52fdf6dbad7afe54002f8611208f369c8f,geokat,geokat,2026-08-29T09:15:21.942282+00:00
25,coder/coder,pull_request,20906,pull_commit,committed,f255b62434c1e0ca4fd97353862a781aa799cbaf,2025-11-25T19:13:49Z,geokat,User,,human_account,,no,,,f255b62434c1e0ca4fd97353862a781aa799cbaf,geokat,geokat,2026-08-29T09:15:21.942282+00:00
25,coder/coder,pull_request,20906,pull_commit,committed,47bba5bdb94a206f584495e3b81d4a5ad4b9a507,2025-11-25T19:13:49Z,geokat,User,,human_account,,no,,,47bba5bdb94a206f584495e3b81d4a5ad4b9a507,geokat,geokat,2026-08-29T09:15:21.942282+00:00
25,coder/coder,pull_request,20657,pull_commit,committed,a75c579159cd115118c5a9ebb3124979c94758f9,2025-11-03T12:21:09Z,web-flow,User,,human_account,,no,,,a75c579159cd115118c5a9ebb3124979c94758f9,dependabot[bot],web-flow,2026-08-29T09:15:22.507647+00:00
25,coder/coder,pull_request,20848,pull_commit,committed,f46f36f4ae34eac0ce3dcc477fba2e127b767ccf,2025-11-20T17:54:35Z,jaaydenh,User,,human_account,,no,,,f46f36f4ae34eac0ce3dcc477fba2e127b767ccf,jaaydenh,jaaydenh,2026-08-29T09:15:23.090655+00:00
25,coder/coder,pull_request,20298,pull_commit,committed,db6d8bb835c17555d9e0146aba856952cc612d0b,2025-10-15T08:46:00Z,DanielleMaywood,User,,human_account,,no,,,db6d8bb835c17555d9e0146aba856952cc612d0b,DanielleMaywood,DanielleMaywood,2026-08-29T09:15:23.661521+00:00
25,coder/coder,pull_request,20282,pull_commit,committed,4c1b0b2602ad94b0b16c742c274641cf3e7a2a76,2025-10-14T11:14:50Z,johnstcn,User,,human_account,,no,,,4c1b0b2602ad94b0b16c742c274641cf3e7a2a76,johnstcn,johnstcn,2026-08-29T09:15:24.218400+00:00
25,coder/coder,pull_request,20282,pull_commit,committed,2a48c0b751e8157be6bc0c58e12b94d475fb877f,2025-10-14T12:30:18Z,johnstcn,User,,human_account,,no,,,2a48c0b751e8157be6bc0c58e12b94d475fb877f,johnstcn,johnstcn,2026-08-29T09:15:24.218400+00:00
25,coder/coder,pull_request,20282,pull_commit,committed,1f9ef2fa4f2d69c4a1e3b5773e0f6879dfea636d,2025-10-14T14:02:10Z,johnstcn,User,,human_account,,no,,,1f9ef2fa4f2d69c4a1e3b5773e0f6879dfea636d,johnstcn,johnstcn,2026-08-29T09:15:24.218400+00:00
25,coder/coder,pull_request,25653,pull_commit,committed,aca5daf981593ec8f172ff643b80cd688dc05659,2026-05-25T15:30:26Z,johnstcn,User,,human_account,,no,,,aca5daf981593ec8f172ff643b80cd688dc05659,johnstcn,johnstcn,2026-08-29T09:15:24.815560+00:00
25,coder/coder,pull_request,26878,pull_commit,committed,9bf1cca1a38e024028f9bc007cfc6ab14a1becaa,2026-06-30T15:46:55Z,jeremyruppel,User,,human_account,,no,,,9bf1cca1a38e024028f9bc007cfc6ab14a1becaa,jeremyruppel,jeremyruppel,2026-08-29T09:15:25.319831+00:00
25,coder/coder,pull_request,26878,pull_commit,committed,64e52e1020bb0270b961e092137a436eca1643d1,2026-06-30T15:51:26Z,jeremyruppel,User,,human_account,,no,,,64e52e1020bb0270b961e092137a436eca1643d1,jeremyruppel,jeremyruppel,2026-08-29T09:15:25.319831+00:00
25,coder/coder,pull_request,25800,pull_commit,committed,e577b248f611131f608adc6dd194160fabb3986d,2026-05-29T09:35:35Z,johnstcn,User,,human_account,,no,,,e577b248f611131f608adc6dd194160fabb3986d,johnstcn,johnstcn,2026-08-29T09:15:25.849781+00:00
25,coder/coder,pull_request,25800,pull_commit,committed,eaa5e9d375cc9b57a3f4395ab7edb85c866ae37e,2026-05-29T09:35:36Z,johnstcn,User,,human_account,,no,,,eaa5e9d375cc9b57a3f4395ab7edb85c866ae37e,johnstcn,johnstcn,2026-08-29T09:15:25.849781+00:00
25,coder/coder,pull_request,25800,pull_commit,committed,a9c6faf688f1eaf8c966932d46562e77fc9dccd3,2026-05-29T09:35:36Z,johnstcn,User,,human_account,,no,,,a9c6faf688f1eaf8c966932d46562e77fc9dccd3,johnstcn,johnstcn,2026-08-29T09:15:25.849781+00:00
25,coder/coder,pull_request,25800,pull_commit,committed,6d8952859d79f9813bda5a2d4940905757822571,2026-05-29T09:35:36Z,johnstcn,User,,human_account,,no,,,6d8952859d79f9813bda5a2d4940905757822571,johnstcn,johnstcn,2026-08-29T09:15:25.849781+00:00
25,coder/coder,pull_request,25800,pull_commit,committed,1150c6be2152fdfabe1b1963928e1b9781331481,2026-05-29T09:35:36Z,johnstcn,User,,human_account,,no,,,1150c6be2152fdfabe1b1963928e1b9781331481,johnstcn,johnstcn,2026-08-29T09:15:25.849781+00:00
25,coder/coder,pull_request,25800,pull_commit,committed,ebf3c1c83df74dc577f59c62bf6101cd0c65ff63,2026-05-29T09:35:36Z,johnstcn,User,,human_account,,no,,,ebf3c1c83df74dc577f59c62bf6101cd0c65ff63,johnstcn,johnstcn,2026-08-29T09:15:25.849781+00:00
25,coder/coder,pull_request,25800,pull_commit,committed,d75fcbb3d2a5d5f046ca7ebc3523fe5191123231,2026-05-29T09:35:36Z,johnstcn,User,,human_account,,no,,,d75fcbb3d2a5d5f046ca7ebc3523fe5191123231,johnstcn,johnstcn,2026-08-29T09:15:25.849781+00:00
25,coder/coder,pull_request,25800,pull_commit,committed,f51be114ef7bd663766437980506a50f8c4daf7b,2026-05-29T09:35:36Z,johnstcn,User,,human_account,,no,,,f51be114ef7bd663766437980506a50f8c4daf7b,johnstcn,johnstcn,2026-08-29T09:15:25.849781+00:00
25,coder/coder,pull_request,25800,pull_commit,committed,9c4ccbdb54254d819d97e5ec44edb4d518ef446c,2026-05-29T10:32:19Z,johnstcn,User,,human_account,,no,,,9c4ccbdb54254d819d97e5ec44edb4d518ef446c,johnstcn,johnstcn,2026-08-29T09:15:25.849781+00:00
25,coder/coder,pull_request,25800,pull_commit,committed,69939f71470537367400532e9425742c76146fbd,2026-05-29T10:34:32Z,johnstcn,User,,human_account,,no,,,69939f71470537367400532e9425742c76146fbd,johnstcn,johnstcn,2026-08-29T09:15:25.849781+00:00
25,coder/coder,pull_request,25800,pull_commit,committed,99d3214c0def9252feed9d9b42e9a7e7201ecf1b,2026-05-29T11:02:26Z,johnstcn,User,,human_account,,no,,,99d3214c0def9252feed9d9b42e9a7e7201ecf1b,johnstcn,johnstcn,2026-08-29T09:15:25.849781+00:00
25,coder/coder,pull_request,25800,pull_commit,committed,acd69e9b92247acbfa16355732380b3994cca8bf,2026-05-29T11:35:37Z,johnstcn,User,,human_account,,no,,,acd69e9b92247acbfa16355732380b3994cca8bf,johnstcn,johnstcn,2026-08-29T09:15:25.849781+00:00
25,coder/coder,pull_request,25800,pull_commit,committed,0033a8d7452503f7d2013ec08fad38b920fedce2,2026-05-29T11:50:46Z,johnstcn,User,,human_account,,no,,,0033a8d7452503f7d2013ec08fad38b920fedce2,johnstcn,johnstcn,2026-08-29T09:15:25.849781+00:00
25,coder/coder,pull_request,25800,pull_commit,committed,e102cfcbc674b55b9b8ad06c41d1b7d4739eab78,2026-05-29T12:02:21Z,johnstcn,User,,human_account,,no,,,e102cfcbc674b55b9b8ad06c41d1b7d4739eab78,johnstcn,johnstcn,2026-08-29T09:15:25.849781+00:00
25,coder/coder,pull_request,26569,pull_commit,committed,fe6ad2baf85d310736d7f567ab9ca5f460ef36d2,2026-06-24T07:53:36Z,ssncferreira,User,,human_account,,no,,,fe6ad2baf85d310736d7f567ab9ca5f460ef36d2,ssncferreira,ssncferreira,2026-08-29T09:15:26.448878+00:00
25,coder/coder,pull_request,28535,pull_commit,committed,dbc85f5fcade8b8e8e95ddccd2413ed21e3b7e9f,2026-08-25T06:48:07Z,jakehwll,User,,human_account,,no,,,dbc85f5fcade8b8e8e95ddccd2413ed21e3b7e9f,jakehwll,jakehwll,2026-08-29T09:15:27.020677+00:00
25,coder/coder,pull_request,28535,pull_commit,committed,c6c3ad6479073a406d7b2988717b8a1bbca54609,2026-08-26T03:50:35Z,jakehwll,User,,human_account,,no,,,c6c3ad6479073a406d7b2988717b8a1bbca54609,jakehwll,jakehwll,2026-08-29T09:15:27.020677+00:00
25,coder/coder,pull_request,27493,pull_commit,committed,d5ec388ba0f9d98032aa2288c2a817a415e34312,2026-07-24T20:28:19Z,jscottmiller,User,,human_account,,no,,,d5ec388ba0f9d98032aa2288c2a817a415e34312,jscottmiller,jscottmiller,2026-08-29T09:15:27.498217+00:00
25,coder/coder,pull_request,27493,pull_commit,committed,a7ff85d1d98f2af7f961b0286e40820a87ce8f24,2026-07-24T23:50:33Z,jscottmiller,User,,human_account,,no,,,a7ff85d1d98f2af7f961b0286e40820a87ce8f24,jscottmiller,jscottmiller,2026-08-29T09:15:27.498217+00:00
25,coder/coder,pull_request,27493,pull_commit,committed,fd9394858ebe193f0aebf912c9d361423dfcf34c,2026-07-26T18:09:13Z,jscottmiller,User,,human_account,,no,,,fd9394858ebe193f0aebf912c9d361423dfcf34c,jscottmiller,jscottmiller,2026-08-29T09:15:27.498217+00:00
25,coder/coder,pull_request,27493,pull_commit,committed,6e9e36234e4eb22f39a64aff59016ae16d90f9a1,2026-07-26T18:25:04Z,jscottmiller,User,,human_account,,no,,,6e9e36234e4eb22f39a64aff59016ae16d90f9a1,jscottmiller,jscottmiller,2026-08-29T09:15:27.498217+00:00
25,coder/coder,pull_request,26578,pull_commit,committed,537c24c814da110c7d4d8aa4dfee03976d61adf7,2026-06-24T20:07:54Z,evgeniy-scherbina,User,,human_account,,no,,,537c24c814da110c7d4d8aa4dfee03976d61adf7,evgeniy-scherbina,evgeniy-scherbina,2026-08-29T09:15:27.937562+00:00
25,coder/coder,pull_request,26578,pull_commit,committed,afe0834860482072f6c4d5a87d812cbfafb79d0f,2026-06-25T00:19:21Z,evgeniy-scherbina,User,,human_account,,no,,,afe0834860482072f6c4d5a87d812cbfafb79d0f,evgeniy-scherbina,evgeniy-scherbina,2026-08-29T09:15:27.937562+00:00
25,coder/coder,pull_request,28650,pull_commit,committed,e3f7b12027378e4ee3cfd63f0a627b44ae3f2ac0,2026-08-26T17:10:11Z,github-actions[bot],Bot,,automation_bot,,no,,,e3f7b12027378e4ee3cfd63f0a627b44ae3f2ac0,github-actions[bot],github-actions[bot],2026-08-29T09:15:28.494268+00:00
25,coder/coder,pull_request,28029,pull_commit,committed,705c0f53eeda766512a41c124e33bbcf622c3b03,2026-08-11T15:45:16Z,web-flow,User,,human_account,,no,,,705c0f53eeda766512a41c124e33bbcf622c3b03,nickvigilante,web-flow,2026-08-29T09:15:28.986873+00:00
25,coder/coder,pull_request,27545,pull_commit,committed,ae1934bcdee23c55c65943a61e3dcfebaa806fbb,2026-07-27T19:27:23Z,mattvollmer,User,,human_account,,no,,,ae1934bcdee23c55c65943a61e3dcfebaa806fbb,mattvollmer,mattvollmer,2026-08-29T09:15:29.649420+00:00
25,coder/coder,pull_request,27545,pull_commit,committed,388fe9c9354342124b7cfc913936e64dc73ad4bd,2026-07-27T19:47:15Z,mattvollmer,User,,human_account,,no,,,388fe9c9354342124b7cfc913936e64dc73ad4bd,mattvollmer,mattvollmer,2026-08-29T09:15:29.649420+00:00
25,coder/coder,pull_request,27545,pull_commit,committed,eda24925812e09d6b48042529d02d682a307ab74,2026-07-27T20:18:15Z,mattvollmer,User,,human_account,,no,,,eda24925812e09d6b48042529d02d682a307ab74,mattvollmer,mattvollmer,2026-08-29T09:15:29.649420+00:00
25,coder/coder,pull_request,27545,pull_commit,committed,286917bfb53013adb0c890531b564e7e2c6c1169,2026-07-27T20:29:38Z,mattvollmer,User,,human_account,,no,,,286917bfb53013adb0c890531b564e7e2c6c1169,mattvollmer,mattvollmer,2026-08-29T09:15:29.649420+00:00
25,coder/coder,pull_request,27545,pull_commit,committed,dedde49b72959bec632c7527979291a887d0dbab,2026-07-28T17:36:25Z,mattvollmer,User,,human_account,,no,,,dedde49b72959bec632c7527979291a887d0dbab,mattvollmer,mattvollmer,2026-08-29T09:15:29.649420+00:00
25,coder/coder,pull_request,28153,pull_commit,committed,a9fcb2971e28808ee7ab3ff5e34b0812c492d6ba,2026-08-13T20:10:29Z,aqandrew,User,,human_account,,no,,,a9fcb2971e28808ee7ab3ff5e34b0812c492d6ba,aqandrew,aqandrew,2026-08-29T09:15:30.095680+00:00
25,coder/coder,pull_request,28153,pull_commit,committed,a65912c34c8d229a135b6d11db5217f2ddd251bc,2026-08-13T20:28:36Z,aqandrew,User,,human_account,,no,,,a65912c34c8d229a135b6d11db5217f2ddd251bc,aqandrew,aqandrew,2026-08-29T09:15:30.095680+00:00
25,coder/coder,pull_request,27923,pull_commit,committed,9690f4bc069f9f3567e44e4445367407a35aa4ad,2026-08-10T14:52:58Z,ssncferreira,User,,human_account,,no,,,9690f4bc069f9f3567e44e4445367407a35aa4ad,ssncferreira,ssncferreira,2026-08-29T09:15:30.642256+00:00
25,coder/coder,pull_request,25115,pull_commit,committed,f395c07682b92c74fe399b6d3d19272295ac2b2f,2026-05-11T08:39:54Z,JoshuaVlantis,User,,human_account,,no,,,f395c07682b92c74fe399b6d3d19272295ac2b2f,JoshuaVlantis,JoshuaVlantis,2026-08-29T09:15:31.110619+00:00
25,coder/coder,pull_request,25072,pull_commit,committed,660301407b4994cefbe5657c7977d6c83833a1de,2026-05-15T00:04:17Z,cstyan,User,,human_account,,no,,,660301407b4994cefbe5657c7977d6c83833a1de,cstyan,cstyan,2026-08-29T09:15:31.669096+00:00
25,coder/coder,pull_request,25072,pull_commit,committed,4e13f72d013e190acf9d19cffdc325f305816d23,2026-05-15T00:04:17Z,cstyan,User,,human_account,,no,,,4e13f72d013e190acf9d19cffdc325f305816d23,cstyan,cstyan,2026-08-29T09:15:31.669096+00:00
25,coder/coder,pull_request,25072,pull_commit,committed,436c6c76390052b2be6e3cf28f8ce17acc03e118,2026-05-15T21:20:38Z,cstyan,User,,human_account,,no,,,436c6c76390052b2be6e3cf28f8ce17acc03e118,cstyan,cstyan,2026-08-29T09:15:31.669096+00:00
25,coder/coder,pull_request,26003,pull_commit,committed,92e48cc86422b0382d2370df65d8725924c722ee,2026-06-05T19:34:03Z,Emyrk,User,,human_account,,no,,,92e48cc86422b0382d2370df65d8725924c722ee,Emyrk,Emyrk,2026-08-29T09:15:32.149464+00:00
25,coder/coder,pull_request,26930,pull_commit,committed,232488662d0d280e80adec1b15acabb64d02ac4b,2026-07-01T19:02:51Z,github-actions[bot],Bot,,automation_bot,,no,,,232488662d0d280e80adec1b15acabb64d02ac4b,aslilac,github-actions[bot],2026-08-29T09:15:32.633972+00:00
25,coder/coder,pull_request,25480,pull_commit,committed,0cf9bad99a15d2880fd0f0560b5ecafcbef25ba4,2026-05-19T10:57:06Z,web-flow,User,,human_account,,no,,,0cf9bad99a15d2880fd0f0560b5ecafcbef25ba4,dependabot[bot],web-flow,2026-08-29T09:15:33.125203+00:00
25,coder/coder,pull_request,27068,pull_commit,committed,24b10ecd716097221148f25a467974f32880a5a0,2026-07-08T17:11:02Z,pawbana,User,,human_account,,no,,,24b10ecd716097221148f25a467974f32880a5a0,pawbana,pawbana,2026-08-29T09:15:33.657597+00:00
25,coder/coder,pull_request,27068,pull_commit,committed,f7615ba8bf36ad5d2f5678b17708a6566b83eb72,2026-07-08T17:11:02Z,pawbana,User,,human_account,,no,,,f7615ba8bf36ad5d2f5678b17708a6566b83eb72,pawbana,pawbana,2026-08-29T09:15:33.657597+00:00
25,coder/coder,pull_request,27068,pull_commit,committed,f595203a7118c7ba32d35f35ad8a0e0dbfb4292d,2026-07-08T17:11:02Z,pawbana,User,,human_account,,no,,,f595203a7118c7ba32d35f35ad8a0e0dbfb4292d,pawbana,pawbana,2026-08-29T09:15:33.657597+00:00
25,coder/coder,pull_request,27068,pull_commit,committed,d4c952acea005b689b69101c5e7a652994ca1c15,2026-07-08T17:16:42Z,pawbana,User,,human_account,,no,,,d4c952acea005b689b69101c5e7a652994ca1c15,pawbana,pawbana,2026-08-29T09:15:33.657597+00:00
25,coder/coder,pull_request,27068,pull_commit,committed,1c7baa472e59c79db4dbcff9b0063ee9f1554337,2026-07-09T13:42:38Z,pawbana,User,,human_account,,no,,,1c7baa472e59c79db4dbcff9b0063ee9f1554337,pawbana,pawbana,2026-08-29T09:15:33.657597+00:00
25,coder/coder,pull_request,27749,pull_commit,committed,7ec211d5bc6b7a37b46b57ce8570d4ed59813aab,2026-08-01T11:11:46Z,web-flow,User,,human_account,,no,,,7ec211d5bc6b7a37b46b57ce8570d4ed59813aab,dependabot[bot],web-flow,2026-08-29T09:15:34.213187+00:00
25,coder/coder,pull_request,27014,pull_commit,committed,e4be178a1953a5a62484a4e864de478dfd0d9656,2026-07-06T18:03:13Z,aslilac,User,,human_account,,no,,,e4be178a1953a5a62484a4e864de478dfd0d9656,aslilac,aslilac,2026-08-29T09:15:34.733766+00:00
25,coder/coder,pull_request,26149,pull_commit,committed,235bd49f082ca0a8a3f38af014d23effc3f3e8d2,2026-06-08T22:20:09Z,jscottmiller,User,,human_account,,no,,,235bd49f082ca0a8a3f38af014d23effc3f3e8d2,jscottmiller,jscottmiller,2026-08-29T09:15:35.232436+00:00
25,coder/coder,pull_request,27433,pull_commit,committed,e3a9e70b73da521b939ec76b6015b88fa666573d,2026-07-22T19:30:23Z,evgeniy-scherbina,User,,human_account,,no,,,e3a9e70b73da521b939ec76b6015b88fa666573d,evgeniy-scherbina,evgeniy-scherbina,2026-08-29T09:15:35.754324+00:00
25,coder/coder,pull_request,26606,pull_commit,committed,fa64fab1b55e0c84518d5672f5e38d64466b54a9,2026-06-23T11:03:41Z,web-flow,User,,human_account,,no,,,fa64fab1b55e0c84518d5672f5e38d64466b54a9,dependabot[bot],web-flow,2026-08-29T09:15:36.224061+00:00
25,coder/coder,pull_request,28088,pull_commit,committed,5aea0c0b13d5ef9c9752c6454b781d1f21619a92,2026-08-12T21:41:30Z,nickvigilante,User,,human_account,,no,,,5aea0c0b13d5ef9c9752c6454b781d1f21619a92,nickvigilante,nickvigilante,2026-08-29T09:15:36.816317+00:00
25,coder/coder,pull_request,28517,pull_commit,committed,40f1fe20b9a0eb26c4a8917eaf4d53689b682410,2026-08-24T22:31:24Z,tracyjohnsonux,User,,human_account,,no,,,40f1fe20b9a0eb26c4a8917eaf4d53689b682410,tracyjohnsonux,tracyjohnsonux,2026-08-29T09:15:37.677233+00:00
25,coder/coder,pull_request,28063,pull_commit,committed,536a0bf2f011a65abcc14f74417bc336a8c1924b,2026-08-12T10:50:31Z,DanielleMaywood,User,,human_account,,no,,,536a0bf2f011a65abcc14f74417bc336a8c1924b,DanielleMaywood,DanielleMaywood,2026-08-29T09:15:38.204789+00:00
25,coder/coder,pull_request,28063,pull_commit,committed,64e6939692bd5f51656bb53094c2e76941eeea37,2026-08-12T11:54:50Z,DanielleMaywood,User,,human_account,,no,,,64e6939692bd5f51656bb53094c2e76941eeea37,DanielleMaywood,DanielleMaywood,2026-08-29T09:15:38.204789+00:00
25,coder/coder,pull_request,28063,pull_commit,committed,d55db27a97b644016348de2748d6b1a418de08c8,2026-08-12T12:29:03Z,DanielleMaywood,User,,human_account,,no,,,d55db27a97b644016348de2748d6b1a418de08c8,DanielleMaywood,DanielleMaywood,2026-08-29T09:15:38.204789+00:00
25,coder/coder,pull_request,28063,pull_commit,committed,d6e89c9e5306c3e26235cc2d0debefdd0981f465,2026-08-12T13:03:08Z,DanielleMaywood,User,,human_account,,no,,,d6e89c9e5306c3e26235cc2d0debefdd0981f465,DanielleMaywood,DanielleMaywood,2026-08-29T09:15:38.204789+00:00
25,coder/coder,pull_request,28063,pull_commit,committed,5e34550f4cc24e7f03935929fedb5bb518477c1a,2026-08-12T13:19:02Z,DanielleMaywood,User,,human_account,,no,,,5e34550f4cc24e7f03935929fedb5bb518477c1a,DanielleMaywood,DanielleMaywood,2026-08-29T09:15:38.204789+00:00
25,coder/coder,pull_request,28063,pull_commit,committed,211434515746d43216acb44a817b18605aa20d3a,2026-08-12T14:01:35Z,DanielleMaywood,User,,human_account,,no,,,211434515746d43216acb44a817b18605aa20d3a,DanielleMaywood,DanielleMaywood,2026-08-29T09:15:38.204789+00:00
25,coder/coder,pull_request,26219,pull_commit,committed,982bd56471b99d364bf526b90b2a4cbb04984192,2026-06-10T14:28:51Z,github-actions[bot],Bot,,automation_bot,,no,,,982bd56471b99d364bf526b90b2a4cbb04984192,nickvigilante,github-actions[bot],2026-08-29T09:15:38.746331+00:00
25,coder/coder,pull_request,27112,pull_commit,committed,aad65b93fcb79a1836997e03cfeeba50a43a3a7d,2026-07-08T23:23:44Z,ibetitsmike,User,,human_account,,no,,,aad65b93fcb79a1836997e03cfeeba50a43a3a7d,ibetitsmike,ibetitsmike,2026-08-29T09:15:39.291200+00:00
25,coder/coder,pull_request,27112,pull_commit,committed,09df48689b1ba6d467be4c5c5c4e297f29427afb,2026-07-12T13:42:22Z,ibetitsmike,User,,human_account,,no,,,09df48689b1ba6d467be4c5c5c4e297f29427afb,ibetitsmike,ibetitsmike,2026-08-29T09:15:39.291200+00:00
30,langgenius/dify,pull_request,760,pull_commit,committed,b893b25bd80ed7591df47f201f98ad0c32cf20a1,2023-08-06T08:20:52Z,takatost,User,,human_account,,no,,,b893b25bd80ed7591df47f201f98ad0c32cf20a1,takatost,takatost,2026-08-29T09:15:39.840678+00:00
30,langgenius/dify,pull_request,487,pull_commit,committed,3cffc4b1e016259fb5d748337a7e787a860a3d62,2023-06-29T03:54:55Z,takatost,User,,human_account,,no,,,3cffc4b1e016259fb5d748337a7e787a860a3d62,takatost,takatost,2026-08-29T09:15:40.347257+00:00
30,langgenius/dify,pull_request,533,pull_commit,committed,04bcafb5c8bc17a5e44e0ee4e647ba61719fe4a2,2023-07-07T12:51:55Z,crazywoola,User,,human_account,,no,,,04bcafb5c8bc17a5e44e0ee4e647ba61719fe4a2,crazywoola,crazywoola,2026-08-29T09:15:40.898016+00:00
30,langgenius/dify,pull_request,533,pull_commit,committed,1f9fa549d693c1a1cb41f1ed6ae7bbe5ca829901,2023-07-08T01:46:35Z,crazywoola,User,,human_account,,no,,,1f9fa549d693c1a1cb41f1ed6ae7bbe5ca829901,crazywoola,crazywoola,2026-08-29T09:15:40.898016+00:00
30,langgenius/dify,pull_request,533,pull_commit,committed,be7e367a75ce12d0e4b3468e87cccd4783b66754,2023-07-08T04:26:02Z,crazywoola,User,,human_account,,no,,,be7e367a75ce12d0e4b3468e87cccd4783b66754,crazywoola,crazywoola,2026-08-29T09:15:40.898016+00:00
30,langgenius/dify,pull_request,533,pull_commit,committed,34ce138b75775e2f4b59d5ae69d60b046dac4707,2023-07-08T05:14:42Z,crazywoola,User,,human_account,,no,,,34ce138b75775e2f4b59d5ae69d60b046dac4707,crazywoola,crazywoola,2026-08-29T09:15:40.898016+00:00
30,langgenius/dify,pull_request,533,pull_commit,committed,ee11fdd8d6ec48def720eadaa9fa204f612d2b5d,2023-07-08T05:21:15Z,crazywoola,User,,human_account,,no,,,ee11fdd8d6ec48def720eadaa9fa204f612d2b5d,crazywoola,crazywoola,2026-08-29T09:15:40.898016+00:00
30,langgenius/dify,pull_request,533,pull_commit,committed,7dbe5c1edd2836987b7a735a24cdc91fac347a7c,2023-07-08T09:13:02Z,crazywoola,User,,human_account,,no,,,7dbe5c1edd2836987b7a735a24cdc91fac347a7c,crazywoola,crazywoola,2026-08-29T09:15:40.898016+00:00
30,langgenius/dify,pull_request,533,pull_commit,committed,4aa3fcd609a794e8d1ca9294de5c14b3b82f6064,2023-07-10T02:27:18Z,crazywoolala,User,,human_account,,no,,,4aa3fcd609a794e8d1ca9294de5c14b3b82f6064,crazywoolala,crazywoolala,2026-08-29T09:15:40.898016+00:00
30,langgenius/dify,pull_request,533,pull_commit,committed,438ad60039536ba2e4d26ff463d7b8c2f8a17ec5,2023-07-10T03:04:18Z,crazywoolala,User,,human_account,,no,,,438ad60039536ba2e4d26ff463d7b8c2f8a17ec5,crazywoolala,crazywoolala,2026-08-29T09:15:40.898016+00:00
30,langgenius/dify,pull_request,533,pull_commit,committed,a43fc4ef128c7a02baa674b1740929b8a5284c85,2023-07-10T09:48:27Z,zxhlyh,User,,human_account,,no,,,a43fc4ef128c7a02baa674b1740929b8a5284c85,zxhlyh,zxhlyh,2026-08-29T09:15:40.898016+00:00
30,langgenius/dify,pull_request,533,pull_commit,committed,5bde48939f4ee70932ecbff371cba7595993b885,2023-07-10T11:44:01Z,crazywoola,User,,human_account,,no,,,5bde48939f4ee70932ecbff371cba7595993b885,crazywoola,crazywoola,2026-08-29T09:15:40.898016+00:00
30,langgenius/dify,pull_request,533,pull_commit,committed,6ba806e78c67a1a378ad500f2ffc5a6f6fd75465,2023-07-11T02:27:12Z,zxhlyh,User,,human_account,,no,,,6ba806e78c67a1a378ad500f2ffc5a6f6fd75465,zxhlyh,zxhlyh,2026-08-29T09:15:40.898016+00:00
30,langgenius/dify,pull_request,533,pull_commit,committed,1bb32e49e1b13f1546a6684436783988da927bd1,2023-07-11T03:18:33Z,zxhlyh,User,,human_account,,no,,,1bb32e49e1b13f1546a6684436783988da927bd1,zxhlyh,zxhlyh,2026-08-29T09:15:40.898016+00:00
30,langgenius/dify,pull_request,58,pull_commit,committed,5bdf67c62943c1d183bfe35be1ae8c12891882f1,2023-05-16T14:56:44Z,takatost,User,,human_account,,no,,,5bdf67c62943c1d183bfe35be1ae8c12891882f1,takatost,takatost,2026-08-29T09:15:41.360839+00:00
30,langgenius/dify,pull_request,199,pull_commit,committed,73cf323be13eb14a2453b77902d071b02ecd67da,2023-05-25T09:35:27Z,crazywoolala,User,,human_account,,no,,,73cf323be13eb14a2453b77902d071b02ecd67da,crazywoolala,crazywoolala,2026-08-29T09:15:41.831982+00:00
30,langgenius/dify,pull_request,199,pull_commit,committed,4217ed534c822058c45e863cee2c0e9df4b25386,2023-05-25T09:40:47Z,crazywoolala,User,,human_account,,no,,,4217ed534c822058c45e863cee2c0e9df4b25386,crazywoolala,crazywoolala,2026-08-29T09:15:41.831982+00:00
30,langgenius/dify,pull_request,178,pull_commit,committed,7244a5b0afcf98aff4932ce0d5f6b0bcd2f4ee9c,2023-05-23T15:03:28Z,nite-knite,User,,human_account,,no,,,7244a5b0afcf98aff4932ce0d5f6b0bcd2f4ee9c,nite-knite,nite-knite,2026-08-29T09:15:42.293420+00:00
30,langgenius/dify,pull_request,490,pull_commit,committed,d05f79106ed5394ea67169c4dee48fc54c67cfc8,2023-06-28T07:58:50Z,zxhlyh,User,,human_account,,no,,,d05f79106ed5394ea67169c4dee48fc54c67cfc8,zxhlyh,zxhlyh,2026-08-29T09:15:42.753957+00:00
30,langgenius/dify,pull_request,358,pull_commit,committed,f1e082b86b49520a15f674852928ea8256d91373,2023-06-14T02:27:12Z,takatost,User,,human_account,,no,,,f1e082b86b49520a15f674852928ea8256d91373,takatost,takatost,2026-08-29T09:15:43.271482+00:00
30,langgenius/dify,pull_request,320,pull_commit,committed,feb1f6416a5d632170a13395bed761a88355daf9,2023-06-08T08:26:32Z,iamjoel,User,,human_account,,no,,,feb1f6416a5d632170a13395bed761a88355daf9,iamjoel,iamjoel,2026-08-29T09:15:43.732283+00:00
30,langgenius/dify,pull_request,790,pull_commit,committed,d824a8ffc45a9f05ec7468303c36bf508a1ad91f,2023-08-09T11:45:39Z,crazywoola,User,,human_account,,no,,,d824a8ffc45a9f05ec7468303c36bf508a1ad91f,crazywoola,crazywoola,2026-08-29T09:15:44.221613+00:00
30,langgenius/dify,pull_request,763,pull_commit,committed,4fc3641dd3189e09bb3b24061e460c96989e15cb,2023-08-06T17:26:05Z,,,,unknown,,no,,,4fc3641dd3189e09bb3b24061e460c96989e15cb,,,2026-08-29T09:15:44.675325+00:00
30,langgenius/dify,pull_request,29490,pull_commit,committed,8c671979ac88fb74d23e640eb282d361ed06198c,2025-12-11T06:56:51Z,lyzno1,User,,human_account,,no,,,8c671979ac88fb74d23e640eb282d361ed06198c,lyzno1,lyzno1,2026-08-29T09:15:45.237777+00:00
30,langgenius/dify,pull_request,29526,pull_commit,committed,d36dc4a3de9dea064f6f078f83edde3caf8793a8,2025-12-05T18:00:52Z,ialisaleh,User,,human_account,,no,,,d36dc4a3de9dea064f6f078f83edde3caf8793a8,ialisaleh,ialisaleh,2026-08-29T09:15:45.733278+00:00
30,langgenius/dify,pull_request,29526,pull_commit,committed,e94b59af6f707ef45e567bc09e6854ddc144b039,2025-12-08T18:02:31Z,ialisaleh,User,,human_account,,no,,,e94b59af6f707ef45e567bc09e6854ddc144b039,ialisaleh,ialisaleh,2026-08-29T09:15:45.733278+00:00
30,langgenius/dify,pull_request,29526,pull_commit,committed,c22b294c6b2e24eff7d0a88d933d454375c72f19,2025-12-09T17:58:11Z,ialisaleh,User,,human_account,,no,,,c22b294c6b2e24eff7d0a88d933d454375c72f19,ialisaleh,ialisaleh,2026-08-29T09:15:45.733278+00:00
30,langgenius/dify,pull_request,29526,pull_commit,committed,73113079d4b43d6276da400f588a304b7c1adf7f,2025-12-10T17:55:02Z,ialisaleh,User,,human_account,,no,,,73113079d4b43d6276da400f588a304b7c1adf7f,ialisaleh,ialisaleh,2026-08-29T09:15:45.733278+00:00
30,langgenius/dify,pull_request,29526,pull_commit,committed,d9ee7e0337777f462a518311d081991d72330abc,2025-12-11T17:28:32Z,ialisaleh,User,,human_account,,no,,,d9ee7e0337777f462a518311d081991d72330abc,ialisaleh,ialisaleh,2026-08-29T09:15:45.733278+00:00
30,langgenius/dify,pull_request,29526,pull_commit,committed,b4375d104489d20d9d432ac8cd45006fba9c2c0b,2025-12-12T19:14:30Z,ialisaleh,User,,human_account,,no,,,b4375d104489d20d9d432ac8cd45006fba9c2c0b,ialisaleh,ialisaleh,2026-08-29T09:15:45.733278+00:00
30,langgenius/dify,pull_request,25773,pull_commit,committed,02ba9159c30ba455e86124b06c54eacd182cf7aa,2025-09-17T04:51:04Z,laipz8200,User,,human_account,,no,,,02ba9159c30ba455e86124b06c54eacd182cf7aa,laipz8200,laipz8200,2026-08-29T09:15:46.332379+00:00
30,langgenius/dify,pull_request,29228,pull_commit,committed,30d66fbd2c4d36e57bdf8e9a859f6216b0e8e650,2025-12-06T12:23:16Z,lyzno1,User,,human_account,,no,,,30d66fbd2c4d36e57bdf8e9a859f6216b0e8e650,lyzno1,lyzno1,2026-08-29T09:15:46.952386+00:00
30,langgenius/dify,pull_request,29228,pull_commit,committed,308a7871efd83306ccd931cc48564ff3043e0d99,2025-12-06T12:28:16Z,lyzno1,User,,human_account,,no,,,308a7871efd83306ccd931cc48564ff3043e0d99,lyzno1,lyzno1,2026-08-29T09:15:46.952386+00:00
30,langgenius/dify,pull_request,29228,pull_commit,committed,3680560e3d538a273b05d7f69c5916ddbd88eefa,2025-12-06T12:35:47Z,web-flow,User,,human_account,,no,,,3680560e3d538a273b05d7f69c5916ddbd88eefa,lyzno1,web-flow,2026-08-29T09:15:46.952386+00:00
30,langgenius/dify,pull_request,29803,pull_commit,committed,f674e1102bbec5cf761691512533acffc1c0f736,2025-12-17T09:57:52Z,lyzno1,User,,human_account,,no,,,f674e1102bbec5cf761691512533acffc1c0f736,lyzno1,lyzno1,2026-08-29T09:15:47.495851+00:00
30,langgenius/dify,pull_request,29803,pull_commit,committed,c7fd03a59f4e7fd7bcac0f1f724373952c83947e,2025-12-17T10:04:13Z,lyzno1,User,,human_account,,no,,,c7fd03a59f4e7fd7bcac0f1f724373952c83947e,lyzno1,lyzno1,2026-08-29T09:15:47.495851+00:00
30,langgenius/dify,pull_request,29803,pull_commit,committed,476afc68cd7badf69e8b97227b9860e80fce7e1b,2025-12-17T12:05:30Z,lyzno1,User,,human_account,,no,,,476afc68cd7badf69e8b97227b9860e80fce7e1b,lyzno1,lyzno1,2026-08-29T09:15:47.495851+00:00
30,langgenius/dify,pull_request,29803,pull_commit,committed,4e348e7a0ab444198cccb1c69db89513c813962d,2025-12-17T12:07:35Z,lyzno1,User,,human_account,,no,,,4e348e7a0ab444198cccb1c69db89513c813962d,lyzno1,lyzno1,2026-08-29T09:15:47.495851+00:00
30,langgenius/dify,pull_request,29803,pull_commit,committed,1a3d0cf4cf1e61b25dc27806447155bfb668d227,2025-12-17T12:17:46Z,lyzno1,User,,human_account,,no,,,1a3d0cf4cf1e61b25dc27806447155bfb668d227,lyzno1,lyzno1,2026-08-29T09:15:47.495851+00:00
30,langgenius/dify,pull_request,29803,pull_commit,committed,1db794607cef17b17667cd80acee49b0ce1165d6,2025-12-17T12:20:56Z,lyzno1,User,,human_account,,no,,,1db794607cef17b17667cd80acee49b0ce1165d6,lyzno1,lyzno1,2026-08-29T09:15:47.495851+00:00
30,langgenius/dify,pull_request,29803,pull_commit,committed,8e8b980027e6238cc79e86498f2c4295f4c3f6d7,2025-12-17T12:26:39Z,lyzno1,User,,human_account,,no,,,8e8b980027e6238cc79e86498f2c4295f4c3f6d7,lyzno1,lyzno1,2026-08-29T09:15:47.495851+00:00
30,langgenius/dify,pull_request,29803,pull_commit,committed,aaa74b39c03c5a8c043323f640eaeaa142d745c8,2025-12-17T12:35:09Z,lyzno1,User,,human_account,,no,,,aaa74b39c03c5a8c043323f640eaeaa142d745c8,lyzno1,lyzno1,2026-08-29T09:15:47.495851+00:00
30,langgenius/dify,pull_request,29803,pull_commit,committed,33e029d91ec56a2be35568a906066177a171e26d,2025-12-17T12:51:29Z,lyzno1,User,,human_account,,no,,,33e029d91ec56a2be35568a906066177a171e26d,lyzno1,lyzno1,2026-08-29T09:15:47.495851+00:00
30,langgenius/dify,pull_request,29803,pull_commit,committed,41df58233877c138a23dcd245cf989bc1c527b81,2025-12-17T13:03:40Z,lyzno1,User,,human_account,,no,,,41df58233877c138a23dcd245cf989bc1c527b81,lyzno1,lyzno1,2026-08-29T09:15:47.495851+00:00
30,langgenius/dify,pull_request,29803,pull_commit,committed,38d3c68f2975c48dfae5d8e77a6a7178e32c991d,2025-12-18T02:54:13Z,web-flow,User,,human_account,,no,,,38d3c68f2975c48dfae5d8e77a6a7178e32c991d,crazywoola,web-flow,2026-08-29T09:15:47.495851+00:00
30,langgenius/dify,pull_request,29803,pull_commit,committed,049453752e90dd59347bed9c998bcc3794066908,2025-12-18T05:32:35Z,lyzno1,User,,human_account,,no,,,049453752e90dd59347bed9c998bcc3794066908,lyzno1,lyzno1,2026-08-29T09:15:47.495851+00:00
30,langgenius/dify,pull_request,29803,pull_commit,committed,09e188641a575f271d5494b640448de254514656,2025-12-18T06:28:29Z,lyzno1,User,,human_account,,no,,,09e188641a575f271d5494b640448de254514656,lyzno1,lyzno1,2026-08-29T09:15:47.495851+00:00
30,langgenius/dify,pull_request,29803,pull_commit,committed,877d82e2041213ca7f314959587f03a6c667e08f,2025-12-18T06:38:08Z,lyzno1,User,,human_account,,no,,,877d82e2041213ca7f314959587f03a6c667e08f,lyzno1,lyzno1,2026-08-29T09:15:47.495851+00:00
30,langgenius/dify,pull_request,29753,pull_commit,committed,a222b4ba3539371cc8f9cf48ddcd8928e671d59d,2026-01-05T08:06:52Z,r-hashi01,User,,human_account,,no,,,a222b4ba3539371cc8f9cf48ddcd8928e671d59d,r-hashi01,r-hashi01,2026-08-29T09:15:48.082678+00:00
30,langgenius/dify,pull_request,29753,pull_commit,committed,6da588b0dd3cf81f47c9e818e7b3f694e2abe1b3,2026-01-05T08:07:03Z,r-hashi01,User,,human_account,,no,,,6da588b0dd3cf81f47c9e818e7b3f694e2abe1b3,r-hashi01,r-hashi01,2026-08-29T09:15:48.082678+00:00
30,langgenius/dify,pull_request,29753,pull_commit,committed,7d438dc1183f4a42c90279214a95e605449bbc02,2026-01-05T08:08:25Z,r-hashi01,User,,human_account,,no,,,7d438dc1183f4a42c90279214a95e605449bbc02,r-hashi01,r-hashi01,2026-08-29T09:15:48.082678+00:00
30,langgenius/dify,pull_request,29753,pull_commit,committed,13da9593cfd94bf94e238ba798163ba5467d416a,2026-01-05T08:08:59Z,r-hashi01,User,,human_account,,no,,,13da9593cfd94bf94e238ba798163ba5467d416a,r-hashi01,r-hashi01,2026-08-29T09:15:48.082678+00:00
30,langgenius/dify,pull_request,29753,pull_commit,committed,1dae8598163932b898719c5627339de7f85f063b,2026-01-05T08:09:38Z,r-hashi01,User,,human_account,,no,,,1dae8598163932b898719c5627339de7f85f063b,r-hashi01,r-hashi01,2026-08-29T09:15:48.082678+00:00
30,langgenius/dify,pull_request,29753,pull_commit,committed,64a8fca098e26a76ad5f62dc8f02ed660a9353d6,2026-01-05T08:24:11Z,web-flow,User,,human_account,,no,,,64a8fca098e26a76ad5f62dc8f02ed660a9353d6,r-hashi01,web-flow,2026-08-29T09:15:48.082678+00:00
30,langgenius/dify,pull_request,29753,pull_commit,committed,dfbfe220c1ba9118871350f36b496657050d71de,2026-01-07T02:56:30Z,web-flow,User,,human_account,,no,,,dfbfe220c1ba9118871350f36b496657050d71de,r-hashi01,web-flow,2026-08-29T09:15:48.082678+00:00
30,langgenius/dify,pull_request,29753,pull_commit,committed,9c956ca291c9ed178eda4a1e6ee05fad1892f1b5,2026-01-07T03:53:25Z,r-hashi01,User,,human_account,,no,,,9c956ca291c9ed178eda4a1e6ee05fad1892f1b5,r-hashi01,r-hashi01,2026-08-29T09:15:48.082678+00:00
30,langgenius/dify,pull_request,29753,pull_commit,committed,9ffc3360e33a820a373d79082ea38061e0b90530,2026-01-07T03:54:41Z,r-hashi01,User,,human_account,,no,,,9ffc3360e33a820a373d79082ea38061e0b90530,r-hashi01,r-hashi01,2026-08-29T09:15:48.082678+00:00
30,langgenius/dify,pull_request,29753,pull_commit,committed,251d3dee84880463ad3774340bff0553763e04c3,2026-01-07T04:12:16Z,r-hashi01,User,,human_account,,no,,,251d3dee84880463ad3774340bff0553763e04c3,r-hashi01,r-hashi01,2026-08-29T09:15:48.082678+00:00
30,langgenius/dify,pull_request,29753,pull_commit,committed,88ad5bd7675025a2d28d082bdb3989bcaa1550aa,2026-01-09T05:14:02Z,r-hashi01,User,,human_account,,no,,,88ad5bd7675025a2d28d082bdb3989bcaa1550aa,r-hashi01,r-hashi01,2026-08-29T09:15:48.082678+00:00
30,langgenius/dify,pull_request,29608,pull_commit,committed,96a7b6b9649f98e6cf294986bd6196d24638053a,2025-12-13T04:26:56Z,lyzno1,User,,human_account,,no,,,96a7b6b9649f98e6cf294986bd6196d24638053a,lyzno1,lyzno1,2026-08-29T09:15:48.723223+00:00
30,langgenius/dify,pull_request,29608,pull_commit,committed,c2d57daedc6ec7358f0aa2b047cd964a6ff92400,2025-12-13T04:30:12Z,lyzno1,User,,human_account,,no,,,c2d57daedc6ec7358f0aa2b047cd964a6ff92400,lyzno1,lyzno1,2026-08-29T09:15:48.723223+00:00
30,langgenius/dify,pull_request,29608,pull_commit,committed,95f80250212cb37c716c0bdbdec0ba12640ee330,2025-12-13T04:59:48Z,lyzno1,User,,human_account,,no,,,95f80250212cb37c716c0bdbdec0ba12640ee330,lyzno1,lyzno1,2026-08-29T09:15:48.723223+00:00
30,langgenius/dify,pull_request,29608,pull_commit,committed,9e7179fef6aa12bf5164189ed308b84c646641a8,2025-12-13T05:36:35Z,web-flow,User,,human_account,,no,,,9e7179fef6aa12bf5164189ed308b84c646641a8,autofix-ci[bot],web-flow,2026-08-29T09:15:48.723223+00:00
30,langgenius/dify,pull_request,29608,pull_commit,committed,a1826e1d3c1a2aa2ccca52476d0448c380c8df7a,2025-12-13T05:49:22Z,lyzno1,User,,human_account,,no,,,a1826e1d3c1a2aa2ccca52476d0448c380c8df7a,lyzno1,lyzno1,2026-08-29T09:15:48.723223+00:00
30,langgenius/dify,pull_request,29608,pull_commit,committed,bc2963257fec200e1a4c2a3941d6b73ec7da698e,2025-12-13T06:35:48Z,lyzno1,User,,human_account,,no,,,bc2963257fec200e1a4c2a3941d6b73ec7da698e,lyzno1,lyzno1,2026-08-29T09:15:48.723223+00:00
30,langgenius/dify,pull_request,29608,pull_commit,committed,1a8f11543ecdf63714e1efeb44191e4aaa10d6cc,2025-12-13T06:50:20Z,lyzno1,User,,human_account,,no,,,1a8f11543ecdf63714e1efeb44191e4aaa10d6cc,lyzno1,lyzno1,2026-08-29T09:15:48.723223+00:00
30,langgenius/dify,pull_request,29608,pull_commit,committed,713efd392441228986164c472c6c7451c294ddae,2025-12-13T06:57:03Z,lyzno1,User,,human_account,,no,,,713efd392441228986164c472c6c7451c294ddae,lyzno1,lyzno1,2026-08-29T09:15:48.723223+00:00
30,langgenius/dify,pull_request,29608,pull_commit,committed,5c9926ac3985bfe9fa95281d53d4e8ea3d5d80cf,2025-12-13T06:57:24Z,lyzno1,User,,human_account,,no,,,5c9926ac3985bfe9fa95281d53d4e8ea3d5d80cf,lyzno1,lyzno1,2026-08-29T09:15:48.723223+00:00
30,langgenius/dify,pull_request,29608,pull_commit,committed,e404dee13af80d508d1c391a5f6bf2d96cb1315a,2025-12-13T07:05:35Z,lyzno1,User,,human_account,,no,,,e404dee13af80d508d1c391a5f6bf2d96cb1315a,lyzno1,lyzno1,2026-08-29T09:15:48.723223+00:00
30,langgenius/dify,pull_request,29608,pull_commit,committed,3a9b1e88043f03335e1d4febac68a983145ad7d6,2025-12-13T07:09:55Z,lyzno1,User,,human_account,,no,,,3a9b1e88043f03335e1d4febac68a983145ad7d6,lyzno1,lyzno1,2026-08-29T09:15:48.723223+00:00
30,langgenius/dify,pull_request,29608,pull_commit,committed,98b146e381089513d8443d3dbe389ac5eb932fcd,2025-12-13T07:10:16Z,lyzno1,User,,human_account,,no,,,98b146e381089513d8443d3dbe389ac5eb932fcd,lyzno1,lyzno1,2026-08-29T09:15:48.723223+00:00
30,langgenius/dify,pull_request,29608,pull_commit,committed,e2bbe7b43e245ef677c64f9a1b2b0514597b37c9,2025-12-13T07:18:28Z,lyzno1,User,,human_account,,no,,,e2bbe7b43e245ef677c64f9a1b2b0514597b37c9,lyzno1,lyzno1,2026-08-29T09:15:48.723223+00:00
30,langgenius/dify,pull_request,29608,pull_commit,committed,38523cbb00e6240b90245cf88383c135805b0419,2025-12-13T07:19:20Z,lyzno1,User,,human_account,,no,,,38523cbb00e6240b90245cf88383c135805b0419,lyzno1,lyzno1,2026-08-29T09:15:48.723223+00:00
30,langgenius/dify,pull_request,29608,pull_commit,committed,f71bf737f2659b389033c3c0b2d36d62b6ace867,2025-12-13T08:25:32Z,lyzno1,User,,human_account,,no,,,f71bf737f2659b389033c3c0b2d36d62b6ace867,lyzno1,lyzno1,2026-08-29T09:15:48.723223+00:00
30,langgenius/dify,pull_request,29608,pull_commit,committed,cb5abd4c00c9b22130f275abfdccb41612ae6a57,2025-12-13T15:05:32Z,lyzno1,User,,human_account,,no,,,cb5abd4c00c9b22130f275abfdccb41612ae6a57,lyzno1,lyzno1,2026-08-29T09:15:48.723223+00:00
30,langgenius/dify,pull_request,29608,pull_commit,committed,f97df7d8a4365336b906bbdcaa9a754f2a0a5755,2025-12-13T15:08:33Z,lyzno1,User,,human_account,,no,,,f97df7d8a4365336b906bbdcaa9a754f2a0a5755,lyzno1,lyzno1,2026-08-29T09:15:48.723223+00:00
30,langgenius/dify,pull_request,29608,pull_commit,committed,93bb9a1561ec05265db9129346d0e5a91ca46717,2025-12-13T15:09:24Z,web-flow,User,,human_account,,no,,,93bb9a1561ec05265db9129346d0e5a91ca46717,lyzno1,web-flow,2026-08-29T09:15:48.723223+00:00
30,langgenius/dify,pull_request,29608,pull_commit,committed,e5248c75911b13f40493f6e225e1ff10925e6ebc,2025-12-13T15:10:42Z,web-flow,User,,human_account,,no,,,e5248c75911b13f40493f6e225e1ff10925e6ebc,lyzno1,web-flow,2026-08-29T09:15:48.723223+00:00
30,langgenius/dify,pull_request,29608,pull_commit,committed,31aa82cf606bc982e92b1f010a2fde5dbb63c71b,2025-12-13T15:12:41Z,web-flow,User,,human_account,,no,,,31aa82cf606bc982e92b1f010a2fde5dbb63c71b,autofix-ci[bot],web-flow,2026-08-29T09:15:48.723223+00:00
30,langgenius/dify,pull_request,29608,pull_commit,committed,dd5e01a2eb7479f3a833d273d34b3bbb7767b80b,2025-12-13T15:13:12Z,lyzno1,User,,human_account,,no,,,dd5e01a2eb7479f3a833d273d34b3bbb7767b80b,lyzno1,lyzno1,2026-08-29T09:15:48.723223+00:00
30,langgenius/dify,pull_request,29608,pull_commit,committed,36e4f64dde9d8ae16a4c61619d66d8de88adce7f,2025-12-13T15:13:20Z,lyzno1,User,,human_account,,no,,,36e4f64dde9d8ae16a4c61619d66d8de88adce7f,lyzno1,lyzno1,2026-08-29T09:15:48.723223+00:00
30,langgenius/dify,pull_request,26119,pull_commit,committed,de7c5fea14d18fe18c0d457aaa5afa335a3437f1,2025-09-26T15:50:42Z,asukaminato0721,User,,human_account,,no,,,de7c5fea14d18fe18c0d457aaa5afa335a3437f1,asukaminato0721,asukaminato0721,2026-08-29T09:15:49.585117+00:00
30,langgenius/dify,pull_request,26119,pull_commit,committed,5eb6f585ce46bcc2b9515d19f7591edbb5dc88e9,2025-09-26T15:50:42Z,asukaminato0721,User,,human_account,,no,,,5eb6f585ce46bcc2b9515d19f7591edbb5dc88e9,asukaminato0721,asukaminato0721,2026-08-29T09:15:49.585117+00:00
30,langgenius/dify,pull_request,26119,pull_commit,committed,f8e1be7c4f287556961f0800ca751c83bfd8617e,2025-09-26T15:50:42Z,asukaminato0721,User,,human_account,,no,,,f8e1be7c4f287556961f0800ca751c83bfd8617e,asukaminato0721,asukaminato0721,2026-08-29T09:15:49.585117+00:00
30,langgenius/dify,pull_request,26119,pull_commit,committed,e3158b3662d4b2bc3bd041f011ff7bc366e00db4,2025-09-26T15:50:42Z,asukaminato0721,User,,human_account,,no,,,e3158b3662d4b2bc3bd041f011ff7bc366e00db4,asukaminato0721,asukaminato0721,2026-08-29T09:15:49.585117+00:00
30,langgenius/dify,pull_request,26119,pull_commit,committed,2ba39842186162f57f23b0fd322cf7ab1ca0db5e,2025-09-26T15:50:42Z,asukaminato0721,User,,human_account,,no,,,2ba39842186162f57f23b0fd322cf7ab1ca0db5e,autofix-ci[bot],asukaminato0721,2026-08-29T09:15:49.585117+00:00
30,langgenius/dify,pull_request,26119,pull_commit,committed,bb8c04a8a1fbbd5a8449e99f12f8c5cf64dc5824,2025-09-26T15:50:42Z,asukaminato0721,User,,human_account,,no,,,bb8c04a8a1fbbd5a8449e99f12f8c5cf64dc5824,asukaminato0721,asukaminato0721,2026-08-29T09:15:49.585117+00:00
30,langgenius/dify,pull_request,26119,pull_commit,committed,8ebb0ff3b4693841fa82f295a414574cee51c63d,2025-09-26T15:50:42Z,asukaminato0721,User,,human_account,,no,,,8ebb0ff3b4693841fa82f295a414574cee51c63d,autofix-ci[bot],asukaminato0721,2026-08-29T09:15:49.585117+00:00
30,langgenius/dify,pull_request,26119,pull_commit,committed,de54e8c4f174a2bb9a3336b328fa491fe9d3a88f,2025-09-26T15:50:42Z,asukaminato0721,User,,human_account,,no,,,de54e8c4f174a2bb9a3336b328fa491fe9d3a88f,asukaminato0721,asukaminato0721,2026-08-29T09:15:49.585117+00:00
30,langgenius/dify,pull_request,26119,pull_commit,committed,f324af7d807011f5e7f969b0f2ddb42279820154,2025-09-30T03:35:36Z,web-flow,User,,human_account,,no,,,f324af7d807011f5e7f969b0f2ddb42279820154,asukaminato0721,web-flow,2026-08-29T09:15:49.585117+00:00
30,langgenius/dify,pull_request,26119,pull_commit,committed,a4062f675e6f309cd539e746053ca26e50abd989,2025-10-05T07:14:47Z,web-flow,User,,human_account,,no,,,a4062f675e6f309cd539e746053ca26e50abd989,asukaminato0721,web-flow,2026-08-29T09:15:49.585117+00:00
30,langgenius/dify,pull_request,26119,pull_commit,committed,308e36c5ff13c71b8a84cb34b632c9fb63f5ad23,2025-10-05T07:52:02Z,asukaminato0721,User,,human_account,,no,,,308e36c5ff13c71b8a84cb34b632c9fb63f5ad23,asukaminato0721,asukaminato0721,2026-08-29T09:15:49.585117+00:00
30,langgenius/dify,pull_request,26119,pull_commit,committed,37cc94b17adef702033e3d9b7254039390d6046c,2025-10-09T08:12:15Z,web-flow,User,,human_account,,no,,,37cc94b17adef702033e3d9b7254039390d6046c,asukaminato0721,web-flow,2026-08-29T09:15:49.585117+00:00
30,langgenius/dify,pull_request,26119,pull_commit,committed,1a2d1240ab96af8586c38c1bc9588d6c31755197,2025-10-09T08:16:32Z,asukaminato0721,User,,human_account,,no,,,1a2d1240ab96af8586c38c1bc9588d6c31755197,asukaminato0721,asukaminato0721,2026-08-29T09:15:49.585117+00:00
30,langgenius/dify,pull_request,26119,pull_commit,committed,175fa7d94f45c7453bfe4466fbea190f4871d97e,2025-10-10T08:09:02Z,web-flow,User,,human_account,,no,,,175fa7d94f45c7453bfe4466fbea190f4871d97e,crazywoola,web-flow,2026-08-29T09:15:49.585117+00:00
30,langgenius/dify,pull_request,26119,pull_commit,committed,de047d67ff97a779db800776cc7010ee43fc4456,2025-10-10T09:40:48Z,web-flow,User,,human_account,,no,,,de047d67ff97a779db800776cc7010ee43fc4456,asukaminato0721,web-flow,2026-08-29T09:15:49.585117+00:00
30,langgenius/dify,pull_request,26119,pull_commit,committed,ca3e37843e5db0cea4730fd6d8294fa835b8866e,2025-10-10T11:23:30Z,web-flow,User,,human_account,,no,,,ca3e37843e5db0cea4730fd6d8294fa835b8866e,asukaminato0721,web-flow,2026-08-29T09:15:49.585117+00:00
30,langgenius/dify,pull_request,29355,pull_commit,committed,2cb905805ed384436fd8aff644338e25b2335223,2025-12-10T11:20:04Z,laipz8200,User,,human_account,,no,,,2cb905805ed384436fd8aff644338e25b2335223,laipz8200,laipz8200,2026-08-29T09:15:50.242670+00:00
30,langgenius/dify,pull_request,29355,pull_commit,committed,a681c6b24ea36fe037257865ab80deccec9e8983,2025-12-10T11:21:16Z,laipz8200,User,,human_account,,no,,,a681c6b24ea36fe037257865ab80deccec9e8983,laipz8200,laipz8200,2026-08-29T09:15:50.242670+00:00
30,langgenius/dify,pull_request,25917,pull_commit,committed,1ef5331440dc915b01a58398d558ff36593fb6a9,2025-09-22T10:57:43Z,QuantumGhost,User,,human_account,,no,,,1ef5331440dc915b01a58398d558ff36593fb6a9,QuantumGhost,QuantumGhost,2026-08-29T09:15:50.758236+00:00
30,langgenius/dify,pull_request,25917,pull_commit,committed,3197843624cb7e0acc3e2136c8c3a0d463dfbac6,2025-09-22T11:04:07Z,QuantumGhost,User,,human_account,,no,,,3197843624cb7e0acc3e2136c8c3a0d463dfbac6,QuantumGhost,QuantumGhost,2026-08-29T09:15:50.758236+00:00
30,langgenius/dify,pull_request,24932,pull_commit,committed,e93040f63c06ece52e6340ab328ecd94b0793a2c,2025-09-02T01:40:24Z,Nov1c444,User,,human_account,,no,,,e93040f63c06ece52e6340ab328ecd94b0793a2c,Nov1c444,Nov1c444,2026-08-29T09:15:51.447985+00:00
30,langgenius/dify,pull_request,26810,pull_commit,committed,5ee1a02df28a8206d3c3e3c54c1f5a275ddfd0c5,2025-10-13T02:31:12Z,WTW0313,User,,human_account,,no,,,5ee1a02df28a8206d3c3e3c54c1f5a275ddfd0c5,WTW0313,WTW0313,2026-08-29T09:15:51.980969+00:00
30,langgenius/dify,pull_request,26810,pull_commit,committed,98da0ea164bf81f2f5e740a42883d66d6e44efce,2025-10-13T02:36:01Z,web-flow,User,,human_account,,no,,,98da0ea164bf81f2f5e740a42883d66d6e44efce,WTW0313,web-flow,2026-08-29T09:15:51.980969+00:00
30,langgenius/dify,pull_request,28410,pull_commit,committed,4c504bd54ab83e70d6b3715f52fc5ead7c26446d,2025-11-19T10:47:35Z,Mairuis,User,,human_account,,no,,,4c504bd54ab83e70d6b3715f52fc5ead7c26446d,Mairuis,Mairuis,2026-08-29T09:15:52.676512+00:00
30,langgenius/dify,pull_request,28410,pull_commit,committed,ff218bb2e3cefac7ade2d6da3b8a8cee0b5cf912,2025-11-19T11:10:04Z,Mairuis,User,,human_account,,no,,,ff218bb2e3cefac7ade2d6da3b8a8cee0b5cf912,Mairuis,Mairuis,2026-08-29T09:15:52.676512+00:00
30,langgenius/dify,pull_request,28410,pull_commit,committed,bbd37c1a9e84c4adaf9940b43c66d12802584c05,2025-11-19T12:02:59Z,web-flow,User,,human_account,,no,,,bbd37c1a9e84c4adaf9940b43c66d12802584c05,lyzno1,web-flow,2026-08-29T09:15:52.676512+00:00
30,langgenius/dify,pull_request,28410,pull_commit,committed,8a7cdac5251f5c92b7dc8643ee10a64e11d61a91,2025-11-19T17:53:39Z,Mairuis,User,,human_account,,no,,,8a7cdac5251f5c92b7dc8643ee10a64e11d61a91,Mairuis,Mairuis,2026-08-29T09:15:52.676512+00:00
30,langgenius/dify,pull_request,30236,pull_commit,committed,db5462b2bafed619ea06192f7203e8ba30829d7e,2025-12-27T06:50:19Z,SherlockShemol,User,,human_account,,no,,,db5462b2bafed619ea06192f7203e8ba30829d7e,SherlockShemol,SherlockShemol,2026-08-29T09:15:53.325590+00:00
30,langgenius/dify,pull_request,30236,pull_commit,committed,a3ed14214ec10bc6c8f3103003a85767c3b2cb17,2025-12-29T01:59:27Z,web-flow,User,,human_account,,no,,,a3ed14214ec10bc6c8f3103003a85767c3b2cb17,SherlockShemol,web-flow,2026-08-29T09:15:53.325590+00:00
30,langgenius/dify,pull_request,26433,pull_commit,committed,c9e8ec2305bd55d804b5d67cb6107f9380eca14d,2025-09-29T07:40:31Z,crazywoola,User,,human_account,,no,,,c9e8ec2305bd55d804b5d67cb6107f9380eca14d,crazywoola,crazywoola,2026-08-29T09:15:53.957808+00:00
30,langgenius/dify,pull_request,26433,pull_commit,committed,04fe1e1d700ef9d2ba6c33afdc5110af74e36e3f,2025-09-29T07:46:27Z,crazywoola,User,,human_account,,no,,,04fe1e1d700ef9d2ba6c33afdc5110af74e36e3f,crazywoola,crazywoola,2026-08-29T09:15:53.957808+00:00
30,langgenius/dify,pull_request,26859,pull_commit,committed,2f2b11ae18e18bcc4208816c480d7c35213a67d0,2025-10-14T02:22:31Z,github-actions[bot],Bot,,automation_bot,,no,,,2f2b11ae18e18bcc4208816c480d7c35213a67d0,crazywoola,github-actions[bot],2026-08-29T09:15:54.485573+00:00
30,langgenius/dify,pull_request,26859,pull_commit,committed,6254818f0685d980c4bee99429797a224f90e131,2025-10-14T02:41:01Z,web-flow,User,,human_account,,no,,,6254818f0685d980c4bee99429797a224f90e131,lyzno1,web-flow,2026-08-29T09:15:54.485573+00:00
30,langgenius/dify,pull_request,28748,pull_commit,committed,53b66d69353e4b13c3c125973002afa67524f680,2025-11-27T02:21:30Z,James-4u,User,,human_account,,no,,,53b66d69353e4b13c3c125973002afa67524f680,James-4u,James-4u,2026-08-29T09:15:55.069567+00:00
30,langgenius/dify,pull_request,28748,pull_commit,committed,dc6ed7c50c8d2f33dc6698f2904ef26e69246d83,2025-11-27T02:30:15Z,web-flow,User,,human_account,,no,,,dc6ed7c50c8d2f33dc6698f2904ef26e69246d83,autofix-ci[bot],web-flow,2026-08-29T09:15:55.069567+00:00
30,langgenius/dify,pull_request,38393,pull_commit,committed,53e422b1c41627692e80b08e73a97e0167378e44,2026-07-03T09:34:59Z,ojasarora77,User,,human_account,,no,,,53e422b1c41627692e80b08e73a97e0167378e44,ojasarora77,ojasarora77,2026-08-29T09:15:55.660071+00:00
30,langgenius/dify,pull_request,38393,pull_commit,committed,35c4f01048738a870e5e8212738c65736e86b8ed,2026-07-03T12:18:05Z,ojasarora77,User,,human_account,,no,,,35c4f01048738a870e5e8212738c65736e86b8ed,ojasarora77,ojasarora77,2026-08-29T09:15:55.660071+00:00
30,langgenius/dify,pull_request,36338,pull_commit,committed,964461c8952a2a612762d634d6ea48b809491f51,2026-05-18T04:34:56Z,guangyang1206,User,,human_account,,no,,,964461c8952a2a612762d634d6ea48b809491f51,guangyang1206,guangyang1206,2026-08-29T09:15:56.228994+00:00
30,langgenius/dify,pull_request,36338,pull_commit,committed,6984074081f9e3646aa797d74623c1016b01e615,2026-06-10T06:55:32Z,web-flow,User,,human_account,,no,,,6984074081f9e3646aa797d74623c1016b01e615,asukaminato0721,web-flow,2026-08-29T09:15:56.228994+00:00
30,langgenius/dify,pull_request,37146,pull_commit,committed,e9d480b1670fa823fd8282e9896f31e25187544a,2026-06-07T19:43:52Z,popsiclelmlm,User,,human_account,,no,,,e9d480b1670fa823fd8282e9896f31e25187544a,popsiclelmlm,popsiclelmlm,2026-08-29T09:15:56.874935+00:00
30,langgenius/dify,pull_request,37146,pull_commit,committed,310e858921e1e40b5188f87204d34e0c101db34f,2026-06-07T19:47:25Z,web-flow,User,,human_account,,no,,,310e858921e1e40b5188f87204d34e0c101db34f,autofix-ci[bot],web-flow,2026-08-29T09:15:56.874935+00:00
30,langgenius/dify,pull_request,37252,pull_commit,committed,bd4548f43ea2dca398742505fcffd70c979a3579,2026-06-09T20:43:33Z,escape0707,User,,human_account,,no,,,bd4548f43ea2dca398742505fcffd70c979a3579,escape0707,escape0707,2026-08-29T09:15:57.441310+00:00
30,langgenius/dify,pull_request,37252,pull_commit,committed,a0993ef829fadaa57fa00fcb57880d61094e92cc,2026-06-09T20:51:01Z,escape0707,User,,human_account,,no,,,a0993ef829fadaa57fa00fcb57880d61094e92cc,escape0707,escape0707,2026-08-29T09:15:57.441310+00:00
30,langgenius/dify,pull_request,37252,pull_commit,committed,51e15840ca034b88bef2b79899a9cf70b00f71ae,2026-06-09T20:51:13Z,escape0707,User,,human_account,,no,,,51e15840ca034b88bef2b79899a9cf70b00f71ae,escape0707,escape0707,2026-08-29T09:15:57.441310+00:00
30,langgenius/dify,pull_request,37252,pull_commit,committed,e1afb71cae70a1c3b3ef070a447f3beef4ddf401,2026-06-09T20:51:24Z,escape0707,User,,human_account,,no,,,e1afb71cae70a1c3b3ef070a447f3beef4ddf401,escape0707,escape0707,2026-08-29T09:15:57.441310+00:00
30,langgenius/dify,pull_request,37252,pull_commit,committed,370973a38ba14770d0d51cbe352c598fbae95956,2026-06-09T20:51:33Z,escape0707,User,,human_account,,no,,,370973a38ba14770d0d51cbe352c598fbae95956,escape0707,escape0707,2026-08-29T09:15:57.441310+00:00
30,langgenius/dify,pull_request,37252,pull_commit,committed,05e2bd44f00b57efa1711022b6ffec1a7420905e,2026-06-09T20:51:42Z,escape0707,User,,human_account,,no,,,05e2bd44f00b57efa1711022b6ffec1a7420905e,escape0707,escape0707,2026-08-29T09:15:57.441310+00:00
30,langgenius/dify,pull_request,37252,pull_commit,committed,d3966d97956e57615147a6d140577355f4c2d85f,2026-06-09T20:51:52Z,escape0707,User,,human_account,,no,,,d3966d97956e57615147a6d140577355f4c2d85f,escape0707,escape0707,2026-08-29T09:15:57.441310+00:00
30,langgenius/dify,pull_request,40753,pull_commit,committed,4e9f2c24edb0188756ae2cf682db676de8ae2eef,2026-08-14T01:18:05Z,GareArc,User,,human_account,,no,,,4e9f2c24edb0188756ae2cf682db676de8ae2eef,GareArc,GareArc,2026-08-29T09:15:58.047585+00:00
30,langgenius/dify,pull_request,39023,pull_commit,committed,4f7535bf2b7aa2d48bd7d23470446c8f2bab38d6,2026-07-15T13:34:48Z,fatelei,User,,human_account,,no,,,4f7535bf2b7aa2d48bd7d23470446c8f2bab38d6,fatelei,fatelei,2026-08-29T09:15:58.580902+00:00
30,langgenius/dify,pull_request,39023,pull_commit,committed,fb100ccc08dd01bd7273a25aa2245c084cd4e068,2026-07-15T23:35:21Z,fatelei,User,,human_account,,no,,,fb100ccc08dd01bd7273a25aa2245c084cd4e068,fatelei,fatelei,2026-08-29T09:15:58.580902+00:00
30,langgenius/dify,pull_request,39023,pull_commit,committed,3a59d266608b7479b9c5f20b653dac338f236437,2026-07-16T00:03:18Z,fatelei,User,,human_account,,no,,,3a59d266608b7479b9c5f20b653dac338f236437,fatelei,fatelei,2026-08-29T09:15:58.580902+00:00
30,langgenius/dify,pull_request,37722,pull_commit,committed,02911a8e89afd25ffeba7bfb082bf3c06576a97c,2026-06-22T02:39:54Z,AlexMultiAgent,User,,human_account,,no,,,02911a8e89afd25ffeba7bfb082bf3c06576a97c,AlexMultiAgent,AlexMultiAgent,2026-08-29T09:15:59.177006+00:00
30,langgenius/dify,pull_request,39254,pull_commit,committed,d9c4cae49395d707bec883fb601c6234ca52f891,2026-08-24T01:20:35Z,web-flow,User,,human_account,,no,,,d9c4cae49395d707bec883fb601c6234ca52f891,dependabot[bot],web-flow,2026-08-29T09:16:00.052123+00:00
30,langgenius/dify,pull_request,39788,pull_commit,committed,346289f616cf1704c2edac94e505ec4cf115b1cd,2026-08-05T02:51:45Z,qielanci,User,,human_account,,no,,,346289f616cf1704c2edac94e505ec4cf115b1cd,qielanci,qielanci,2026-08-29T09:16:00.634468+00:00
30,langgenius/dify,pull_request,39788,pull_commit,committed,7888c81f584bc33d041ba07bfcf471c8b1246312,2026-08-05T02:51:45Z,qielanci,User,,human_account,,no,,,7888c81f584bc33d041ba07bfcf471c8b1246312,qielanci,qielanci,2026-08-29T09:16:00.634468+00:00
30,langgenius/dify,pull_request,39788,pull_commit,committed,4c00dd766fba1d600a0b4048a725c0c4bff8178a,2026-08-05T04:02:49Z,web-flow,User,,human_account,,no,,,4c00dd766fba1d600a0b4048a725c0c4bff8178a,qielanci,web-flow,2026-08-29T09:16:00.634468+00:00
30,langgenius/dify,pull_request,39788,pull_commit,committed,ce82c0c63fe4834e596ea6fee0e15dd90f04abc0,2026-08-05T04:11:27Z,web-flow,User,,human_account,,no,,,ce82c0c63fe4834e596ea6fee0e15dd90f04abc0,qielanci,web-flow,2026-08-29T09:16:00.634468+00:00
30,langgenius/dify,pull_request,38058,pull_commit,committed,83d24eed2358d678a825da988853771bbc182d60,2026-06-27T00:54:51Z,gauravbsinghal,User,,human_account,,no,,,83d24eed2358d678a825da988853771bbc182d60,gauravbsinghal,gauravbsinghal,2026-08-29T09:16:01.196403+00:00
30,langgenius/dify,pull_request,38686,pull_commit,committed,c90886a4593746fceb2d01e577d3993f95fcd680,2026-07-21T03:37:56Z,asukaminato0721,User,,human_account,,no,,,c90886a4593746fceb2d01e577d3993f95fcd680,asukaminato0721,asukaminato0721,2026-08-29T09:16:01.776995+00:00
30,langgenius/dify,pull_request,40668,pull_commit,committed,bde997d17830f1d3fb7e4745a512055c3284b7eb,2026-08-12T16:26:36Z,asukaminato0721,User,,human_account,,no,,,bde997d17830f1d3fb7e4745a512055c3284b7eb,asukaminato0721,asukaminato0721,2026-08-29T09:16:02.359437+00:00
30,langgenius/dify,pull_request,37799,pull_commit,committed,538f5ec3a4af7e4a275046420e89a610e841ab37,2026-06-23T15:38:35Z,VectorPeak,User,,human_account,,no,,,538f5ec3a4af7e4a275046420e89a610e841ab37,VectorPeak,VectorPeak,2026-08-29T09:16:02.914363+00:00
30,langgenius/dify,pull_request,35884,pull_commit,committed,84906caefdceaf911b1e3baca68ef8511d39007d,2026-05-07T09:45:24Z,escape0707,User,,human_account,,no,,,84906caefdceaf911b1e3baca68ef8511d39007d,escape0707,escape0707,2026-08-29T09:16:03.468443+00:00
30,langgenius/dify,pull_request,39110,pull_commit,committed,848208af745a0f521fbfcd418204b4608dc59308,2026-07-16T04:49:09Z,asukaminato0721,User,,human_account,,no,,,848208af745a0f521fbfcd418204b4608dc59308,asukaminato0721,asukaminato0721,2026-08-29T09:16:04.044044+00:00
30,langgenius/dify,pull_request,39110,pull_commit,committed,12880d54b5e03b28d46c03990b17f3e398a021d0,2026-07-16T05:45:50Z,web-flow,User,,human_account,,no,,,12880d54b5e03b28d46c03990b17f3e398a021d0,autofix-ci[bot],web-flow,2026-08-29T09:16:04.044044+00:00
30,langgenius/dify,pull_request,39764,pull_commit,committed,6f6fbfa71467eafd23b9b9f000a33ab585646235,2026-07-29T11:20:40Z,zyssyz123,User,,human_account,,no,,,6f6fbfa71467eafd23b9b9f000a33ab585646235,zyssyz123,zyssyz123,2026-08-29T09:16:04.560445+00:00
30,langgenius/dify,pull_request,39764,pull_commit,committed,43934780095957f3f9c5fe5cb522bebaa817232b,2026-07-29T11:35:07Z,web-flow,User,,human_account,,no,,,43934780095957f3f9c5fe5cb522bebaa817232b,autofix-ci[bot],web-flow,2026-08-29T09:16:04.560445+00:00
30,langgenius/dify,pull_request,39764,pull_commit,committed,ca18198a93c9b993f1d8b9260f04d985b10b176b,2026-07-29T11:39:33Z,zyssyz123,User,,human_account,,no,,,ca18198a93c9b993f1d8b9260f04d985b10b176b,zyssyz123,zyssyz123,2026-08-29T09:16:04.560445+00:00
30,langgenius/dify,pull_request,39764,pull_commit,committed,b0ac4608eea4f7bca6e1dce55505bccbb219f54f,2026-07-29T11:52:58Z,zyssyz123,User,,human_account,,no,,,b0ac4608eea4f7bca6e1dce55505bccbb219f54f,zyssyz123,zyssyz123,2026-08-29T09:16:04.560445+00:00
30,langgenius/dify,pull_request,39776,pull_commit,committed,f396314a20f141ce4c61b798bcc390ab9a0ef01c,2026-07-30T16:19:51Z,cqjjjzr,User,,human_account,,no,,,f396314a20f141ce4c61b798bcc390ab9a0ef01c,cqjjjzr,cqjjjzr,2026-08-29T09:16:05.151317+00:00
30,langgenius/dify,pull_request,39571,pull_commit,committed,da5c1dcbed81083cf7f176ed700cbc702ad422a3,2026-07-25T10:03:57Z,mesrop2008,User,,human_account,,no,,,da5c1dcbed81083cf7f176ed700cbc702ad422a3,mesrop2008,mesrop2008,2026-08-29T09:16:05.717791+00:00
30,langgenius/dify,pull_request,39571,pull_commit,committed,5b1673ed0d299042ea9e8f4f14c21f4e8468da4b,2026-08-10T17:48:57Z,web-flow,User,,human_account,,no,,,5b1673ed0d299042ea9e8f4f14c21f4e8468da4b,mesrop2008,web-flow,2026-08-29T09:16:05.717791+00:00
30,langgenius/dify,pull_request,39571,pull_commit,committed,8b40bd87a920aa24979987ed062f01dce39acc32,2026-08-14T17:32:04Z,web-flow,User,,human_account,,no,,,8b40bd87a920aa24979987ed062f01dce39acc32,mesrop2008,web-flow,2026-08-29T09:16:05.717791+00:00
30,langgenius/dify,pull_request,39571,pull_commit,committed,1e56aa6e17d0ecc687c6cf72098b749f30e9e00b,2026-08-15T11:14:44Z,web-flow,User,,human_account,,no,,,1e56aa6e17d0ecc687c6cf72098b749f30e9e00b,mesrop2008,web-flow,2026-08-29T09:16:05.717791+00:00
30,langgenius/dify,pull_request,35863,pull_commit,committed,01dcc39e91ad2bc8ad09dc8fdcbee936582db992,2026-05-07T02:02:54Z,web-flow,User,,human_account,,no,,,01dcc39e91ad2bc8ad09dc8fdcbee936582db992,dependabot[bot],web-flow,2026-08-29T09:16:06.311643+00:00
30,langgenius/dify,pull_request,36361,pull_commit,committed,bc8392cab4a2364499ac4eaa66c9a4a08d6d5ceb,2026-05-18T22:25:36Z,algojogacor,User,,human_account,,no,,,bc8392cab4a2364499ac4eaa66c9a4a08d6d5ceb,algojogacor,algojogacor,2026-08-29T09:16:06.814842+00:00
30,langgenius/dify,pull_request,36733,pull_commit,committed,51dcaca567a03bc5c45f0443e81d27779cd1eaba,2026-05-27T12:32:15Z,escape0707,User,,human_account,,no,,,51dcaca567a03bc5c45f0443e81d27779cd1eaba,escape0707,escape0707,2026-08-29T09:16:07.300824+00:00
30,langgenius/dify,pull_request,36733,pull_commit,committed,014bd033fcb105dd4a4e20751ae8a365f2181b2a,2026-05-27T12:36:23Z,web-flow,User,,human_account,,no,,,014bd033fcb105dd4a4e20751ae8a365f2181b2a,autofix-ci[bot],web-flow,2026-08-29T09:16:07.300824+00:00
30,langgenius/dify,pull_request,38777,pull_commit,committed,c2969cf20de486541faafede9221ff9d0bfdfdb8,2026-07-10T16:41:19Z,asukaminato0721,User,,human_account,,no,,,c2969cf20de486541faafede9221ff9d0bfdfdb8,asukaminato0721,asukaminato0721,2026-08-29T09:16:07.914969+00:00
30,langgenius/dify,pull_request,38777,pull_commit,committed,dacd3311ed747469eb6b1a3702934982f73f8f80,2026-07-21T11:03:56Z,asukaminato0721,User,,human_account,,no,,,dacd3311ed747469eb6b1a3702934982f73f8f80,asukaminato0721,asukaminato0721,2026-08-29T09:16:07.914969+00:00
30,langgenius/dify,pull_request,38942,pull_commit,committed,83ea8f6276f556a91f2747749d148ba80eaf540c,2026-07-14T09:21:42Z,asukaminato0721,User,,human_account,,no,,,83ea8f6276f556a91f2747749d148ba80eaf540c,asukaminato0721,asukaminato0721,2026-08-29T09:16:08.455977+00:00
30,langgenius/dify,pull_request,38942,pull_commit,committed,8d0ec698203e574201a5eee09164e394b6737910,2026-07-14T09:40:04Z,asukaminato0721,User,,human_account,,no,,,8d0ec698203e574201a5eee09164e394b6737910,asukaminato0721,asukaminato0721,2026-08-29T09:16:08.455977+00:00
30,langgenius/dify,pull_request,38942,pull_commit,committed,c07c5844fcdfc624939c165d059d0a53c190cf83,2026-07-14T09:46:07Z,asukaminato0721,User,,human_account,,no,,,c07c5844fcdfc624939c165d059d0a53c190cf83,asukaminato0721,asukaminato0721,2026-08-29T09:16:08.455977+00:00
30,langgenius/dify,pull_request,37492,pull_commit,committed,7d960f3bccbbf00fd914d7d5818ca0ccd30491e8,2026-06-16T07:17:40Z,zyssyz123,User,,human_account,,no,,,7d960f3bccbbf00fd914d7d5818ca0ccd30491e8,zyssyz123,zyssyz123,2026-08-29T09:16:09.726412+00:00
30,langgenius/dify,pull_request,37492,pull_commit,committed,3aca2b7d580c5fa5222286b5b4563f1be25cca35,2026-06-16T07:17:40Z,zyssyz123,User,,human_account,,no,,,3aca2b7d580c5fa5222286b5b4563f1be25cca35,zyssyz123,zyssyz123,2026-08-29T09:16:09.726412+00:00
38,milvus-io/milvus,pull_request,424,pull_commit,committed,1159880036a01b1b2750889592ad2826b31a470a,2019-11-15T09:00:53Z,AhooPao,User,,human_account,,no,,,1159880036a01b1b2750889592ad2826b31a470a,AhooPao,AhooPao,2026-08-29T09:16:10.245769+00:00
38,milvus-io/milvus,pull_request,424,pull_commit,committed,15315158e790d2be24ba45696bd27b27705aff7f,2019-11-16T01:34:17Z,AhooPao,User,,human_account,,no,,,15315158e790d2be24ba45696bd27b27705aff7f,AhooPao,AhooPao,2026-08-29T09:16:10.245769+00:00
38,milvus-io/milvus,pull_request,424,pull_commit,committed,f22cbbe805efdfbde742918a3ff741f5214636a1,2019-11-16T02:23:14Z,AhooPao,User,,human_account,,no,,,f22cbbe805efdfbde742918a3ff741f5214636a1,AhooPao,AhooPao,2026-08-29T09:16:10.245769+00:00
38,milvus-io/milvus,pull_request,424,pull_commit,committed,201eb4cffd61334060863ac3a90d44b0eedd02a2,2019-11-18T06:52:10Z,AhooPao,User,,human_account,,no,,,201eb4cffd61334060863ac3a90d44b0eedd02a2,AhooPao,AhooPao,2026-08-29T09:16:10.245769+00:00
38,milvus-io/milvus,pull_request,424,pull_commit,committed,8733063d6b4a5c7517e7826326cf58852ac0df5c,2019-11-19T05:16:49Z,AhooPao,User,,human_account,,no,,,8733063d6b4a5c7517e7826326cf58852ac0df5c,AhooPao,AhooPao,2026-08-29T09:16:10.245769+00:00
38,milvus-io/milvus,pull_request,424,pull_commit,committed,99deaf5c503b20b6af135549bc94a2b28c7d9da1,2019-11-19T09:37:13Z,AhooPao,User,,human_account,,no,,,99deaf5c503b20b6af135549bc94a2b28c7d9da1,AhooPao,AhooPao,2026-08-29T09:16:10.245769+00:00
38,milvus-io/milvus,pull_request,424,pull_commit,committed,67605968b8977ddb9e29c7f0a2ea8d49a3e4f703,2019-11-19T12:36:08Z,AhooPao,User,,human_account,,no,,,67605968b8977ddb9e29c7f0a2ea8d49a3e4f703,AhooPao,AhooPao,2026-08-29T09:16:10.245769+00:00
38,milvus-io/milvus,pull_request,424,pull_commit,committed,afd549fbe3fee029cd474594084354f623aef1c4,2019-11-20T02:19:51Z,AhooPao,User,,human_account,,no,,,afd549fbe3fee029cd474594084354f623aef1c4,AhooPao,AhooPao,2026-08-29T09:16:10.245769+00:00
38,milvus-io/milvus,pull_request,424,pull_commit,committed,f9ece14f0aa57b9465e5886f84f631b2762b18b2,2019-11-20T02:36:00Z,AhooPao,User,,human_account,,no,,,f9ece14f0aa57b9465e5886f84f631b2762b18b2,AhooPao,AhooPao,2026-08-29T09:16:10.245769+00:00
38,milvus-io/milvus,pull_request,424,pull_commit,committed,660953afa2d55ec7ba3d31f02a73e7d750803d95,2019-11-20T02:36:00Z,AhooPao,User,,human_account,,no,,,660953afa2d55ec7ba3d31f02a73e7d750803d95,AhooPao,AhooPao,2026-08-29T09:16:10.245769+00:00
38,milvus-io/milvus,pull_request,424,pull_commit,committed,83d9bf69662f4bbbbe51959be08f8858b1f3485d,2019-11-20T02:47:31Z,AhooPao,User,,human_account,,no,,,83d9bf69662f4bbbbe51959be08f8858b1f3485d,AhooPao,AhooPao,2026-08-29T09:16:10.245769+00:00
38,milvus-io/milvus,pull_request,424,pull_commit,committed,2f8be3d0586625d65f08622933d85fa8eabd6553,2019-11-20T02:47:52Z,AhooPao,User,,human_account,,no,,,2f8be3d0586625d65f08622933d85fa8eabd6553,AhooPao,AhooPao,2026-08-29T09:16:10.245769+00:00
38,milvus-io/milvus,pull_request,424,pull_commit,committed,91019f7139604e1b2958d249494f585eebd18ef9,2019-11-20T02:49:18Z,AhooPao,User,,human_account,,no,,,91019f7139604e1b2958d249494f585eebd18ef9,AhooPao,AhooPao,2026-08-29T09:16:10.245769+00:00
38,milvus-io/milvus,pull_request,424,pull_commit,committed,b552b77a7eb6aaec2afc4ce67f452a00adea982d,2019-11-20T02:53:28Z,AhooPao,User,,human_account,,no,,,b552b77a7eb6aaec2afc4ce67f452a00adea982d,AhooPao,AhooPao,2026-08-29T09:16:10.245769+00:00
38,milvus-io/milvus,pull_request,424,pull_commit,committed,a5a41212f8489e3e69b4249dfcc1c1b42a13d513,2019-11-20T03:06:24Z,AhooPao,User,,human_account,,no,,,a5a41212f8489e3e69b4249dfcc1c1b42a13d513,AhooPao,AhooPao,2026-08-29T09:16:10.245769+00:00
38,milvus-io/milvus,pull_request,424,pull_commit,committed,ed5219b72804d86fc910495418411aa981348a49,2019-11-20T03:23:48Z,AhooPao,User,,human_account,,no,,,ed5219b72804d86fc910495418411aa981348a49,AhooPao,AhooPao,2026-08-29T09:16:10.245769+00:00
38,milvus-io/milvus,pull_request,424,pull_commit,committed,359197eaafad45e8b0d32df1cc1726b7ac2f8bd3,2019-11-20T03:35:36Z,AhooPao,User,,human_account,,no,,,359197eaafad45e8b0d32df1cc1726b7ac2f8bd3,AhooPao,AhooPao,2026-08-29T09:16:10.245769+00:00
38,milvus-io/milvus,pull_request,424,pull_commit,committed,692b2110315fc093ab908d44059875417ec5f4ec,2019-11-20T03:51:23Z,AhooPao,User,,human_account,,no,,,692b2110315fc093ab908d44059875417ec5f4ec,AhooPao,AhooPao,2026-08-29T09:16:10.245769+00:00
38,milvus-io/milvus,pull_request,424,pull_commit,committed,3d788fce0a499d3b348eb9ec4d44e83110d6a9ca,2019-11-20T03:57:29Z,AhooPao,User,,human_account,,no,,,3d788fce0a499d3b348eb9ec4d44e83110d6a9ca,AhooPao,AhooPao,2026-08-29T09:16:10.245769+00:00
38,milvus-io/milvus,pull_request,426,pull_commit,committed,544624f09572db54b6daaa886d17f4786fa1ea2c,2019-11-18T11:45:17Z,yhmo,User,,human_account,,no,,,544624f09572db54b6daaa886d17f4786fa1ea2c,yhmo,yhmo,2026-08-29T09:16:10.731589+00:00
38,milvus-io/milvus,pull_request,426,pull_commit,committed,933222ffd47224b8ddeec519ceb9b5f7eb906a36,2019-11-19T03:47:03Z,yhmo,User,,human_account,,no,,,933222ffd47224b8ddeec519ceb9b5f7eb906a36,yhmo,yhmo,2026-08-29T09:16:10.731589+00:00
38,milvus-io/milvus,pull_request,426,pull_commit,committed,6f509c789d0da5c14cefeb6a6e47486143436bf5,2019-11-19T06:31:15Z,yhmo,User,,human_account,,no,,,6f509c789d0da5c14cefeb6a6e47486143436bf5,yhmo,yhmo,2026-08-29T09:16:10.731589+00:00
38,milvus-io/milvus,pull_request,426,pull_commit,committed,6bccb44339da17263480e86a21b2a3d00bdea885,2019-11-19T11:27:01Z,yhmo,User,,human_account,,no,,,6bccb44339da17263480e86a21b2a3d00bdea885,yhmo,yhmo,2026-08-29T09:16:10.731589+00:00
38,milvus-io/milvus,pull_request,426,pull_commit,committed,15dcce417e3c2b68785d09075f885378ef50a4bf,2019-11-20T04:24:18Z,yhmo,User,,human_account,,no,,,15dcce417e3c2b68785d09075f885378ef50a4bf,yhmo,yhmo,2026-08-29T09:16:10.731589+00:00
38,milvus-io/milvus,pull_request,426,pull_commit,committed,50c4f98dc5a2e680cd67dd35f25657c0a0b59017,2019-11-20T04:25:17Z,yhmo,User,,human_account,,no,,,50c4f98dc5a2e680cd67dd35f25657c0a0b59017,yhmo,yhmo,2026-08-29T09:16:10.731589+00:00
38,milvus-io/milvus,pull_request,426,pull_commit,committed,b65685df8f30129f102cb3e9d30debfc7f4fe9d4,2019-11-20T06:15:57Z,yhmo,User,,human_account,,no,,,b65685df8f30129f102cb3e9d30debfc7f4fe9d4,yhmo,yhmo,2026-08-29T09:16:10.731589+00:00
38,milvus-io/milvus,pull_request,426,pull_commit,committed,75c1186cd24b1c8267c75ecf778b2fcac3ddf05d,2019-11-20T07:04:41Z,yhmo,User,,human_account,,no,,,75c1186cd24b1c8267c75ecf778b2fcac3ddf05d,yhmo,yhmo,2026-08-29T09:16:10.731589+00:00
38,milvus-io/milvus,pull_request,719,pull_commit,committed,6bed2cf948aed1524c93192aa34b0fdf71b37df8,2019-12-03T11:26:13Z,yhmo,User,,human_account,,no,,,6bed2cf948aed1524c93192aa34b0fdf71b37df8,yhmo,yhmo,2026-08-29T09:16:11.193627+00:00
38,milvus-io/milvus,pull_request,719,pull_commit,committed,abb438824baa30e170b1b3ed97e25293890ff179,2019-12-03T11:26:29Z,yhmo,User,,human_account,,no,,,abb438824baa30e170b1b3ed97e25293890ff179,yhmo,yhmo,2026-08-29T09:16:11.193627+00:00
38,milvus-io/milvus,pull_request,719,pull_commit,committed,54c4ff2179e87915f5201bc37c7a724ad3e306fa,2019-12-04T03:12:54Z,yhmo,User,,human_account,,no,,,54c4ff2179e87915f5201bc37c7a724ad3e306fa,yhmo,yhmo,2026-08-29T09:16:11.193627+00:00
38,milvus-io/milvus,pull_request,719,pull_commit,committed,e9a88e7fa45b51c5d8cf52f960b0c1609d9d7e2c,2019-12-04T08:02:01Z,yhmo,User,,human_account,,no,,,e9a88e7fa45b51c5d8cf52f960b0c1609d9d7e2c,yhmo,yhmo,2026-08-29T09:16:11.193627+00:00
38,milvus-io/milvus,pull_request,719,pull_commit,committed,3741f6d79ada99e8b1f06b2f0507ebd1f2da51a3,2019-12-04T08:02:40Z,yhmo,User,,human_account,,no,,,3741f6d79ada99e8b1f06b2f0507ebd1f2da51a3,yhmo,yhmo,2026-08-29T09:16:11.193627+00:00
38,milvus-io/milvus,pull_request,719,pull_commit,committed,4440b1fe69f0b8e833dfcd4328a346419e11871b,2019-12-04T08:04:04Z,yhmo,User,,human_account,,no,,,4440b1fe69f0b8e833dfcd4328a346419e11871b,yhmo,yhmo,2026-08-29T09:16:11.193627+00:00
38,milvus-io/milvus,pull_request,719,pull_commit,committed,d23d5f1942b85c0a37d52cf5f6d009d231f92db0,2019-12-04T08:19:03Z,yhmo,User,,human_account,,no,,,d23d5f1942b85c0a37d52cf5f6d009d231f92db0,yhmo,yhmo,2026-08-29T09:16:11.193627+00:00
38,milvus-io/milvus,pull_request,719,pull_commit,committed,1c2486212cf303151cf050e7927a0c60bfad4f10,2019-12-05T07:01:44Z,yhmo,User,,human_account,,no,,,1c2486212cf303151cf050e7927a0c60bfad4f10,yhmo,yhmo,2026-08-29T09:16:11.193627+00:00
38,milvus-io/milvus,pull_request,719,pull_commit,committed,c481027091a334cd25a18fa1b609fc06442372c6,2019-12-05T07:11:20Z,yhmo,User,,human_account,,no,,,c481027091a334cd25a18fa1b609fc06442372c6,yhmo,yhmo,2026-08-29T09:16:11.193627+00:00
38,milvus-io/milvus,pull_request,719,pull_commit,committed,8808a19e0b66cd8e83b61cdec99ed7088c4e7301,2019-12-05T08:40:06Z,yhmo,User,,human_account,,no,,,8808a19e0b66cd8e83b61cdec99ed7088c4e7301,yhmo,yhmo,2026-08-29T09:16:11.193627+00:00
38,milvus-io/milvus,pull_request,719,pull_commit,committed,5a2516d1bab3bc585fe006c3841980c53616b802,2019-12-05T08:49:20Z,yhmo,User,,human_account,,no,,,5a2516d1bab3bc585fe006c3841980c53616b802,yhmo,yhmo,2026-08-29T09:16:11.193627+00:00
38,milvus-io/milvus,pull_request,719,pull_commit,committed,1186d6aeda432c55c433990529a16e01ccdda7f4,2019-12-05T09:00:12Z,yhmo,User,,human_account,,no,,,1186d6aeda432c55c433990529a16e01ccdda7f4,yhmo,yhmo,2026-08-29T09:16:11.193627+00:00
38,milvus-io/milvus,pull_request,719,pull_commit,committed,757ad2766d088267bab79baac703f6fb58ae44a4,2019-12-05T09:18:20Z,yhmo,User,,human_account,,no,,,757ad2766d088267bab79baac703f6fb58ae44a4,yhmo,yhmo,2026-08-29T09:16:11.193627+00:00
38,milvus-io/milvus,pull_request,719,pull_commit,committed,632858d134fef8b0873b56efc1d03f6a572b4af0,2019-12-05T11:58:55Z,yhmo,User,,human_account,,no,,,632858d134fef8b0873b56efc1d03f6a572b4af0,yhmo,yhmo,2026-08-29T09:16:11.193627+00:00
38,milvus-io/milvus,pull_request,719,pull_commit,committed,1af0d33edc7bbc7f897816b5ed752abd9461f372,2019-12-05T11:58:59Z,yhmo,User,,human_account,,no,,,1af0d33edc7bbc7f897816b5ed752abd9461f372,yhmo,yhmo,2026-08-29T09:16:11.193627+00:00
38,milvus-io/milvus,pull_request,719,pull_commit,committed,b23676dec54703e0993540b0c8b4e4a7f091503e,2019-12-06T06:25:32Z,yhmo,User,,human_account,,no,,,b23676dec54703e0993540b0c8b4e4a7f091503e,yhmo,yhmo,2026-08-29T09:16:11.193627+00:00
38,milvus-io/milvus,pull_request,719,pull_commit,committed,2bc5b5326e268a9ce17f70801ccadf0145402a8d,2019-12-06T06:25:41Z,yhmo,User,,human_account,,no,,,2bc5b5326e268a9ce17f70801ccadf0145402a8d,yhmo,yhmo,2026-08-29T09:16:11.193627+00:00
38,milvus-io/milvus,pull_request,147,pull_commit,committed,bfff7e6d90c6d42411ba47c3926ffba12e1d7a0c,2019-10-31T06:19:58Z,web-flow,User,,human_account,,no,,,bfff7e6d90c6d42411ba47c3926ffba12e1d7a0c,jielinxu,web-flow,2026-08-29T09:16:11.736477+00:00
38,milvus-io/milvus,pull_request,147,pull_commit,committed,867e295f07a42dac6424154b73ff8e531e30bc80,2019-10-31T06:21:38Z,web-flow,User,,human_account,,no,,,867e295f07a42dac6424154b73ff8e531e30bc80,jielinxu,web-flow,2026-08-29T09:16:11.736477+00:00
38,milvus-io/milvus,pull_request,147,pull_commit,committed,7ba1ae32c7c9f4143d89e432b62764a9bbbfd71e,2019-10-31T06:37:41Z,web-flow,User,,human_account,,no,,,7ba1ae32c7c9f4143d89e432b62764a9bbbfd71e,jielinxu,web-flow,2026-08-29T09:16:11.736477+00:00
38,milvus-io/milvus,pull_request,147,pull_commit,committed,502dbe3d67df07a2de5efe1c9ce1c8563c9139b3,2019-10-31T07:02:19Z,web-flow,User,,human_account,,no,,,502dbe3d67df07a2de5efe1c9ce1c8563c9139b3,jielinxu,web-flow,2026-08-29T09:16:11.736477+00:00
38,milvus-io/milvus,pull_request,147,pull_commit,committed,15ae6eeec73e36c6f9d5c2225dc95a61c9c1f772,2019-11-01T06:55:49Z,web-flow,User,,human_account,,no,,,15ae6eeec73e36c6f9d5c2225dc95a61c9c1f772,jielinxu,web-flow,2026-08-29T09:16:11.736477+00:00
38,milvus-io/milvus,pull_request,147,pull_commit,committed,82d3daeb972be6710b229ad460612a71e5d36be6,2019-11-01T07:11:46Z,web-flow,User,,human_account,,no,,,82d3daeb972be6710b229ad460612a71e5d36be6,jielinxu,web-flow,2026-08-29T09:16:11.736477+00:00
38,milvus-io/milvus,pull_request,147,pull_commit,committed,11fc9de6eb304962e5a01cccc166994730d2fd91,2019-11-01T07:42:04Z,web-flow,User,,human_account,,no,,,11fc9de6eb304962e5a01cccc166994730d2fd91,jielinxu,web-flow,2026-08-29T09:16:11.736477+00:00
38,milvus-io/milvus,pull_request,147,pull_commit,committed,d680aed2ccca4384514be02155609625d92b95c4,2019-11-01T08:09:46Z,web-flow,User,,human_account,,no,,,d680aed2ccca4384514be02155609625d92b95c4,jielinxu,web-flow,2026-08-29T09:16:11.736477+00:00
38,milvus-io/milvus,pull_request,147,pull_commit,committed,f279abc5710ecd42ea1e402cb26a9cd02d6fec71,2019-11-01T08:14:33Z,web-flow,User,,human_account,,no,,,f279abc5710ecd42ea1e402cb26a9cd02d6fec71,jielinxu,web-flow,2026-08-29T09:16:11.736477+00:00
38,milvus-io/milvus,pull_request,147,pull_commit,committed,dc8d41ff1eec0166ca055f0cebb3ad3fe539a25c,2019-11-01T08:44:34Z,web-flow,User,,human_account,,no,,,dc8d41ff1eec0166ca055f0cebb3ad3fe539a25c,jielinxu,web-flow,2026-08-29T09:16:11.736477+00:00
38,milvus-io/milvus,pull_request,147,pull_commit,committed,607aafbd69464c33b95799824e4a40791d5e9116,2019-11-01T08:46:03Z,web-flow,User,,human_account,,no,,,607aafbd69464c33b95799824e4a40791d5e9116,jielinxu,web-flow,2026-08-29T09:16:11.736477+00:00
38,milvus-io/milvus,pull_request,83,pull_commit,committed,a6be8f046312a4b06a7bcea039e9e64524339fb3,2019-10-22T11:11:17Z,wxywb,User,,human_account,,no,,,a6be8f046312a4b06a7bcea039e9e64524339fb3,wxywb,wxywb,2026-08-29T09:16:12.406213+00:00
38,milvus-io/milvus,pull_request,83,pull_commit,committed,2d1e166a760d6ca62f4b95bfa915d54f2870a630,2019-10-22T11:56:39Z,wxywb,User,,human_account,,no,,,2d1e166a760d6ca62f4b95bfa915d54f2870a630,wxywb,wxywb,2026-08-29T09:16:12.406213+00:00
38,milvus-io/milvus,pull_request,714,pull_commit,committed,6bed2cf948aed1524c93192aa34b0fdf71b37df8,2019-12-03T11:26:13Z,yhmo,User,,human_account,,no,,,6bed2cf948aed1524c93192aa34b0fdf71b37df8,yhmo,yhmo,2026-08-29T09:16:12.950614+00:00
38,milvus-io/milvus,pull_request,714,pull_commit,committed,abb438824baa30e170b1b3ed97e25293890ff179,2019-12-03T11:26:29Z,yhmo,User,,human_account,,no,,,abb438824baa30e170b1b3ed97e25293890ff179,yhmo,yhmo,2026-08-29T09:16:12.950614+00:00
38,milvus-io/milvus,pull_request,714,pull_commit,committed,54c4ff2179e87915f5201bc37c7a724ad3e306fa,2019-12-04T03:12:54Z,yhmo,User,,human_account,,no,,,54c4ff2179e87915f5201bc37c7a724ad3e306fa,yhmo,yhmo,2026-08-29T09:16:12.950614+00:00
38,milvus-io/milvus,pull_request,714,pull_commit,committed,e9a88e7fa45b51c5d8cf52f960b0c1609d9d7e2c,2019-12-04T08:02:01Z,yhmo,User,,human_account,,no,,,e9a88e7fa45b51c5d8cf52f960b0c1609d9d7e2c,yhmo,yhmo,2026-08-29T09:16:12.950614+00:00
38,milvus-io/milvus,pull_request,714,pull_commit,committed,3741f6d79ada99e8b1f06b2f0507ebd1f2da51a3,2019-12-04T08:02:40Z,yhmo,User,,human_account,,no,,,3741f6d79ada99e8b1f06b2f0507ebd1f2da51a3,yhmo,yhmo,2026-08-29T09:16:12.950614+00:00
38,milvus-io/milvus,pull_request,714,pull_commit,committed,4440b1fe69f0b8e833dfcd4328a346419e11871b,2019-12-04T08:04:04Z,yhmo,User,,human_account,,no,,,4440b1fe69f0b8e833dfcd4328a346419e11871b,yhmo,yhmo,2026-08-29T09:16:12.950614+00:00
38,milvus-io/milvus,pull_request,714,pull_commit,committed,d23d5f1942b85c0a37d52cf5f6d009d231f92db0,2019-12-04T08:19:03Z,yhmo,User,,human_account,,no,,,d23d5f1942b85c0a37d52cf5f6d009d231f92db0,yhmo,yhmo,2026-08-29T09:16:12.950614+00:00
38,milvus-io/milvus,pull_request,714,pull_commit,committed,1c2486212cf303151cf050e7927a0c60bfad4f10,2019-12-05T07:01:44Z,yhmo,User,,human_account,,no,,,1c2486212cf303151cf050e7927a0c60bfad4f10,yhmo,yhmo,2026-08-29T09:16:12.950614+00:00
38,milvus-io/milvus,pull_request,714,pull_commit,committed,c481027091a334cd25a18fa1b609fc06442372c6,2019-12-05T07:11:20Z,yhmo,User,,human_account,,no,,,c481027091a334cd25a18fa1b609fc06442372c6,yhmo,yhmo,2026-08-29T09:16:12.950614+00:00
38,milvus-io/milvus,pull_request,714,pull_commit,committed,8808a19e0b66cd8e83b61cdec99ed7088c4e7301,2019-12-05T08:40:06Z,yhmo,User,,human_account,,no,,,8808a19e0b66cd8e83b61cdec99ed7088c4e7301,yhmo,yhmo,2026-08-29T09:16:12.950614+00:00
38,milvus-io/milvus,pull_request,714,pull_commit,committed,5a2516d1bab3bc585fe006c3841980c53616b802,2019-12-05T08:49:20Z,yhmo,User,,human_account,,no,,,5a2516d1bab3bc585fe006c3841980c53616b802,yhmo,yhmo,2026-08-29T09:16:12.950614+00:00
38,milvus-io/milvus,pull_request,714,pull_commit,committed,1186d6aeda432c55c433990529a16e01ccdda7f4,2019-12-05T09:00:12Z,yhmo,User,,human_account,,no,,,1186d6aeda432c55c433990529a16e01ccdda7f4,yhmo,yhmo,2026-08-29T09:16:12.950614+00:00
38,milvus-io/milvus,pull_request,714,pull_commit,committed,757ad2766d088267bab79baac703f6fb58ae44a4,2019-12-05T09:18:20Z,yhmo,User,,human_account,,no,,,757ad2766d088267bab79baac703f6fb58ae44a4,yhmo,yhmo,2026-08-29T09:16:12.950614+00:00
38,milvus-io/milvus,pull_request,714,pull_commit,committed,632858d134fef8b0873b56efc1d03f6a572b4af0,2019-12-05T11:58:55Z,yhmo,User,,human_account,,no,,,632858d134fef8b0873b56efc1d03f6a572b4af0,yhmo,yhmo,2026-08-29T09:16:12.950614+00:00
38,milvus-io/milvus,pull_request,714,pull_commit,committed,1af0d33edc7bbc7f897816b5ed752abd9461f372,2019-12-05T11:58:59Z,yhmo,User,,human_account,,no,,,1af0d33edc7bbc7f897816b5ed752abd9461f372,yhmo,yhmo,2026-08-29T09:16:12.950614+00:00
38,milvus-io/milvus,pull_request,103,pull_commit,committed,7329c70a66ddd5d2561f2a6281fee26ac0e8194b,2019-10-25T10:01:35Z,youny626,User,,human_account,,no,,,7329c70a66ddd5d2561f2a6281fee26ac0e8194b,youny626,youny626,2026-08-29T09:16:13.414302+00:00
38,milvus-io/milvus,pull_request,538,pull_commit,committed,ba50927d6eeeff0d90517289a19c33d0c4a66b11,2019-11-26T03:31:50Z,XuPeng-SH,User,,human_account,,no,,,ba50927d6eeeff0d90517289a19c33d0c4a66b11,XuPeng-SH,XuPeng-SH,2026-08-29T09:16:14.421691+00:00
38,milvus-io/milvus,pull_request,538,pull_commit,committed,2cce773589d0e2dda35d1134878533e20e3c6aaa,2019-11-26T05:34:32Z,XuPeng-SH,User,,human_account,,no,,,2cce773589d0e2dda35d1134878533e20e3c6aaa,XuPeng-SH,XuPeng-SH,2026-08-29T09:16:14.421691+00:00
38,milvus-io/milvus,pull_request,538,pull_commit,committed,8b00b11fe5490855270b780e61737518a99d906f,2019-11-26T05:35:02Z,XuPeng-SH,User,,human_account,,no,,,8b00b11fe5490855270b780e61737518a99d906f,XuPeng-SH,XuPeng-SH,2026-08-29T09:16:14.421691+00:00
38,milvus-io/milvus,pull_request,538,pull_commit,committed,e2e6cb11b340ddfdaf52f7c5815a33a3e6889f0d,2019-11-26T05:36:00Z,XuPeng-SH,User,,human_account,,no,,,e2e6cb11b340ddfdaf52f7c5815a33a3e6889f0d,XuPeng-SH,XuPeng-SH,2026-08-29T09:16:14.421691+00:00
38,milvus-io/milvus,pull_request,538,pull_commit,committed,646802e53ffee052271d0bb765ffa3c0b6ef1926,2019-11-26T05:36:27Z,XuPeng-SH,User,,human_account,,no,,,646802e53ffee052271d0bb765ffa3c0b6ef1926,XuPeng-SH,XuPeng-SH,2026-08-29T09:16:14.421691+00:00
38,milvus-io/milvus,pull_request,538,pull_commit,committed,06394c39fddfb03da237ce19892ac1c9500eacac,2019-11-26T05:43:28Z,XuPeng-SH,User,,human_account,,no,,,06394c39fddfb03da237ce19892ac1c9500eacac,XuPeng-SH,XuPeng-SH,2026-08-29T09:16:14.421691+00:00
38,milvus-io/milvus,pull_request,536,pull_commit,committed,2ec159de9356f8ea95759d3068f5a2084f0a4a99,2019-11-20T07:00:41Z,AhooPao,User,,human_account,,no,,,2ec159de9356f8ea95759d3068f5a2084f0a4a99,AhooPao,AhooPao,2026-08-29T09:16:15.028844+00:00
38,milvus-io/milvus,pull_request,536,pull_commit,committed,71a786e3cd8cf8c43490ece6c8cf9679e473d374,2019-11-20T07:02:27Z,AhooPao,User,,human_account,,no,,,71a786e3cd8cf8c43490ece6c8cf9679e473d374,AhooPao,AhooPao,2026-08-29T09:16:15.028844+00:00
38,milvus-io/milvus,pull_request,536,pull_commit,committed,45a81df240365686a6b5648c8860a7afa8ede7c3,2019-11-20T07:46:10Z,AhooPao,User,,human_account,,no,,,45a81df240365686a6b5648c8860a7afa8ede7c3,AhooPao,AhooPao,2026-08-29T09:16:15.028844+00:00
38,milvus-io/milvus,pull_request,536,pull_commit,committed,555c095a9af3395fe3a8ad9fa2102303e15aa2fc,2019-11-20T09:08:34Z,AhooPao,User,,human_account,,no,,,555c095a9af3395fe3a8ad9fa2102303e15aa2fc,AhooPao,AhooPao,2026-08-29T09:16:15.028844+00:00
38,milvus-io/milvus,pull_request,536,pull_commit,committed,bcdb84b40361af86090fc04877753cc8b7a7a9a8,2019-11-20T09:27:40Z,AhooPao,User,,human_account,,no,,,bcdb84b40361af86090fc04877753cc8b7a7a9a8,AhooPao,AhooPao,2026-08-29T09:16:15.028844+00:00
38,milvus-io/milvus,pull_request,536,pull_commit,committed,7d6748b61c1d28d554c2f49cccf114f623d691e1,2019-11-21T02:03:34Z,AhooPao,User,,human_account,,no,,,7d6748b61c1d28d554c2f49cccf114f623d691e1,AhooPao,AhooPao,2026-08-29T09:16:15.028844+00:00
38,milvus-io/milvus,pull_request,536,pull_commit,committed,35a25e01eb83528291062197220ad4595c97ca7c,2019-11-25T03:40:40Z,AhooPao,User,,human_account,,no,,,35a25e01eb83528291062197220ad4595c97ca7c,AhooPao,AhooPao,2026-08-29T09:16:15.028844+00:00
38,milvus-io/milvus,pull_request,536,pull_commit,committed,d3c232a39fec6159532f17d6ba23c35e5453b37d,2019-11-25T03:41:05Z,AhooPao,User,,human_account,,no,,,d3c232a39fec6159532f17d6ba23c35e5453b37d,AhooPao,AhooPao,2026-08-29T09:16:15.028844+00:00
38,milvus-io/milvus,pull_request,536,pull_commit,committed,5a27642a514e08fb63804364cfbc76f11950d05b,2019-11-25T07:02:51Z,AhooPao,User,,human_account,,no,,,5a27642a514e08fb63804364cfbc76f11950d05b,AhooPao,AhooPao,2026-08-29T09:16:15.028844+00:00
38,milvus-io/milvus,pull_request,536,pull_commit,committed,67d561dbea906fbd907e8e44b47b476d9a9c4099,2019-11-26T02:28:38Z,AhooPao,User,,human_account,,no,,,67d561dbea906fbd907e8e44b47b476d9a9c4099,AhooPao,AhooPao,2026-08-29T09:16:15.028844+00:00
38,milvus-io/milvus,pull_request,536,pull_commit,committed,5b23a7c34c5da18119858010c8aa2311d3663714,2019-11-26T02:36:07Z,AhooPao,User,,human_account,,no,,,5b23a7c34c5da18119858010c8aa2311d3663714,AhooPao,AhooPao,2026-08-29T09:16:15.028844+00:00
38,milvus-io/milvus,pull_request,536,pull_commit,committed,80608890fe80a46963b52d7b3b95404ae1dab112,2019-11-26T02:50:02Z,AhooPao,User,,human_account,,no,,,80608890fe80a46963b52d7b3b95404ae1dab112,AhooPao,AhooPao,2026-08-29T09:16:15.028844+00:00
38,milvus-io/milvus,pull_request,536,pull_commit,committed,3a3daf083bd4d630d1834a5e27d57a23b6f3d67a,2019-11-26T04:03:25Z,AhooPao,User,,human_account,,no,,,3a3daf083bd4d630d1834a5e27d57a23b6f3d67a,AhooPao,AhooPao,2026-08-29T09:16:15.028844+00:00
38,milvus-io/milvus,pull_request,536,pull_commit,committed,a45cd559a9f4019ff63712007b9f13ef8a99fbca,2019-11-26T06:15:47Z,AhooPao,User,,human_account,,no,,,a45cd559a9f4019ff63712007b9f13ef8a99fbca,AhooPao,AhooPao,2026-08-29T09:16:15.028844+00:00
38,milvus-io/milvus,pull_request,536,pull_commit,committed,55b4acc27b564aad169622d9a5747b9e5b274ffc,2019-11-26T06:40:02Z,AhooPao,User,,human_account,,no,,,55b4acc27b564aad169622d9a5747b9e5b274ffc,AhooPao,AhooPao,2026-08-29T09:16:15.028844+00:00
38,milvus-io/milvus,pull_request,536,pull_commit,committed,575aec687d8ef6d2c008daa598b2a90657376d5c,2019-11-26T06:41:18Z,AhooPao,User,,human_account,,no,,,575aec687d8ef6d2c008daa598b2a90657376d5c,AhooPao,AhooPao,2026-08-29T09:16:15.028844+00:00
38,milvus-io/milvus,pull_request,536,pull_commit,committed,006a480fc85d2648fc4c00957f2d6ffef8c6492a,2019-11-26T06:42:56Z,AhooPao,User,,human_account,,no,,,006a480fc85d2648fc4c00957f2d6ffef8c6492a,AhooPao,AhooPao,2026-08-29T09:16:15.028844+00:00
38,milvus-io/milvus,pull_request,536,pull_commit,committed,2d5b908c058a649d9eede4c9bf8911ef5aa40de0,2019-11-26T10:33:50Z,AhooPao,User,,human_account,,no,,,2d5b908c058a649d9eede4c9bf8911ef5aa40de0,AhooPao,AhooPao,2026-08-29T09:16:15.028844+00:00
38,milvus-io/milvus,pull_request,600,pull_commit,committed,bdf531524b3ad849641575854f60d0d44d15a06b,2019-11-28T09:56:04Z,yhmo,User,,human_account,,no,,,bdf531524b3ad849641575854f60d0d44d15a06b,yhmo,yhmo,2026-08-29T09:16:15.514643+00:00
38,milvus-io/milvus,pull_request,930,pull_commit,committed,d19d1c493e93cb87cba6a46a9f6c1bda0780b113,2020-01-06T07:18:03Z,youny626,User,,human_account,,no,,,d19d1c493e93cb87cba6a46a9f6c1bda0780b113,youny626,youny626,2026-08-29T09:16:16.088347+00:00
38,milvus-io/milvus,pull_request,930,pull_commit,committed,3560fa0053e2ecf9ac178ca752b73532b8cbcab0,2020-01-06T08:03:08Z,youny626,User,,human_account,,no,,,3560fa0053e2ecf9ac178ca752b73532b8cbcab0,youny626,youny626,2026-08-29T09:16:16.088347+00:00
38,milvus-io/milvus,pull_request,763,pull_commit,committed,05a12d562868497e63f52dd8029705a2e7096059,2019-12-12T06:30:14Z,cydrain,User,,human_account,,no,,,05a12d562868497e63f52dd8029705a2e7096059,cydrain,cydrain,2026-08-29T09:16:17.019522+00:00
38,milvus-io/milvus,pull_request,763,pull_commit,committed,9aefd504d745a2752e595a3e100a04d9bc4791ce,2019-12-12T06:30:14Z,cydrain,User,,human_account,,no,,,9aefd504d745a2752e595a3e100a04d9bc4791ce,cydrain,cydrain,2026-08-29T09:16:17.019522+00:00
38,milvus-io/milvus,pull_request,763,pull_commit,committed,f7cf46add0e1317a303c5d1ae37d6339f0dbe0f9,2019-12-12T06:30:14Z,cydrain,User,,human_account,,no,,,f7cf46add0e1317a303c5d1ae37d6339f0dbe0f9,cydrain,cydrain,2026-08-29T09:16:17.019522+00:00
38,milvus-io/milvus,pull_request,763,pull_commit,committed,ba08f5da1fab1fc03211acf62919c9229a640738,2019-12-12T06:30:14Z,cydrain,User,,human_account,,no,,,ba08f5da1fab1fc03211acf62919c9229a640738,cydrain,cydrain,2026-08-29T09:16:17.019522+00:00
38,milvus-io/milvus,pull_request,763,pull_commit,committed,3bbd433e8537165b7c18288556d15b89f765d74d,2019-12-12T06:30:14Z,cydrain,User,,human_account,,no,,,3bbd433e8537165b7c18288556d15b89f765d74d,cydrain,cydrain,2026-08-29T09:16:17.019522+00:00
38,milvus-io/milvus,pull_request,763,pull_commit,committed,121fd1022f49f621386e036a2eb119ac68013844,2019-12-12T06:30:14Z,cydrain,User,,human_account,,no,,,121fd1022f49f621386e036a2eb119ac68013844,cydrain,cydrain,2026-08-29T09:16:17.019522+00:00
38,milvus-io/milvus,pull_request,763,pull_commit,committed,88517faa61d2abe7c2d464c1b12ddd51c23e9cfd,2019-12-12T06:30:15Z,cydrain,User,,human_account,,no,,,88517faa61d2abe7c2d464c1b12ddd51c23e9cfd,cydrain,cydrain,2026-08-29T09:16:17.019522+00:00
38,milvus-io/milvus,pull_request,763,pull_commit,committed,d1a56d9c8f23aae468b14226ee6d9ee37ce3f1ba,2019-12-12T06:30:15Z,cydrain,User,,human_account,,no,,,d1a56d9c8f23aae468b14226ee6d9ee37ce3f1ba,cydrain,cydrain,2026-08-29T09:16:17.019522+00:00
38,milvus-io/milvus,pull_request,763,pull_commit,committed,7e6f56669d3db642e5a71d6275a2036c2860361b,2019-12-12T06:30:15Z,cydrain,User,,human_account,,no,,,7e6f56669d3db642e5a71d6275a2036c2860361b,cydrain,cydrain,2026-08-29T09:16:17.019522+00:00
38,milvus-io/milvus,pull_request,763,pull_commit,committed,90461db8d2ada08dea6683081cbe339bb270ca17,2019-12-12T06:30:15Z,cydrain,User,,human_account,,no,,,90461db8d2ada08dea6683081cbe339bb270ca17,cydrain,cydrain,2026-08-29T09:16:17.019522+00:00
38,milvus-io/milvus,pull_request,763,pull_commit,committed,245364ca55a05455118f83163f470530642e218b,2019-12-12T06:30:15Z,cydrain,User,,human_account,,no,,,245364ca55a05455118f83163f470530642e218b,cydrain,cydrain,2026-08-29T09:16:17.019522+00:00
38,milvus-io/milvus,pull_request,763,pull_commit,committed,6387994e27f2f47f9c1bebaa49db64b4b6ceb658,2019-12-12T06:30:15Z,cydrain,User,,human_account,,no,,,6387994e27f2f47f9c1bebaa49db64b4b6ceb658,cydrain,cydrain,2026-08-29T09:16:17.019522+00:00
38,milvus-io/milvus,pull_request,763,pull_commit,committed,fb7c881dda1b3a57abc7125a9ba9eae8b59300e8,2019-12-12T06:30:15Z,cydrain,User,,human_account,,no,,,fb7c881dda1b3a57abc7125a9ba9eae8b59300e8,cydrain,cydrain,2026-08-29T09:16:17.019522+00:00
38,milvus-io/milvus,pull_request,763,pull_commit,committed,19fa71c393bcd74aa542c1bce8d1a4d23a0ef569,2019-12-12T09:40:58Z,cydrain,User,,human_account,,no,,,19fa71c393bcd74aa542c1bce8d1a4d23a0ef569,cydrain,cydrain,2026-08-29T09:16:17.019522+00:00
38,milvus-io/milvus,pull_request,763,pull_commit,committed,32872ff3fcae6bdeb6745fc2ca832b8f8971fe8d,2019-12-12T16:44:19Z,cydrain,User,,human_account,,no,,,32872ff3fcae6bdeb6745fc2ca832b8f8971fe8d,cydrain,cydrain,2026-08-29T09:16:17.019522+00:00
38,milvus-io/milvus,pull_request,240,pull_commit,committed,3c0c4646b07f10a2f77d4bb778f954df8c7487e1,2019-11-07T07:35:53Z,youny626,User,,human_account,,no,,,3c0c4646b07f10a2f77d4bb778f954df8c7487e1,youny626,youny626,2026-08-29T09:16:17.559087+00:00
38,milvus-io/milvus,pull_request,240,pull_commit,committed,7fa712e45c4d5d5ed3db5ac2ae01696d9958c256,2019-11-07T08:11:55Z,web-flow,User,,human_account,,no,,,7fa712e45c4d5d5ed3db5ac2ae01696d9958c256,youny626,web-flow,2026-08-29T09:16:17.559087+00:00
38,milvus-io/milvus,pull_request,296,pull_commit,committed,0d254639b0bf5647217506e323d8e131aaef2c86,2019-11-12T10:16:58Z,cydrain,User,,human_account,,no,,,0d254639b0bf5647217506e323d8e131aaef2c86,cydrain,cydrain,2026-08-29T09:16:18.149102+00:00
38,milvus-io/milvus,pull_request,296,pull_commit,committed,48650e04e2e9772a0984fca3092cb89de956155b,2019-11-13T01:24:27Z,cydrain,User,,human_account,,no,,,48650e04e2e9772a0984fca3092cb89de956155b,cydrain,cydrain,2026-08-29T09:16:18.149102+00:00
38,milvus-io/milvus,pull_request,210,pull_commit,committed,1b0d4533798796b0fe68425507ac4de36ca4b8ea,2019-11-06T03:56:06Z,cydrain,User,,human_account,,no,,,1b0d4533798796b0fe68425507ac4de36ca4b8ea,cydrain,cydrain,2026-08-29T09:16:18.603248+00:00
38,milvus-io/milvus,pull_request,210,pull_commit,committed,5b73f1c2d9b3060827b440e1d343164f767ef6c7,2019-11-06T04:04:28Z,cydrain,User,,human_account,,no,,,5b73f1c2d9b3060827b440e1d343164f767ef6c7,cydrain,cydrain,2026-08-29T09:16:18.603248+00:00
38,milvus-io/milvus,pull_request,210,pull_commit,committed,5a9f7997abe11fe8ea2d2282b9ff6e415565568d,2019-11-06T05:12:04Z,cydrain,User,,human_account,,no,,,5a9f7997abe11fe8ea2d2282b9ff6e415565568d,cydrain,cydrain,2026-08-29T09:16:18.603248+00:00
38,milvus-io/milvus,pull_request,630,pull_commit,committed,67b993a80641dfb6f880eff165c0d72a8e1e2020,2019-11-30T09:36:44Z,,,,unknown,,no,,,67b993a80641dfb6f880eff165c0d72a8e1e2020,,,2026-08-29T09:16:19.061892+00:00
38,milvus-io/milvus,pull_request,630,pull_commit,committed,3f348a2b3d27182c1814fe3b5de5b4ae6ceacf3b,2019-11-30T11:44:43Z,web-flow,User,,human_account,,no,,,3f348a2b3d27182c1814fe3b5de5b4ae6ceacf3b,JinHai-CN,web-flow,2026-08-29T09:16:19.061892+00:00
38,milvus-io/milvus,pull_request,630,pull_commit,committed,0d1706b47bc3038a09b16b471019a122a8ca5c7e,2019-11-30T13:40:35Z,,,,unknown,,no,,,0d1706b47bc3038a09b16b471019a122a8ca5c7e,,,2026-08-29T09:16:19.061892+00:00
38,milvus-io/milvus,pull_request,630,pull_commit,committed,be357f515421ed97def37ee4b0ba4b3df6de47f2,2019-12-03T06:35:04Z,web-flow,User,,human_account,,no,,,be357f515421ed97def37ee4b0ba4b3df6de47f2,JinHai-CN,web-flow,2026-08-29T09:16:19.061892+00:00
38,milvus-io/milvus,pull_request,859,pull_commit,committed,9768429bef3e72a5810d9101b18a741af756e094,2019-12-27T10:13:33Z,Yukikaze-CZR,User,,human_account,,no,,,9768429bef3e72a5810d9101b18a741af756e094,Yukikaze-CZR,Yukikaze-CZR,2026-08-29T09:16:19.641363+00:00
38,milvus-io/milvus,pull_request,973,pull_commit,committed,0fda9ca263d5751c22cb3742c14848b79048751a,2020-01-09T08:30:25Z,yamasite,User,,human_account,,no,,,0fda9ca263d5751c22cb3742c14848b79048751a,yamasite,yamasite,2026-08-29T09:16:20.185341+00:00
38,milvus-io/milvus,pull_request,973,pull_commit,committed,5d7b572fd0561e407b9ae8b1b8728fa32a64fd9e,2020-01-09T08:39:30Z,web-flow,User,,human_account,,no,,,5d7b572fd0561e407b9ae8b1b8728fa32a64fd9e,yamasite,web-flow,2026-08-29T09:16:20.185341+00:00
38,milvus-io/milvus,pull_request,973,pull_commit,committed,98d1ca1d7838fdab91980b77ed0e8be9c303d410,2020-01-09T10:27:28Z,yamasite,User,,human_account,,no,,,98d1ca1d7838fdab91980b77ed0e8be9c303d410,yamasite,yamasite,2026-08-29T09:16:20.185341+00:00
38,milvus-io/milvus,pull_request,774,pull_commit,committed,a6e774aed6994630816dd255d0d896cc7ab0fba4,2019-12-13T13:21:33Z,jeffoverflow,User,,human_account,,no,,,a6e774aed6994630816dd255d0d896cc7ab0fba4,jeffoverflow,jeffoverflow,2026-08-29T09:16:20.770063+00:00
38,milvus-io/milvus,pull_request,774,pull_commit,committed,cfa9791d9c9f551b221f1217cb2a3e93b38e49c4,2019-12-13T13:55:13Z,web-flow,User,,human_account,,no,,,cfa9791d9c9f551b221f1217cb2a3e93b38e49c4,jeffoverflow,web-flow,2026-08-29T09:16:20.770063+00:00
38,milvus-io/milvus,pull_request,774,pull_commit,committed,14141e3474a26c28bb7ad5c4443e1aef7933a12e,2019-12-13T13:58:10Z,web-flow,User,,human_account,,no,,,14141e3474a26c28bb7ad5c4443e1aef7933a12e,jeffoverflow,web-flow,2026-08-29T09:16:20.770063+00:00
38,milvus-io/milvus,pull_request,774,pull_commit,committed,f4d639767dff221876ba832c5deda7aa73a4a9f0,2019-12-13T14:00:19Z,web-flow,User,,human_account,,no,,,f4d639767dff221876ba832c5deda7aa73a4a9f0,jeffoverflow,web-flow,2026-08-29T09:16:20.770063+00:00
38,milvus-io/milvus,pull_request,774,pull_commit,committed,dcd358222f46bf5e2c1be4f2781ad72aff7ce957,2019-12-13T14:03:16Z,web-flow,User,,human_account,,no,,,dcd358222f46bf5e2c1be4f2781ad72aff7ce957,jeffoverflow,web-flow,2026-08-29T09:16:20.770063+00:00
38,milvus-io/milvus,pull_request,774,pull_commit,committed,baee59901e3c9754fd0e51c1300fe73d14fdaf7b,2019-12-13T14:10:15Z,web-flow,User,,human_account,,no,,,baee59901e3c9754fd0e51c1300fe73d14fdaf7b,jeffoverflow,web-flow,2026-08-29T09:16:20.770063+00:00
38,milvus-io/milvus,pull_request,774,pull_commit,committed,10c5093781009e74204c7d1c8d194dce41ddaf6a,2019-12-13T14:27:24Z,web-flow,User,,human_account,,no,,,10c5093781009e74204c7d1c8d194dce41ddaf6a,jeffoverflow,web-flow,2026-08-29T09:16:20.770063+00:00
38,milvus-io/milvus,pull_request,774,pull_commit,committed,cde8b3d0088e822920cc9956a3ff2e1073445956,2019-12-13T15:12:51Z,web-flow,User,,human_account,,no,,,cde8b3d0088e822920cc9956a3ff2e1073445956,jeffoverflow,web-flow,2026-08-29T09:16:20.770063+00:00
38,milvus-io/milvus,pull_request,774,pull_commit,committed,0444062e325bae6055d65ef4a76fdafc50e824d0,2019-12-13T15:50:46Z,web-flow,User,,human_account,,no,,,0444062e325bae6055d65ef4a76fdafc50e824d0,jeffoverflow,web-flow,2026-08-29T09:16:20.770063+00:00
38,milvus-io/milvus,pull_request,774,pull_commit,committed,03af301e0c9f458764c6736fe1fffa8be36e6977,2019-12-13T16:29:04Z,jeffoverflow,User,,human_account,,no,,,03af301e0c9f458764c6736fe1fffa8be36e6977,jeffoverflow,jeffoverflow,2026-08-29T09:16:20.770063+00:00
38,milvus-io/milvus,pull_request,774,pull_commit,committed,ca37da59a28b1348403d6c637f3ba037c347705c,2019-12-14T03:19:11Z,jeffoverflow,User,,human_account,,no,,,ca37da59a28b1348403d6c637f3ba037c347705c,jeffoverflow,jeffoverflow,2026-08-29T09:16:20.770063+00:00
38,milvus-io/milvus,pull_request,774,pull_commit,committed,3928037fd18ef94e9b16635c75c239afc0d631e2,2019-12-14T03:19:52Z,jeffoverflow,User,,human_account,,no,,,3928037fd18ef94e9b16635c75c239afc0d631e2,jeffoverflow,jeffoverflow,2026-08-29T09:16:20.770063+00:00
38,milvus-io/milvus,pull_request,774,pull_commit,committed,ad299b7b40093353584b56f39061ce8899bc452e,2019-12-14T03:39:52Z,jeffoverflow,User,,human_account,,no,,,ad299b7b40093353584b56f39061ce8899bc452e,jeffoverflow,jeffoverflow,2026-08-29T09:16:20.770063+00:00
38,milvus-io/milvus,pull_request,774,pull_commit,committed,b8133a7316bb1d71e075cc2b94b92dbba22ab560,2019-12-14T03:41:29Z,jeffoverflow,User,,human_account,,no,,,b8133a7316bb1d71e075cc2b94b92dbba22ab560,jeffoverflow,jeffoverflow,2026-08-29T09:16:20.770063+00:00
38,milvus-io/milvus,pull_request,774,pull_commit,committed,3ef184340274afa4e242164b246bb9a04e3b728f,2019-12-14T03:42:58Z,jeffoverflow,User,,human_account,,no,,,3ef184340274afa4e242164b246bb9a04e3b728f,jeffoverflow,jeffoverflow,2026-08-29T09:16:20.770063+00:00
38,milvus-io/milvus,pull_request,774,pull_commit,committed,660b3f3bd1debc644254c8abebef70796ebeb0f4,2019-12-14T03:45:51Z,jeffoverflow,User,,human_account,,no,,,660b3f3bd1debc644254c8abebef70796ebeb0f4,jeffoverflow,jeffoverflow,2026-08-29T09:16:20.770063+00:00
38,milvus-io/milvus,pull_request,774,pull_commit,committed,529f2f9b4ad6797493baf6704a4fab3e9a801f01,2019-12-14T03:49:00Z,jeffoverflow,User,,human_account,,no,,,529f2f9b4ad6797493baf6704a4fab3e9a801f01,jeffoverflow,jeffoverflow,2026-08-29T09:16:20.770063+00:00
38,milvus-io/milvus,pull_request,774,pull_commit,committed,efcf07a5f0a136fb2075e6af288424903c858e2c,2019-12-14T04:00:56Z,jeffoverflow,User,,human_account,,no,,,efcf07a5f0a136fb2075e6af288424903c858e2c,jeffoverflow,jeffoverflow,2026-08-29T09:16:20.770063+00:00
38,milvus-io/milvus,pull_request,774,pull_commit,committed,a70ed671a766639e0e56cf07afea7a63377221b3,2019-12-14T05:46:20Z,jeffoverflow,User,,human_account,,no,,,a70ed671a766639e0e56cf07afea7a63377221b3,jeffoverflow,jeffoverflow,2026-08-29T09:16:20.770063+00:00
38,milvus-io/milvus,pull_request,774,pull_commit,committed,45be63959876638a8fbf0e8241e2a53b9a747eda,2019-12-14T06:01:04Z,jeffoverflow,User,,human_account,,no,,,45be63959876638a8fbf0e8241e2a53b9a747eda,jeffoverflow,jeffoverflow,2026-08-29T09:16:20.770063+00:00
38,milvus-io/milvus,pull_request,774,pull_commit,committed,7cc5f6dac364d89c8601fbd2cf7dfa3b2010ab49,2019-12-14T06:21:41Z,jeffoverflow,User,,human_account,,no,,,7cc5f6dac364d89c8601fbd2cf7dfa3b2010ab49,jeffoverflow,jeffoverflow,2026-08-29T09:16:20.770063+00:00
38,milvus-io/milvus,pull_request,774,pull_commit,committed,1269701572dc2187fe066f1b7f7d04f064ffad4b,2019-12-14T06:44:37Z,jeffoverflow,User,,human_account,,no,,,1269701572dc2187fe066f1b7f7d04f064ffad4b,jeffoverflow,jeffoverflow,2026-08-29T09:16:20.770063+00:00
38,milvus-io/milvus,pull_request,774,pull_commit,committed,180e1804a2965928053f980a58148b3cb26bbbd3,2019-12-14T08:04:48Z,jeffoverflow,User,,human_account,,no,,,180e1804a2965928053f980a58148b3cb26bbbd3,jeffoverflow,jeffoverflow,2026-08-29T09:16:20.770063+00:00
38,milvus-io/milvus,pull_request,774,pull_commit,committed,ac8f47a4f9a57fe733e391b8302760f91ac32705,2019-12-16T06:12:31Z,jeffoverflow,User,,human_account,,no,,,ac8f47a4f9a57fe733e391b8302760f91ac32705,jeffoverflow,jeffoverflow,2026-08-29T09:16:20.770063+00:00
38,milvus-io/milvus,pull_request,774,pull_commit,committed,60d1da8abbed1ccc5f7feaecaac385a6c403c3e3,2019-12-16T06:12:48Z,jeffoverflow,User,,human_account,,no,,,60d1da8abbed1ccc5f7feaecaac385a6c403c3e3,jeffoverflow,jeffoverflow,2026-08-29T09:16:20.770063+00:00
38,milvus-io/milvus,pull_request,774,pull_commit,committed,383f6f218c3d1069c21d0cca3f776dd16e36300e,2019-12-16T06:45:18Z,jeffoverflow,User,,human_account,,no,,,383f6f218c3d1069c21d0cca3f776dd16e36300e,jeffoverflow,jeffoverflow,2026-08-29T09:16:20.770063+00:00
38,milvus-io/milvus,pull_request,774,pull_commit,committed,bf122cc276590dfaf12536abc329f11278bef57b,2019-12-16T06:50:10Z,jeffoverflow,User,,human_account,,no,,,bf122cc276590dfaf12536abc329f11278bef57b,jeffoverflow,jeffoverflow,2026-08-29T09:16:20.770063+00:00
38,milvus-io/milvus,pull_request,774,pull_commit,committed,6535e607c4ff4118677bfe4983d6bb93e1074ad6,2019-12-16T07:41:59Z,jeffoverflow,User,,human_account,,no,,,6535e607c4ff4118677bfe4983d6bb93e1074ad6,jeffoverflow,jeffoverflow,2026-08-29T09:16:20.770063+00:00
38,milvus-io/milvus,pull_request,774,pull_commit,committed,0c68f59d40fb175d816395d6d6f3bfd2967c2edd,2019-12-16T07:43:46Z,jeffoverflow,User,,human_account,,no,,,0c68f59d40fb175d816395d6d6f3bfd2967c2edd,jeffoverflow,jeffoverflow,2026-08-29T09:16:20.770063+00:00
38,milvus-io/milvus,pull_request,774,pull_commit,committed,fa91ff32c975c2a980be3e9ff884c9f981baeacd,2019-12-16T08:40:58Z,jeffoverflow,User,,human_account,,no,,,fa91ff32c975c2a980be3e9ff884c9f981baeacd,jeffoverflow,jeffoverflow,2026-08-29T09:16:20.770063+00:00
38,milvus-io/milvus,pull_request,774,pull_commit,committed,65990ea3e679fc9570416db16d0df4138e36a502,2019-12-16T09:09:58Z,jeffoverflow,User,,human_account,,no,,,65990ea3e679fc9570416db16d0df4138e36a502,jeffoverflow,jeffoverflow,2026-08-29T09:16:20.770063+00:00
38,milvus-io/milvus,pull_request,774,pull_commit,committed,2baf460e1bcf4919abe7752f88b48e78a042c5db,2019-12-16T09:44:16Z,jeffoverflow,User,,human_account,,no,,,2baf460e1bcf4919abe7752f88b48e78a042c5db,jeffoverflow,jeffoverflow,2026-08-29T09:16:20.770063+00:00
38,milvus-io/milvus,pull_request,774,pull_commit,committed,f45a96500f49dd048ce92c6cfe440701818c5275,2019-12-16T10:31:15Z,jeffoverflow,User,,human_account,,no,,,f45a96500f49dd048ce92c6cfe440701818c5275,jeffoverflow,jeffoverflow,2026-08-29T09:16:20.770063+00:00
38,milvus-io/milvus,pull_request,774,pull_commit,committed,a013d6bbc900006d6d331057632edf1f28b06377,2019-12-17T03:45:31Z,jeffoverflow,User,,human_account,,no,,,a013d6bbc900006d6d331057632edf1f28b06377,jeffoverflow,jeffoverflow,2026-08-29T09:16:20.770063+00:00
38,milvus-io/milvus,pull_request,774,pull_commit,committed,6ee32c9adb26eedb8cf84880eb340be9e1370442,2019-12-17T03:46:11Z,jeffoverflow,User,,human_account,,no,,,6ee32c9adb26eedb8cf84880eb340be9e1370442,jeffoverflow,jeffoverflow,2026-08-29T09:16:20.770063+00:00
38,milvus-io/milvus,pull_request,774,pull_commit,committed,6d54d88403a0318f062cf936221ee14c996ead5a,2019-12-17T06:21:04Z,jeffoverflow,User,,human_account,,no,,,6d54d88403a0318f062cf936221ee14c996ead5a,jeffoverflow,jeffoverflow,2026-08-29T09:16:20.770063+00:00
38,milvus-io/milvus,pull_request,774,pull_commit,committed,c32f58d474f0ddac8bce012cc311eaae1de3adf3,2019-12-17T08:45:48Z,jeffoverflow,User,,human_account,,no,,,c32f58d474f0ddac8bce012cc311eaae1de3adf3,jeffoverflow,jeffoverflow,2026-08-29T09:16:20.770063+00:00
38,milvus-io/milvus,pull_request,45983,pull_commit,committed,c619e66ac3552c416baed0759e5983bd6d43bf59,2025-12-01T09:37:04Z,presburger,User,,human_account,,no,,,c619e66ac3552c416baed0759e5983bd6d43bf59,presburger,presburger,2026-08-29T09:16:21.416224+00:00
38,milvus-io/milvus,pull_request,44676,pull_commit,committed,c9e60417e07ada0a63f21634dbdfd9d5009aae2d,2025-10-08T03:04:12Z,XuanYang-cn,User,,human_account,,no,,,c9e60417e07ada0a63f21634dbdfd9d5009aae2d,XuanYang-cn,XuanYang-cn,2026-08-29T09:16:21.928159+00:00
38,milvus-io/milvus,pull_request,45491,pull_commit,committed,e96a384143722e7f699d9528ae54fc7a89eb1a42,2025-11-18T07:09:27Z,sunby,User,,human_account,,no,,,e96a384143722e7f699d9528ae54fc7a89eb1a42,sunby,sunby,2026-08-29T09:16:22.489774+00:00
38,milvus-io/milvus,pull_request,45491,pull_commit,committed,62098f8e194a7492f1f368e319d01addf43ff5b8,2025-11-18T07:09:27Z,sunby,User,,human_account,,no,,,62098f8e194a7492f1f368e319d01addf43ff5b8,sunby,sunby,2026-08-29T09:16:22.489774+00:00
38,milvus-io/milvus,pull_request,45491,pull_commit,committed,138c20d1587e9c5344bc94781a6d4853e98c6fb3,2025-11-18T07:09:27Z,sunby,User,,human_account,,no,,,138c20d1587e9c5344bc94781a6d4853e98c6fb3,sunby,sunby,2026-08-29T09:16:22.489774+00:00
38,milvus-io/milvus,pull_request,46382,pull_commit,committed,0fbbae30e06bcc5b6b68ff6b3ba762fda9719a15,2025-12-18T01:53:36Z,tinswzy,User,,human_account,,no,,,0fbbae30e06bcc5b6b68ff6b3ba762fda9719a15,tinswzy,tinswzy,2026-08-29T09:16:23.000527+00:00
38,milvus-io/milvus,pull_request,46378,pull_commit,committed,f88869637fc9fbb42e2e027983fe30a0ee6684e8,2025-12-16T11:55:24Z,congqixia,User,,human_account,,no,,,f88869637fc9fbb42e2e027983fe30a0ee6684e8,congqixia,congqixia,2026-08-29T09:16:23.539791+00:00
38,milvus-io/milvus,pull_request,45696,pull_commit,committed,23e3f4b9376b451b395879a649c1bbc900a588e8,2025-11-19T10:45:52Z,chyezh,User,,human_account,,no,,,23e3f4b9376b451b395879a649c1bbc900a588e8,chyezh,chyezh,2026-08-29T09:16:24.600232+00:00
38,milvus-io/milvus,pull_request,44329,pull_commit,committed,de49e7aa4d7083e5f3086339e607e912048d999b,2025-09-11T10:00:37Z,congqixia,User,,human_account,,no,,,de49e7aa4d7083e5f3086339e607e912048d999b,congqixia,congqixia,2026-08-29T09:16:25.152309+00:00
38,milvus-io/milvus,pull_request,44329,pull_commit,committed,832079b6ad97c95696cc488cb2e5231503d19b0b,2025-09-11T10:00:53Z,congqixia,User,,human_account,,no,,,832079b6ad97c95696cc488cb2e5231503d19b0b,congqixia,congqixia,2026-08-29T09:16:25.152309+00:00
38,milvus-io/milvus,pull_request,45327,pull_commit,committed,1f4c341810be3c6b3f337a19d76d5f722636e6b9,2025-11-05T11:55:05Z,yanliang567,User,,human_account,,no,,,1f4c341810be3c6b3f337a19d76d5f722636e6b9,yanliang567,yanliang567,2026-08-29T09:16:25.783549+00:00
38,milvus-io/milvus,pull_request,46301,pull_commit,committed,2075b061d3ee85cb6d4769d5d533bfea083fdb06,2025-12-12T06:28:57Z,xiaofan-luan,User,,human_account,,no,,,2075b061d3ee85cb6d4769d5d533bfea083fdb06,xiaofan-luan,xiaofan-luan,2026-08-29T09:16:26.355330+00:00
38,milvus-io/milvus,pull_request,44188,pull_commit,committed,3604ac1ca5e544f1e6ed82e60918ae32f1092e0d,2025-09-03T02:33:03Z,sunby,User,,human_account,,no,,,3604ac1ca5e544f1e6ed82e60918ae32f1092e0d,sunby,sunby,2026-08-29T09:16:26.908372+00:00
38,milvus-io/milvus,pull_request,44188,pull_commit,committed,2186a7ea417db454bd0b11304d575f4eea8f0f4c,2025-09-03T02:33:03Z,sunby,User,,human_account,,no,,,2186a7ea417db454bd0b11304d575f4eea8f0f4c,sunby,sunby,2026-08-29T09:16:26.908372+00:00
38,milvus-io/milvus,pull_request,44188,pull_commit,committed,39f0edacc1c494eb3056bf705adbb3de30714a58,2025-09-03T02:33:03Z,sunby,User,,human_account,,no,,,39f0edacc1c494eb3056bf705adbb3de30714a58,sunby,sunby,2026-08-29T09:16:26.908372+00:00
38,milvus-io/milvus,pull_request,44955,pull_commit,committed,801fbe92a22f2ceccbdfa66a16418e4f3a587868,2025-10-20T03:43:06Z,AlintaLu,User,,human_account,,no,,,801fbe92a22f2ceccbdfa66a16418e4f3a587868,AlintaLu,AlintaLu,2026-08-29T09:16:27.491310+00:00
38,milvus-io/milvus,pull_request,45016,pull_commit,committed,8d9e2c764a142d962a9493ef28be11cf5c77617f,2025-10-21T12:03:16Z,weiliu1031,User,,human_account,,no,,,8d9e2c764a142d962a9493ef28be11cf5c77617f,weiliu1031,weiliu1031,2026-08-29T09:16:28.232321+00:00
38,milvus-io/milvus,pull_request,46359,pull_commit,committed,da887e8bc20910217e3ca63c9ecff10d79372879,2025-12-16T07:07:48Z,congqixia,User,,human_account,,no,,,da887e8bc20910217e3ca63c9ecff10d79372879,congqixia,congqixia,2026-08-29T09:16:28.742215+00:00
38,milvus-io/milvus,pull_request,46359,pull_commit,committed,96f75d1000080a00f36f6ae6db8ffb07945caba6,2025-12-16T07:22:56Z,congqixia,User,,human_account,,no,,,96f75d1000080a00f36f6ae6db8ffb07945caba6,congqixia,congqixia,2026-08-29T09:16:28.742215+00:00
38,milvus-io/milvus,pull_request,45286,pull_commit,committed,89ac7a4649966d917a956e45460bd74f10fa691e,2026-01-15T07:37:48Z,tinswzy,User,,human_account,,no,,,89ac7a4649966d917a956e45460bd74f10fa691e,tinswzy,tinswzy,2026-08-29T09:16:29.287591+00:00
38,milvus-io/milvus,pull_request,45432,pull_commit,committed,9ac938fd0a81b4c553c123c9ea82188d169ac537,2025-11-08T15:17:41Z,github-actions[bot],Bot,,automation_bot,,no,,,9ac938fd0a81b4c553c123c9ea82188d169ac537,github-actions[bot],github-actions[bot],2026-08-29T09:16:29.839613+00:00
38,milvus-io/milvus,pull_request,44484,pull_commit,committed,301f82e8812e55252a6f5c4fc3aa283166495e7f,2025-09-19T10:12:02Z,shaoting-huang,User,,human_account,,no,,,301f82e8812e55252a6f5c4fc3aa283166495e7f,shaoting-huang,shaoting-huang,2026-08-29T09:16:30.383416+00:00
38,milvus-io/milvus,pull_request,44615,pull_commit,committed,7d050c45c6440d1e01aa1fb12a47349d22f4eefd,2025-09-30T01:59:07Z,congqixia,User,,human_account,,no,,,7d050c45c6440d1e01aa1fb12a47349d22f4eefd,congqixia,congqixia,2026-08-29T09:16:30.934579+00:00
38,milvus-io/milvus,pull_request,45207,pull_commit,committed,8716e7230a48030e15c2aeac28145266f3d98fa7,2025-11-03T13:28:43Z,chyezh,User,,human_account,,no,,,8716e7230a48030e15c2aeac28145266f3d98fa7,chyezh,chyezh,2026-08-29T09:16:31.451507+00:00
38,milvus-io/milvus,pull_request,45207,pull_commit,committed,0d34f7a1d85974b2a4b6b49382f2426accca0688,2025-11-03T13:28:43Z,chyezh,User,,human_account,,no,,,0d34f7a1d85974b2a4b6b49382f2426accca0688,chyezh,chyezh,2026-08-29T09:16:31.451507+00:00
38,milvus-io/milvus,pull_request,45207,pull_commit,committed,bb3f1a50302f18ec239871d868be95e9e6cea163,2025-11-03T13:28:43Z,chyezh,User,,human_account,,no,,,bb3f1a50302f18ec239871d868be95e9e6cea163,chyezh,chyezh,2026-08-29T09:16:31.451507+00:00
38,milvus-io/milvus,pull_request,45207,pull_commit,committed,304a1182f243f5da1174413f419d4ac270911916,2025-11-03T13:28:43Z,chyezh,User,,human_account,,no,,,304a1182f243f5da1174413f419d4ac270911916,chyezh,chyezh,2026-08-29T09:16:31.451507+00:00
38,milvus-io/milvus,pull_request,45207,pull_commit,committed,7d79d8adb4575107f23824c43671ceb9901350a1,2025-11-03T13:28:43Z,chyezh,User,,human_account,,no,,,7d79d8adb4575107f23824c43671ceb9901350a1,chyezh,chyezh,2026-08-29T09:16:31.451507+00:00
38,milvus-io/milvus,pull_request,45207,pull_commit,committed,ae2835b8d7a2cc6cf72dc0e8c00f18e4acb5257d,2025-11-03T13:28:43Z,chyezh,User,,human_account,,no,,,ae2835b8d7a2cc6cf72dc0e8c00f18e4acb5257d,chyezh,chyezh,2026-08-29T09:16:31.451507+00:00
38,milvus-io/milvus,pull_request,45207,pull_commit,committed,8d4dcfcaeb9fed2fbba2e34baf80487410a825be,2025-11-03T13:28:43Z,chyezh,User,,human_account,,no,,,8d4dcfcaeb9fed2fbba2e34baf80487410a825be,chyezh,chyezh,2026-08-29T09:16:31.451507+00:00
38,milvus-io/milvus,pull_request,45207,pull_commit,committed,4f90f75beff2bf3dc2d82105f68e1840c1958c9f,2025-11-03T13:28:44Z,chyezh,User,,human_account,,no,,,4f90f75beff2bf3dc2d82105f68e1840c1958c9f,chyezh,chyezh,2026-08-29T09:16:31.451507+00:00
38,milvus-io/milvus,pull_request,45207,pull_commit,committed,56cd3ce848abbd671dca0cd362742e86360f1a28,2025-11-03T13:28:44Z,chyezh,User,,human_account,,no,,,56cd3ce848abbd671dca0cd362742e86360f1a28,chyezh,chyezh,2026-08-29T09:16:31.451507+00:00
38,milvus-io/milvus,pull_request,45207,pull_commit,committed,1dd4b0f8878fd072ede8fcb2a183950384cf4d35,2025-11-03T13:28:44Z,chyezh,User,,human_account,,no,,,1dd4b0f8878fd072ede8fcb2a183950384cf4d35,chyezh,chyezh,2026-08-29T09:16:31.451507+00:00
38,milvus-io/milvus,pull_request,45207,pull_commit,committed,8ec78f32e34297ac82bef2281c6ff0843bb4ecf2,2025-11-03T13:28:44Z,chyezh,User,,human_account,,no,,,8ec78f32e34297ac82bef2281c6ff0843bb4ecf2,chyezh,chyezh,2026-08-29T09:16:31.451507+00:00
38,milvus-io/milvus,pull_request,45207,pull_commit,committed,da1f4c7575e242b75ebb650b5dfd5fd770dad52b,2025-11-03T13:28:44Z,chyezh,User,,human_account,,no,,,da1f4c7575e242b75ebb650b5dfd5fd770dad52b,chyezh,chyezh,2026-08-29T09:16:31.451507+00:00
38,milvus-io/milvus,pull_request,45207,pull_commit,committed,0cd9f4f5450721073cd92289c9a74bfb0a0c6e12,2025-11-03T13:40:23Z,chyezh,User,,human_account,,no,,,0cd9f4f5450721073cd92289c9a74bfb0a0c6e12,chyezh,chyezh,2026-08-29T09:16:31.451507+00:00
38,milvus-io/milvus,pull_request,45207,pull_commit,committed,5ebe338df3ee6068029e71957d4570ab6c1372f9,2025-11-03T15:56:22Z,chyezh,User,,human_account,,no,,,5ebe338df3ee6068029e71957d4570ab6c1372f9,chyezh,chyezh,2026-08-29T09:16:31.451507+00:00
38,milvus-io/milvus,pull_request,45309,pull_commit,committed,55ff7045cb63419441373ceda01d1112ea578148,2025-11-05T06:35:22Z,zhuwenxing,User,,human_account,,no,,,55ff7045cb63419441373ceda01d1112ea578148,zhuwenxing,zhuwenxing,2026-08-29T09:16:32.041926+00:00
38,milvus-io/milvus,pull_request,44751,pull_commit,committed,11493f09b4b3da88b69170ff0491d14b3e51ce6a,2025-10-10T13:25:28Z,github-actions[bot],Bot,,automation_bot,,no,,,11493f09b4b3da88b69170ff0491d14b3e51ce6a,github-actions[bot],github-actions[bot],2026-08-29T09:16:32.612001+00:00
38,milvus-io/milvus,pull_request,50847,pull_commit,committed,ecd2b97c03c91b4689d1939af130b631627724d6,2026-06-27T01:31:10Z,jiaqizho,User,,human_account,,no,,,ecd2b97c03c91b4689d1939af130b631627724d6,jiaqizho,jiaqizho,2026-08-29T09:16:33.141276+00:00
38,milvus-io/milvus,pull_request,50580,pull_commit,committed,f68153cad0ea60e19418b91797a23385967d0aa0,2026-07-03T00:58:04Z,congqixia,User,,human_account,,no,,,f68153cad0ea60e19418b91797a23385967d0aa0,congqixia,congqixia,2026-08-29T09:16:33.683824+00:00
38,milvus-io/milvus,pull_request,50580,pull_commit,committed,7f692cdcdf3e91756414852f12504012c26d21d1,2026-07-03T00:58:04Z,congqixia,User,,human_account,,no,,,7f692cdcdf3e91756414852f12504012c26d21d1,congqixia,congqixia,2026-08-29T09:16:33.683824+00:00
38,milvus-io/milvus,pull_request,50580,pull_commit,committed,927094f733790bb052d27b384ad60a1167cad275,2026-07-03T00:58:04Z,congqixia,User,,human_account,,no,,,927094f733790bb052d27b384ad60a1167cad275,congqixia,congqixia,2026-08-29T09:16:33.683824+00:00
38,milvus-io/milvus,pull_request,50580,pull_commit,committed,d54d9782d67a5c92bc98ec31023be0b1f6959704,2026-07-03T00:58:04Z,congqixia,User,,human_account,,no,,,d54d9782d67a5c92bc98ec31023be0b1f6959704,congqixia,congqixia,2026-08-29T09:16:33.683824+00:00
38,milvus-io/milvus,pull_request,50580,pull_commit,committed,66cf60b083522bba5d63c415fdc5672c02984747,2026-07-03T00:58:04Z,congqixia,User,,human_account,,no,,,66cf60b083522bba5d63c415fdc5672c02984747,congqixia,congqixia,2026-08-29T09:16:33.683824+00:00
38,milvus-io/milvus,pull_request,50580,pull_commit,committed,042e47944bc895c8e1c34d8edd2c76066aeb1cae,2026-07-03T00:58:04Z,congqixia,User,,human_account,,no,,,042e47944bc895c8e1c34d8edd2c76066aeb1cae,congqixia,congqixia,2026-08-29T09:16:33.683824+00:00
38,milvus-io/milvus,pull_request,50580,pull_commit,committed,14c4a204ed5ea62d8cda89b9ac409d70026c953b,2026-07-03T00:58:04Z,congqixia,User,,human_account,,no,,,14c4a204ed5ea62d8cda89b9ac409d70026c953b,congqixia,congqixia,2026-08-29T09:16:33.683824+00:00
38,milvus-io/milvus,pull_request,50580,pull_commit,committed,0be32fdf0cf8388728f7268f1f284f8236bcdcd5,2026-07-04T13:34:08Z,congqixia,User,,human_account,,no,,,0be32fdf0cf8388728f7268f1f284f8236bcdcd5,congqixia,congqixia,2026-08-29T09:16:33.683824+00:00
38,milvus-io/milvus,pull_request,50580,pull_commit,committed,add9a734c58129549303c81452fe59115c5a669e,2026-07-04T17:52:23Z,congqixia,User,,human_account,,no,,,add9a734c58129549303c81452fe59115c5a669e,congqixia,congqixia,2026-08-29T09:16:33.683824+00:00
38,milvus-io/milvus,pull_request,51125,pull_commit,committed,227dab7857bc00bd2f75b2d10d977c04d17786e2,2026-07-09T03:28:48Z,,,,unknown,,no,,,227dab7857bc00bd2f75b2d10d977c04d17786e2,,,2026-08-29T09:16:34.239334+00:00
38,milvus-io/milvus,pull_request,51112,pull_commit,committed,5f44bf70e0c57203f7aac741fba03fc75a328e06,2026-07-07T06:16:53Z,pymilvus-bot,User,,human_account,,no,,,5f44bf70e0c57203f7aac741fba03fc75a328e06,pymilvus-bot,pymilvus-bot,2026-08-29T09:16:34.704962+00:00
38,milvus-io/milvus,pull_request,51690,pull_commit,committed,659675da5e9d3f0c65816e4154ba6a40520a8950,2026-07-22T05:27:21Z,pymilvus-bot,User,,human_account,,no,,,659675da5e9d3f0c65816e4154ba6a40520a8950,pymilvus-bot,pymilvus-bot,2026-08-29T09:16:35.199137+00:00
38,milvus-io/milvus,pull_request,52016,pull_commit,committed,2713b64bd47a1dc78995445c39191b02712b2519,2026-07-29T17:51:31Z,sre-ci-robot,User,,human_account,,no,,,2713b64bd47a1dc78995445c39191b02712b2519,sre-ci-robot,sre-ci-robot,2026-08-29T09:16:35.687006+00:00
38,milvus-io/milvus,pull_request,50058,pull_commit,committed,65c8cd13023db59157b03513cdf6f481f8f7187b,2026-06-02T03:17:52Z,shaoting-huang,User,,human_account,,no,,,65c8cd13023db59157b03513cdf6f481f8f7187b,shaoting-huang,shaoting-huang,2026-08-29T09:16:36.194403+00:00
38,milvus-io/milvus,pull_request,52820,pull_commit,committed,b257133454b0de2cc0b01227d06ed3be30415dc9,2026-08-25T03:36:25Z,marcelo-cjl,User,,human_account,,no,,,b257133454b0de2cc0b01227d06ed3be30415dc9,marcelo-cjl,marcelo-cjl,2026-08-29T09:16:36.766394+00:00
38,milvus-io/milvus,pull_request,49615,pull_commit,committed,05fd84e262b024cd9d1d15642dfad1890d9885cf,2026-05-14T03:56:30Z,jiaqizho,User,,human_account,,no,,,05fd84e262b024cd9d1d15642dfad1890d9885cf,jiaqizho,jiaqizho,2026-08-29T09:16:37.226084+00:00
38,milvus-io/milvus,pull_request,52825,pull_commit,committed,a39020afd45591bf137a05cd9fb38139630438bd,2026-08-25T01:18:22Z,xiaofan-luan,User,,human_account,,no,,,a39020afd45591bf137a05cd9fb38139630438bd,xiaofan-luan,xiaofan-luan,2026-08-29T09:16:37.787324+00:00
38,milvus-io/milvus,pull_request,50399,pull_commit,committed,a26d2ddbe8a7c1a2af7980cd59180b2e566c4b0f,2026-06-09T04:11:32Z,zhengbuqian,User,,human_account,,no,,,a26d2ddbe8a7c1a2af7980cd59180b2e566c4b0f,zhengbuqian,zhengbuqian,2026-08-29T09:16:38.330679+00:00
38,milvus-io/milvus,pull_request,50399,pull_commit,committed,33420868605177d178addeca2c50e2309a5a0762,2026-06-09T12:02:59Z,zhengbuqian,User,,human_account,,no,,,33420868605177d178addeca2c50e2309a5a0762,zhengbuqian,zhengbuqian,2026-08-29T09:16:38.330679+00:00
38,milvus-io/milvus,pull_request,50399,pull_commit,committed,62505f4bb46f3b6bb04c0b89d954eac647ae398c,2026-06-11T09:10:29Z,zhengbuqian,User,,human_account,,no,,,62505f4bb46f3b6bb04c0b89d954eac647ae398c,zhengbuqian,zhengbuqian,2026-08-29T09:16:38.330679+00:00
38,milvus-io/milvus,pull_request,49646,pull_commit,committed,6bdaa9ea25d298526b22bcfa2a4c6a94ea9edb3f,2026-05-09T08:06:28Z,melodyshu,User,,human_account,,no,,,6bdaa9ea25d298526b22bcfa2a4c6a94ea9edb3f,melodyshu,melodyshu,2026-08-29T09:16:38.914157+00:00
38,milvus-io/milvus,pull_request,51023,pull_commit,committed,d35a8a6622d418b415fea643083a7babf081dbdc,2026-07-02T23:38:45Z,czs007,User,,human_account,,no,,,d35a8a6622d418b415fea643083a7babf081dbdc,czs007,czs007,2026-08-29T09:16:39.379078+00:00
38,milvus-io/milvus,pull_request,52545,pull_commit,committed,e703f36c07512b4bb18f91f57d8c5a2adfdfe1fd,2026-08-14T23:00:44Z,czs007,User,,human_account,,no,,,e703f36c07512b4bb18f91f57d8c5a2adfdfe1fd,czs007,czs007,2026-08-29T09:16:39.880777+00:00
38,milvus-io/milvus,pull_request,52545,pull_commit,committed,655ff7a4e4be4576150e4d6342c115b79e41409a,2026-08-14T23:03:21Z,czs007,User,,human_account,,no,,,655ff7a4e4be4576150e4d6342c115b79e41409a,czs007,czs007,2026-08-29T09:16:39.880777+00:00
38,milvus-io/milvus,pull_request,51630,pull_commit,committed,5959ac46dcd7d3f1b12510b5f941805b403cd324,2026-07-20T13:30:09Z,zhengbuqian,User,,human_account,,no,,,5959ac46dcd7d3f1b12510b5f941805b403cd324,zhengbuqian,zhengbuqian,2026-08-29T09:16:40.435199+00:00
38,milvus-io/milvus,pull_request,49774,pull_commit,committed,ac6c058032da8b377ad2e8bf1bcaae565a96987f,2026-05-13T12:39:13Z,congqixia,User,,human_account,,no,,,ac6c058032da8b377ad2e8bf1bcaae565a96987f,congqixia,congqixia,2026-08-29T09:16:40.983821+00:00
38,milvus-io/milvus,pull_request,50791,pull_commit,committed,16177e16184d366da4dcfddb8304b1c7319e3e7b,2026-06-25T08:53:00Z,zhikunyao,User,,human_account,,no,,,16177e16184d366da4dcfddb8304b1c7319e3e7b,zhikunyao,zhikunyao,2026-08-29T09:16:41.595466+00:00
38,milvus-io/milvus,pull_request,51735,pull_commit,committed,d6ba86ee696fb2f161988730ee7b90eed164deec,2026-07-23T05:33:01Z,pymilvus-bot,User,,human_account,,no,,,d6ba86ee696fb2f161988730ee7b90eed164deec,pymilvus-bot,pymilvus-bot,2026-08-29T09:16:42.146958+00:00
38,milvus-io/milvus,pull_request,52520,pull_commit,committed,989661f260f0b5c320ba4304e322d67fe70c1ebc,2026-08-13T21:28:44Z,,,,unknown,,no,,,989661f260f0b5c320ba4304e322d67fe70c1ebc,,,2026-08-29T09:16:42.695497+00:00
38,milvus-io/milvus,pull_request,50559,pull_commit,committed,7dd322c8b6f2e137d25323734b6225e35228b3ff,2026-06-16T07:36:07Z,pymilvus-bot,User,,human_account,,no,,,7dd322c8b6f2e137d25323734b6225e35228b3ff,pymilvus-bot,pymilvus-bot,2026-08-29T09:16:43.237522+00:00
38,milvus-io/milvus,pull_request,51903,pull_commit,committed,3fdb527a52099c2e08bdd5cf85caa1d51a26c87b,2026-07-30T20:45:37Z,jsshin8128,User,,human_account,,no,,,3fdb527a52099c2e08bdd5cf85caa1d51a26c87b,jsshin8128,jsshin8128,2026-08-29T09:16:43.730652+00:00
38,milvus-io/milvus,pull_request,51903,pull_commit,committed,63dde8b6d77b4708eea38a2b6fb90b662e776c73,2026-07-30T20:54:42Z,jsshin8128,User,,human_account,,no,,,63dde8b6d77b4708eea38a2b6fb90b662e776c73,jsshin8128,jsshin8128,2026-08-29T09:16:43.730652+00:00
38,milvus-io/milvus,pull_request,51903,pull_commit,committed,3b8e51954ba06dc0ecef6ed80e1baefe9928cffe,2026-08-01T19:42:16Z,jsshin8128,User,,human_account,,no,,,3b8e51954ba06dc0ecef6ed80e1baefe9928cffe,jsshin8128,jsshin8128,2026-08-29T09:16:43.730652+00:00
38,milvus-io/milvus,pull_request,50299,pull_commit,committed,1703e3594f7328218cc38fc0ea03dc0e4960ee30,2026-06-04T10:06:46Z,CLiqing,User,,human_account,,no,,,1703e3594f7328218cc38fc0ea03dc0e4960ee30,CLiqing,,2026-08-29T09:16:44.703414+00:00
38,milvus-io/milvus,pull_request,50299,pull_commit,committed,50c52bf91931048ff3610f12f54e13efca933127,2026-06-04T10:06:50Z,CLiqing,User,,human_account,,no,,,50c52bf91931048ff3610f12f54e13efca933127,CLiqing,,2026-08-29T09:16:44.703414+00:00
38,milvus-io/milvus,pull_request,50299,pull_commit,committed,6e4e4edfb31f6644ce4511a51cbecfdc294514b7,2026-06-05T08:50:07Z,CLiqing,User,,human_account,,no,,,6e4e4edfb31f6644ce4511a51cbecfdc294514b7,CLiqing,CLiqing,2026-08-29T09:16:44.703414+00:00
38,milvus-io/milvus,pull_request,50430,pull_commit,committed,6860a34dbbadafddc0c22c419f8bb24940b57d45,2026-06-10T06:39:29Z,pymilvus-bot,User,,human_account,,no,,,6860a34dbbadafddc0c22c419f8bb24940b57d45,pymilvus-bot,pymilvus-bot,2026-08-29T09:16:45.201206+00:00
67,langfuse/langfuse,pull_request,155,pull_commit,committed,9195b345977fc5acd0d7ed7a7ed9aa7c16e6df7c,2023-09-15T02:18:02Z,web-flow,User,,human_account,,no,,,9195b345977fc5acd0d7ed7a7ed9aa7c16e6df7c,dependabot[bot],web-flow,2026-08-29T09:16:45.707982+00:00
67,langfuse/langfuse,pull_request,63,pull_commit,committed,8ee8aa8151793cf82ef0be972ff470053b6ab9cc,2023-07-27T20:36:33Z,marcklingen,User,,human_account,,no,,,8ee8aa8151793cf82ef0be972ff470053b6ab9cc,marcklingen,marcklingen,2026-08-29T09:16:46.216850+00:00
67,langfuse/langfuse,pull_request,63,pull_commit,committed,255e72b8a71d15b75e1a0dd1990ff36cb9979a67,2023-07-27T21:32:51Z,marcklingen,User,,human_account,,no,,,255e72b8a71d15b75e1a0dd1990ff36cb9979a67,marcklingen,marcklingen,2026-08-29T09:16:46.216850+00:00
67,langfuse/langfuse,pull_request,63,pull_commit,committed,eb458f6edc1f54f5f6eebf2c8376c39bf7fb582b,2023-07-27T22:30:53Z,marcklingen,User,,human_account,,no,,,eb458f6edc1f54f5f6eebf2c8376c39bf7fb582b,marcklingen,marcklingen,2026-08-29T09:16:46.216850+00:00
67,langfuse/langfuse,pull_request,63,pull_commit,committed,abd9b9a3659cb0fd51d7267add69501db2839b4f,2023-07-27T22:34:15Z,marcklingen,User,,human_account,,no,,,abd9b9a3659cb0fd51d7267add69501db2839b4f,marcklingen,marcklingen,2026-08-29T09:16:46.216850+00:00
67,langfuse/langfuse,pull_request,63,pull_commit,committed,04817d4eb5efbad8c56f2e74f3a5c0e0f72665c0,2023-07-27T23:52:27Z,marcklingen,User,,human_account,,no,,,04817d4eb5efbad8c56f2e74f3a5c0e0f72665c0,marcklingen,marcklingen,2026-08-29T09:16:46.216850+00:00
67,langfuse/langfuse,pull_request,63,pull_commit,committed,1b3c98a9e7a18a738e08e429360d4e22642f4c24,2023-07-28T00:15:58Z,marcklingen,User,,human_account,,no,,,1b3c98a9e7a18a738e08e429360d4e22642f4c24,marcklingen,marcklingen,2026-08-29T09:16:46.216850+00:00
67,langfuse/langfuse,pull_request,63,pull_commit,committed,f5744e689f5dbb419f3942d89ed36be6fd69e4d1,2023-07-28T00:25:43Z,marcklingen,User,,human_account,,no,,,f5744e689f5dbb419f3942d89ed36be6fd69e4d1,marcklingen,marcklingen,2026-08-29T09:16:46.216850+00:00
67,langfuse/langfuse,pull_request,68,pull_commit,committed,9a7e7b5b8872110ec259e4e6d10aef7dcd7e11fc,2023-08-02T11:01:55Z,maxdeichmann,User,,human_account,,no,,,9a7e7b5b8872110ec259e4e6d10aef7dcd7e11fc,maxdeichmann,maxdeichmann,2026-08-29T09:16:46.733985+00:00
67,langfuse/langfuse,pull_request,68,pull_commit,committed,532d592e9cf74625b2196bf6a7730f32eab5e3c0,2023-08-02T20:51:15Z,maxdeichmann,User,,human_account,,no,,,532d592e9cf74625b2196bf6a7730f32eab5e3c0,maxdeichmann,maxdeichmann,2026-08-29T09:16:46.733985+00:00
67,langfuse/langfuse,pull_request,68,pull_commit,committed,9f6de1108b8a327a03f04668944b0fc7315703fe,2023-08-03T09:31:37Z,maxdeichmann,User,,human_account,,no,,,9f6de1108b8a327a03f04668944b0fc7315703fe,maxdeichmann,maxdeichmann,2026-08-29T09:16:46.733985+00:00
67,langfuse/langfuse,pull_request,68,pull_commit,committed,acf07d67e17e3a1d1fcd2de1c555e395d738144a,2023-08-03T09:33:49Z,maxdeichmann,User,,human_account,,no,,,acf07d67e17e3a1d1fcd2de1c555e395d738144a,maxdeichmann,maxdeichmann,2026-08-29T09:16:46.733985+00:00
67,langfuse/langfuse,pull_request,129,pull_commit,committed,4a66c66d04230432f2beff5b1aa39c9d1e10e91b,2023-09-03T06:02:39Z,DIWAKARKASHYAP,User,,human_account,,no,,,4a66c66d04230432f2beff5b1aa39c9d1e10e91b,DIWAKARKASHYAP,DIWAKARKASHYAP,2026-08-29T09:16:47.283517+00:00
67,langfuse/langfuse,pull_request,129,pull_commit,committed,0555f29f1aee9de16fd3bfaae5bc2c00df101080,2023-09-04T18:23:18Z,DIWAKARKASHYAP,User,,human_account,,no,,,0555f29f1aee9de16fd3bfaae5bc2c00df101080,DIWAKARKASHYAP,DIWAKARKASHYAP,2026-08-29T09:16:47.283517+00:00
67,langfuse/langfuse,pull_request,129,pull_commit,committed,cd92c8ea5f28c7a622402018a95c313e0d4c4670,2023-09-04T18:25:45Z,DIWAKARKASHYAP,User,,human_account,,no,,,cd92c8ea5f28c7a622402018a95c313e0d4c4670,DIWAKARKASHYAP,DIWAKARKASHYAP,2026-08-29T09:16:47.283517+00:00
67,langfuse/langfuse,pull_request,129,pull_commit,committed,3b7a6648ef7fd04649c9217c90699980dc866b56,2023-09-08T05:59:55Z,DIWAKARKASHYAP,User,,human_account,,no,,,3b7a6648ef7fd04649c9217c90699980dc866b56,DIWAKARKASHYAP,DIWAKARKASHYAP,2026-08-29T09:16:47.283517+00:00
67,langfuse/langfuse,pull_request,129,pull_commit,committed,e158c43ec9f214b8ee9847117ef8aef331480548,2023-09-08T06:09:54Z,DIWAKARKASHYAP,User,,human_account,,no,,,e158c43ec9f214b8ee9847117ef8aef331480548,DIWAKARKASHYAP,DIWAKARKASHYAP,2026-08-29T09:16:47.283517+00:00
67,langfuse/langfuse,pull_request,129,pull_commit,committed,0c732b1c7693a3c005a70a9ae09dbadd39d7ddfd,2023-09-08T06:21:22Z,DIWAKARKASHYAP,User,,human_account,,no,,,0c732b1c7693a3c005a70a9ae09dbadd39d7ddfd,DIWAKARKASHYAP,DIWAKARKASHYAP,2026-08-29T09:16:47.283517+00:00
67,langfuse/langfuse,pull_request,129,pull_commit,committed,0dcb05368be418c22e6c2e3197169054c8ca7b8e,2023-09-08T06:21:58Z,DIWAKARKASHYAP,User,,human_account,,no,,,0dcb05368be418c22e6c2e3197169054c8ca7b8e,DIWAKARKASHYAP,DIWAKARKASHYAP,2026-08-29T09:16:47.283517+00:00
67,langfuse/langfuse,pull_request,129,pull_commit,committed,eb3695c54d42e0bff483e36d8f3a4b270e8c3271,2023-09-08T17:24:33Z,DIWAKARKASHYAP,User,,human_account,,no,,,eb3695c54d42e0bff483e36d8f3a4b270e8c3271,DIWAKARKASHYAP,DIWAKARKASHYAP,2026-08-29T09:16:47.283517+00:00
67,langfuse/langfuse,pull_request,59,pull_commit,committed,88310747ea2cfe37a15d897e846563ef2333f984,2023-07-24T15:00:01Z,marcklingen,User,,human_account,,no,,,88310747ea2cfe37a15d897e846563ef2333f984,marcklingen,marcklingen,2026-08-29T09:16:47.889901+00:00
67,langfuse/langfuse,pull_request,59,pull_commit,committed,ec8b816659c7f40cf2c0c41338700434a9f53214,2023-07-24T15:01:40Z,marcklingen,User,,human_account,,no,,,ec8b816659c7f40cf2c0c41338700434a9f53214,marcklingen,marcklingen,2026-08-29T09:16:47.889901+00:00
67,langfuse/langfuse,pull_request,59,pull_commit,committed,8fb9be7d5bde67be322c6dcb72ae338f83c419d5,2023-07-24T15:30:52Z,marcklingen,User,,human_account,,no,,,8fb9be7d5bde67be322c6dcb72ae338f83c419d5,marcklingen,marcklingen,2026-08-29T09:16:47.889901+00:00
67,langfuse/langfuse,pull_request,59,pull_commit,committed,1dc0eecd1a6cca2a0fde5091d5fe41d75fd30d4c,2023-07-24T17:36:19Z,marcklingen,User,,human_account,,no,,,1dc0eecd1a6cca2a0fde5091d5fe41d75fd30d4c,marcklingen,marcklingen,2026-08-29T09:16:47.889901+00:00
67,langfuse/langfuse,pull_request,59,pull_commit,committed,e8359a304e4e8ad060f2ba3805d3a97ae082e3f3,2023-07-24T17:37:53Z,marcklingen,User,,human_account,,no,,,e8359a304e4e8ad060f2ba3805d3a97ae082e3f3,marcklingen,marcklingen,2026-08-29T09:16:47.889901+00:00
67,langfuse/langfuse,pull_request,59,pull_commit,committed,018d66c33c367d56742b5aef94d2f63824245760,2023-07-24T18:50:40Z,marcklingen,User,,human_account,,no,,,018d66c33c367d56742b5aef94d2f63824245760,marcklingen,marcklingen,2026-08-29T09:16:47.889901+00:00
67,langfuse/langfuse,pull_request,59,pull_commit,committed,0bc90dfe6d9549c1d16125f1b7335250300350da,2023-07-24T19:07:04Z,marcklingen,User,,human_account,,no,,,0bc90dfe6d9549c1d16125f1b7335250300350da,marcklingen,marcklingen,2026-08-29T09:16:47.889901+00:00
67,langfuse/langfuse,pull_request,59,pull_commit,committed,ac70cbc2f6080798d4f350bf7ffe4be30546a44c,2023-07-24T19:07:16Z,marcklingen,User,,human_account,,no,,,ac70cbc2f6080798d4f350bf7ffe4be30546a44c,marcklingen,marcklingen,2026-08-29T09:16:47.889901+00:00
67,langfuse/langfuse,pull_request,59,pull_commit,committed,8bb84f42faf1081328fd8e10b3631f394603ae6c,2023-07-24T19:34:50Z,marcklingen,User,,human_account,,no,,,8bb84f42faf1081328fd8e10b3631f394603ae6c,marcklingen,marcklingen,2026-08-29T09:16:47.889901+00:00
67,langfuse/langfuse,pull_request,59,pull_commit,committed,b7ae0a226028b899315f73c3be3aed8987d01564,2023-07-24T19:46:15Z,marcklingen,User,,human_account,,no,,,b7ae0a226028b899315f73c3be3aed8987d01564,marcklingen,marcklingen,2026-08-29T09:16:47.889901+00:00
67,langfuse/langfuse,pull_request,59,pull_commit,committed,99c94315c61039c0927687ce48629bfb108f45eb,2023-07-24T19:46:31Z,marcklingen,User,,human_account,,no,,,99c94315c61039c0927687ce48629bfb108f45eb,marcklingen,marcklingen,2026-08-29T09:16:47.889901+00:00
67,langfuse/langfuse,pull_request,59,pull_commit,committed,8206773eb7252f8037f55926d287bf03bc236abb,2023-07-24T19:50:56Z,web-flow,User,,human_account,,no,,,8206773eb7252f8037f55926d287bf03bc236abb,marcklingen,web-flow,2026-08-29T09:16:47.889901+00:00
67,langfuse/langfuse,pull_request,59,pull_commit,committed,74868c52a77f64c39685587ad7ec813ba7c72dbd,2023-07-24T21:15:56Z,marcklingen,User,,human_account,,no,,,74868c52a77f64c39685587ad7ec813ba7c72dbd,marcklingen,marcklingen,2026-08-29T09:16:47.889901+00:00
67,langfuse/langfuse,pull_request,160,pull_commit,committed,320b8b03e8e6affc4ed6d240f56b4839dd1a2f18,2023-09-14T17:43:10Z,marcklingen,User,,human_account,,no,,,320b8b03e8e6affc4ed6d240f56b4839dd1a2f18,marcklingen,marcklingen,2026-08-29T09:16:48.460139+00:00
67,langfuse/langfuse,pull_request,116,pull_commit,committed,e586345ea1ba70c7c5fc5fbc04e682cca5278fb3,2023-09-04T21:05:52Z,web-flow,User,,human_account,,no,,,e586345ea1ba70c7c5fc5fbc04e682cca5278fb3,maxdeichmann,web-flow,2026-08-29T09:16:48.956522+00:00
67,langfuse/langfuse,pull_request,119,pull_commit,committed,a11c0e6a5901abde8241bd59ed224f2919674f7d,2023-09-06T17:05:08Z,marcklingen,User,,human_account,,no,,,a11c0e6a5901abde8241bd59ed224f2919674f7d,marcklingen,marcklingen,2026-08-29T09:16:49.459374+00:00
67,langfuse/langfuse,pull_request,83,pull_commit,committed,3d05bc7d40d86dc3d7f1bfad6afb21d78106ca08,2023-08-14T19:36:00Z,marcklingen,User,,human_account,,no,,,3d05bc7d40d86dc3d7f1bfad6afb21d78106ca08,marcklingen,marcklingen,2026-08-29T09:16:49.952086+00:00
67,langfuse/langfuse,pull_request,83,pull_commit,committed,03ce9426c90508ed0424ba7929bf6f96e2f5d802,2023-08-14T19:36:44Z,marcklingen,User,,human_account,,no,,,03ce9426c90508ed0424ba7929bf6f96e2f5d802,marcklingen,marcklingen,2026-08-29T09:16:49.952086+00:00
67,langfuse/langfuse,pull_request,83,pull_commit,committed,72754e05571c5981ddd3fbb71e2944c0942a2b9f,2023-08-14T19:37:12Z,marcklingen,User,,human_account,,no,,,72754e05571c5981ddd3fbb71e2944c0942a2b9f,marcklingen,marcklingen,2026-08-29T09:16:49.952086+00:00
67,langfuse/langfuse,pull_request,83,pull_commit,committed,cce0a18fe556bdd449f3cb0010149bc5ce5aabda,2023-08-14T19:37:20Z,marcklingen,User,,human_account,,no,,,cce0a18fe556bdd449f3cb0010149bc5ce5aabda,marcklingen,marcklingen,2026-08-29T09:16:49.952086+00:00
67,langfuse/langfuse,pull_request,83,pull_commit,committed,21f80606ea87ef4d7d4c530f7d61dc00650c7fbd,2023-08-14T19:37:38Z,marcklingen,User,,human_account,,no,,,21f80606ea87ef4d7d4c530f7d61dc00650c7fbd,marcklingen,marcklingen,2026-08-29T09:16:49.952086+00:00
67,langfuse/langfuse,pull_request,1,pull_commit,committed,e37b0fb27756409ecc56ca626b4b6ee4c12bd981,2023-05-26T11:03:39Z,marcklingen,User,,human_account,,no,,,e37b0fb27756409ecc56ca626b4b6ee4c12bd981,marcklingen,marcklingen,2026-08-29T09:16:50.466087+00:00
67,langfuse/langfuse,pull_request,1,pull_commit,committed,af5f855f076ab1270d9812cc7f2e86e899b192d5,2023-05-26T12:37:13Z,marcklingen,User,,human_account,,no,,,af5f855f076ab1270d9812cc7f2e86e899b192d5,marcklingen,marcklingen,2026-08-29T09:16:50.466087+00:00
67,langfuse/langfuse,pull_request,1,pull_commit,committed,95a877c3514dd8fd71f0fe906957375623899a42,2023-05-26T13:00:53Z,marcklingen,User,,human_account,,no,,,95a877c3514dd8fd71f0fe906957375623899a42,marcklingen,marcklingen,2026-08-29T09:16:50.466087+00:00
67,langfuse/langfuse,pull_request,1,pull_commit,committed,1635b90122a04f8d5fd9cfe5dcdce9f7570cabb5,2023-05-26T13:37:14Z,maxdeichmann,User,,human_account,,no,,,1635b90122a04f8d5fd9cfe5dcdce9f7570cabb5,maxdeichmann,maxdeichmann,2026-08-29T09:16:50.466087+00:00
67,langfuse/langfuse,pull_request,1,pull_commit,committed,1f387b1356fae0640fa9a6b8703d0af92c4c24fc,2023-05-26T13:50:35Z,maxdeichmann,User,,human_account,,no,,,1f387b1356fae0640fa9a6b8703d0af92c4c24fc,maxdeichmann,maxdeichmann,2026-08-29T09:16:50.466087+00:00
67,langfuse/langfuse,pull_request,8,pull_commit,committed,7775286bec93e3360f5261735f7feb2a124290cf,2023-05-29T11:26:54Z,marcklingen,User,,human_account,,no,,,7775286bec93e3360f5261735f7feb2a124290cf,marcklingen,marcklingen,2026-08-29T09:16:51.010794+00:00
67,langfuse/langfuse,pull_request,8,pull_commit,committed,af7401bc2f91986698aace643d4738ce918ac3d0,2023-05-29T16:12:00Z,marcklingen,User,,human_account,,no,,,af7401bc2f91986698aace643d4738ce918ac3d0,marcklingen,marcklingen,2026-08-29T09:16:51.010794+00:00
67,langfuse/langfuse,pull_request,8,pull_commit,committed,0af502db1b77ed2637f50d1542a97df00067c2bf,2023-05-29T16:26:29Z,marcklingen,User,,human_account,,no,,,0af502db1b77ed2637f50d1542a97df00067c2bf,marcklingen,marcklingen,2026-08-29T09:16:51.010794+00:00
67,langfuse/langfuse,pull_request,8,pull_commit,committed,8c2737b58ea7675fb138612ce7a94b86f1339a57,2023-05-29T18:53:12Z,marcklingen,User,,human_account,,no,,,8c2737b58ea7675fb138612ce7a94b86f1339a57,marcklingen,marcklingen,2026-08-29T09:16:51.010794+00:00
67,langfuse/langfuse,pull_request,8,pull_commit,committed,de6c85ee413e933cd6d223318d785d31d74636b1,2023-05-29T20:51:29Z,marcklingen,User,,human_account,,no,,,de6c85ee413e933cd6d223318d785d31d74636b1,marcklingen,marcklingen,2026-08-29T09:16:51.010794+00:00
67,langfuse/langfuse,pull_request,8,pull_commit,committed,9b438238347ec199b0e63ba75f646fa4385c27a9,2023-05-29T21:01:01Z,marcklingen,User,,human_account,,no,,,9b438238347ec199b0e63ba75f646fa4385c27a9,marcklingen,marcklingen,2026-08-29T09:16:51.010794+00:00
67,langfuse/langfuse,pull_request,8,pull_commit,committed,24a0bfe413b749e84d0bed32ddb5e44518bdb5c2,2023-05-29T21:51:55Z,marcklingen,User,,human_account,,no,,,24a0bfe413b749e84d0bed32ddb5e44518bdb5c2,marcklingen,marcklingen,2026-08-29T09:16:51.010794+00:00
67,langfuse/langfuse,pull_request,8,pull_commit,committed,72346a83372903ead1706baa48faa71f60ff9def,2023-05-29T22:41:44Z,marcklingen,User,,human_account,,no,,,72346a83372903ead1706baa48faa71f60ff9def,marcklingen,marcklingen,2026-08-29T09:16:51.010794+00:00
67,langfuse/langfuse,pull_request,8,pull_commit,committed,33b2b1bedb54e2b80b9d73ceaf0c617484400f40,2023-05-29T22:54:40Z,marcklingen,User,,human_account,,no,,,33b2b1bedb54e2b80b9d73ceaf0c617484400f40,marcklingen,marcklingen,2026-08-29T09:16:51.010794+00:00
67,langfuse/langfuse,pull_request,8,pull_commit,committed,17114e638a74befe19de0289e77b47fe0f95f0c7,2023-05-29T22:57:10Z,marcklingen,User,,human_account,,no,,,17114e638a74befe19de0289e77b47fe0f95f0c7,marcklingen,marcklingen,2026-08-29T09:16:51.010794+00:00
67,langfuse/langfuse,pull_request,8,pull_commit,committed,be753191011e32742961066ba821b0f280618c80,2023-05-30T09:03:11Z,marcklingen,User,,human_account,,no,,,be753191011e32742961066ba821b0f280618c80,marcklingen,marcklingen,2026-08-29T09:16:51.010794+00:00
67,langfuse/langfuse,pull_request,8,pull_commit,committed,dad0383d1a5b3f06a18eb2414ee67c5ec307824b,2023-05-30T09:27:12Z,marcklingen,User,,human_account,,no,,,dad0383d1a5b3f06a18eb2414ee67c5ec307824b,marcklingen,marcklingen,2026-08-29T09:16:51.010794+00:00
67,langfuse/langfuse,pull_request,8,pull_commit,committed,03203ad63230406a00864b661f098d80967ba4c8,2023-05-30T12:20:12Z,marcklingen,User,,human_account,,no,,,03203ad63230406a00864b661f098d80967ba4c8,marcklingen,marcklingen,2026-08-29T09:16:51.010794+00:00
67,langfuse/langfuse,pull_request,8,pull_commit,committed,974fbb3a0db378f4db13dddef70535d13a59f611,2023-05-30T12:21:59Z,marcklingen,User,,human_account,,no,,,974fbb3a0db378f4db13dddef70535d13a59f611,marcklingen,marcklingen,2026-08-29T09:16:51.010794+00:00
67,langfuse/langfuse,pull_request,8,pull_commit,committed,95a946a4b58a45f8da9630b0c53a6d7241dc0193,2023-05-30T14:03:20Z,marcklingen,User,,human_account,,no,,,95a946a4b58a45f8da9630b0c53a6d7241dc0193,marcklingen,marcklingen,2026-08-29T09:16:51.010794+00:00
67,langfuse/langfuse,pull_request,8,pull_commit,committed,b6b51cc9f7fa1d0d13bf3bebf0c873baf1c30201,2023-05-30T14:16:59Z,marcklingen,User,,human_account,,no,,,b6b51cc9f7fa1d0d13bf3bebf0c873baf1c30201,marcklingen,marcklingen,2026-08-29T09:16:51.010794+00:00
67,langfuse/langfuse,pull_request,8,pull_commit,committed,4939bfb40b1b4951f0f49efe9903a38e5f456e7e,2023-05-30T14:20:20Z,marcklingen,User,,human_account,,no,,,4939bfb40b1b4951f0f49efe9903a38e5f456e7e,marcklingen,marcklingen,2026-08-29T09:16:51.010794+00:00
67,langfuse/langfuse,pull_request,8,pull_commit,committed,5395e7e17212131ee260c5e8e4cc648a56d4f4cb,2023-05-30T14:24:44Z,marcklingen,User,,human_account,,no,,,5395e7e17212131ee260c5e8e4cc648a56d4f4cb,marcklingen,marcklingen,2026-08-29T09:16:51.010794+00:00
67,langfuse/langfuse,pull_request,8,pull_commit,committed,d709deb4e73e4272648ceda8944430d5af50a6cd,2023-05-30T17:02:35Z,marcklingen,User,,human_account,,no,,,d709deb4e73e4272648ceda8944430d5af50a6cd,marcklingen,marcklingen,2026-08-29T09:16:51.010794+00:00
67,langfuse/langfuse,pull_request,8,pull_commit,committed,144885a42293f8ebc3005148a0f11165ac5e0068,2023-05-30T18:18:21Z,marcklingen,User,,human_account,,no,,,144885a42293f8ebc3005148a0f11165ac5e0068,marcklingen,marcklingen,2026-08-29T09:16:51.010794+00:00
67,langfuse/langfuse,pull_request,8,pull_commit,committed,f6f7db45fc1a1277cd5c7013d28bdd8f45cbbeeb,2023-05-30T18:18:32Z,marcklingen,User,,human_account,,no,,,f6f7db45fc1a1277cd5c7013d28bdd8f45cbbeeb,marcklingen,marcklingen,2026-08-29T09:16:51.010794+00:00
67,langfuse/langfuse,pull_request,8,pull_commit,committed,2a159d21218ae131078e587ac0ff2c253c65fe26,2023-05-30T18:23:49Z,marcklingen,User,,human_account,,no,,,2a159d21218ae131078e587ac0ff2c253c65fe26,marcklingen,marcklingen,2026-08-29T09:16:51.010794+00:00
67,langfuse/langfuse,pull_request,8,pull_commit,committed,9077d5020433859dd13a323964f0f020bebe57fc,2023-05-30T18:31:11Z,marcklingen,User,,human_account,,no,,,9077d5020433859dd13a323964f0f020bebe57fc,marcklingen,marcklingen,2026-08-29T09:16:51.010794+00:00
67,langfuse/langfuse,pull_request,8,pull_commit,committed,8792ccf6845fe335cdc65631203d3dc1c0731bcd,2023-05-30T18:31:17Z,marcklingen,User,,human_account,,no,,,8792ccf6845fe335cdc65631203d3dc1c0731bcd,marcklingen,marcklingen,2026-08-29T09:16:51.010794+00:00
67,langfuse/langfuse,pull_request,8,pull_commit,committed,b2261156e296f5d7da3938f6ecb66235c3e90434,2023-05-30T20:41:06Z,marcklingen,User,,human_account,,no,,,b2261156e296f5d7da3938f6ecb66235c3e90434,marcklingen,marcklingen,2026-08-29T09:16:51.010794+00:00
67,langfuse/langfuse,pull_request,8,pull_commit,committed,c9914de319725e7d84a96d44f75a6cfe3aa2bb6b,2023-05-30T20:43:22Z,marcklingen,User,,human_account,,no,,,c9914de319725e7d84a96d44f75a6cfe3aa2bb6b,marcklingen,marcklingen,2026-08-29T09:16:51.010794+00:00
67,langfuse/langfuse,pull_request,8,pull_commit,committed,18a5b53aac671ddfacaec98b0ae05814f3b750fc,2023-05-31T07:59:04Z,marcklingen,User,,human_account,,no,,,18a5b53aac671ddfacaec98b0ae05814f3b750fc,marcklingen,marcklingen,2026-08-29T09:16:51.010794+00:00
67,langfuse/langfuse,pull_request,8,pull_commit,committed,6a383ad304ceb6f87264eb418898ef1e5cc56724,2023-05-31T07:59:30Z,maxdeichmann,User,,human_account,,no,,,6a383ad304ceb6f87264eb418898ef1e5cc56724,maxdeichmann,maxdeichmann,2026-08-29T09:16:51.010794+00:00
67,langfuse/langfuse,pull_request,8,pull_commit,committed,114364c29b6fe668928629bf5cda33007edb7b4d,2023-05-31T08:21:59Z,marcklingen,User,,human_account,,no,,,114364c29b6fe668928629bf5cda33007edb7b4d,marcklingen,marcklingen,2026-08-29T09:16:51.010794+00:00
67,langfuse/langfuse,pull_request,8,pull_commit,committed,c1e885c86c4a6611d7f539129dc1cc8f4ded2e1e,2023-05-31T08:33:28Z,marcklingen,User,,human_account,,no,,,c1e885c86c4a6611d7f539129dc1cc8f4ded2e1e,marcklingen,marcklingen,2026-08-29T09:16:51.010794+00:00
67,langfuse/langfuse,pull_request,8,pull_commit,committed,81b33aaec43fb1f907b1aa1a56ab23c6a53ec07b,2023-05-31T08:36:00Z,maxdeichmann,User,,human_account,,no,,,81b33aaec43fb1f907b1aa1a56ab23c6a53ec07b,maxdeichmann,maxdeichmann,2026-08-29T09:16:51.010794+00:00
67,langfuse/langfuse,pull_request,8,pull_commit,committed,84761a0d46722239fecc93e75aa6b728d07b260a,2023-05-31T08:41:36Z,marcklingen,User,,human_account,,no,,,84761a0d46722239fecc93e75aa6b728d07b260a,marcklingen,marcklingen,2026-08-29T09:16:51.010794+00:00
67,langfuse/langfuse,pull_request,8,pull_commit,committed,dbda33b09f896a24f5056197cf3b54fa50a53c07,2023-05-31T08:42:00Z,marcklingen,User,,human_account,,no,,,dbda33b09f896a24f5056197cf3b54fa50a53c07,marcklingen,marcklingen,2026-08-29T09:16:51.010794+00:00
67,langfuse/langfuse,pull_request,8,pull_commit,committed,c2931a6f9dc4e7eea7411bee238ae3b4f047c4ef,2023-05-31T10:04:15Z,marcklingen,User,,human_account,,no,,,c2931a6f9dc4e7eea7411bee238ae3b4f047c4ef,marcklingen,marcklingen,2026-08-29T09:16:51.010794+00:00
67,langfuse/langfuse,pull_request,8,pull_commit,committed,ca0453dc315aafed283fb9631932229be28521c5,2023-05-31T10:18:38Z,marcklingen,User,,human_account,,no,,,ca0453dc315aafed283fb9631932229be28521c5,marcklingen,marcklingen,2026-08-29T09:16:51.010794+00:00
67,langfuse/langfuse,pull_request,8,pull_commit,committed,1a2641f699b97ebb0d1cf8606dbace0bdd912aa0,2023-05-31T11:14:40Z,marcklingen,User,,human_account,,no,,,1a2641f699b97ebb0d1cf8606dbace0bdd912aa0,marcklingen,marcklingen,2026-08-29T09:16:51.010794+00:00
67,langfuse/langfuse,pull_request,8,pull_commit,committed,9fef0be7036e93df5be498cbb376dc42fd440eb6,2023-05-31T11:15:29Z,maxdeichmann,User,,human_account,,no,,,9fef0be7036e93df5be498cbb376dc42fd440eb6,maxdeichmann,maxdeichmann,2026-08-29T09:16:51.010794+00:00
67,langfuse/langfuse,pull_request,8,pull_commit,committed,b61ee02f6ac6a079fb71107f90d718d6ba37458d,2023-05-31T11:16:19Z,maxdeichmann,User,,human_account,,no,,,b61ee02f6ac6a079fb71107f90d718d6ba37458d,maxdeichmann,maxdeichmann,2026-08-29T09:16:51.010794+00:00
67,langfuse/langfuse,pull_request,8,pull_commit,committed,04a2c9e77bc604176d9d5e0e7ea789229f1750f8,2023-05-31T11:20:44Z,marcklingen,User,,human_account,,no,,,04a2c9e77bc604176d9d5e0e7ea789229f1750f8,marcklingen,marcklingen,2026-08-29T09:16:51.010794+00:00
67,langfuse/langfuse,pull_request,8,pull_commit,committed,9a02b67c2e917b7fa5f27a22ba6fe4b83c64137c,2023-05-31T11:20:59Z,marcklingen,User,,human_account,,no,,,9a02b67c2e917b7fa5f27a22ba6fe4b83c64137c,marcklingen,marcklingen,2026-08-29T09:16:51.010794+00:00
67,langfuse/langfuse,pull_request,8,pull_commit,committed,be2c0d60f882626856d5143ecfc21441c8f29df4,2023-05-31T13:07:10Z,maxdeichmann,User,,human_account,,no,,,be2c0d60f882626856d5143ecfc21441c8f29df4,maxdeichmann,maxdeichmann,2026-08-29T09:16:51.010794+00:00
67,langfuse/langfuse,pull_request,8,pull_commit,committed,bc197c1758fa43d903684edecd3549fdd730e387,2023-05-31T13:07:52Z,maxdeichmann,User,,human_account,,no,,,bc197c1758fa43d903684edecd3549fdd730e387,maxdeichmann,maxdeichmann,2026-08-29T09:16:51.010794+00:00
67,langfuse/langfuse,pull_request,8,pull_commit,committed,d08c2d1d793b3bdc2b41de125d3502ac2b8401f8,2023-05-31T16:32:48Z,marcklingen,User,,human_account,,no,,,d08c2d1d793b3bdc2b41de125d3502ac2b8401f8,marcklingen,marcklingen,2026-08-29T09:16:51.010794+00:00
67,langfuse/langfuse,pull_request,8,pull_commit,committed,994b7d43fcac453fe7e4f4556067b3e8784d953c,2023-05-31T16:33:06Z,marcklingen,User,,human_account,,no,,,994b7d43fcac453fe7e4f4556067b3e8784d953c,marcklingen,marcklingen,2026-08-29T09:16:51.010794+00:00
67,langfuse/langfuse,pull_request,8,pull_commit,committed,84977a56186e623ab7f99aac69c02c520de9dd6e,2023-05-31T16:33:12Z,marcklingen,User,,human_account,,no,,,84977a56186e623ab7f99aac69c02c520de9dd6e,marcklingen,marcklingen,2026-08-29T09:16:51.010794+00:00
67,langfuse/langfuse,pull_request,8,pull_commit,committed,865c2c9831574465a3f9f82cc2e8e9ae01db19b5,2023-05-31T16:46:19Z,marcklingen,User,,human_account,,no,,,865c2c9831574465a3f9f82cc2e8e9ae01db19b5,marcklingen,marcklingen,2026-08-29T09:16:51.010794+00:00
67,langfuse/langfuse,pull_request,8,pull_commit,committed,7568bb8a44bd30cee508eca8500a632d8d42013c,2023-05-31T16:48:44Z,marcklingen,User,,human_account,,no,,,7568bb8a44bd30cee508eca8500a632d8d42013c,marcklingen,marcklingen,2026-08-29T09:16:51.010794+00:00
67,langfuse/langfuse,pull_request,8,pull_commit,committed,e73c33c882b940bbb4f80238a5fe2bc5486ad759,2023-05-31T21:34:13Z,marcklingen,User,,human_account,,no,,,e73c33c882b940bbb4f80238a5fe2bc5486ad759,marcklingen,marcklingen,2026-08-29T09:16:51.010794+00:00
67,langfuse/langfuse,pull_request,95,pull_commit,committed,4ceb068ab0ce27e72a60ee803f2bda8519434c8d,2023-08-22T09:45:54Z,marcklingen,User,,human_account,,no,,,4ceb068ab0ce27e72a60ee803f2bda8519434c8d,marcklingen,marcklingen,2026-08-29T09:16:51.622408+00:00
67,langfuse/langfuse,pull_request,95,pull_commit,committed,af0849089c3c1ec86428068e4ded884fa4f29a58,2023-08-22T10:37:25Z,marcklingen,User,,human_account,,no,,,af0849089c3c1ec86428068e4ded884fa4f29a58,marcklingen,marcklingen,2026-08-29T09:16:51.622408+00:00
67,langfuse/langfuse,pull_request,5,pull_commit,committed,156c144430de403f7d074f67e715fc6050c32352,2023-05-28T14:21:16Z,maxdeichmann,User,,human_account,,no,,,156c144430de403f7d074f67e715fc6050c32352,maxdeichmann,maxdeichmann,2026-08-29T09:16:52.376428+00:00
67,langfuse/langfuse,pull_request,5,pull_commit,committed,008f9ca68b334f547eecc3f9c7301135b4e62b5d,2023-05-29T09:55:05Z,maxdeichmann,User,,human_account,,no,,,008f9ca68b334f547eecc3f9c7301135b4e62b5d,maxdeichmann,maxdeichmann,2026-08-29T09:16:52.376428+00:00
67,langfuse/langfuse,pull_request,5,pull_commit,committed,c57b9b8731b493fba5ccbac198ee410ebc4a3091,2023-05-29T09:56:52Z,maxdeichmann,User,,human_account,,no,,,c57b9b8731b493fba5ccbac198ee410ebc4a3091,maxdeichmann,maxdeichmann,2026-08-29T09:16:52.376428+00:00
67,langfuse/langfuse,pull_request,5,pull_commit,committed,e279617301db0bfbdebb274a2f0eadf3d508ac9e,2023-05-29T12:00:14Z,maxdeichmann,User,,human_account,,no,,,e279617301db0bfbdebb274a2f0eadf3d508ac9e,maxdeichmann,maxdeichmann,2026-08-29T09:16:52.376428+00:00
67,langfuse/langfuse,pull_request,5,pull_commit,committed,706c1206a96490444521eb5f5fc55c153123799c,2023-05-29T16:08:13Z,maxdeichmann,User,,human_account,,no,,,706c1206a96490444521eb5f5fc55c153123799c,maxdeichmann,maxdeichmann,2026-08-29T09:16:52.376428+00:00
67,langfuse/langfuse,pull_request,5,pull_commit,committed,31fdc3ffa9ec7eb38b8a217861e9cd5c62422d1e,2023-05-29T20:35:22Z,maxdeichmann,User,,human_account,,no,,,31fdc3ffa9ec7eb38b8a217861e9cd5c62422d1e,maxdeichmann,maxdeichmann,2026-08-29T09:16:52.376428+00:00
67,langfuse/langfuse,pull_request,5,pull_commit,committed,22a25cb697c01d243e361705a79edffae686f251,2023-05-30T07:45:10Z,maxdeichmann,User,,human_account,,no,,,22a25cb697c01d243e361705a79edffae686f251,maxdeichmann,maxdeichmann,2026-08-29T09:16:52.376428+00:00
67,langfuse/langfuse,pull_request,5,pull_commit,committed,15d9e203266f158b8d6ad0dbd0bf1b816139d0bb,2023-05-30T09:44:51Z,maxdeichmann,User,,human_account,,no,,,15d9e203266f158b8d6ad0dbd0bf1b816139d0bb,maxdeichmann,maxdeichmann,2026-08-29T09:16:52.376428+00:00
67,langfuse/langfuse,pull_request,5,pull_commit,committed,57f11c7ccd863b329bfd2367945cba8da1871adf,2023-05-30T09:56:34Z,maxdeichmann,User,,human_account,,no,,,57f11c7ccd863b329bfd2367945cba8da1871adf,maxdeichmann,maxdeichmann,2026-08-29T09:16:52.376428+00:00
67,langfuse/langfuse,pull_request,5,pull_commit,committed,e5e6273c59678ac5c43adf6c7c2ae7c9e500df74,2023-05-30T10:04:02Z,maxdeichmann,User,,human_account,,no,,,e5e6273c59678ac5c43adf6c7c2ae7c9e500df74,maxdeichmann,maxdeichmann,2026-08-29T09:16:52.376428+00:00
67,langfuse/langfuse,pull_request,5,pull_commit,committed,940aaad3d1f545bd522d83969820fbf7fd921885,2023-05-30T10:36:44Z,maxdeichmann,User,,human_account,,no,,,940aaad3d1f545bd522d83969820fbf7fd921885,maxdeichmann,maxdeichmann,2026-08-29T09:16:52.376428+00:00
67,langfuse/langfuse,pull_request,5,pull_commit,committed,0936f1321c1c6b9a8ffbfc0b4db83b4b8c01de0f,2023-05-30T10:38:10Z,maxdeichmann,User,,human_account,,no,,,0936f1321c1c6b9a8ffbfc0b4db83b4b8c01de0f,maxdeichmann,maxdeichmann,2026-08-29T09:16:52.376428+00:00
67,langfuse/langfuse,pull_request,5,pull_commit,committed,3fc84bbdcd8c54c709c89576939f04e4519a45fd,2023-05-30T10:43:01Z,maxdeichmann,User,,human_account,,no,,,3fc84bbdcd8c54c709c89576939f04e4519a45fd,maxdeichmann,maxdeichmann,2026-08-29T09:16:52.376428+00:00
67,langfuse/langfuse,pull_request,16,pull_commit,committed,cc92260d3dbf32f5943bee6c65714cb5984c80e1,2023-06-16T15:27:45Z,maxdeichmann,User,,human_account,,no,,,cc92260d3dbf32f5943bee6c65714cb5984c80e1,maxdeichmann,maxdeichmann,2026-08-29T09:16:52.868698+00:00
67,langfuse/langfuse,pull_request,16,pull_commit,committed,e0e17bdf4581733225daf8355f945487f5e153de,2023-06-16T19:33:18Z,maxdeichmann,User,,human_account,,no,,,e0e17bdf4581733225daf8355f945487f5e153de,maxdeichmann,maxdeichmann,2026-08-29T09:16:52.868698+00:00
67,langfuse/langfuse,pull_request,16,pull_commit,committed,47bffbcffbaffb43a2e67453db5ff95e26ac1941,2023-06-16T19:34:20Z,maxdeichmann,User,,human_account,,no,,,47bffbcffbaffb43a2e67453db5ff95e26ac1941,maxdeichmann,maxdeichmann,2026-08-29T09:16:52.868698+00:00
67,langfuse/langfuse,pull_request,16,pull_commit,committed,c21ee200351166a11266fa42e599919ccd3e9425,2023-06-18T15:12:15Z,maxdeichmann,User,,human_account,,no,,,c21ee200351166a11266fa42e599919ccd3e9425,maxdeichmann,maxdeichmann,2026-08-29T09:16:52.868698+00:00
67,langfuse/langfuse,pull_request,16,pull_commit,committed,3a02a64fc0d790e651eb62033ffc45cd73339c0a,2023-06-18T15:13:55Z,web-flow,User,,human_account,,no,,,3a02a64fc0d790e651eb62033ffc45cd73339c0a,maxdeichmann,web-flow,2026-08-29T09:16:52.868698+00:00
67,langfuse/langfuse,pull_request,126,pull_commit,committed,ebe10739aae6c4f120695b90affae8b25607398a,2023-09-07T22:20:32Z,marcklingen,User,,human_account,,no,,,ebe10739aae6c4f120695b90affae8b25607398a,marcklingen,marcklingen,2026-08-29T09:16:53.867463+00:00
67,langfuse/langfuse,pull_request,14,pull_commit,committed,9d618611a2866c97305235e3e012ffa6e4ed7957,2023-06-15T08:22:51Z,maxdeichmann,User,,human_account,,no,,,9d618611a2866c97305235e3e012ffa6e4ed7957,maxdeichmann,maxdeichmann,2026-08-29T09:16:54.427885+00:00
67,langfuse/langfuse,pull_request,14,pull_commit,committed,adfed8fe7090ef2429cb35a711b5cc40bd7525df,2023-06-15T08:30:12Z,maxdeichmann,User,,human_account,,no,,,adfed8fe7090ef2429cb35a711b5cc40bd7525df,maxdeichmann,maxdeichmann,2026-08-29T09:16:54.427885+00:00
67,langfuse/langfuse,pull_request,14,pull_commit,committed,e693d7af7ac3cf2961a77290cc78687358be4880,2023-06-15T09:10:03Z,maxdeichmann,User,,human_account,,no,,,e693d7af7ac3cf2961a77290cc78687358be4880,maxdeichmann,maxdeichmann,2026-08-29T09:16:54.427885+00:00
67,langfuse/langfuse,pull_request,29,pull_commit,committed,39b9618e6bc391aeccbc5d46a1ace099b35a4d75,2023-06-23T17:26:20Z,marcklingen,User,,human_account,,no,,,39b9618e6bc391aeccbc5d46a1ace099b35a4d75,marcklingen,marcklingen,2026-08-29T09:16:54.955708+00:00
67,langfuse/langfuse,pull_request,29,pull_commit,committed,853892d4cf1114691c5656722842861e1c3b02d0,2023-06-23T18:04:58Z,marcklingen,User,,human_account,,no,,,853892d4cf1114691c5656722842861e1c3b02d0,marcklingen,marcklingen,2026-08-29T09:16:54.955708+00:00
67,langfuse/langfuse,pull_request,29,pull_commit,committed,21aa329afea6112fbb38fe3c2ec30fab46129b9d,2023-06-23T18:07:35Z,marcklingen,User,,human_account,,no,,,21aa329afea6112fbb38fe3c2ec30fab46129b9d,marcklingen,marcklingen,2026-08-29T09:16:54.955708+00:00
67,langfuse/langfuse,pull_request,29,pull_commit,committed,115020199d5162e3b16a65bd4b5b0a456b024168,2023-06-23T23:47:40Z,marcklingen,User,,human_account,,no,,,115020199d5162e3b16a65bd4b5b0a456b024168,marcklingen,marcklingen,2026-08-29T09:16:54.955708+00:00
67,langfuse/langfuse,pull_request,29,pull_commit,committed,5835af1805bcd2bba83a19cbbc4477b2883bd24c,2023-06-23T23:56:39Z,marcklingen,User,,human_account,,no,,,5835af1805bcd2bba83a19cbbc4477b2883bd24c,marcklingen,marcklingen,2026-08-29T09:16:54.955708+00:00
67,langfuse/langfuse,pull_request,29,pull_commit,committed,1319693510350cd113c69d4d4ee92060a60ec209,2023-06-23T23:58:20Z,marcklingen,User,,human_account,,no,,,1319693510350cd113c69d4d4ee92060a60ec209,marcklingen,marcklingen,2026-08-29T09:16:54.955708+00:00
67,langfuse/langfuse,pull_request,29,pull_commit,committed,00df6ce602187c5da56f936212aa4a0b7844e486,2023-06-24T00:02:12Z,web-flow,User,,human_account,,no,,,00df6ce602187c5da56f936212aa4a0b7844e486,marcklingen,web-flow,2026-08-29T09:16:54.955708+00:00
67,langfuse/langfuse,pull_request,140,pull_commit,committed,4dc93682e5cbe6a8a15756bfcac8dbca6f1168d8,2023-09-12T08:25:15Z,maxdeichmann,User,,human_account,,no,,,4dc93682e5cbe6a8a15756bfcac8dbca6f1168d8,maxdeichmann,maxdeichmann,2026-08-29T09:16:55.463666+00:00
67,langfuse/langfuse,pull_request,140,pull_commit,committed,24c1fc6af8a53b7e5ec6649f8d11c7cf9b853869,2023-09-12T09:21:54Z,maxdeichmann,User,,human_account,,no,,,24c1fc6af8a53b7e5ec6649f8d11c7cf9b853869,maxdeichmann,maxdeichmann,2026-08-29T09:16:55.463666+00:00
67,langfuse/langfuse,pull_request,140,pull_commit,committed,cd87b9144409f07b6f44966eb099f3df8d45ee99,2023-09-12T09:23:21Z,maxdeichmann,User,,human_account,,no,,,cd87b9144409f07b6f44966eb099f3df8d45ee99,maxdeichmann,maxdeichmann,2026-08-29T09:16:55.463666+00:00
67,langfuse/langfuse,pull_request,140,pull_commit,committed,83658bff81555c23fb789c6a078b35aeb4e83666,2023-09-12T09:24:22Z,maxdeichmann,User,,human_account,,no,,,83658bff81555c23fb789c6a078b35aeb4e83666,maxdeichmann,maxdeichmann,2026-08-29T09:16:55.463666+00:00
67,langfuse/langfuse,pull_request,140,pull_commit,committed,98dd94d58b4800255fd0a721527fc54b965feae9,2023-09-12T09:26:43Z,maxdeichmann,User,,human_account,,no,,,98dd94d58b4800255fd0a721527fc54b965feae9,maxdeichmann,maxdeichmann,2026-08-29T09:16:55.463666+00:00
67,langfuse/langfuse,pull_request,140,pull_commit,committed,94c788f2191668c878dccf04723b5f02e4ae71d2,2023-09-12T09:29:20Z,maxdeichmann,User,,human_account,,no,,,94c788f2191668c878dccf04723b5f02e4ae71d2,maxdeichmann,maxdeichmann,2026-08-29T09:16:55.463666+00:00
67,langfuse/langfuse,pull_request,52,pull_commit,committed,2b5688e0472c49d310866ec76b6be49f041ea15b,2023-07-18T18:29:32Z,marcklingen,User,,human_account,,no,,,2b5688e0472c49d310866ec76b6be49f041ea15b,marcklingen,marcklingen,2026-08-29T09:16:55.942135+00:00
67,langfuse/langfuse,pull_request,56,pull_commit,committed,bf5934e1def352ab31907963f56381f0624c2fdb,2023-07-21T09:24:56Z,marcklingen,User,,human_account,,no,,,bf5934e1def352ab31907963f56381f0624c2fdb,marcklingen,marcklingen,2026-08-29T09:16:56.418354+00:00
67,langfuse/langfuse,pull_request,43,pull_commit,committed,57468c1154eb912b33f444153e989d2af45db109,2023-07-10T14:59:46Z,maxdeichmann,User,,human_account,,no,,,57468c1154eb912b33f444153e989d2af45db109,maxdeichmann,maxdeichmann,2026-08-29T09:16:56.916059+00:00
67,langfuse/langfuse,pull_request,43,pull_commit,committed,f61da60fb9cbe0ab6e891fde6ae1343f871a946b,2023-07-10T15:14:57Z,maxdeichmann,User,,human_account,,no,,,f61da60fb9cbe0ab6e891fde6ae1343f871a946b,maxdeichmann,maxdeichmann,2026-08-29T09:16:56.916059+00:00
67,langfuse/langfuse,pull_request,6,pull_commit,committed,02aefa979960adc487b27adf8bd41e5230923f2a,2023-05-30T13:19:37Z,web-flow,User,,human_account,,no,,,02aefa979960adc487b27adf8bd41e5230923f2a,clemra,web-flow,2026-08-29T09:16:57.451511+00:00
67,langfuse/langfuse,pull_request,30,pull_commit,committed,ab59ea16bc2e6198f7a684be44d4aebee97c98a1,2023-06-23T23:11:44Z,marcklingen,User,,human_account,,no,,,ab59ea16bc2e6198f7a684be44d4aebee97c98a1,marcklingen,marcklingen,2026-08-29T09:16:58.008375+00:00
67,langfuse/langfuse,pull_request,30,pull_commit,committed,fb87cb5a84613605cad2454326dc951d70dd9d0b,2023-06-23T23:22:03Z,marcklingen,User,,human_account,,no,,,fb87cb5a84613605cad2454326dc951d70dd9d0b,marcklingen,marcklingen,2026-08-29T09:16:58.008375+00:00
67,langfuse/langfuse,pull_request,30,pull_commit,committed,c622b7f8ec66152c0a89adf391c836ab7551723f,2023-06-23T23:35:18Z,marcklingen,User,,human_account,,no,,,c622b7f8ec66152c0a89adf391c836ab7551723f,marcklingen,marcklingen,2026-08-29T09:16:58.008375+00:00
67,langfuse/langfuse,pull_request,30,pull_commit,committed,e1b7d4f372f3507509bb81dc2d584db2a7a798ac,2023-06-23T23:39:09Z,marcklingen,User,,human_account,,no,,,e1b7d4f372f3507509bb81dc2d584db2a7a798ac,marcklingen,marcklingen,2026-08-29T09:16:58.008375+00:00
67,langfuse/langfuse,pull_request,127,pull_commit,committed,fe595a8438188cf472fd0ad0164074c0622c5e9c,2023-09-07T23:01:47Z,marcklingen,User,,human_account,,no,,,fe595a8438188cf472fd0ad0164074c0622c5e9c,marcklingen,marcklingen,2026-08-29T09:16:58.567798+00:00
67,langfuse/langfuse,pull_request,127,pull_commit,committed,7ff9f4b74590ee3c2acda33bbaaa9d3e28160ef1,2023-09-07T23:01:55Z,marcklingen,User,,human_account,,no,,,7ff9f4b74590ee3c2acda33bbaaa9d3e28160ef1,marcklingen,marcklingen,2026-08-29T09:16:58.567798+00:00
67,langfuse/langfuse,pull_request,127,pull_commit,committed,0a9e80431606b9ef6f58b5b2dc9933f363341b39,2023-09-07T23:02:16Z,marcklingen,User,,human_account,,no,,,0a9e80431606b9ef6f58b5b2dc9933f363341b39,marcklingen,marcklingen,2026-08-29T09:16:58.567798+00:00
67,langfuse/langfuse,pull_request,127,pull_commit,committed,1c43087c4afea6991bf64faf4d0f6e3acd8b949b,2023-09-07T23:10:05Z,marcklingen,User,,human_account,,no,,,1c43087c4afea6991bf64faf4d0f6e3acd8b949b,marcklingen,marcklingen,2026-08-29T09:16:58.567798+00:00
67,langfuse/langfuse,pull_request,11,pull_commit,committed,40776d6de623c8cba87c19009420ab66cf75e117,2023-06-02T08:26:26Z,marcklingen,User,,human_account,,no,,,40776d6de623c8cba87c19009420ab66cf75e117,marcklingen,marcklingen,2026-08-29T09:16:59.057496+00:00
67,langfuse/langfuse,pull_request,11,pull_commit,committed,679df5b58fb01b06156a578be66484c8bb8349d6,2023-06-02T08:26:26Z,marcklingen,User,,human_account,,no,,,679df5b58fb01b06156a578be66484c8bb8349d6,marcklingen,marcklingen,2026-08-29T09:16:59.057496+00:00
67,langfuse/langfuse,pull_request,11,pull_commit,committed,42719f709e09bd7cbbda47c304f94a96a9635326,2023-06-02T08:26:26Z,marcklingen,User,,human_account,,no,,,42719f709e09bd7cbbda47c304f94a96a9635326,marcklingen,marcklingen,2026-08-29T09:16:59.057496+00:00
67,langfuse/langfuse,pull_request,11,pull_commit,committed,979ba7c3ce18eae28d0327dca3298f585a52408d,2023-06-02T08:26:26Z,marcklingen,User,,human_account,,no,,,979ba7c3ce18eae28d0327dca3298f585a52408d,marcklingen,marcklingen,2026-08-29T09:16:59.057496+00:00
67,langfuse/langfuse,pull_request,13,pull_commit,committed,fb4dc5386fbb1d83a685a5c71ab1905fbd533977,2023-06-08T08:16:11Z,marcklingen,User,,human_account,,no,,,fb4dc5386fbb1d83a685a5c71ab1905fbd533977,marcklingen,marcklingen,2026-08-29T09:16:59.612653+00:00
67,langfuse/langfuse,pull_request,13,pull_commit,committed,880075b19e2ff08b9109345769a1f8d3fec0f05f,2023-06-08T09:35:44Z,marcklingen,User,,human_account,,no,,,880075b19e2ff08b9109345769a1f8d3fec0f05f,marcklingen,marcklingen,2026-08-29T09:16:59.612653+00:00
67,langfuse/langfuse,pull_request,13,pull_commit,committed,43186f001f523437d96babf0b1badb342458e9d5,2023-06-08T09:38:29Z,marcklingen,User,,human_account,,no,,,43186f001f523437d96babf0b1badb342458e9d5,marcklingen,marcklingen,2026-08-29T09:16:59.612653+00:00
67,langfuse/langfuse,pull_request,13,pull_commit,committed,c02659e5c7fb289dfd821e3712663bb5a4ab44be,2023-06-08T09:39:13Z,marcklingen,User,,human_account,,no,,,c02659e5c7fb289dfd821e3712663bb5a4ab44be,marcklingen,marcklingen,2026-08-29T09:16:59.612653+00:00
67,langfuse/langfuse,pull_request,13,pull_commit,committed,09be5a97ec4eea42a96ea15f76aac2bd0e536507,2023-06-08T09:39:35Z,marcklingen,User,,human_account,,no,,,09be5a97ec4eea42a96ea15f76aac2bd0e536507,marcklingen,marcklingen,2026-08-29T09:16:59.612653+00:00
67,langfuse/langfuse,pull_request,13,pull_commit,committed,3adb83a2fd1348b99eac01d339916af64cec8635,2023-06-08T09:40:01Z,marcklingen,User,,human_account,,no,,,3adb83a2fd1348b99eac01d339916af64cec8635,marcklingen,marcklingen,2026-08-29T09:16:59.612653+00:00
67,langfuse/langfuse,pull_request,13,pull_commit,committed,9e593effbb04449c6cd01c6c92fe266e1ed761c6,2023-06-08T09:40:17Z,marcklingen,User,,human_account,,no,,,9e593effbb04449c6cd01c6c92fe266e1ed761c6,marcklingen,marcklingen,2026-08-29T09:16:59.612653+00:00
67,langfuse/langfuse,pull_request,13,pull_commit,committed,687429de71870f7bc8a46c0c072331d49ce3b6c8,2023-06-08T09:41:31Z,marcklingen,User,,human_account,,no,,,687429de71870f7bc8a46c0c072331d49ce3b6c8,marcklingen,marcklingen,2026-08-29T09:16:59.612653+00:00
67,langfuse/langfuse,pull_request,13,pull_commit,committed,57b50556ca60ed814c17089f8c80df71dd85a9fc,2023-06-08T09:42:05Z,marcklingen,User,,human_account,,no,,,57b50556ca60ed814c17089f8c80df71dd85a9fc,marcklingen,marcklingen,2026-08-29T09:16:59.612653+00:00
67,langfuse/langfuse,pull_request,13,pull_commit,committed,cc3110a3f591d17a8e37c219e70c8e2242aa91ae,2023-06-08T09:42:22Z,marcklingen,User,,human_account,,no,,,cc3110a3f591d17a8e37c219e70c8e2242aa91ae,marcklingen,marcklingen,2026-08-29T09:16:59.612653+00:00
67,langfuse/langfuse,pull_request,115,pull_commit,committed,a7edb6971a97d35b819ef6684337c6eeb1530715,2023-08-26T14:47:58Z,web-flow,User,,human_account,,no,,,a7edb6971a97d35b819ef6684337c6eeb1530715,l4b4r4b4b4,web-flow,2026-08-29T09:17:00.159482+00:00
67,langfuse/langfuse,pull_request,115,pull_commit,committed,26030f60b1d2e6b70aeaaf541372ac0136ecfeca,2023-08-26T15:02:00Z,l4b4r4b4b4,User,,human_account,,no,,,26030f60b1d2e6b70aeaaf541372ac0136ecfeca,l4b4r4b4b4,l4b4r4b4b4,2026-08-29T09:17:00.159482+00:00
67,langfuse/langfuse,pull_request,115,pull_commit,committed,ea7cc1f74107620b73b3b086df0a928845a1a4ef,2023-08-26T15:03:42Z,l4b4r4b4b4,User,,human_account,,no,,,ea7cc1f74107620b73b3b086df0a928845a1a4ef,l4b4r4b4b4,l4b4r4b4b4,2026-08-29T09:17:00.159482+00:00
67,langfuse/langfuse,pull_request,115,pull_commit,committed,8f55389752b41b29add669738e3a0d8766a80634,2023-08-27T16:16:17Z,l4b4r4b4b4,User,,human_account,,no,,,8f55389752b41b29add669738e3a0d8766a80634,l4b4r4b4b4,l4b4r4b4b4,2026-08-29T09:17:00.159482+00:00
67,langfuse/langfuse,pull_request,115,pull_commit,committed,48e9367d2b5e4213d40bdc95fb95f6b4a0fcc688,2023-08-27T16:18:50Z,web-flow,User,,human_account,,no,,,48e9367d2b5e4213d40bdc95fb95f6b4a0fcc688,l4b4r4b4b4,web-flow,2026-08-29T09:17:00.159482+00:00
67,langfuse/langfuse,pull_request,115,pull_commit,committed,4f0be4e45fa1b6d5c3f73867b6cf6c68e4254616,2023-09-03T22:52:17Z,l4b4r4b4b4,User,,human_account,,no,,,4f0be4e45fa1b6d5c3f73867b6cf6c68e4254616,l4b4r4b4b4,l4b4r4b4b4,2026-08-29T09:17:00.159482+00:00
67,langfuse/langfuse,pull_request,115,pull_commit,committed,ebc0b17d91196ae94cda45dc11436c46f8bbd73a,2023-09-03T22:55:02Z,l4b4r4b4b4,User,,human_account,,no,,,ebc0b17d91196ae94cda45dc11436c46f8bbd73a,l4b4r4b4b4,l4b4r4b4b4,2026-08-29T09:17:00.159482+00:00
67,langfuse/langfuse,pull_request,9665,pull_commit,committed,a7e48ddd60774b331aac611a47230b8febf097c2,2025-10-10T17:02:58Z,maxdeichmann,User,,human_account,,no,,,a7e48ddd60774b331aac611a47230b8febf097c2,maxdeichmann,maxdeichmann,2026-08-29T09:17:00.766051+00:00
67,langfuse/langfuse,pull_request,9665,pull_commit,committed,d02c313658a09a20766c15cc800076eae3cee57c,2025-10-10T17:30:49Z,web-flow,User,,human_account,,no,,,d02c313658a09a20766c15cc800076eae3cee57c,maxdeichmann,web-flow,2026-08-29T09:17:00.766051+00:00
67,langfuse/langfuse,pull_request,10359,pull_commit,committed,132e1f09ef95092b2b1d93e03800a471c449afdc,2025-11-11T05:59:09Z,marcklingen,User,,human_account,,no,,,132e1f09ef95092b2b1d93e03800a471c449afdc,marcklingen,marcklingen,2026-08-29T09:17:01.259732+00:00
67,langfuse/langfuse,pull_request,10359,pull_commit,committed,1fc58539d06560dda98e078189633234df88215b,2025-11-11T05:59:49Z,web-flow,User,,human_account,,no,,,1fc58539d06560dda98e078189633234df88215b,marcklingen,web-flow,2026-08-29T09:17:01.259732+00:00
67,langfuse/langfuse,pull_request,10668,pull_commit,committed,1fab237d9100e20fca1aecbe7e6cae59c16c9255,2025-11-24T12:22:25Z,cursoragent,User,,human_account,,no,,,1fab237d9100e20fca1aecbe7e6cae59c16c9255,cursoragent,cursoragent,2026-08-29T09:17:01.729666+00:00
67,langfuse/langfuse,pull_request,10668,pull_commit,committed,dfc92d215c434c2836d2123f3d33344c8fab9899,2025-11-24T12:30:54Z,marcklingen,User,,human_account,,no,,,dfc92d215c434c2836d2123f3d33344c8fab9899,marcklingen,marcklingen,2026-08-29T09:17:01.729666+00:00
67,langfuse/langfuse,pull_request,10668,pull_commit,committed,03ac48e6df4b67e982d6f570e6897c46bab71fca,2025-11-24T12:31:02Z,marcklingen,User,,human_account,,no,,,03ac48e6df4b67e982d6f570e6897c46bab71fca,marcklingen,marcklingen,2026-08-29T09:17:01.729666+00:00
67,langfuse/langfuse,pull_request,10668,pull_commit,committed,477048418c9fce9b6407d9f0133951d37e4c0535,2025-11-24T12:33:06Z,marcklingen,User,,human_account,,no,,,477048418c9fce9b6407d9f0133951d37e4c0535,marcklingen,marcklingen,2026-08-29T09:17:01.729666+00:00
67,langfuse/langfuse,pull_request,10872,pull_commit,committed,052c959577382a55742af8ffa556015747f657a7,2025-12-02T19:51:29Z,Steffen911,User,,human_account,,no,,,052c959577382a55742af8ffa556015747f657a7,Steffen911,Steffen911,2026-08-29T09:17:02.210837+00:00
67,langfuse/langfuse,pull_request,10872,pull_commit,committed,5d60b93246ce55638ed7ce5f756d85f72f230fa8,2025-12-02T19:57:19Z,Steffen911,User,,human_account,,no,,,5d60b93246ce55638ed7ce5f756d85f72f230fa8,Steffen911,Steffen911,2026-08-29T09:17:02.210837+00:00
67,langfuse/langfuse,pull_request,10872,pull_commit,committed,9ee3bf595337daf2beb5f43f298dcd3255efa766,2025-12-02T19:58:23Z,Steffen911,User,,human_account,,no,,,9ee3bf595337daf2beb5f43f298dcd3255efa766,Steffen911,Steffen911,2026-08-29T09:17:02.210837+00:00
67,langfuse/langfuse,pull_request,10872,pull_commit,committed,380b23a3c442f75203979c5a06ede05a311d6a09,2025-12-02T19:59:52Z,maxdeichmann,User,,human_account,,no,,,380b23a3c442f75203979c5a06ede05a311d6a09,maxdeichmann,maxdeichmann,2026-08-29T09:17:02.210837+00:00
67,langfuse/langfuse,pull_request,10872,pull_commit,committed,46a209febdc389c99310b4881522fdf216735337,2025-12-02T20:00:11Z,maxdeichmann,User,,human_account,,no,,,46a209febdc389c99310b4881522fdf216735337,maxdeichmann,maxdeichmann,2026-08-29T09:17:02.210837+00:00
67,langfuse/langfuse,pull_request,10872,pull_commit,committed,358eb8f5f547d6be8e92790ef52ca7d45646ec20,2025-12-02T20:00:25Z,web-flow,User,,human_account,,no,,,358eb8f5f547d6be8e92790ef52ca7d45646ec20,maxdeichmann,web-flow,2026-08-29T09:17:02.210837+00:00
67,langfuse/langfuse,pull_request,10872,pull_commit,committed,3023fb700423c20660204352240d641b0e97f363,2025-12-02T20:04:25Z,Steffen911,User,,human_account,,no,,,3023fb700423c20660204352240d641b0e97f363,Steffen911,Steffen911,2026-08-29T09:17:02.210837+00:00
67,langfuse/langfuse,pull_request,10872,pull_commit,committed,38d9ec28a888309a4f04e582f283aa8be573d28b,2025-12-02T20:04:41Z,Steffen911,User,,human_account,,no,,,38d9ec28a888309a4f04e582f283aa8be573d28b,Steffen911,Steffen911,2026-08-29T09:17:02.210837+00:00
67,langfuse/langfuse,pull_request,10872,pull_commit,committed,fe2e44c3aa8145149af94d087a2675a502629e92,2025-12-02T20:06:50Z,Steffen911,User,,human_account,,no,,,fe2e44c3aa8145149af94d087a2675a502629e92,Steffen911,Steffen911,2026-08-29T09:17:02.210837+00:00
67,langfuse/langfuse,pull_request,10872,pull_commit,committed,d874bb2f762f2e2d38b41aad148dfe0fef052736,2025-12-02T20:16:16Z,web-flow,User,,human_account,,no,,,d874bb2f762f2e2d38b41aad148dfe0fef052736,maxdeichmann,web-flow,2026-08-29T09:17:02.210837+00:00
67,langfuse/langfuse,pull_request,10744,pull_commit,committed,48e6db85cd4426e086b7c277e53dd04038735441,2025-11-27T03:30:00Z,,,,unknown,,no,,,48e6db85cd4426e086b7c277e53dd04038735441,,,2026-08-29T09:17:02.820771+00:00
67,langfuse/langfuse,pull_request,10744,pull_commit,committed,dd790a6e5acf35a0869f4fc5b477741504c5f64e,2025-11-27T03:43:18Z,,,,unknown,,no,,,dd790a6e5acf35a0869f4fc5b477741504c5f64e,,,2026-08-29T09:17:02.820771+00:00
67,langfuse/langfuse,pull_request,9087,pull_commit,committed,6cc00ecb8abc84acd68a67e3c73606ff8dee6bca,2025-09-11T12:33:07Z,hassiebp,User,,human_account,,no,,,6cc00ecb8abc84acd68a67e3c73606ff8dee6bca,hassiebp,hassiebp,2026-08-29T09:17:03.324602+00:00
67,langfuse/langfuse,pull_request,9087,pull_commit,committed,67d7f6e7dea387225d7f98a17417078ac02e7808,2025-09-11T12:33:31Z,web-flow,User,,human_account,,no,,,67d7f6e7dea387225d7f98a17417078ac02e7808,hassiebp,web-flow,2026-08-29T09:17:03.324602+00:00
67,langfuse/langfuse,pull_request,9753,pull_commit,committed,cdd993c310dab718ad2929b151bce01de76be1c1,2025-10-15T16:44:26Z,cursoragent,User,,human_account,,no,,,cdd993c310dab718ad2929b151bce01de76be1c1,cursoragent,cursoragent,2026-08-29T09:17:03.868986+00:00
67,langfuse/langfuse,pull_request,9753,pull_commit,committed,e0409a8b16a4ea52bce847c72a6a77edb89b8ca2,2025-10-22T09:15:56Z,web-flow,User,,human_account,,no,,,e0409a8b16a4ea52bce847c72a6a77edb89b8ca2,nimarb,web-flow,2026-08-29T09:17:03.868986+00:00
67,langfuse/langfuse,pull_request,9536,pull_commit,committed,ce248ab71e0a72dbb5c6dd5b055149f439afae6d,2025-10-01T17:54:48Z,marliessophie,User,,human_account,,no,,,ce248ab71e0a72dbb5c6dd5b055149f439afae6d,marliessophie,marliessophie,2026-08-29T09:17:04.424273+00:00
67,langfuse/langfuse,pull_request,9536,pull_commit,committed,77b169220c41808b5b56070a32110dbe597ad036,2025-10-02T09:08:48Z,marliessophie,User,,human_account,,no,,,77b169220c41808b5b56070a32110dbe597ad036,marliessophie,marliessophie,2026-08-29T09:17:04.424273+00:00
67,langfuse/langfuse,pull_request,9536,pull_commit,committed,c21babcc517942cb9f68fc2a26f1acc4b9e398b7,2025-10-02T12:05:20Z,marliessophie,User,,human_account,,no,,,c21babcc517942cb9f68fc2a26f1acc4b9e398b7,marliessophie,marliessophie,2026-08-29T09:17:04.424273+00:00
67,langfuse/langfuse,pull_request,9536,pull_commit,committed,eba00558207813620d35bea4bcfdd661181bc0b8,2025-10-02T12:44:21Z,marliessophie,User,,human_account,,no,,,eba00558207813620d35bea4bcfdd661181bc0b8,marliessophie,marliessophie,2026-08-29T09:17:04.424273+00:00
67,langfuse/langfuse,pull_request,9536,pull_commit,committed,656a6da77650c4f8fac564112dc17f45169100d2,2025-10-02T13:56:30Z,marliessophie,User,,human_account,,no,,,656a6da77650c4f8fac564112dc17f45169100d2,marliessophie,marliessophie,2026-08-29T09:17:04.424273+00:00
67,langfuse/langfuse,pull_request,9536,pull_commit,committed,0c234c4740924ebe21d9fb43c1de7e3c75155ed9,2025-10-02T14:06:19Z,marliessophie,User,,human_account,,no,,,0c234c4740924ebe21d9fb43c1de7e3c75155ed9,marliessophie,marliessophie,2026-08-29T09:17:04.424273+00:00
67,langfuse/langfuse,pull_request,9536,pull_commit,committed,1dfbe65261bbef20d5fb4f0164c15876a022c3e9,2025-10-02T14:09:07Z,marliessophie,User,,human_account,,no,,,1dfbe65261bbef20d5fb4f0164c15876a022c3e9,marliessophie,marliessophie,2026-08-29T09:17:04.424273+00:00
67,langfuse/langfuse,pull_request,9536,pull_commit,committed,bec582e4944bb1d415fa1cfe4404a49e3a0a2e0f,2025-10-02T14:12:46Z,marliessophie,User,,human_account,,no,,,bec582e4944bb1d415fa1cfe4404a49e3a0a2e0f,marliessophie,marliessophie,2026-08-29T09:17:04.424273+00:00
67,langfuse/langfuse,pull_request,9536,pull_commit,committed,ff5142b68f9d01203c337e6caf72b36c0ccb90eb,2025-10-06T07:31:03Z,marliessophie,User,,human_account,,no,,,ff5142b68f9d01203c337e6caf72b36c0ccb90eb,marliessophie,marliessophie,2026-08-29T09:17:04.424273+00:00
67,langfuse/langfuse,pull_request,9536,pull_commit,committed,01ae57da28944c43241451d67c746618b6ef8e42,2025-10-06T08:54:52Z,marliessophie,User,,human_account,,no,,,01ae57da28944c43241451d67c746618b6ef8e42,marliessophie,marliessophie,2026-08-29T09:17:04.424273+00:00
67,langfuse/langfuse,pull_request,9536,pull_commit,committed,b98b5d84dba9143951ca43147b232e99751f9802,2025-10-06T08:55:05Z,marliessophie,User,,human_account,,no,,,b98b5d84dba9143951ca43147b232e99751f9802,marliessophie,marliessophie,2026-08-29T09:17:04.424273+00:00
67,langfuse/langfuse,pull_request,9536,pull_commit,committed,abed23ae05c42176b529c5f9df737addc44ff799,2025-10-06T09:05:01Z,marliessophie,User,,human_account,,no,,,abed23ae05c42176b529c5f9df737addc44ff799,marliessophie,marliessophie,2026-08-29T09:17:04.424273+00:00
67,langfuse/langfuse,pull_request,9536,pull_commit,committed,04f5532885409db3a153044b3278de3efe6c0a31,2025-10-06T09:36:27Z,marliessophie,User,,human_account,,no,,,04f5532885409db3a153044b3278de3efe6c0a31,marliessophie,marliessophie,2026-08-29T09:17:04.424273+00:00
67,langfuse/langfuse,pull_request,9536,pull_commit,committed,d1f0059b8cc6a0f38d26bcff55b09ee540ac2c4e,2025-10-06T09:38:02Z,marliessophie,User,,human_account,,no,,,d1f0059b8cc6a0f38d26bcff55b09ee540ac2c4e,marliessophie,marliessophie,2026-08-29T09:17:04.424273+00:00
67,langfuse/langfuse,pull_request,9536,pull_commit,committed,669ef8b9ac57ad1cb38617be26e5b6f19ca8d065,2025-10-06T09:40:05Z,marliessophie,User,,human_account,,no,,,669ef8b9ac57ad1cb38617be26e5b6f19ca8d065,marliessophie,marliessophie,2026-08-29T09:17:04.424273+00:00
67,langfuse/langfuse,pull_request,9536,pull_commit,committed,991e2ece59119845b7884e60c90a58105518c753,2025-10-06T13:30:43Z,marliessophie,User,,human_account,,no,,,991e2ece59119845b7884e60c90a58105518c753,marliessophie,marliessophie,2026-08-29T09:17:04.424273+00:00
67,langfuse/langfuse,pull_request,9536,pull_commit,committed,ab7ee4785480e4da8a883edf083742f6f6d517b4,2025-10-06T14:39:43Z,marliessophie,User,,human_account,,no,,,ab7ee4785480e4da8a883edf083742f6f6d517b4,marliessophie,marliessophie,2026-08-29T09:17:04.424273+00:00
67,langfuse/langfuse,pull_request,9536,pull_commit,committed,da0aeec293a4f1457dba205e143c9b50a016008e,2025-10-06T18:34:43Z,marliessophie,User,,human_account,,no,,,da0aeec293a4f1457dba205e143c9b50a016008e,marliessophie,marliessophie,2026-08-29T09:17:04.424273+00:00
67,langfuse/langfuse,pull_request,9536,pull_commit,committed,26c710f2866e6cd50a2e86eb452c8ee508b3c7bc,2025-10-06T18:35:36Z,marliessophie,User,,human_account,,no,,,26c710f2866e6cd50a2e86eb452c8ee508b3c7bc,marliessophie,marliessophie,2026-08-29T09:17:04.424273+00:00
67,langfuse/langfuse,pull_request,9536,pull_commit,committed,16e5cf0c6030af7557776bc5c8a73290781c82bf,2025-10-06T18:38:58Z,marliessophie,User,,human_account,,no,,,16e5cf0c6030af7557776bc5c8a73290781c82bf,marliessophie,marliessophie,2026-08-29T09:17:04.424273+00:00
67,langfuse/langfuse,pull_request,9536,pull_commit,committed,fb558311ae8dac5f95cc2a584389a91fad7dc154,2025-10-06T18:54:58Z,marliessophie,User,,human_account,,no,,,fb558311ae8dac5f95cc2a584389a91fad7dc154,marliessophie,marliessophie,2026-08-29T09:17:04.424273+00:00
67,langfuse/langfuse,pull_request,9536,pull_commit,committed,43f32dc551e3f55e6844dc4d54754a6fd99a25c0,2025-10-06T19:02:19Z,marliessophie,User,,human_account,,no,,,43f32dc551e3f55e6844dc4d54754a6fd99a25c0,marliessophie,marliessophie,2026-08-29T09:17:04.424273+00:00
67,langfuse/langfuse,pull_request,9536,pull_commit,committed,a7b906c639e8b43021177cf03783eb73b69ce959,2025-10-06T19:32:32Z,marliessophie,User,,human_account,,no,,,a7b906c639e8b43021177cf03783eb73b69ce959,marliessophie,marliessophie,2026-08-29T09:17:04.424273+00:00
67,langfuse/langfuse,pull_request,9536,pull_commit,committed,4f22946a589b1342fa5f3574c32ec7d90a77f5c9,2025-10-07T12:50:58Z,marliessophie,User,,human_account,,no,,,4f22946a589b1342fa5f3574c32ec7d90a77f5c9,marliessophie,marliessophie,2026-08-29T09:17:04.424273+00:00
67,langfuse/langfuse,pull_request,9536,pull_commit,committed,1c0a36ce76b0a8696d6db282037eb0ef82709611,2025-10-07T12:51:44Z,marliessophie,User,,human_account,,no,,,1c0a36ce76b0a8696d6db282037eb0ef82709611,marliessophie,marliessophie,2026-08-29T09:17:04.424273+00:00
67,langfuse/langfuse,pull_request,9536,pull_commit,committed,3527ceabef9dad095abc74be8a81cef230c9076e,2025-10-07T12:53:37Z,marliessophie,User,,human_account,,no,,,3527ceabef9dad095abc74be8a81cef230c9076e,marliessophie,marliessophie,2026-08-29T09:17:04.424273+00:00
67,langfuse/langfuse,pull_request,9536,pull_commit,committed,43ea3acb9b1cde9fbc19f23639a5ff720c7a935e,2025-10-07T13:14:18Z,marliessophie,User,,human_account,,no,,,43ea3acb9b1cde9fbc19f23639a5ff720c7a935e,marliessophie,marliessophie,2026-08-29T09:17:04.424273+00:00
67,langfuse/langfuse,pull_request,9536,pull_commit,committed,d746aca0bba892eb8db2f72cc5b74b0686022aa4,2025-10-07T14:54:39Z,marliessophie,User,,human_account,,no,,,d746aca0bba892eb8db2f72cc5b74b0686022aa4,marliessophie,marliessophie,2026-08-29T09:17:04.424273+00:00
67,langfuse/langfuse,pull_request,9536,pull_commit,committed,7a2b8a3f325486fcdbc42d2faba558a88effdcf2,2025-10-07T15:15:15Z,marliessophie,User,,human_account,,no,,,7a2b8a3f325486fcdbc42d2faba558a88effdcf2,marliessophie,marliessophie,2026-08-29T09:17:04.424273+00:00
67,langfuse/langfuse,pull_request,9536,pull_commit,committed,91ebc79c5bb8aa5ed4003b2a34288e0c6be702bf,2025-10-07T15:59:16Z,marliessophie,User,,human_account,,no,,,91ebc79c5bb8aa5ed4003b2a34288e0c6be702bf,marliessophie,marliessophie,2026-08-29T09:17:04.424273+00:00
67,langfuse/langfuse,pull_request,9536,pull_commit,committed,a52a4646d00898b29a10b026f869e2d447f32090,2025-10-08T07:58:28Z,marliessophie,User,,human_account,,no,,,a52a4646d00898b29a10b026f869e2d447f32090,marliessophie,marliessophie,2026-08-29T09:17:04.424273+00:00
67,langfuse/langfuse,pull_request,9536,pull_commit,committed,843e8c1f8f7c126680c0a950cefa0ecf292d2de2,2025-10-08T08:47:38Z,marliessophie,User,,human_account,,no,,,843e8c1f8f7c126680c0a950cefa0ecf292d2de2,marliessophie,marliessophie,2026-08-29T09:17:04.424273+00:00
67,langfuse/langfuse,pull_request,9536,pull_commit,committed,6bd1c324cc31b06b2196d3a51b94f551318f9bd5,2025-10-08T08:49:31Z,marliessophie,User,,human_account,,no,,,6bd1c324cc31b06b2196d3a51b94f551318f9bd5,marliessophie,marliessophie,2026-08-29T09:17:04.424273+00:00
67,langfuse/langfuse,pull_request,9536,pull_commit,committed,45b47d2941e7be7db2b9b92598b88764ad3edc22,2025-10-08T09:10:32Z,marliessophie,User,,human_account,,no,,,45b47d2941e7be7db2b9b92598b88764ad3edc22,marliessophie,marliessophie,2026-08-29T09:17:04.424273+00:00
67,langfuse/langfuse,pull_request,9536,pull_commit,committed,72a466a1e9f0ac7ecba7d2285a5756426c895b96,2025-10-08T09:40:28Z,marliessophie,User,,human_account,,no,,,72a466a1e9f0ac7ecba7d2285a5756426c895b96,marliessophie,marliessophie,2026-08-29T09:17:04.424273+00:00
67,langfuse/langfuse,pull_request,9536,pull_commit,committed,4ac22d980e5bd5f08e1528fa83f536a02af55b6d,2025-10-08T13:48:50Z,marliessophie,User,,human_account,,no,,,4ac22d980e5bd5f08e1528fa83f536a02af55b6d,marliessophie,marliessophie,2026-08-29T09:17:04.424273+00:00
67,langfuse/langfuse,pull_request,9536,pull_commit,committed,d0476694290cf5e6b0554a451d497c7f78720f86,2025-10-13T15:11:56Z,marliessophie,User,,human_account,,no,,,d0476694290cf5e6b0554a451d497c7f78720f86,marliessophie,marliessophie,2026-08-29T09:17:04.424273+00:00
67,langfuse/langfuse,pull_request,9536,pull_commit,committed,5ad0443033bb14d38ee2c7fc8745672675243860,2025-10-13T15:34:21Z,marliessophie,User,,human_account,,no,,,5ad0443033bb14d38ee2c7fc8745672675243860,marliessophie,marliessophie,2026-08-29T09:17:04.424273+00:00
67,langfuse/langfuse,pull_request,9536,pull_commit,committed,ae208a871f5ae67ff8f2c17d969547e6d1546299,2025-10-13T15:36:03Z,marliessophie,User,,human_account,,no,,,ae208a871f5ae67ff8f2c17d969547e6d1546299,marliessophie,marliessophie,2026-08-29T09:17:04.424273+00:00
67,langfuse/langfuse,pull_request,9536,pull_commit,committed,2c7d538a8a400f6fd4a17c94bb7161963e8afdd4,2025-10-13T16:14:58Z,marliessophie,User,,human_account,,no,,,2c7d538a8a400f6fd4a17c94bb7161963e8afdd4,marliessophie,marliessophie,2026-08-29T09:17:04.424273+00:00
67,langfuse/langfuse,pull_request,9536,pull_commit,committed,ab672b420bc6ab1535088bff8a22be0077f0c608,2025-10-13T17:18:43Z,marliessophie,User,,human_account,,no,,,ab672b420bc6ab1535088bff8a22be0077f0c608,marliessophie,marliessophie,2026-08-29T09:17:04.424273+00:00
67,langfuse/langfuse,pull_request,9536,pull_commit,committed,b5fb6d058b7c624ed4c60c2d8e67ded5aab5b17a,2025-10-14T07:49:08Z,marliessophie,User,,human_account,,no,,,b5fb6d058b7c624ed4c60c2d8e67ded5aab5b17a,marliessophie,marliessophie,2026-08-29T09:17:04.424273+00:00
67,langfuse/langfuse,pull_request,9536,pull_commit,committed,2ab4a666b76c18ed176f0f528fd3736d4d89bc12,2025-10-14T07:53:36Z,marliessophie,User,,human_account,,no,,,2ab4a666b76c18ed176f0f528fd3736d4d89bc12,marliessophie,marliessophie,2026-08-29T09:17:04.424273+00:00
67,langfuse/langfuse,pull_request,9536,pull_commit,committed,6324825d027748aab22b1cc27271ea980aa1a748,2025-10-14T09:49:24Z,marliessophie,User,,human_account,,no,,,6324825d027748aab22b1cc27271ea980aa1a748,marliessophie,marliessophie,2026-08-29T09:17:04.424273+00:00
67,langfuse/langfuse,pull_request,9536,pull_commit,committed,3174b929305664b60e0356c5422cd14b0e08561e,2025-10-15T15:45:55Z,web-flow,User,,human_account,,no,,,3174b929305664b60e0356c5422cd14b0e08561e,marliessophie,web-flow,2026-08-29T09:17:04.424273+00:00
67,langfuse/langfuse,pull_request,9536,pull_commit,committed,585aabe6a45a29f2876ee624a37fda3648b0a2f9,2025-10-16T15:58:04Z,marliessophie,User,,human_account,,no,,,585aabe6a45a29f2876ee624a37fda3648b0a2f9,marliessophie,marliessophie,2026-08-29T09:17:04.424273+00:00
67,langfuse/langfuse,pull_request,9536,pull_commit,committed,4a938311e39d71773058b038ec0157f4ccd28170,2025-10-16T17:20:14Z,marliessophie,User,,human_account,,no,,,4a938311e39d71773058b038ec0157f4ccd28170,marliessophie,marliessophie,2026-08-29T09:17:04.424273+00:00
67,langfuse/langfuse,pull_request,9536,pull_commit,committed,56c05cef5dfe89ec2db133e7063954864c7b2032,2025-10-16T17:29:44Z,marliessophie,User,,human_account,,no,,,56c05cef5dfe89ec2db133e7063954864c7b2032,marliessophie,marliessophie,2026-08-29T09:17:04.424273+00:00
67,langfuse/langfuse,pull_request,9536,pull_commit,committed,e0b9a9798d89ffd79e98c79754417f4a7ff2f9e0,2025-10-17T08:52:18Z,marliessophie,User,,human_account,,no,,,e0b9a9798d89ffd79e98c79754417f4a7ff2f9e0,marliessophie,marliessophie,2026-08-29T09:17:04.424273+00:00
67,langfuse/langfuse,pull_request,9536,pull_commit,committed,0b8dcc72a376bc785373deb5170e36fe77c85d3b,2025-10-17T08:57:28Z,marliessophie,User,,human_account,,no,,,0b8dcc72a376bc785373deb5170e36fe77c85d3b,marliessophie,marliessophie,2026-08-29T09:17:04.424273+00:00
67,langfuse/langfuse,pull_request,9536,pull_commit,committed,03742b3496a3b055c8cbf2966fdb1c64b6dbc8d7,2025-10-17T11:44:28Z,marliessophie,User,,human_account,,no,,,03742b3496a3b055c8cbf2966fdb1c64b6dbc8d7,marliessophie,marliessophie,2026-08-29T09:17:04.424273+00:00
67,langfuse/langfuse,pull_request,9536,pull_commit,committed,0b5529442bdc5dc9e0f9fb445480db4981eb6a93,2025-10-17T12:08:44Z,marliessophie,User,,human_account,,no,,,0b5529442bdc5dc9e0f9fb445480db4981eb6a93,marliessophie,marliessophie,2026-08-29T09:17:04.424273+00:00
67,langfuse/langfuse,pull_request,9536,pull_commit,committed,f40c6614b88d70036ca7b1b0b6b843749b216b39,2025-10-17T12:23:18Z,marliessophie,User,,human_account,,no,,,f40c6614b88d70036ca7b1b0b6b843749b216b39,marliessophie,marliessophie,2026-08-29T09:17:04.424273+00:00
67,langfuse/langfuse,pull_request,9536,pull_commit,committed,9d48bae991e1aefdf9cd589c98c1488be81bddf5,2025-10-17T12:49:55Z,marliessophie,User,,human_account,,no,,,9d48bae991e1aefdf9cd589c98c1488be81bddf5,marliessophie,marliessophie,2026-08-29T09:17:04.424273+00:00
67,langfuse/langfuse,pull_request,9536,pull_commit,committed,ad1a4399cb0c41dfe906b388de40376cbe8e6cd3,2025-10-17T13:06:43Z,marliessophie,User,,human_account,,no,,,ad1a4399cb0c41dfe906b388de40376cbe8e6cd3,marliessophie,marliessophie,2026-08-29T09:17:04.424273+00:00
67,langfuse/langfuse,pull_request,9536,pull_commit,committed,97c8aa7eb7cf9a7ff520375b81c9c0a0094f083a,2025-10-17T13:08:16Z,marliessophie,User,,human_account,,no,,,97c8aa7eb7cf9a7ff520375b81c9c0a0094f083a,marliessophie,marliessophie,2026-08-29T09:17:04.424273+00:00
67,langfuse/langfuse,pull_request,9536,pull_commit,committed,cc0b53c31a2f80ed391cac7f8316a5a3e97b162b,2025-10-17T13:27:39Z,marliessophie,User,,human_account,,no,,,cc0b53c31a2f80ed391cac7f8316a5a3e97b162b,marliessophie,marliessophie,2026-08-29T09:17:04.424273+00:00
67,langfuse/langfuse,pull_request,9536,pull_commit,committed,8c6e9acc278d0d6c3beff9c1537fc3f8f04162b7,2025-10-17T14:06:14Z,marliessophie,User,,human_account,,no,,,8c6e9acc278d0d6c3beff9c1537fc3f8f04162b7,marliessophie,marliessophie,2026-08-29T09:17:04.424273+00:00
67,langfuse/langfuse,pull_request,9536,pull_commit,committed,01920a95edddaec7b68840c585de80efdc364fed,2025-10-17T15:15:55Z,marliessophie,User,,human_account,,no,,,01920a95edddaec7b68840c585de80efdc364fed,marliessophie,marliessophie,2026-08-29T09:17:04.424273+00:00
67,langfuse/langfuse,pull_request,9536,pull_commit,committed,596ffd8438e51d5ae5ab68b53cb97bfd4b267697,2025-10-20T08:21:04Z,marliessophie,User,,human_account,,no,,,596ffd8438e51d5ae5ab68b53cb97bfd4b267697,marliessophie,marliessophie,2026-08-29T09:17:04.424273+00:00
67,langfuse/langfuse,pull_request,9536,pull_commit,committed,85669f85318d1136b1a5a0467528aab682e1af16,2025-10-20T08:22:45Z,marliessophie,User,,human_account,,no,,,85669f85318d1136b1a5a0467528aab682e1af16,marliessophie,marliessophie,2026-08-29T09:17:04.424273+00:00
67,langfuse/langfuse,pull_request,9536,pull_commit,committed,efbe81e3933b4324ef78170ff0cd4786c7029533,2025-10-20T09:09:15Z,marliessophie,User,,human_account,,no,,,efbe81e3933b4324ef78170ff0cd4786c7029533,marliessophie,marliessophie,2026-08-29T09:17:04.424273+00:00
67,langfuse/langfuse,pull_request,9536,pull_commit,committed,9fe41419038c72c0533df0a009dd39a3be478345,2025-10-20T09:15:57Z,marliessophie,User,,human_account,,no,,,9fe41419038c72c0533df0a009dd39a3be478345,marliessophie,marliessophie,2026-08-29T09:17:04.424273+00:00
67,langfuse/langfuse,pull_request,9536,pull_commit,committed,c9b24750a5d18b8d456b7dc6c6bac97bcbb2e257,2025-10-20T09:18:45Z,marliessophie,User,,human_account,,no,,,c9b24750a5d18b8d456b7dc6c6bac97bcbb2e257,marliessophie,marliessophie,2026-08-29T09:17:04.424273+00:00
67,langfuse/langfuse,pull_request,9536,pull_commit,committed,21f5e8a8500bf5fcb243bb0fe87d265f7ea5cbc6,2025-10-20T12:11:26Z,marliessophie,User,,human_account,,no,,,21f5e8a8500bf5fcb243bb0fe87d265f7ea5cbc6,marliessophie,marliessophie,2026-08-29T09:17:04.424273+00:00
67,langfuse/langfuse,pull_request,9536,pull_commit,committed,6f45706b1b2a8af4e0061a7200d1d253198aaa8b,2025-10-21T07:42:20Z,marliessophie,User,,human_account,,no,,,6f45706b1b2a8af4e0061a7200d1d253198aaa8b,marliessophie,marliessophie,2026-08-29T09:17:04.424273+00:00
67,langfuse/langfuse,pull_request,9536,pull_commit,committed,d092af1182fde766b18ebb9aa05cb328e62a1fb8,2025-10-21T09:12:42Z,web-flow,User,,human_account,,no,,,d092af1182fde766b18ebb9aa05cb328e62a1fb8,marliessophie,web-flow,2026-08-29T09:17:04.424273+00:00
67,langfuse/langfuse,pull_request,11141,pull_commit,committed,7ab564f214e9fd6470b979ec93742e1d6f9a32c6,2025-12-15T22:20:49Z,web-flow,User,,human_account,,no,,,7ab564f214e9fd6470b979ec93742e1d6f9a32c6,dependabot[bot],web-flow,2026-08-29T09:17:05.019215+00:00
67,langfuse/langfuse,pull_request,8862,pull_commit,committed,7a4e9a33c3e556fe937c947f7cf00eb9ced11b2b,2025-09-02T09:12:31Z,cursoragent,User,,human_account,,no,,,7a4e9a33c3e556fe937c947f7cf00eb9ced11b2b,cursoragent,cursoragent,2026-08-29T09:17:05.548173+00:00
67,langfuse/langfuse,pull_request,8862,pull_commit,committed,89cff25bac13de13d048c9b59a4e9f2305d4d9ad,2025-09-02T09:16:15Z,cursoragent,User,,human_account,,no,,,89cff25bac13de13d048c9b59a4e9f2305d4d9ad,cursoragent,cursoragent,2026-08-29T09:17:05.548173+00:00
67,langfuse/langfuse,pull_request,8862,pull_commit,committed,0445c6e155bb316677a78e203bdab18a7d851322,2025-09-02T09:18:58Z,marcklingen,User,,human_account,,no,,,0445c6e155bb316677a78e203bdab18a7d851322,marcklingen,marcklingen,2026-08-29T09:17:05.548173+00:00
67,langfuse/langfuse,pull_request,8862,pull_commit,committed,712c8685d6f404beaad10163635ac7c8e1cc56b5,2025-09-02T09:21:05Z,marcklingen,User,,human_account,,no,,,712c8685d6f404beaad10163635ac7c8e1cc56b5,marcklingen,marcklingen,2026-08-29T09:17:05.548173+00:00
67,langfuse/langfuse,pull_request,8862,pull_commit,committed,7023dcab0f34ef16cc3f185c574818a4e2b547dc,2025-09-02T12:17:59Z,marcklingen,User,,human_account,,no,,,7023dcab0f34ef16cc3f185c574818a4e2b547dc,marcklingen,marcklingen,2026-08-29T09:17:05.548173+00:00
67,langfuse/langfuse,pull_request,10423,pull_commit,committed,329ff395138afc500220b00e339f4ba74aca434f,2025-11-12T12:32:04Z,nimarb,User,,human_account,,no,,,329ff395138afc500220b00e339f4ba74aca434f,nimarb,nimarb,2026-08-29T09:17:06.099060+00:00
67,langfuse/langfuse,pull_request,10423,pull_commit,committed,a4654114ca534dc39b746ef35cd5f4fa9600cb9d,2025-11-12T12:55:34Z,web-flow,User,,human_account,,no,,,a4654114ca534dc39b746ef35cd5f4fa9600cb9d,nimarb,web-flow,2026-08-29T09:17:06.099060+00:00
67,langfuse/langfuse,pull_request,9828,pull_commit,committed,913dd477b8363c35c51a723ba3524958691fec0a,2025-10-17T19:10:04Z,sumerman,User,,human_account,,no,,,913dd477b8363c35c51a723ba3524958691fec0a,sumerman,sumerman,2026-08-29T09:17:06.578042+00:00
67,langfuse/langfuse,pull_request,9658,pull_commit,committed,a3423377c0af1dfb67dfd1b971044f9e37f1ff44,2025-10-10T09:54:02Z,,,,unknown,,no,,,a3423377c0af1dfb67dfd1b971044f9e37f1ff44,,,2026-08-29T09:17:07.048186+00:00
67,langfuse/langfuse,pull_request,9658,pull_commit,committed,a452cd30d22cb5c9f3fdd8e1db0d5fcb16adc88c,2025-10-22T08:41:24Z,web-flow,User,,human_account,,no,,,a452cd30d22cb5c9f3fdd8e1db0d5fcb16adc88c,nimarb,web-flow,2026-08-29T09:17:07.048186+00:00
67,langfuse/langfuse,pull_request,9658,pull_commit,committed,1191f3d4c1861fa40e4fa53009e09a39477931f0,2025-10-27T09:43:43Z,web-flow,User,,human_account,,no,,,1191f3d4c1861fa40e4fa53009e09a39477931f0,nimarb,web-flow,2026-08-29T09:17:07.048186+00:00
67,langfuse/langfuse,pull_request,9658,pull_commit,committed,45ed64e1f160011c5b241ba02705fe4b38e73ac0,2025-11-06T09:46:17Z,web-flow,User,,human_account,,no,,,45ed64e1f160011c5b241ba02705fe4b38e73ac0,nimarb,web-flow,2026-08-29T09:17:07.048186+00:00
67,langfuse/langfuse,pull_request,9658,pull_commit,committed,c217a238d40c54be87fac94adb45d83c388410e8,2025-12-01T15:31:33Z,web-flow,User,,human_account,,no,,,c217a238d40c54be87fac94adb45d83c388410e8,nimarb,web-flow,2026-08-29T09:17:07.048186+00:00
67,langfuse/langfuse,pull_request,10633,pull_commit,committed,329a7db5e319198208a11f160ab5634c7a4b7e0c,2025-11-21T10:29:02Z,FroeMic,User,,human_account,,no,,,329a7db5e319198208a11f160ab5634c7a4b7e0c,FroeMic,FroeMic,2026-08-29T09:17:07.627399+00:00
67,langfuse/langfuse,pull_request,10633,pull_commit,committed,29d54b02312d8030361df4676af702c5e032958a,2025-11-21T10:59:35Z,FroeMic,User,,human_account,,no,,,29d54b02312d8030361df4676af702c5e032958a,FroeMic,FroeMic,2026-08-29T09:17:07.627399+00:00
67,langfuse/langfuse,pull_request,10633,pull_commit,committed,57e94d7930f6d986ae6c262b45c4c4b673666251,2025-11-21T12:21:47Z,FroeMic,User,,human_account,,no,,,57e94d7930f6d986ae6c262b45c4c4b673666251,FroeMic,FroeMic,2026-08-29T09:17:07.627399+00:00
67,langfuse/langfuse,pull_request,10633,pull_commit,committed,4e0891bc524cdb1882098535d8df35160f6a2a7b,2025-11-21T12:25:22Z,web-flow,User,,human_account,,no,,,4e0891bc524cdb1882098535d8df35160f6a2a7b,FroeMic,web-flow,2026-08-29T09:17:07.627399+00:00
67,langfuse/langfuse,pull_request,9569,pull_commit,committed,1ec3a242d4a893c0a5395636c4d313b6b0b7a4a0,2025-10-07T12:46:13Z,nimarb,User,,human_account,,no,,,1ec3a242d4a893c0a5395636c4d313b6b0b7a4a0,nimarb,nimarb,2026-08-29T09:17:08.119199+00:00
67,langfuse/langfuse,pull_request,8926,pull_commit,committed,c779575f2cfe4c2c9bf05f25908971b6b8b49bb2,2025-09-04T14:47:19Z,nimarb,User,,human_account,,no,,,c779575f2cfe4c2c9bf05f25908971b6b8b49bb2,nimarb,nimarb,2026-08-29T09:17:08.550769+00:00
67,langfuse/langfuse,pull_request,8926,pull_commit,committed,1299e76fd0586178982bf192591ee13c84348f43,2025-09-04T14:47:52Z,web-flow,User,,human_account,,no,,,1299e76fd0586178982bf192591ee13c84348f43,nimarb,web-flow,2026-08-29T09:17:08.550769+00:00
67,langfuse/langfuse,pull_request,8926,pull_commit,committed,134561aa6363910d59ec871ec7ee31b6cfaee2ff,2025-09-04T15:16:55Z,nimarb,User,,human_account,,no,,,134561aa6363910d59ec871ec7ee31b6cfaee2ff,nimarb,nimarb,2026-08-29T09:17:08.550769+00:00
67,langfuse/langfuse,pull_request,8926,pull_commit,committed,c482ec604dae83a4d194efb07ed46694f65407b7,2025-09-04T15:20:30Z,nimarb,User,,human_account,,no,,,c482ec604dae83a4d194efb07ed46694f65407b7,nimarb,nimarb,2026-08-29T09:17:08.550769+00:00
67,langfuse/langfuse,pull_request,8926,pull_commit,committed,fa7397b6f72d193db1664d7eabe947171397ca14,2025-09-04T16:40:00Z,nimarb,User,,human_account,,no,,,fa7397b6f72d193db1664d7eabe947171397ca14,nimarb,nimarb,2026-08-29T09:17:08.550769+00:00
67,langfuse/langfuse,pull_request,8926,pull_commit,committed,01924f9b1bc8b94c58777c69654a4b9b7449c193,2025-09-04T16:40:29Z,web-flow,User,,human_account,,no,,,01924f9b1bc8b94c58777c69654a4b9b7449c193,nimarb,web-flow,2026-08-29T09:17:08.550769+00:00
67,langfuse/langfuse,pull_request,8926,pull_commit,committed,4dc586738dd8967507601e7346cbb3d6b33408e4,2025-09-04T16:43:26Z,web-flow,User,,human_account,,no,,,4dc586738dd8967507601e7346cbb3d6b33408e4,nimarb,web-flow,2026-08-29T09:17:08.550769+00:00
67,langfuse/langfuse,pull_request,9126,pull_commit,committed,b9f72c93f1cba01b8725c5ce4e0977914bcd140f,2025-09-14T15:57:07Z,maxdeichmann,User,,human_account,,no,,,b9f72c93f1cba01b8725c5ce4e0977914bcd140f,maxdeichmann,maxdeichmann,2026-08-29T09:17:09.107450+00:00
67,langfuse/langfuse,pull_request,11256,pull_commit,committed,625e95584704062747074cee8fe2d1f223c534f7,2025-12-21T19:09:01Z,maxdeichmann,User,,human_account,,no,,,625e95584704062747074cee8fe2d1f223c534f7,maxdeichmann,maxdeichmann,2026-08-29T09:17:09.647997+00:00
67,langfuse/langfuse,pull_request,11256,pull_commit,committed,0ed4f2d37bf2de598b0584e48c0292648379eaec,2025-12-21T19:14:29Z,maxdeichmann,User,,human_account,,no,,,0ed4f2d37bf2de598b0584e48c0292648379eaec,maxdeichmann,maxdeichmann,2026-08-29T09:17:09.647997+00:00
67,langfuse/langfuse,pull_request,11256,pull_commit,committed,aab417728bed775a12bc5e39dc5c2dc02a787618,2025-12-21T19:46:26Z,maxdeichmann,User,,human_account,,no,,,aab417728bed775a12bc5e39dc5c2dc02a787618,maxdeichmann,maxdeichmann,2026-08-29T09:17:09.647997+00:00
67,langfuse/langfuse,pull_request,11256,pull_commit,committed,914cb7d42a60b3746110de7e878766f7cea9c84c,2025-12-21T20:28:53Z,maxdeichmann,User,,human_account,,no,,,914cb7d42a60b3746110de7e878766f7cea9c84c,maxdeichmann,maxdeichmann,2026-08-29T09:17:09.647997+00:00
67,langfuse/langfuse,pull_request,10337,pull_commit,committed,505bdf2c98a4e02d8f18d344f5a4e704c19c0a99,2025-11-10T16:35:45Z,Steffen911,User,,human_account,,no,,,505bdf2c98a4e02d8f18d344f5a4e704c19c0a99,Steffen911,Steffen911,2026-08-29T09:17:10.175470+00:00
67,langfuse/langfuse,pull_request,10070,pull_commit,committed,069fddbc731835348c7704182e1e5c913c1270d8,2025-10-28T16:01:24Z,marliessophie,User,,human_account,,no,,,069fddbc731835348c7704182e1e5c913c1270d8,marliessophie,marliessophie,2026-08-29T09:17:10.672209+00:00
67,langfuse/langfuse,pull_request,10070,pull_commit,committed,a8f73f3e556ebbe0b5e6520201d8d724af8af7d7,2025-10-29T14:03:20Z,web-flow,User,,human_account,,no,,,a8f73f3e556ebbe0b5e6520201d8d724af8af7d7,marliessophie,web-flow,2026-08-29T09:17:10.672209+00:00
67,langfuse/langfuse,pull_request,10469,pull_commit,committed,d4b86fa949893b6f83dfdacf0cb25e15a5c01bfb,2025-11-13T16:46:52Z,marliessophie,User,,human_account,,no,,,d4b86fa949893b6f83dfdacf0cb25e15a5c01bfb,marliessophie,marliessophie,2026-08-29T09:17:11.660854+00:00
67,langfuse/langfuse,pull_request,15348,pull_commit,committed,2bc208a79b8e7eca596289924f07636d03b38763,2026-07-23T09:32:05Z,nmtrang29,User,,human_account,,no,,,2bc208a79b8e7eca596289924f07636d03b38763,nmtrang29,nmtrang29,2026-08-29T09:17:12.167717+00:00
67,langfuse/langfuse,pull_request,15348,pull_commit,committed,19710bf06bc73d1a3d8b7b29f89dcf1aebb2b43c,2026-07-27T15:10:13Z,nmtrang29,User,,human_account,,no,,,19710bf06bc73d1a3d8b7b29f89dcf1aebb2b43c,nmtrang29,nmtrang29,2026-08-29T09:17:12.167717+00:00
67,langfuse/langfuse,pull_request,14191,pull_commit,committed,04c33e0ccbd80fe061d73fa2cc35eda4b936e31c,2026-06-11T12:17:20Z,jannikmaierhoefer,User,,human_account,,no,,,04c33e0ccbd80fe061d73fa2cc35eda4b936e31c,jannikmaierhoefer,jannikmaierhoefer,2026-08-29T09:17:12.687451+00:00
67,langfuse/langfuse,pull_request,15470,pull_commit,committed,f59c5d2f664c7f61d004774d877f5e9e356e0839,2026-07-27T08:32:06Z,marliessophie,User,,human_account,,no,,,f59c5d2f664c7f61d004774d877f5e9e356e0839,marliessophie,marliessophie,2026-08-29T09:17:13.146233+00:00
67,langfuse/langfuse,pull_request,15470,pull_commit,committed,ffdd4682a21c70df0119e3146b0c44c99504505b,2026-07-27T08:37:14Z,marliessophie,User,,human_account,,no,,,ffdd4682a21c70df0119e3146b0c44c99504505b,marliessophie,marliessophie,2026-08-29T09:17:13.146233+00:00
67,langfuse/langfuse,pull_request,15470,pull_commit,committed,71021ee990d7fa56921e4966d225297ea4ce7501,2026-07-27T09:59:09Z,marliessophie,User,,human_account,,no,,,71021ee990d7fa56921e4966d225297ea4ce7501,marliessophie,marliessophie,2026-08-29T09:17:13.146233+00:00
67,langfuse/langfuse,pull_request,15470,pull_commit,committed,0d9b723bd6f2ed0aa6edb01f68f66d7d8a77fc3b,2026-07-27T10:01:08Z,marliessophie,User,,human_account,,no,,,0d9b723bd6f2ed0aa6edb01f68f66d7d8a77fc3b,marliessophie,marliessophie,2026-08-29T09:17:13.146233+00:00
67,langfuse/langfuse,pull_request,15470,pull_commit,committed,19de0f40e10a51d1b0351822336d6d1614a3ace5,2026-07-27T10:51:53Z,marliessophie,User,,human_account,,no,,,19de0f40e10a51d1b0351822336d6d1614a3ace5,marliessophie,marliessophie,2026-08-29T09:17:13.146233+00:00
67,langfuse/langfuse,pull_request,15470,pull_commit,committed,3469367020ce84dc764ec56254c7c7a09a8989f6,2026-07-27T10:53:56Z,marliessophie,User,,human_account,,no,,,3469367020ce84dc764ec56254c7c7a09a8989f6,marliessophie,marliessophie,2026-08-29T09:17:13.146233+00:00
67,langfuse/langfuse,pull_request,15470,pull_commit,committed,72c3b8b7644882fa6337356cab903f462cdef20c,2026-07-27T10:58:54Z,marliessophie,User,,human_account,,no,,,72c3b8b7644882fa6337356cab903f462cdef20c,marliessophie,marliessophie,2026-08-29T09:17:13.146233+00:00
67,langfuse/langfuse,pull_request,15470,pull_commit,committed,44ad187be4c4e7fc195f126bf4be059b8f3dc398,2026-07-27T11:24:15Z,marliessophie,User,,human_account,,no,,,44ad187be4c4e7fc195f126bf4be059b8f3dc398,marliessophie,marliessophie,2026-08-29T09:17:13.146233+00:00
67,langfuse/langfuse,pull_request,15470,pull_commit,committed,68bf244dcf952eba04c2b3a3b03910c0cd47fe20,2026-07-27T11:50:43Z,marliessophie,User,,human_account,,no,,,68bf244dcf952eba04c2b3a3b03910c0cd47fe20,marliessophie,marliessophie,2026-08-29T09:17:13.146233+00:00
67,langfuse/langfuse,pull_request,14984,pull_commit,committed,e6fc891192d4b93f2501d77b9c783d2734f6a66f,2026-07-10T13:52:39Z,bezbac,User,,human_account,,no,,,e6fc891192d4b93f2501d77b9c783d2734f6a66f,bezbac,bezbac,2026-08-29T09:17:13.636382+00:00
67,langfuse/langfuse,pull_request,14024,pull_commit,committed,fe4345c6e2d7ae31fb9107240d5ebbe1470dd271,2026-06-03T13:10:11Z,wochinge,User,,human_account,,no,,,fe4345c6e2d7ae31fb9107240d5ebbe1470dd271,wochinge,wochinge,2026-08-29T09:17:14.180833+00:00
67,langfuse/langfuse,pull_request,14024,pull_commit,committed,27bf0fe497bfc436881c56024c4aeb573f869ebf,2026-06-03T13:27:21Z,wochinge,User,,human_account,,no,,,27bf0fe497bfc436881c56024c4aeb573f869ebf,wochinge,wochinge,2026-08-29T09:17:14.180833+00:00
67,langfuse/langfuse,pull_request,16786,pull_commit,committed,47fa8297d90e4b0a77164307f7b189708c243f3a,2026-08-28T15:02:12Z,nkabardin,User,,human_account,,no,,,47fa8297d90e4b0a77164307f7b189708c243f3a,nkabardin,nkabardin,2026-08-29T09:17:14.681338+00:00
67,langfuse/langfuse,pull_request,14248,pull_commit,committed,4b6f6a820416a21ea2f3690d93d6134ef398f8fc,2026-06-15T08:39:06Z,bezbac,User,,human_account,,no,,,4b6f6a820416a21ea2f3690d93d6134ef398f8fc,bezbac,bezbac,2026-08-29T09:17:15.118825+00:00
67,langfuse/langfuse,pull_request,14248,pull_commit,committed,6a5210c4a34705cf525176cc73c76a125eada781,2026-06-15T08:50:10Z,bezbac,User,,human_account,,no,,,6a5210c4a34705cf525176cc73c76a125eada781,bezbac,bezbac,2026-08-29T09:17:15.118825+00:00
67,langfuse/langfuse,pull_request,14248,pull_commit,committed,55eddce655b8f75ddc27088956eb68127f1e0a4e,2026-06-15T09:30:23Z,bezbac,User,,human_account,,no,,,55eddce655b8f75ddc27088956eb68127f1e0a4e,bezbac,bezbac,2026-08-29T09:17:15.118825+00:00
67,langfuse/langfuse,pull_request,14248,pull_commit,committed,f43c35fd9c1418457955bdafbbd9a4f6ef4baf11,2026-06-15T09:33:16Z,bezbac,User,,human_account,,no,,,f43c35fd9c1418457955bdafbbd9a4f6ef4baf11,bezbac,bezbac,2026-08-29T09:17:15.118825+00:00
67,langfuse/langfuse,pull_request,14248,pull_commit,committed,fe8fb6ab791c8102103b4505abe9f5d5c78ca34f,2026-06-15T09:34:59Z,bezbac,User,,human_account,,no,,,fe8fb6ab791c8102103b4505abe9f5d5c78ca34f,bezbac,bezbac,2026-08-29T09:17:15.118825+00:00
67,langfuse/langfuse,pull_request,14248,pull_commit,committed,6a066eea31608e8fa654934778bc789a6060e427,2026-06-15T10:39:39Z,bezbac,User,,human_account,,no,,,6a066eea31608e8fa654934778bc789a6060e427,bezbac,bezbac,2026-08-29T09:17:15.118825+00:00
67,langfuse/langfuse,pull_request,16117,pull_commit,committed,8a49ba2bd0a488780b7e6a75a2e08903e867a8c5,2026-08-14T08:03:48Z,web-flow,User,,human_account,,no,,,8a49ba2bd0a488780b7e6a75a2e08903e867a8c5,dependabot[bot],web-flow,2026-08-29T09:17:15.636071+00:00
67,langfuse/langfuse,pull_request,16722,pull_commit,committed,a817f8589e9009af54e59b154d3d3a28fe3c6495,2026-08-27T01:17:12Z,marksalpeter,User,,human_account,,no,,,a817f8589e9009af54e59b154d3d3a28fe3c6495,marksalpeter,marksalpeter,2026-08-29T09:17:16.267927+00:00
67,langfuse/langfuse,pull_request,16722,pull_commit,committed,a5fda4073fd707a73b97acde820116969248264f,2026-08-27T01:31:50Z,marksalpeter,User,,human_account,,no,,,a5fda4073fd707a73b97acde820116969248264f,marksalpeter,marksalpeter,2026-08-29T09:17:16.267927+00:00
67,langfuse/langfuse,pull_request,16722,pull_commit,committed,d8c256ee19c5288fdd8a969b1f85d521df83a3f5,2026-08-27T01:54:23Z,marksalpeter,User,,human_account,,no,,,d8c256ee19c5288fdd8a969b1f85d521df83a3f5,marksalpeter,marksalpeter,2026-08-29T09:17:16.267927+00:00
67,langfuse/langfuse,pull_request,16722,pull_commit,committed,ae634cf61127c6e426aa2ff8079eac453f386d50,2026-08-27T16:31:16Z,marksalpeter,User,,human_account,,no,,,ae634cf61127c6e426aa2ff8079eac453f386d50,marksalpeter,marksalpeter,2026-08-29T09:17:16.267927+00:00
67,langfuse/langfuse,pull_request,16722,pull_commit,committed,624b9731c46401e6b6d4792a39c98ed8aeb46ccd,2026-08-27T16:50:52Z,marksalpeter,User,,human_account,,no,,,624b9731c46401e6b6d4792a39c98ed8aeb46ccd,marksalpeter,marksalpeter,2026-08-29T09:17:16.267927+00:00
67,langfuse/langfuse,pull_request,16722,pull_commit,committed,e427b2fa733d60df0113d20a7b879e49d360e3d6,2026-08-27T17:43:15Z,marksalpeter,User,,human_account,,no,,,e427b2fa733d60df0113d20a7b879e49d360e3d6,marksalpeter,marksalpeter,2026-08-29T09:17:16.267927+00:00
67,langfuse/langfuse,pull_request,16722,pull_commit,committed,0b25b1ba2ad198746bcf7bee0ed065b6e16b4002,2026-08-27T18:06:45Z,marksalpeter,User,,human_account,,no,,,0b25b1ba2ad198746bcf7bee0ed065b6e16b4002,marksalpeter,marksalpeter,2026-08-29T09:17:16.267927+00:00
67,langfuse/langfuse,pull_request,15363,pull_commit,committed,650bdb2a9256a1b9b5b99648993bb5893dfaba58,2026-07-23T11:10:47Z,nimarb,User,,human_account,,no,,,650bdb2a9256a1b9b5b99648993bb5893dfaba58,nimarb,nimarb,2026-08-29T09:17:16.833901+00:00
67,langfuse/langfuse,pull_request,15363,pull_commit,committed,7c839a2af8077cba21d24422aa035744c3c3017e,2026-07-23T11:11:06Z,web-flow,User,,human_account,,no,,,7c839a2af8077cba21d24422aa035744c3c3017e,nimarb,web-flow,2026-08-29T09:17:16.833901+00:00
67,langfuse/langfuse,pull_request,16797,pull_commit,committed,c225ffee1879280b0a3a107a653379dc8b0aa118,2026-08-28T16:45:29Z,cursoragent,User,,human_account,,no,,,c225ffee1879280b0a3a107a653379dc8b0aa118,cursoragent,cursoragent,2026-08-29T09:17:17.365498+00:00
67,langfuse/langfuse,pull_request,16797,pull_commit,committed,8dba4514071fd317a8ad03b9c02cd0220e328747,2026-08-28T16:51:08Z,cursoragent,User,,human_account,,no,,,8dba4514071fd317a8ad03b9c02cd0220e328747,cursoragent,cursoragent,2026-08-29T09:17:17.365498+00:00
67,langfuse/langfuse,pull_request,16082,pull_commit,committed,a7ac0d4db2db43b0db4a2f12952b4c76fc8342b8,2026-08-13T14:25:56Z,LysanderKie,User,,human_account,,no,,,a7ac0d4db2db43b0db4a2f12952b4c76fc8342b8,LysanderKie,LysanderKie,2026-08-29T09:17:17.937587+00:00
67,langfuse/langfuse,pull_request,16082,pull_commit,committed,0bc18e63cc5b51a2ecd7b9796c59dd5852575ba5,2026-08-13T15:26:55Z,web-flow,User,,human_account,,no,,,0bc18e63cc5b51a2ecd7b9796c59dd5852575ba5,LysanderKie,web-flow,2026-08-29T09:17:17.937587+00:00
67,langfuse/langfuse,pull_request,16082,pull_commit,committed,798260aba0b76753f1816d2d535f842a6dd6502d,2026-08-14T08:37:50Z,LysanderKie,User,,human_account,,no,,,798260aba0b76753f1816d2d535f842a6dd6502d,LysanderKie,LysanderKie,2026-08-29T09:17:17.937587+00:00
67,langfuse/langfuse,pull_request,16082,pull_commit,committed,9fddc1ebeca1527f2996c4cc0a22c8bca38c3e85,2026-08-14T08:38:09Z,LysanderKie,User,,human_account,,no,,,9fddc1ebeca1527f2996c4cc0a22c8bca38c3e85,LysanderKie,LysanderKie,2026-08-29T09:17:17.937587+00:00
67,langfuse/langfuse,pull_request,16082,pull_commit,committed,70c28c745020fac8cac1e1363eaeb243bc82a2b1,2026-08-14T09:13:28Z,LysanderKie,User,,human_account,,no,,,70c28c745020fac8cac1e1363eaeb243bc82a2b1,LysanderKie,LysanderKie,2026-08-29T09:17:17.937587+00:00
67,langfuse/langfuse,pull_request,16082,pull_commit,committed,90c20abe0dd6a0092732c876ff1919fd8900b174,2026-08-14T10:27:25Z,web-flow,User,,human_account,,no,,,90c20abe0dd6a0092732c876ff1919fd8900b174,LysanderKie,web-flow,2026-08-29T09:17:17.937587+00:00
67,langfuse/langfuse,pull_request,15395,pull_commit,committed,f744106db298e9eb9c36f5a48e670f6a6aee26a6,2026-07-23T18:20:27Z,nkabardin,User,,human_account,,no,,,f744106db298e9eb9c36f5a48e670f6a6aee26a6,nkabardin,nkabardin,2026-08-29T09:17:18.588579+00:00
67,langfuse/langfuse,pull_request,15395,pull_commit,committed,b620dc5cdacb75c1e860e84b3a78ff4b1b93d59d,2026-07-24T08:03:37Z,nkabardin,User,,human_account,,no,,,b620dc5cdacb75c1e860e84b3a78ff4b1b93d59d,nkabardin,nkabardin,2026-08-29T09:17:18.588579+00:00
67,langfuse/langfuse,pull_request,15395,pull_commit,committed,c20cf0fe913750e762a1b51efb3a82ab20127785,2026-07-24T08:04:00Z,nkabardin,User,,human_account,,no,,,c20cf0fe913750e762a1b51efb3a82ab20127785,nkabardin,nkabardin,2026-08-29T09:17:18.588579+00:00
67,langfuse/langfuse,pull_request,15395,pull_commit,committed,838197d67da5a61754bff06376a445d7467922e1,2026-07-24T08:04:13Z,nkabardin,User,,human_account,,no,,,838197d67da5a61754bff06376a445d7467922e1,nkabardin,nkabardin,2026-08-29T09:17:18.588579+00:00
67,langfuse/langfuse,pull_request,15395,pull_commit,committed,2e7027d9ed31961b96ff6526d45f156faf0c0d9d,2026-07-24T09:42:19Z,nkabardin,User,,human_account,,no,,,2e7027d9ed31961b96ff6526d45f156faf0c0d9d,nkabardin,nkabardin,2026-08-29T09:17:18.588579+00:00
67,langfuse/langfuse,pull_request,15395,pull_commit,committed,1c7cc8e86ff65ecb1b7a01f6b87898df3158d22e,2026-07-24T12:25:47Z,nkabardin,User,,human_account,,no,,,1c7cc8e86ff65ecb1b7a01f6b87898df3158d22e,nkabardin,nkabardin,2026-08-29T09:17:18.588579+00:00
67,langfuse/langfuse,pull_request,15395,pull_commit,committed,d11fce791858c3f88368881447faa2540799416a,2026-07-24T12:38:54Z,nkabardin,User,,human_account,,no,,,d11fce791858c3f88368881447faa2540799416a,nkabardin,nkabardin,2026-08-29T09:17:18.588579+00:00
67,langfuse/langfuse,pull_request,15395,pull_commit,committed,b49d92f0990c9f8c46d2d930a8d5bc8ce71d483a,2026-07-24T13:41:21Z,nkabardin,User,,human_account,,no,,,b49d92f0990c9f8c46d2d930a8d5bc8ce71d483a,nkabardin,nkabardin,2026-08-29T09:17:18.588579+00:00
67,langfuse/langfuse,pull_request,15395,pull_commit,committed,2117d45ae92cb83f77fc44ff280c79e8d137896e,2026-07-27T09:58:01Z,nkabardin,User,,human_account,,no,,,2117d45ae92cb83f77fc44ff280c79e8d137896e,nkabardin,nkabardin,2026-08-29T09:17:18.588579+00:00
67,langfuse/langfuse,pull_request,15395,pull_commit,committed,fec852123fd7249b606c19cf98290a8be9b1623c,2026-07-27T10:29:12Z,nkabardin,User,,human_account,,no,,,fec852123fd7249b606c19cf98290a8be9b1623c,nkabardin,nkabardin,2026-08-29T09:17:18.588579+00:00
67,langfuse/langfuse,pull_request,15395,pull_commit,committed,3bcaa875449466943b37c869a36dd6088fef9761,2026-07-27T10:30:12Z,nkabardin,User,,human_account,,no,,,3bcaa875449466943b37c869a36dd6088fef9761,nkabardin,nkabardin,2026-08-29T09:17:18.588579+00:00
67,langfuse/langfuse,pull_request,15461,pull_commit,committed,96e205716bdcae4321c92d43ef42df0f5305342d,2026-08-19T13:53:27Z,Steffen911,User,,human_account,,no,,,96e205716bdcae4321c92d43ef42df0f5305342d,Steffen911,Steffen911,2026-08-29T09:17:19.128870+00:00
67,langfuse/langfuse,pull_request,15461,pull_commit,committed,e2ce92dd5424387fa1673eac0f5442a678b1345f,2026-08-19T13:53:28Z,Steffen911,User,,human_account,,no,,,e2ce92dd5424387fa1673eac0f5442a678b1345f,Steffen911,Steffen911,2026-08-29T09:17:19.128870+00:00
67,langfuse/langfuse,pull_request,15461,pull_commit,committed,b3e1855441d97103eb72019ec50d3bcbc80ccfc3,2026-08-19T13:53:28Z,Steffen911,User,,human_account,,no,,,b3e1855441d97103eb72019ec50d3bcbc80ccfc3,Steffen911,Steffen911,2026-08-29T09:17:19.128870+00:00
67,langfuse/langfuse,pull_request,15461,pull_commit,committed,478b393f4e7ca6f5695de251b952ade972314f9f,2026-08-19T13:55:20Z,Steffen911,User,,human_account,,no,,,478b393f4e7ca6f5695de251b952ade972314f9f,Steffen911,Steffen911,2026-08-29T09:17:19.128870+00:00
67,langfuse/langfuse,pull_request,15461,pull_commit,committed,b7b051b486c2979037465d3ae337cf5f168d4a0b,2026-08-19T13:55:20Z,Steffen911,User,,human_account,,no,,,b7b051b486c2979037465d3ae337cf5f168d4a0b,Steffen911,Steffen911,2026-08-29T09:17:19.128870+00:00
67,langfuse/langfuse,pull_request,15461,pull_commit,committed,b0f88f066f0d54fc5a738d52c9c78b5f8b159f13,2026-08-19T14:37:28Z,web-flow,User,,human_account,,no,,,b0f88f066f0d54fc5a738d52c9c78b5f8b159f13,Steffen911,web-flow,2026-08-29T09:17:19.128870+00:00
67,langfuse/langfuse,pull_request,15461,pull_commit,committed,469197acb1331c49910f60392067695caff089b9,2026-08-21T09:10:27Z,web-flow,User,,human_account,,no,,,469197acb1331c49910f60392067695caff089b9,Steffen911,web-flow,2026-08-29T09:17:19.128870+00:00
67,langfuse/langfuse,pull_request,16490,pull_commit,committed,a6c662b72e23f4129c4d7788ce80de5363956ba5,2026-08-24T17:05:13Z,chelsealong,User,,human_account,,no,,,a6c662b72e23f4129c4d7788ce80de5363956ba5,chelsealong,chelsealong,2026-08-29T09:17:19.735416+00:00
67,langfuse/langfuse,pull_request,15413,pull_commit,committed,71beb9f8c9623b0649db30c2e143965a4f9032ea,2026-07-24T11:33:18Z,nkabardin,User,,human_account,,no,,,71beb9f8c9623b0649db30c2e143965a4f9032ea,nkabardin,nkabardin,2026-08-29T09:17:20.267166+00:00
67,langfuse/langfuse,pull_request,15413,pull_commit,committed,74ae65782a5f4b1d3d990da965847af88e81fc74,2026-07-24T11:53:46Z,nkabardin,User,,human_account,,no,,,74ae65782a5f4b1d3d990da965847af88e81fc74,nkabardin,nkabardin,2026-08-29T09:17:20.267166+00:00
67,langfuse/langfuse,pull_request,15413,pull_commit,committed,d80374b1a6dc67e88c4ec954866b0167d93e5931,2026-07-24T12:04:45Z,nkabardin,User,,human_account,,no,,,d80374b1a6dc67e88c4ec954866b0167d93e5931,nkabardin,nkabardin,2026-08-29T09:17:20.267166+00:00
67,langfuse/langfuse,pull_request,14980,pull_commit,committed,4327362f2838a8f3191ef3bd335888f9dbbfcab8,2026-07-10T14:22:52Z,niklassemmler,User,,human_account,,no,,,4327362f2838a8f3191ef3bd335888f9dbbfcab8,niklassemmler,niklassemmler,2026-08-29T09:17:20.792678+00:00
67,langfuse/langfuse,pull_request,14980,pull_commit,committed,6d0cb076373eba3ae1e090a73cd5c14086e5099f,2026-07-10T14:22:52Z,niklassemmler,User,,human_account,,no,,,6d0cb076373eba3ae1e090a73cd5c14086e5099f,niklassemmler,niklassemmler,2026-08-29T09:17:20.792678+00:00
67,langfuse/langfuse,pull_request,14980,pull_commit,committed,bee02612effe926bf658497f0dc1cd1b53c2405c,2026-07-10T14:22:52Z,niklassemmler,User,,human_account,,no,,,bee02612effe926bf658497f0dc1cd1b53c2405c,niklassemmler,niklassemmler,2026-08-29T09:17:20.792678+00:00
67,langfuse/langfuse,pull_request,14980,pull_commit,committed,685fdf4fa8d01d8aa8b2fe9e165d4052eb3fa6b2,2026-07-10T15:19:40Z,niklassemmler,User,,human_account,,no,,,685fdf4fa8d01d8aa8b2fe9e165d4052eb3fa6b2,niklassemmler,niklassemmler,2026-08-29T09:17:20.792678+00:00
67,langfuse/langfuse,pull_request,14980,pull_commit,committed,95570e7f02b15e765f5704edbcc7a3ac8c7eca62,2026-07-10T15:45:06Z,niklassemmler,User,,human_account,,no,,,95570e7f02b15e765f5704edbcc7a3ac8c7eca62,niklassemmler,niklassemmler,2026-08-29T09:17:20.792678+00:00
67,langfuse/langfuse,pull_request,14018,pull_commit,committed,e6ccf719eedbf41530ac24d21e6a5699ff0ece13,2026-06-05T11:08:58Z,bezbac,User,,human_account,,no,,,e6ccf719eedbf41530ac24d21e6a5699ff0ece13,bezbac,bezbac,2026-08-29T09:17:21.335348+00:00
67,langfuse/langfuse,pull_request,14018,pull_commit,committed,be9b8599130edcfac9d2eb93fa346bbbaed8775c,2026-06-05T14:16:56Z,bezbac,User,,human_account,,no,,,be9b8599130edcfac9d2eb93fa346bbbaed8775c,bezbac,bezbac,2026-08-29T09:17:21.335348+00:00
67,langfuse/langfuse,pull_request,13993,pull_commit,committed,794533ed05061bc5ca8caa2eb67b6dbb63e15354,2026-06-02T06:36:03Z,solstxce,User,,human_account,,no,,,794533ed05061bc5ca8caa2eb67b6dbb63e15354,solstxce,solstxce,2026-08-29T09:17:21.941248+00:00
67,langfuse/langfuse,pull_request,13993,pull_commit,committed,78756c58affb87bff43cf8e6005ccd921c7987e6,2026-06-02T11:01:02Z,solstxce,User,,human_account,,no,,,78756c58affb87bff43cf8e6005ccd921c7987e6,solstxce,solstxce,2026-08-29T09:17:21.941248+00:00
67,langfuse/langfuse,pull_request,16592,pull_commit,committed,19c11fc6c70d03b71b064713425a0a5bd1fcaa2c,2026-08-26T09:06:15Z,niklassemmler,User,,human_account,,no,,,19c11fc6c70d03b71b064713425a0a5bd1fcaa2c,niklassemmler,niklassemmler,2026-08-29T09:17:22.459149+00:00
67,langfuse/langfuse,pull_request,15259,pull_commit,committed,e99c207d7396ad60acf574bce58120ebafff73a5,2026-07-21T13:23:16Z,nimarb,User,,human_account,,no,,,e99c207d7396ad60acf574bce58120ebafff73a5,nimarb,nimarb,2026-08-29T09:17:22.926488+00:00
67,langfuse/langfuse,pull_request,14250,pull_commit,committed,5af4a43c45f1dfd054688182293d094949dfe512,2026-06-15T10:41:01Z,marliessophie,User,,human_account,,no,,,5af4a43c45f1dfd054688182293d094949dfe512,marliessophie,marliessophie,2026-08-29T09:17:23.396286+00:00
67,langfuse/langfuse,pull_request,14250,pull_commit,committed,0bf7e4c24bfe1bf7117bc3b41079a94301c463b4,2026-06-15T10:49:50Z,marliessophie,User,,human_account,,no,,,0bf7e4c24bfe1bf7117bc3b41079a94301c463b4,marliessophie,marliessophie,2026-08-29T09:17:23.396286+00:00
67,langfuse/langfuse,pull_request,14250,pull_commit,committed,d2991a691b6551f96187edab5a37c001cb528e11,2026-06-15T11:14:37Z,marliessophie,User,,human_account,,no,,,d2991a691b6551f96187edab5a37c001cb528e11,marliessophie,marliessophie,2026-08-29T09:17:23.396286+00:00
67,langfuse/langfuse,pull_request,14250,pull_commit,committed,2445062ce5f999ab6751451b258179cfa66f0f87,2026-06-15T11:24:15Z,marliessophie,User,,human_account,,no,,,2445062ce5f999ab6751451b258179cfa66f0f87,marliessophie,marliessophie,2026-08-29T09:17:23.396286+00:00
67,langfuse/langfuse,pull_request,14638,pull_commit,committed,802f5e5aecdd67a1fc4e0645c26450a9226f59bd,2026-06-29T16:14:43Z,nimarb,User,,human_account,,no,,,802f5e5aecdd67a1fc4e0645c26450a9226f59bd,nimarb,nimarb,2026-08-29T09:17:23.943719+00:00
67,langfuse/langfuse,pull_request,14638,pull_commit,committed,a5a3599c4f93e9a8788cd77136cd21ee7a6c74ee,2026-06-29T16:26:37Z,nimarb,User,,human_account,,no,,,a5a3599c4f93e9a8788cd77136cd21ee7a6c74ee,nimarb,nimarb,2026-08-29T09:17:23.943719+00:00
67,langfuse/langfuse,pull_request,14638,pull_commit,committed,10ed5d0c7aa6cfac9c9c6894b08ab9c3cd98fa1f,2026-06-29T16:34:08Z,nimarb,User,,human_account,,no,,,10ed5d0c7aa6cfac9c9c6894b08ab9c3cd98fa1f,nimarb,nimarb,2026-08-29T09:17:23.943719+00:00
67,langfuse/langfuse,pull_request,14638,pull_commit,committed,c8e790d54cde7eb33c142f504e3337d679280bc9,2026-06-29T16:40:49Z,nimarb,User,,human_account,,no,,,c8e790d54cde7eb33c142f504e3337d679280bc9,nimarb,nimarb,2026-08-29T09:17:23.943719+00:00
67,langfuse/langfuse,pull_request,14360,pull_commit,committed,c6f7beed0837084444c00c3ac701feb5ab323727,2026-06-18T12:43:30Z,maxdeichmann,User,,human_account,,no,,,c6f7beed0837084444c00c3ac701feb5ab323727,maxdeichmann,maxdeichmann,2026-08-29T09:17:24.477655+00:00
67,langfuse/langfuse,pull_request,14360,pull_commit,committed,db6e7c22a9ab3f951ff6cafdddf947c5fcc42e55,2026-06-18T12:43:33Z,maxdeichmann,User,,human_account,,no,,,db6e7c22a9ab3f951ff6cafdddf947c5fcc42e55,maxdeichmann,maxdeichmann,2026-08-29T09:17:24.477655+00:00
67,langfuse/langfuse,pull_request,14360,pull_commit,committed,9111739a4ac9f7ed502a28fbc2e9ab16d900646b,2026-06-18T12:43:33Z,maxdeichmann,User,,human_account,,no,,,9111739a4ac9f7ed502a28fbc2e9ab16d900646b,maxdeichmann,maxdeichmann,2026-08-29T09:17:24.477655+00:00
67,langfuse/langfuse,pull_request,14360,pull_commit,committed,33ba0d8591f7e16123f62e68bef951866e8870bd,2026-06-18T12:49:13Z,maxdeichmann,User,,human_account,,no,,,33ba0d8591f7e16123f62e68bef951866e8870bd,maxdeichmann,maxdeichmann,2026-08-29T09:17:24.477655+00:00
67,langfuse/langfuse,pull_request,14360,pull_commit,committed,fa8858981e0b5481c40789a82e539ecb9ec9bee3,2026-06-18T12:58:32Z,maxdeichmann,User,,human_account,,no,,,fa8858981e0b5481c40789a82e539ecb9ec9bee3,maxdeichmann,maxdeichmann,2026-08-29T09:17:24.477655+00:00
67,langfuse/langfuse,pull_request,14360,pull_commit,committed,b66c7306243d1a50a08edaeb706052814a5de696,2026-06-18T13:13:31Z,maxdeichmann,User,,human_account,,no,,,b66c7306243d1a50a08edaeb706052814a5de696,maxdeichmann,maxdeichmann,2026-08-29T09:17:24.477655+00:00
67,langfuse/langfuse,pull_request,14360,pull_commit,committed,82830d4b35bf9ed1bcb497e86afc70775fbad7a6,2026-06-18T13:33:36Z,maxdeichmann,User,,human_account,,no,,,82830d4b35bf9ed1bcb497e86afc70775fbad7a6,maxdeichmann,maxdeichmann,2026-08-29T09:17:24.477655+00:00
67,langfuse/langfuse,pull_request,14360,pull_commit,committed,a32258a7e29ec7421cb7e9fbf50e9694d71bbbf1,2026-06-18T13:47:37Z,maxdeichmann,User,,human_account,,no,,,a32258a7e29ec7421cb7e9fbf50e9694d71bbbf1,maxdeichmann,maxdeichmann,2026-08-29T09:17:24.477655+00:00
67,langfuse/langfuse,pull_request,14360,pull_commit,committed,3b8e9746163d19748c76a5143ed3f0821a6ef8a0,2026-06-18T13:50:59Z,maxdeichmann,User,,human_account,,no,,,3b8e9746163d19748c76a5143ed3f0821a6ef8a0,maxdeichmann,maxdeichmann,2026-08-29T09:17:24.477655+00:00
67,langfuse/langfuse,pull_request,14360,pull_commit,committed,2ef64fe21010666f3fdcffa1061350305ec9774a,2026-06-18T14:00:07Z,maxdeichmann,User,,human_account,,no,,,2ef64fe21010666f3fdcffa1061350305ec9774a,maxdeichmann,maxdeichmann,2026-08-29T09:17:24.477655+00:00
67,langfuse/langfuse,pull_request,14360,pull_commit,committed,b1d6d0b53057747a4c90a6e50b5e5560b8ad4e72,2026-06-18T14:32:48Z,maxdeichmann,User,,human_account,,no,,,b1d6d0b53057747a4c90a6e50b5e5560b8ad4e72,maxdeichmann,maxdeichmann,2026-08-29T09:17:24.477655+00:00
67,langfuse/langfuse,pull_request,14360,pull_commit,committed,f9d98608ff7d9eceff5fb9a0d7095b09c1478197,2026-06-18T14:57:09Z,maxdeichmann,User,,human_account,,no,,,f9d98608ff7d9eceff5fb9a0d7095b09c1478197,maxdeichmann,maxdeichmann,2026-08-29T09:17:24.477655+00:00
67,langfuse/langfuse,pull_request,15607,pull_commit,committed,a78fdd1399b485fd4682f6812ce3c30d77cf9d41,2026-07-30T08:13:23Z,Steffen911,User,,human_account,,no,,,a78fdd1399b485fd4682f6812ce3c30d77cf9d41,Steffen911,Steffen911,2026-08-29T09:17:25.043483+00:00
67,langfuse/langfuse,pull_request,15607,pull_commit,committed,34d92422838eb2cb9ffac2a02729ecd716100a11,2026-07-30T08:13:35Z,Steffen911,User,,human_account,,no,,,34d92422838eb2cb9ffac2a02729ecd716100a11,Steffen911,Steffen911,2026-08-29T09:17:25.043483+00:00
67,langfuse/langfuse,pull_request,16002,pull_commit,committed,53fd3563906d840d90a9a54e6cda3003c6873bf8,2026-08-11T16:30:16Z,nimarb,User,,human_account,,no,,,53fd3563906d840d90a9a54e6cda3003c6873bf8,nimarb,nimarb,2026-08-29T09:17:25.555409+00:00
67,langfuse/langfuse,pull_request,16002,pull_commit,committed,7e500bade7fa5c9690b8fbb708d25656bec248d8,2026-08-12T10:38:32Z,nimarb,User,,human_account,,no,,,7e500bade7fa5c9690b8fbb708d25656bec248d8,nimarb,nimarb,2026-08-29T09:17:25.555409+00:00
67,langfuse/langfuse,pull_request,16002,pull_commit,committed,f9a4820054547cbde352d61216f3ce21ac47b57b,2026-08-12T11:34:53Z,nimarb,User,,human_account,,no,,,f9a4820054547cbde352d61216f3ce21ac47b57b,nimarb,nimarb,2026-08-29T09:17:25.555409+00:00
67,langfuse/langfuse,pull_request,16002,pull_commit,committed,8c3532af596e254218e9a2b30653e3955154b28a,2026-08-12T12:19:28Z,nimarb,User,,human_account,,no,,,8c3532af596e254218e9a2b30653e3955154b28a,nimarb,nimarb,2026-08-29T09:17:25.555409+00:00
67,langfuse/langfuse,pull_request,16072,pull_commit,committed,11ad6b8e9881a7d31a8afe95df39b18bcc38834a,2026-08-12T15:42:01Z,sumerman,User,,human_account,,no,,,11ad6b8e9881a7d31a8afe95df39b18bcc38834a,sumerman,sumerman,2026-08-29T09:17:26.032678+00:00
76,langchain-ai/langchain,pull_request,207,pull_commit,committed,a2a56915b3820a1403f8a763524c5ec675f6ca03,2022-11-26T23:14:56Z,hwchase17,User,,human_account,,no,,,a2a56915b3820a1403f8a763524c5ec675f6ca03,hwchase17,hwchase17,2026-08-29T09:17:27.011454+00:00
76,langchain-ai/langchain,pull_request,207,pull_commit,committed,225ee79b5eab5f94bb64f8d174d58f768eaf5945,2022-11-27T14:55:56Z,hwchase17,User,,human_account,,no,,,225ee79b5eab5f94bb64f8d174d58f768eaf5945,hwchase17,hwchase17,2026-08-29T09:17:27.011454+00:00
76,langchain-ai/langchain,pull_request,207,pull_commit,committed,3c8d176477695c901705853b7f7cfc45877e9b1f,2022-11-27T15:04:53Z,hwchase17,User,,human_account,,no,,,3c8d176477695c901705853b7f7cfc45877e9b1f,hwchase17,hwchase17,2026-08-29T09:17:27.011454+00:00
76,langchain-ai/langchain,pull_request,207,pull_commit,committed,bb08e2173c7efde1a2788d0f99d524fde6a7cbce,2022-11-27T18:03:58Z,hwchase17,User,,human_account,,no,,,bb08e2173c7efde1a2788d0f99d524fde6a7cbce,hwchase17,hwchase17,2026-08-29T09:17:27.011454+00:00
76,langchain-ai/langchain,pull_request,207,pull_commit,committed,b7610509a2ce9411109e099d9f5ab696895a675f,2022-11-27T18:12:06Z,hwchase17,User,,human_account,,no,,,b7610509a2ce9411109e099d9f5ab696895a675f,hwchase17,hwchase17,2026-08-29T09:17:27.011454+00:00
76,langchain-ai/langchain,pull_request,816,pull_commit,committed,c02b8f86abf02899806676fb0e2921a723783942,2023-02-02T08:25:09Z,kahkeng,User,,human_account,,no,,,c02b8f86abf02899806676fb0e2921a723783942,kahkeng,kahkeng,2026-08-29T09:17:27.578297+00:00
76,langchain-ai/langchain,pull_request,816,pull_commit,committed,d1a731961bcd4580cf8ac26b96e6f306bd6f5065,2023-02-02T21:27:41Z,kahkeng,User,,human_account,,no,,,d1a731961bcd4580cf8ac26b96e6f306bd6f5065,kahkeng,kahkeng,2026-08-29T09:17:27.578297+00:00
76,langchain-ai/langchain,pull_request,305,pull_commit,committed,383be6d2b0a83cd2d2e0cfc0bdb046cd4d384827,2022-12-10T23:10:56Z,shobith,User,,human_account,,no,,,383be6d2b0a83cd2d2e0cfc0bdb046cd4d384827,shobith,shobith,2026-08-29T09:17:28.131533+00:00
76,langchain-ai/langchain,pull_request,305,pull_commit,committed,83c719e06a398d42d2cbdea3ed8f94639506149a,2022-12-10T23:11:32Z,web-flow,User,,human_account,,no,,,83c719e06a398d42d2cbdea3ed8f94639506149a,shobith,web-flow,2026-08-29T09:17:28.131533+00:00
76,langchain-ai/langchain,pull_request,79,pull_commit,committed,d790d649a6d1f8d7a3292806ad48e455b6cc525d,2022-11-07T18:09:44Z,camjw,User,,human_account,,no,,,d790d649a6d1f8d7a3292806ad48e455b6cc525d,camjw,camjw,2026-08-29T09:17:28.755973+00:00
76,langchain-ai/langchain,pull_request,620,pull_commit,committed,b8763dda75f586acbdc7c13a7a2983450dd4befb,2023-01-15T12:24:56Z,rubensmau,User,,human_account,,no,,,b8763dda75f586acbdc7c13a7a2983450dd4befb,rubensmau,rubensmau,2026-08-29T09:17:29.273507+00:00
76,langchain-ai/langchain,pull_request,234,pull_commit,committed,a1fec47d9b33767dcf3ab126b3623c56b8b201ff,2022-12-01T14:39:35Z,hwchase17,User,,human_account,,no,,,a1fec47d9b33767dcf3ab126b3623c56b8b201ff,hwchase17,hwchase17,2026-08-29T09:17:29.810317+00:00
76,langchain-ai/langchain,pull_request,22,pull_commit,committed,e4202e641bc6c67f03f67ae3291f0d869cfa67cf,2022-10-25T19:54:27Z,hwchase17,User,,human_account,,no,,,e4202e641bc6c67f03f67ae3291f0d869cfa67cf,hwchase17,hwchase17,2026-08-29T09:17:30.311399+00:00
76,langchain-ai/langchain,pull_request,981,pull_commit,committed,a7e6abff4df954164f451cce724457a129c79058,2023-02-10T18:34:04Z,conceptofmind,User,,human_account,,no,,,a7e6abff4df954164f451cce724457a129c79058,conceptofmind,conceptofmind,2026-08-29T09:17:30.853222+00:00
76,langchain-ai/langchain,pull_request,981,pull_commit,committed,1a67a6a2e539b62cc97af9578dd7cab16d3cbda9,2023-02-10T18:59:01Z,conceptofmind,User,,human_account,,no,,,1a67a6a2e539b62cc97af9578dd7cab16d3cbda9,conceptofmind,conceptofmind,2026-08-29T09:17:30.853222+00:00
76,langchain-ai/langchain,pull_request,981,pull_commit,committed,7542a0dd0ae1e1ca11d950b374a937f06ef7c7bd,2023-02-10T19:08:44Z,web-flow,User,,human_account,,no,,,7542a0dd0ae1e1ca11d950b374a937f06ef7c7bd,conceptofmind,web-flow,2026-08-29T09:17:30.853222+00:00
76,langchain-ai/langchain,pull_request,981,pull_commit,committed,2d414138eda7c1c040d0b59a0134f0ea23f8b72e,2023-02-10T19:09:34Z,web-flow,User,,human_account,,no,,,2d414138eda7c1c040d0b59a0134f0ea23f8b72e,conceptofmind,web-flow,2026-08-29T09:17:30.853222+00:00
76,langchain-ai/langchain,pull_request,981,pull_commit,committed,9af7349176d6cfd7a02e40e3561f4327d2d006a5,2023-02-10T19:10:06Z,web-flow,User,,human_account,,no,,,9af7349176d6cfd7a02e40e3561f4327d2d006a5,conceptofmind,web-flow,2026-08-29T09:17:30.853222+00:00
76,langchain-ai/langchain,pull_request,981,pull_commit,committed,0628ccf37681d1baf0f894c34871da5bd83958d8,2023-02-10T19:10:40Z,web-flow,User,,human_account,,no,,,0628ccf37681d1baf0f894c34871da5bd83958d8,conceptofmind,web-flow,2026-08-29T09:17:30.853222+00:00
76,langchain-ai/langchain,pull_request,981,pull_commit,committed,a83ba350b6f9d4a738d21e8890d475f7f3ac1075,2023-02-13T10:15:55Z,web-flow,User,,human_account,,no,,,a83ba350b6f9d4a738d21e8890d475f7f3ac1075,conceptofmind,web-flow,2026-08-29T09:17:30.853222+00:00
76,langchain-ai/langchain,pull_request,66,pull_commit,committed,6c5ad0864302005ddbb142ab7b4b6124d9f95aab,2022-11-05T22:07:53Z,hwchase17,User,,human_account,,no,,,6c5ad0864302005ddbb142ab7b4b6124d9f95aab,hwchase17,hwchase17,2026-08-29T09:17:31.411205+00:00
76,langchain-ai/langchain,pull_request,337,pull_commit,committed,364e5c9077a174382b9b256dfc034f2e836969b6,2022-12-14T05:55:17Z,,,,unknown,,no,,,364e5c9077a174382b9b256dfc034f2e836969b6,,,2026-08-29T09:17:31.896781+00:00
76,langchain-ai/langchain,pull_request,427,pull_commit,committed,36af8b1eb993382e7f54af6e2355f0396fd7c85e,2022-12-26T04:12:28Z,hwchase17,User,,human_account,,no,,,36af8b1eb993382e7f54af6e2355f0396fd7c85e,hwchase17,hwchase17,2026-08-29T09:17:32.414602+00:00
76,langchain-ai/langchain,pull_request,913,pull_commit,committed,ec256b9d85ba188910f883a69916c34fed2ab1e4,2023-02-06T20:58:44Z,hwchase17,User,,human_account,,no,,,ec256b9d85ba188910f883a69916c34fed2ab1e4,hwchase17,hwchase17,2026-08-29T09:17:32.993893+00:00
76,langchain-ai/langchain,pull_request,241,pull_commit,committed,be82eb77a16a8005f219ab2c4d00e90082d27be1,2022-12-02T01:56:26Z,,,,unknown,,no,,,be82eb77a16a8005f219ab2c4d00e90082d27be1,,,2026-08-29T09:17:33.484624+00:00
76,langchain-ai/langchain,pull_request,241,pull_commit,committed,55a2ba681b6b570316c417de33dffd07d64e8187,2022-12-02T02:13:01Z,,,,unknown,,no,,,55a2ba681b6b570316c417de33dffd07d64e8187,,,2026-08-29T09:17:33.484624+00:00
76,langchain-ai/langchain,pull_request,422,pull_commit,committed,72565ff496ad71d5d5dc61692584da380a695453,2022-12-25T08:22:58Z,j-csc,User,,human_account,,no,,,72565ff496ad71d5d5dc61692584da380a695453,j-csc,j-csc,2026-08-29T09:17:34.093959+00:00
76,langchain-ai/langchain,pull_request,422,pull_commit,committed,3a0c6a94ff2ac21e3ca212f5a526b98c6c781579,2022-12-25T23:15:03Z,web-flow,User,,human_account,,no,,,3a0c6a94ff2ac21e3ca212f5a526b98c6c781579,j-csc,web-flow,2026-08-29T09:17:34.093959+00:00
76,langchain-ai/langchain,pull_request,422,pull_commit,committed,abd476bb0f48e9e49b51180ff584611926f8491a,2022-12-25T23:18:05Z,j-csc,User,,human_account,,no,,,abd476bb0f48e9e49b51180ff584611926f8491a,j-csc,j-csc,2026-08-29T09:17:34.093959+00:00
76,langchain-ai/langchain,pull_request,422,pull_commit,committed,bcd217b013286d9530f26f6e5487fd222ab952bb,2022-12-26T02:31:17Z,j-csc,User,,human_account,,no,,,bcd217b013286d9530f26f6e5487fd222ab952bb,j-csc,j-csc,2026-08-29T09:17:34.093959+00:00
76,langchain-ai/langchain,pull_request,593,pull_commit,committed,6ff7e70405ee6eeaf99aa3cee081e46226c3c475,2023-01-12T13:30:35Z,web-flow,User,,human_account,,no,,,6ff7e70405ee6eeaf99aa3cee081e46226c3c475,marcgreen,web-flow,2026-08-29T09:17:34.690538+00:00
76,langchain-ai/langchain,pull_request,593,pull_commit,committed,72270bb77ff5373e200411b99f2c515c331218c4,2023-01-12T14:15:49Z,web-flow,User,,human_account,,no,,,72270bb77ff5373e200411b99f2c515c331218c4,hwchase17,web-flow,2026-08-29T09:17:34.690538+00:00
76,langchain-ai/langchain,pull_request,141,pull_commit,committed,100b9aab9d2a430d93b7b736888b64e68f420583,2022-11-15T04:33:16Z,hwchase17,User,,human_account,,no,,,100b9aab9d2a430d93b7b736888b64e68f420583,hwchase17,hwchase17,2026-08-29T09:17:35.361716+00:00
76,langchain-ai/langchain,pull_request,141,pull_commit,committed,4e611739a3ee66e243ad399ed2cf0ebf9c1150f5,2022-11-15T05:28:01Z,hwchase17,User,,human_account,,no,,,4e611739a3ee66e243ad399ed2cf0ebf9c1150f5,hwchase17,hwchase17,2026-08-29T09:17:35.361716+00:00
76,langchain-ai/langchain,pull_request,537,pull_commit,committed,7a150ae7e484f05d280c1aa0173a629b1ac893a6,2023-01-04T19:05:03Z,hwchase17,User,,human_account,,no,,,7a150ae7e484f05d280c1aa0173a629b1ac893a6,hwchase17,hwchase17,2026-08-29T09:17:35.846674+00:00
76,langchain-ai/langchain,pull_request,537,pull_commit,committed,b9bcb1e9bba56edd9915593215b4cd5a1ef6819f,2023-01-04T19:14:23Z,hwchase17,User,,human_account,,no,,,b9bcb1e9bba56edd9915593215b4cd5a1ef6819f,hwchase17,hwchase17,2026-08-29T09:17:35.846674+00:00
76,langchain-ai/langchain,pull_request,537,pull_commit,committed,dbfe58c48506f75fbb6f461cedfb779c3b292c8c,2023-01-05T21:46:13Z,hwchase17,User,,human_account,,no,,,dbfe58c48506f75fbb6f461cedfb779c3b292c8c,hwchase17,hwchase17,2026-08-29T09:17:35.846674+00:00
76,langchain-ai/langchain,pull_request,488,pull_commit,committed,e2f8cf97cfd6b7d0a1d1f9f5371e5a25633e7583,2022-12-30T03:03:28Z,hwchase17,User,,human_account,,no,,,e2f8cf97cfd6b7d0a1d1f9f5371e5a25633e7583,hwchase17,hwchase17,2026-08-29T09:17:36.328007+00:00
76,langchain-ai/langchain,pull_request,488,pull_commit,committed,41f40173f84d1dec3d8c89f3c41fa3b80d3a1ed9,2022-12-30T03:13:54Z,hwchase17,User,,human_account,,no,,,41f40173f84d1dec3d8c89f3c41fa3b80d3a1ed9,hwchase17,hwchase17,2026-08-29T09:17:36.328007+00:00
76,langchain-ai/langchain,pull_request,488,pull_commit,committed,ba2610af7718c519e11b4a8fccf96afd161f212a,2022-12-30T03:40:10Z,hwchase17,User,,human_account,,no,,,ba2610af7718c519e11b4a8fccf96afd161f212a,hwchase17,hwchase17,2026-08-29T09:17:36.328007+00:00
76,langchain-ai/langchain,pull_request,488,pull_commit,committed,6d034025887c9c61708e8e992096e84400fd927d,2022-12-30T03:40:27Z,hwchase17,User,,human_account,,no,,,6d034025887c9c61708e8e992096e84400fd927d,hwchase17,hwchase17,2026-08-29T09:17:36.328007+00:00
76,langchain-ai/langchain,pull_request,488,pull_commit,committed,9a419f71a90d050470a5ad2cb7caa813b48e1556,2022-12-30T03:51:33Z,hwchase17,User,,human_account,,no,,,9a419f71a90d050470a5ad2cb7caa813b48e1556,hwchase17,hwchase17,2026-08-29T09:17:36.328007+00:00
76,langchain-ai/langchain,pull_request,488,pull_commit,committed,149567ca5f24c3a2dc4cf2f50f2eeba2cdad7225,2022-12-30T04:00:46Z,hwchase17,User,,human_account,,no,,,149567ca5f24c3a2dc4cf2f50f2eeba2cdad7225,hwchase17,hwchase17,2026-08-29T09:17:36.328007+00:00
76,langchain-ai/langchain,pull_request,488,pull_commit,committed,10059eb27868ad93b7ae5d4cd10ed83beda44590,2022-12-30T18:58:17Z,hwchase17,User,,human_account,,no,,,10059eb27868ad93b7ae5d4cd10ed83beda44590,hwchase17,hwchase17,2026-08-29T09:17:36.328007+00:00
76,langchain-ai/langchain,pull_request,488,pull_commit,committed,6f9821a31ef4c391cd2e9f8cffc2b6718717248f,2022-12-30T19:04:52Z,hwchase17,User,,human_account,,no,,,6f9821a31ef4c391cd2e9f8cffc2b6718717248f,hwchase17,hwchase17,2026-08-29T09:17:36.328007+00:00
76,langchain-ai/langchain,pull_request,488,pull_commit,committed,c71ba58bdd4c2834e0ae44e99da35541e016e59d,2022-12-30T19:40:43Z,hwchase17,User,,human_account,,no,,,c71ba58bdd4c2834e0ae44e99da35541e016e59d,hwchase17,hwchase17,2026-08-29T09:17:36.328007+00:00
76,langchain-ai/langchain,pull_request,139,pull_commit,committed,51ad372a4d747fbd821f87c503468cf6d6a3cdd6,2022-11-14T18:09:26Z,web-flow,User,,human_account,,no,,,51ad372a4d747fbd821f87c503468cf6d6a3cdd6,obi1kenobi,web-flow,2026-08-29T09:17:36.896956+00:00
76,langchain-ai/langchain,pull_request,139,pull_commit,committed,713b0c5cb290f62137353fe69e72498ab673018d,2022-11-14T18:10:45Z,web-flow,User,,human_account,,no,,,713b0c5cb290f62137353fe69e72498ab673018d,obi1kenobi,web-flow,2026-08-29T09:17:36.896956+00:00
76,langchain-ai/langchain,pull_request,694,pull_commit,committed,7d005595c67d861ce7802c2b50890b51698eae34,2023-01-22T20:49:58Z,SauravMaheshkar,User,,human_account,,no,,,7d005595c67d861ce7802c2b50890b51698eae34,SauravMaheshkar,SauravMaheshkar,2026-08-29T09:17:37.580717+00:00
76,langchain-ai/langchain,pull_request,393,pull_commit,committed,36c14257f0b4beb1387a470941f9b42e93b89202,2022-12-19T23:17:24Z,hwchase17,User,,human_account,,no,,,36c14257f0b4beb1387a470941f9b42e93b89202,hwchase17,hwchase17,2026-08-29T09:17:38.140574+00:00
76,langchain-ai/langchain,pull_request,393,pull_commit,committed,a1abd9d79426251a4728bd3c24514eb53638ac8f,2022-12-20T00:09:37Z,hwchase17,User,,human_account,,no,,,a1abd9d79426251a4728bd3c24514eb53638ac8f,hwchase17,hwchase17,2026-08-29T09:17:38.140574+00:00
76,langchain-ai/langchain,pull_request,393,pull_commit,committed,23b9b17e5958503abf812f43f7997f463b29678f,2022-12-20T18:18:52Z,hwchase17,User,,human_account,,no,,,23b9b17e5958503abf812f43f7997f463b29678f,hwchase17,hwchase17,2026-08-29T09:17:38.140574+00:00
76,langchain-ai/langchain,pull_request,393,pull_commit,committed,a194fb93fc7ef27d9eaf876b56ccbec373300d07,2022-12-20T20:17:43Z,web-flow,User,,human_account,,no,,,a194fb93fc7ef27d9eaf876b56ccbec373300d07,hwchase17,web-flow,2026-08-29T09:17:38.140574+00:00
76,langchain-ai/langchain,pull_request,393,pull_commit,committed,9ee1a1677f5d64543111662a3928c348fe33db53,2022-12-20T21:15:18Z,hwchase17,User,,human_account,,no,,,9ee1a1677f5d64543111662a3928c348fe33db53,hwchase17,hwchase17,2026-08-29T09:17:38.140574+00:00
76,langchain-ai/langchain,pull_request,393,pull_commit,committed,13b9b3ecf6e6283e3211ee6a009a22c6ee812980,2022-12-21T01:19:54Z,hwchase17,User,,human_account,,no,,,13b9b3ecf6e6283e3211ee6a009a22c6ee812980,hwchase17,hwchase17,2026-08-29T09:17:38.140574+00:00
76,langchain-ai/langchain,pull_request,393,pull_commit,committed,566e9dd8aea0936fca59b7ada5db9e573c7e324f,2022-12-21T01:20:08Z,hwchase17,User,,human_account,,no,,,566e9dd8aea0936fca59b7ada5db9e573c7e324f,hwchase17,hwchase17,2026-08-29T09:17:38.140574+00:00
76,langchain-ai/langchain,pull_request,393,pull_commit,committed,e9d889829be8ee0dc176867c6a03e0770d79c488,2022-12-21T01:38:33Z,hwchase17,User,,human_account,,no,,,e9d889829be8ee0dc176867c6a03e0770d79c488,hwchase17,hwchase17,2026-08-29T09:17:38.140574+00:00
76,langchain-ai/langchain,pull_request,393,pull_commit,committed,0e88f338dabd219b72b8884b4528931efc5db531,2022-12-21T20:06:50Z,web-flow,User,,human_account,,no,,,0e88f338dabd219b72b8884b4528931efc5db531,hwchase17,web-flow,2026-08-29T09:17:38.140574+00:00
76,langchain-ai/langchain,pull_request,393,pull_commit,committed,981db5782003499e4e55969b039c4e612f3e7823,2022-12-21T20:41:21Z,hwchase17,User,,human_account,,no,,,981db5782003499e4e55969b039c4e612f3e7823,hwchase17,hwchase17,2026-08-29T09:17:38.140574+00:00
76,langchain-ai/langchain,pull_request,393,pull_commit,committed,2938b93261e9fe59477114d975b66560ff15b19e,2022-12-21T21:01:33Z,hwchase17,User,,human_account,,no,,,2938b93261e9fe59477114d975b66560ff15b19e,hwchase17,hwchase17,2026-08-29T09:17:38.140574+00:00
76,langchain-ai/langchain,pull_request,393,pull_commit,committed,784eb9cb3fd7496f5fc4a6542890dd6ba59cf1fb,2022-12-21T21:02:57Z,hwchase17,User,,human_account,,no,,,784eb9cb3fd7496f5fc4a6542890dd6ba59cf1fb,hwchase17,hwchase17,2026-08-29T09:17:38.140574+00:00
76,langchain-ai/langchain,pull_request,601,pull_commit,committed,47b2ad87292b496adeee90c7e4afdcc4d11d7259,2023-01-12T23:16:48Z,CartfordSam,User,,human_account,,no,,,47b2ad87292b496adeee90c7e4afdcc4d11d7259,CartfordSam,CartfordSam,2026-08-29T09:17:38.684549+00:00
76,langchain-ai/langchain,pull_request,766,pull_commit,committed,83fe62cde4c8616be6d34b78fe8a5600fafbc812,2023-01-27T14:16:02Z,amosjyng,User,,human_account,,no,,,83fe62cde4c8616be6d34b78fe8a5600fafbc812,amosjyng,amosjyng,2026-08-29T09:17:39.200039+00:00
76,langchain-ai/langchain,pull_request,211,pull_commit,committed,ae5f838f2fd1e0215b0b325ab9e7ce37cf5e4f57,2022-11-28T03:38:56Z,hwchase17,User,,human_account,,no,,,ae5f838f2fd1e0215b0b325ab9e7ce37cf5e4f57,hwchase17,hwchase17,2026-08-29T09:17:39.806206+00:00
76,langchain-ai/langchain,pull_request,33399,pull_commit,committed,05eed196051bf9afcd14aacd1b73c2060e0d0b33,2025-10-09T20:44:57Z,eyurtsev,User,,human_account,,no,,,05eed196051bf9afcd14aacd1b73c2060e0d0b33,eyurtsev,eyurtsev,2026-08-29T09:17:40.314884+00:00
76,langchain-ai/langchain,pull_request,33399,pull_commit,committed,c21b43fb4e6ba8a0535689d04156159b7a6b2359,2025-10-09T21:01:09Z,eyurtsev,User,,human_account,,no,,,c21b43fb4e6ba8a0535689d04156159b7a6b2359,eyurtsev,eyurtsev,2026-08-29T09:17:40.314884+00:00
76,langchain-ai/langchain,pull_request,33843,pull_commit,committed,7d382db41cde859916258d9597d5fe1ebe87c247,2025-11-05T19:14:50Z,mdrxy,User,,human_account,,no,,,7d382db41cde859916258d9597d5fe1ebe87c247,mdrxy,mdrxy,2026-08-29T09:17:40.797700+00:00
76,langchain-ai/langchain,pull_request,32938,pull_commit,committed,e87c71a0852be93bfb618d6694494c7659d6d521,2025-09-14T12:23:07Z,JadenKim-dev,User,,human_account,,no,,,e87c71a0852be93bfb618d6694494c7659d6d521,JadenKim-dev,JadenKim-dev,2026-08-29T09:17:41.358146+00:00
76,langchain-ai/langchain,pull_request,33946,pull_commit,committed,09f858c8a8b02ed477fc4f67ffb6540db7812f6f,2025-11-13T16:18:33Z,mdrxy,User,,human_account,,no,,,09f858c8a8b02ed477fc4f67ffb6540db7812f6f,mdrxy,mdrxy,2026-08-29T09:17:41.940100+00:00
76,langchain-ai/langchain,pull_request,33039,pull_commit,committed,521e2dc28f533348c1e2314e295c45b654d09e5f,2025-09-21T04:37:11Z,mdrxy,User,,human_account,,no,,,521e2dc28f533348c1e2314e295c45b654d09e5f,mdrxy,mdrxy,2026-08-29T09:17:42.551471+00:00
76,langchain-ai/langchain,pull_request,33072,pull_commit,committed,7358894cd25ab3c49b021ab0e3ee1ded6709950b,2025-09-24T04:34:12Z,web-flow,User,,human_account,,no,,,7358894cd25ab3c49b021ab0e3ee1ded6709950b,mdrxy,web-flow,2026-08-29T09:17:43.086718+00:00
76,langchain-ai/langchain,pull_request,33512,pull_commit,committed,0ee9be8e1508dfc593ddf5c6eb8bea6dc38a6ba6,2025-10-16T14:18:09Z,eyurtsev,User,,human_account,,no,,,0ee9be8e1508dfc593ddf5c6eb8bea6dc38a6ba6,eyurtsev,eyurtsev,2026-08-29T09:17:43.613065+00:00
76,langchain-ai/langchain,pull_request,33512,pull_commit,committed,a651865ad6cd89116c396114dbf32b38d7dfca49,2025-10-16T14:18:11Z,eyurtsev,User,,human_account,,no,,,a651865ad6cd89116c396114dbf32b38d7dfca49,eyurtsev,eyurtsev,2026-08-29T09:17:43.613065+00:00
76,langchain-ai/langchain,pull_request,33512,pull_commit,committed,7be5e335e1a91d3039f9d081551f08f75fed1741,2025-10-16T14:18:11Z,eyurtsev,User,,human_account,,no,,,7be5e335e1a91d3039f9d081551f08f75fed1741,eyurtsev,eyurtsev,2026-08-29T09:17:43.613065+00:00
76,langchain-ai/langchain,pull_request,33512,pull_commit,committed,969c2fe102a0f9e45c7605fba2683cfb97be2505,2025-10-16T14:54:05Z,eyurtsev,User,,human_account,,no,,,969c2fe102a0f9e45c7605fba2683cfb97be2505,eyurtsev,eyurtsev,2026-08-29T09:17:43.613065+00:00
76,langchain-ai/langchain,pull_request,33512,pull_commit,committed,8f65eca14cb85d466167065e7bc92fd744a460ea,2025-10-16T14:54:31Z,web-flow,User,,human_account,,no,,,8f65eca14cb85d466167065e7bc92fd744a460ea,eyurtsev,web-flow,2026-08-29T09:17:43.613065+00:00
76,langchain-ai/langchain,pull_request,33660,pull_commit,committed,b815beeb4cd97e3655e785a41194cc79b8ca22cf,2025-10-24T15:03:27Z,ccurme,User,,human_account,,no,,,b815beeb4cd97e3655e785a41194cc79b8ca22cf,ccurme,ccurme,2026-08-29T09:17:44.160576+00:00
76,langchain-ai/langchain,pull_request,33678,pull_commit,committed,6530ffde444c7982b1585723d078baf7ceaace77,2025-10-26T16:38:24Z,npage902,User,,human_account,,no,,,6530ffde444c7982b1585723d078baf7ceaace77,npage902,npage902,2026-08-29T09:17:44.687877+00:00
76,langchain-ai/langchain,pull_request,33678,pull_commit,committed,c80908d82b0472fd96375679034fd484ef9a44cf,2025-10-26T16:38:24Z,npage902,User,,human_account,,no,,,c80908d82b0472fd96375679034fd484ef9a44cf,npage902,npage902,2026-08-29T09:17:44.687877+00:00
76,langchain-ai/langchain,pull_request,33678,pull_commit,committed,a6b98186694170b47a2b36d032b4e4216884e83c,2025-10-26T16:38:24Z,npage902,User,,human_account,,no,,,a6b98186694170b47a2b36d032b4e4216884e83c,npage902,npage902,2026-08-29T09:17:44.687877+00:00
76,langchain-ai/langchain,pull_request,33678,pull_commit,committed,34e85fbe2461f4ffaadc430429fcc3a25ec0ec41,2025-10-26T18:39:46Z,npage902,User,,human_account,,no,,,34e85fbe2461f4ffaadc430429fcc3a25ec0ec41,npage902,npage902,2026-08-29T09:17:44.687877+00:00
76,langchain-ai/langchain,pull_request,33678,pull_commit,committed,0541e5b7fc2c7682389c545c43b91d8c575d46d4,2025-11-07T22:02:50Z,web-flow,User,,human_account,,no,,,0541e5b7fc2c7682389c545c43b91d8c575d46d4,mdrxy,web-flow,2026-08-29T09:17:44.687877+00:00
76,langchain-ai/langchain,pull_request,33678,pull_commit,committed,314bce9c18fc6b5a47ae1b4bb55786cba3705e77,2025-11-07T22:08:57Z,mdrxy,User,,human_account,,no,,,314bce9c18fc6b5a47ae1b4bb55786cba3705e77,mdrxy,mdrxy,2026-08-29T09:17:44.687877+00:00
76,langchain-ai/langchain,pull_request,33678,pull_commit,committed,9d15ff9932c6962487669167b3de83f86c0e991d,2025-11-07T22:10:17Z,web-flow,User,,human_account,,no,,,9d15ff9932c6962487669167b3de83f86c0e991d,mdrxy,web-flow,2026-08-29T09:17:44.687877+00:00
76,langchain-ai/langchain,pull_request,33098,pull_commit,committed,c3f59e5c88d69539e30339d25e1b87481b314000,2025-09-24T21:01:23Z,sydney-runkle,User,,human_account,,no,,,c3f59e5c88d69539e30339d25e1b87481b314000,sydney-runkle,sydney-runkle,2026-08-29T09:17:45.472012+00:00
76,langchain-ai/langchain,pull_request,32891,pull_commit,committed,e5ab50729f61606b4ebe73df0bd06b9824633621,2025-09-10T17:40:32Z,ccurme,User,,human_account,,no,,,e5ab50729f61606b4ebe73df0bd06b9824633621,ccurme,ccurme,2026-08-29T09:17:46.405179+00:00
76,langchain-ai/langchain,pull_request,33662,pull_commit,committed,6a91e3d9ff8c9f222bffa3cab0cc3cd9314c5236,2025-10-18T14:56:36Z,,,,unknown,,no,,,6a91e3d9ff8c9f222bffa3cab0cc3cd9314c5236,,,2026-08-29T09:17:46.953867+00:00
76,langchain-ai/langchain,pull_request,33662,pull_commit,committed,663d485ef16ee76c19f8035b5c58cecc9a46c8e0,2025-10-24T15:10:51Z,,,,unknown,,no,,,663d485ef16ee76c19f8035b5c58cecc9a46c8e0,,,2026-08-29T09:17:46.953867+00:00
76,langchain-ai/langchain,pull_request,33496,pull_commit,committed,fc01df0e2ebc8805307ce3f077e80dfec873b2e6,2025-10-15T14:40:04Z,ccurme,User,,human_account,,no,,,fc01df0e2ebc8805307ce3f077e80dfec873b2e6,ccurme,ccurme,2026-08-29T09:17:47.569159+00:00
76,langchain-ai/langchain,pull_request,33351,pull_commit,committed,02dc1c2ac5766741b0c667bd701e7f4633eafdae,2025-10-08T14:54:52Z,ccurme,User,,human_account,,no,,,02dc1c2ac5766741b0c667bd701e7f4633eafdae,ccurme,ccurme,2026-08-29T09:17:48.104713+00:00
76,langchain-ai/langchain,pull_request,33351,pull_commit,committed,cdebe2d0d819d96bf772ba095194a578ad0a1b1e,2025-10-08T14:56:25Z,ccurme,User,,human_account,,no,,,cdebe2d0d819d96bf772ba095194a578ad0a1b1e,ccurme,ccurme,2026-08-29T09:17:48.104713+00:00
76,langchain-ai/langchain,pull_request,33200,pull_commit,committed,3a21ef73d0a45f663b67d9f5aff8a3b6cee88033,2025-10-02T02:29:19Z,mdrxy,User,,human_account,,no,,,3a21ef73d0a45f663b67d9f5aff8a3b6cee88033,mdrxy,mdrxy,2026-08-29T09:17:48.693987+00:00
76,langchain-ai/langchain,pull_request,33536,pull_commit,committed,1ead0feacc7f1670d2ad40af8bd92682417d81d4,2025-10-16T20:12:39Z,mdrxy,User,,human_account,,no,,,1ead0feacc7f1670d2ad40af8bd92682417d81d4,mdrxy,mdrxy,2026-08-29T09:17:49.200672+00:00
76,langchain-ai/langchain,pull_request,32789,pull_commit,committed,e2d33457020df97ea17d31377eedeb7556d19d8f,2025-09-02T15:26:14Z,sydney-runkle,User,,human_account,,no,,,e2d33457020df97ea17d31377eedeb7556d19d8f,sydney-runkle,sydney-runkle,2026-08-29T09:17:49.734151+00:00
76,langchain-ai/langchain,pull_request,32789,pull_commit,committed,88f3f0d5a1a8f3eeb40d97eedd12c81f41dd5357,2025-09-02T15:28:46Z,sydney-runkle,User,,human_account,,no,,,88f3f0d5a1a8f3eeb40d97eedd12c81f41dd5357,sydney-runkle,sydney-runkle,2026-08-29T09:17:49.734151+00:00
76,langchain-ai/langchain,pull_request,32902,pull_commit,committed,592bb6b29aa47bd363834b839c26dd1febfa1bb2,2025-09-11T19:26:37Z,mdrxy,User,,human_account,,no,,,592bb6b29aa47bd363834b839c26dd1febfa1bb2,mdrxy,mdrxy,2026-08-29T09:17:50.749514+00:00
76,langchain-ai/langchain,pull_request,33671,pull_commit,committed,b85de2bdeaac1c676704fe43c0d460cb3cb82b7d,2025-10-25T23:39:26Z,arun-geek,User,,human_account,,no,,,b85de2bdeaac1c676704fe43c0d460cb3cb82b7d,arun-geek,arun-geek,2026-08-29T09:17:51.311172+00:00
76,langchain-ai/langchain,pull_request,33671,pull_commit,committed,0bb4511e05a1056375b598b90d578aada35377ef,2025-10-26T00:25:22Z,arun-geek,User,,human_account,,no,,,0bb4511e05a1056375b598b90d578aada35377ef,arun-geek,arun-geek,2026-08-29T09:17:51.311172+00:00
76,langchain-ai/langchain,pull_request,33671,pull_commit,committed,f48e94ac6e410ff82b5f51ba72e51c132983b318,2025-10-27T15:06:21Z,web-flow,User,,human_account,,no,,,f48e94ac6e410ff82b5f51ba72e51c132983b318,mdrxy,web-flow,2026-08-29T09:17:51.311172+00:00
76,langchain-ai/langchain,pull_request,33671,pull_commit,committed,b056e13fc61b44e9ab3256d276e2eea7026edaa3,2025-10-27T15:09:29Z,mdrxy,User,,human_account,,no,,,b056e13fc61b44e9ab3256d276e2eea7026edaa3,mdrxy,mdrxy,2026-08-29T09:17:51.311172+00:00
76,langchain-ai/langchain,pull_request,33671,pull_commit,committed,ced5e69014242e4faf19ee6f14d06573fb7ad1e3,2025-10-27T15:09:50Z,web-flow,User,,human_account,,no,,,ced5e69014242e4faf19ee6f14d06573fb7ad1e3,mdrxy,web-flow,2026-08-29T09:17:51.311172+00:00
76,langchain-ai/langchain,pull_request,33470,pull_commit,committed,ce19ae04b67de05efb9f4caf319c9031103acfe2,2025-10-14T01:08:14Z,mdrxy,User,,human_account,,no,,,ce19ae04b67de05efb9f4caf319c9031103acfe2,mdrxy,mdrxy,2026-08-29T09:17:51.922760+00:00
76,langchain-ai/langchain,pull_request,33768,pull_commit,committed,605ba3398f341d742c4fb344ea0e5c4a2e7e2f4b,2025-10-31T18:04:42Z,ccurme,User,,human_account,,no,,,605ba3398f341d742c4fb344ea0e5c4a2e7e2f4b,ccurme,ccurme,2026-08-29T09:17:52.505126+00:00
76,langchain-ai/langchain,pull_request,33768,pull_commit,committed,5d9983b8a2ef98a03134ac8b33b29ecf908212bc,2025-11-03T14:11:37Z,ccurme,User,,human_account,,no,,,5d9983b8a2ef98a03134ac8b33b29ecf908212bc,ccurme,ccurme,2026-08-29T09:17:52.505126+00:00
76,langchain-ai/langchain,pull_request,33768,pull_commit,committed,8358a5f7f0b685f71cd75e41d2157aad2cd7c08c,2025-11-03T14:13:54Z,ccurme,User,,human_account,,no,,,8358a5f7f0b685f71cd75e41d2157aad2cd7c08c,ccurme,ccurme,2026-08-29T09:17:52.505126+00:00
76,langchain-ai/langchain,pull_request,33768,pull_commit,committed,07a678311c67c89fee0499a5297428741308da42,2025-11-03T14:15:48Z,ccurme,User,,human_account,,no,,,07a678311c67c89fee0499a5297428741308da42,ccurme,ccurme,2026-08-29T09:17:52.505126+00:00
76,langchain-ai/langchain,pull_request,33457,pull_commit,committed,e51135db1bda69f667579f96ff92d0c4d2c1a8e6,2025-10-13T07:54:28Z,web-flow,User,,human_account,,no,,,e51135db1bda69f667579f96ff92d0c4d2c1a8e6,dependabot[bot],web-flow,2026-08-29T09:17:52.990765+00:00
76,langchain-ai/langchain,pull_request,33008,pull_commit,committed,fdda5c16e9512e4cc175d64fe4d4f2a7c7c4cfff,2025-09-18T15:23:56Z,mdrxy,User,,human_account,,no,,,fdda5c16e9512e4cc175d64fe4d4f2a7c7c4cfff,mdrxy,mdrxy,2026-08-29T09:17:53.609505+00:00
76,langchain-ai/langchain,pull_request,33008,pull_commit,committed,79739b61cf786cd6359ae75ea742e004af18c417,2025-09-18T15:24:05Z,mdrxy,User,,human_account,,no,,,79739b61cf786cd6359ae75ea742e004af18c417,mdrxy,mdrxy,2026-08-29T09:17:53.609505+00:00
76,langchain-ai/langchain,pull_request,33008,pull_commit,committed,59c589bf8f2c2a0cb06c2c9eb9b17f0159118587,2025-09-18T15:25:19Z,mdrxy,User,,human_account,,no,,,59c589bf8f2c2a0cb06c2c9eb9b17f0159118587,mdrxy,mdrxy,2026-08-29T09:17:53.609505+00:00
76,langchain-ai/langchain,pull_request,39729,pull_commit,committed,bab6bd507e1f1f64635b8bf8c1ffe8d4fc7eb2eb,2026-08-18T21:43:03Z,ccurme,User,,human_account,,no,,,bab6bd507e1f1f64635b8bf8c1ffe8d4fc7eb2eb,ccurme,ccurme,2026-08-29T09:17:54.104605+00:00
76,langchain-ai/langchain,pull_request,38810,pull_commit,committed,d5bd472c2b061fe8c712a86182c5d80850f43fde,2026-07-12T08:45:05Z,github-actions[bot],Bot,,automation_bot,,no,,,d5bd472c2b061fe8c712a86182c5d80850f43fde,mdrxy,github-actions[bot],2026-08-29T09:17:54.572827+00:00
76,langchain-ai/langchain,pull_request,37607,pull_commit,committed,c20f806d96515a4b0b77f4f8fb50f1dc5b748674,2026-05-21T16:31:20Z,jvsfrancisco,User,,human_account,,no,,,c20f806d96515a4b0b77f4f8fb50f1dc5b748674,jvsfrancisco,jvsfrancisco,2026-08-29T09:17:55.142684+00:00
76,langchain-ai/langchain,pull_request,39608,pull_commit,committed,621d95f35758a87eed64c1a9152ee25ffd30832b,2026-08-12T08:25:32Z,chjnett,User,,human_account,,no,,,621d95f35758a87eed64c1a9152ee25ffd30832b,chjnett,chjnett,2026-08-29T09:17:55.731804+00:00
76,langchain-ai/langchain,pull_request,38200,pull_commit,committed,14e01711011fc03e4227688549e60d869c060b60,2026-06-15T19:03:27Z,786-aquib,User,,human_account,,no,,,14e01711011fc03e4227688549e60d869c060b60,786-aquib,786-aquib,2026-08-29T09:17:56.287426+00:00
76,langchain-ai/langchain,pull_request,38200,pull_commit,committed,c64bb07080055086737b5044ecb8f50e9003b04a,2026-06-16T15:58:17Z,786-aquib,User,,human_account,,no,,,c64bb07080055086737b5044ecb8f50e9003b04a,786-aquib,786-aquib,2026-08-29T09:17:56.287426+00:00
76,langchain-ai/langchain,pull_request,38122,pull_commit,committed,a3d0ef776f6268ab7711057c4f3b22a8d6d0848e,2026-06-13T02:06:35Z,mdrxy,User,,human_account,,no,,,a3d0ef776f6268ab7711057c4f3b22a8d6d0848e,mdrxy,mdrxy,2026-08-29T09:17:56.870577+00:00
76,langchain-ai/langchain,pull_request,38122,pull_commit,committed,46742f7832bfd712cb56c13cbcf53f3e918fd653,2026-06-13T02:15:18Z,mdrxy,User,,human_account,,no,,,46742f7832bfd712cb56c13cbcf53f3e918fd653,mdrxy,mdrxy,2026-08-29T09:17:56.870577+00:00
76,langchain-ai/langchain,pull_request,38122,pull_commit,committed,d377e49bf48345ee2238a0996918cbbf2097e7ac,2026-06-13T02:17:54Z,mdrxy,User,,human_account,,no,,,d377e49bf48345ee2238a0996918cbbf2097e7ac,mdrxy,mdrxy,2026-08-29T09:17:56.870577+00:00
76,langchain-ai/langchain,pull_request,39996,pull_commit,committed,4c47dd2248b4f892b02932d37c26bf82034208dc,2026-08-28T22:20:15Z,Hotragn,User,,human_account,,no,,,4c47dd2248b4f892b02932d37c26bf82034208dc,Hotragn,Hotragn,2026-08-29T09:17:57.383131+00:00
76,langchain-ai/langchain,pull_request,37572,pull_commit,committed,cdf52f64967ebda0025098ad2f5527e4d12a58f9,2026-05-19T18:57:20Z,paulxg12,User,,human_account,,no,,,cdf52f64967ebda0025098ad2f5527e4d12a58f9,paulxg12,paulxg12,2026-08-29T09:17:57.925942+00:00
76,langchain-ai/langchain,pull_request,37572,pull_commit,committed,df854d99e300255a513f393f01e3a61220af9bb5,2026-05-19T18:57:27Z,paulxg12,User,,human_account,,no,,,df854d99e300255a513f393f01e3a61220af9bb5,paulxg12,paulxg12,2026-08-29T09:17:57.925942+00:00
76,langchain-ai/langchain,pull_request,39855,pull_commit,committed,7326fbbe8e02881613039bc7d9a83a6646780104,2026-08-23T05:05:13Z,,,,unknown,,no,,,7326fbbe8e02881613039bc7d9a83a6646780104,,,2026-08-29T09:17:58.466616+00:00
76,langchain-ai/langchain,pull_request,38460,pull_commit,committed,b4f1ca7874bfed23a8a0feaa1580caf9d8c3662f,2026-06-25T19:27:46Z,C1-BA-B1-F3,User,,human_account,,no,,,b4f1ca7874bfed23a8a0feaa1580caf9d8c3662f,C1-BA-B1-F3,C1-BA-B1-F3,2026-08-29T09:17:58.978546+00:00
76,langchain-ai/langchain,pull_request,37662,pull_commit,committed,9607cdf0ca8ae7ed11a1ed6b3762247dba1ca83b,2026-05-24T04:16:05Z,Alexxigang,User,,human_account,,no,,,9607cdf0ca8ae7ed11a1ed6b3762247dba1ca83b,Alexxigang,Alexxigang,2026-08-29T09:17:59.899154+00:00
76,langchain-ai/langchain,pull_request,37957,pull_commit,committed,94a0020aa2d8caaf66a44758ddde91ccd8ce5760,2026-06-08T05:46:49Z,lohitkolluri,User,,human_account,,no,,,94a0020aa2d8caaf66a44758ddde91ccd8ce5760,lohitkolluri,lohitkolluri,2026-08-29T09:18:00.428095+00:00
76,langchain-ai/langchain,pull_request,38781,pull_commit,committed,ebc0107633aa1afaff5fb440f416ab4ce59ab112,2026-07-10T14:26:18Z,ccurme,User,,human_account,,no,,,ebc0107633aa1afaff5fb440f416ab4ce59ab112,ccurme,ccurme,2026-08-29T09:18:00.954366+00:00
76,langchain-ai/langchain,pull_request,38781,pull_commit,committed,27160cd1fe8ab2efef448a423b4fa543d9cf1ca1,2026-07-10T15:14:33Z,ccurme,User,,human_account,,no,,,27160cd1fe8ab2efef448a423b4fa543d9cf1ca1,ccurme,ccurme,2026-08-29T09:18:00.954366+00:00
76,langchain-ai/langchain,pull_request,38781,pull_commit,committed,1c215ea5da6397ef6636207bb13090e631ad6e26,2026-07-10T15:21:49Z,ccurme,User,,human_account,,no,,,1c215ea5da6397ef6636207bb13090e631ad6e26,ccurme,ccurme,2026-08-29T09:18:00.954366+00:00
76,langchain-ai/langchain,pull_request,38781,pull_commit,committed,c82a36b85c4bd0dbc267accbd4415e139f080054,2026-07-13T20:44:33Z,ccurme,User,,human_account,,no,,,c82a36b85c4bd0dbc267accbd4415e139f080054,ccurme,ccurme,2026-08-29T09:18:00.954366+00:00
76,langchain-ai/langchain,pull_request,38921,pull_commit,committed,2d32839ceee7de59bd75dba5d05f8d83ef24fe53,2026-07-18T07:57:02Z,sergioperezcheco,User,,human_account,,no,,,2d32839ceee7de59bd75dba5d05f8d83ef24fe53,sergioperezcheco,sergioperezcheco,2026-08-29T09:18:01.438787+00:00
76,langchain-ai/langchain,pull_request,37139,pull_commit,committed,e09baea2bc23bbb745d7a9595865f84d714085f9,2026-05-01T18:14:52Z,mdrxy,User,,human_account,,no,,,e09baea2bc23bbb745d7a9595865f84d714085f9,mdrxy,mdrxy,2026-08-29T09:18:02.009399+00:00
76,langchain-ai/langchain,pull_request,39158,pull_commit,committed,48b027fac94241c5e7ca4440ffca2f78473b6714,2026-07-30T20:21:52Z,ShiroKSH,User,,human_account,,no,,,48b027fac94241c5e7ca4440ffca2f78473b6714,ShiroKSH,ShiroKSH,2026-08-29T09:18:02.541899+00:00
76,langchain-ai/langchain,pull_request,39204,pull_commit,committed,97202b5c0a0a756457f383f08570077a3ef9c65e,2026-08-02T20:32:44Z,ccurme,User,,human_account,,no,,,97202b5c0a0a756457f383f08570077a3ef9c65e,ccurme,ccurme,2026-08-29T09:18:03.122271+00:00
76,langchain-ai/langchain,pull_request,37136,pull_commit,committed,29d7ea7ab4afa71e60d2f931f306bd61be94a9af,2026-05-01T16:58:20Z,nick-hollon-lc,User,,human_account,,no,,,29d7ea7ab4afa71e60d2f931f306bd61be94a9af,nick-hollon-lc,nick-hollon-lc,2026-08-29T09:18:03.686585+00:00
76,langchain-ai/langchain,pull_request,37136,pull_commit,committed,b6ce1facc2a07e07dfe494454dbe45541f23b4ab,2026-05-01T17:27:43Z,nick-hollon-lc,User,,human_account,,no,,,b6ce1facc2a07e07dfe494454dbe45541f23b4ab,nick-hollon-lc,nick-hollon-lc,2026-08-29T09:18:03.686585+00:00
76,langchain-ai/langchain,pull_request,37136,pull_commit,committed,7559f7e2169c30873712916a3dd996b607fc469f,2026-05-01T18:11:27Z,nick-hollon-lc,User,,human_account,,no,,,7559f7e2169c30873712916a3dd996b607fc469f,nick-hollon-lc,nick-hollon-lc,2026-08-29T09:18:03.686585+00:00
76,langchain-ai/langchain,pull_request,39018,pull_commit,committed,fc8c3d250913a2f7bc5849f1016d6ecc5cfa00ee,2026-07-22T14:16:54Z,saitejabandaru-in,User,,human_account,,no,,,fc8c3d250913a2f7bc5849f1016d6ecc5cfa00ee,saitejabandaru-in,saitejabandaru-in,2026-08-29T09:18:04.333100+00:00
76,langchain-ai/langchain,pull_request,38609,pull_commit,committed,dbdf86b8f395bf82c4bb9e7ddc0f8be9797f862c,2026-07-02T08:21:13Z,krrishapatel,User,,human_account,,no,,,dbdf86b8f395bf82c4bb9e7ddc0f8be9797f862c,krrishapatel,krrishapatel,2026-08-29T09:18:04.849573+00:00
76,langchain-ai/langchain,pull_request,39931,pull_commit,committed,7676a33e2838c8d5cf5c8b8a88c5962141ec28b3,2026-08-26T09:43:07Z,seshan18,User,,human_account,,no,,,7676a33e2838c8d5cf5c8b8a88c5962141ec28b3,seshan18,seshan18,2026-08-29T09:18:05.364105+00:00
76,langchain-ai/langchain,pull_request,39931,pull_commit,committed,51517638dce9a800ef9410f4f66ba3ee5b0aa2da,2026-08-26T10:30:46Z,seshan18,User,,human_account,,no,,,51517638dce9a800ef9410f4f66ba3ee5b0aa2da,seshan18,seshan18,2026-08-29T09:18:05.364105+00:00
76,langchain-ai/langchain,pull_request,38292,pull_commit,committed,d7af9f86bd8ffbb505d1d1429b35b606c3f186e6,2026-06-19T23:42:15Z,web-flow,User,,human_account,,no,,,d7af9f86bd8ffbb505d1d1429b35b606c3f186e6,dependabot[bot],web-flow,2026-08-29T09:18:05.940179+00:00
76,langchain-ai/langchain,pull_request,37594,pull_commit,committed,f229e0fef27f5aab39f0557f5aef01b098a35875,2026-05-21T02:45:21Z,CodeAgentCN,User,,human_account,,no,,,f229e0fef27f5aab39f0557f5aef01b098a35875,CodeAgentCN,CodeAgentCN,2026-08-29T09:18:06.471520+00:00
76,langchain-ai/langchain,pull_request,37594,pull_commit,committed,1ae26f6555dbbf5f35003631a6c8f342f50088f7,2026-05-21T02:54:36Z,CodeAgentCN,User,,human_account,,no,,,1ae26f6555dbbf5f35003631a6c8f342f50088f7,CodeAgentCN,CodeAgentCN,2026-08-29T09:18:06.471520+00:00
76,langchain-ai/langchain,pull_request,38399,pull_commit,committed,2b81c1685021e419ad55c10435b0146ca153a2c9,2026-06-24T09:53:40Z,,,,unknown,,no,,,2b81c1685021e419ad55c10435b0146ca153a2c9,,,2026-08-29T09:18:07.041071+00:00
