sample_rank,repo_name,item_type,number,event_source,event_type,event_id,created_at,actor_login,actor_github_type,author_association,actor_initial_class,performed_via_github_app,ai_disclosure_candidate,ai_disclosure_evidence,review_state,commit_sha,commit_author_login,commit_committer_login,collected_at
3,pytorch/pytorch,pull_request,126582,pull_commit,committed,760bb8c748ea873604e68113d73c0b65ac90d816,2024-05-17T22:53:28Z,wconstab,User,,human_account,,no,,,760bb8c748ea873604e68113d73c0b65ac90d816,wconstab,wconstab,2026-08-30T17:14:28.144248+00:00
3,pytorch/pytorch,pull_request,126582,pull_commit,committed,40cec0a679415654d8a05d734bdc1430367cb352,2024-05-17T22:56:14Z,wconstab,User,,human_account,,no,,,40cec0a679415654d8a05d734bdc1430367cb352,wconstab,wconstab,2026-08-30T17:14:28.144248+00:00
3,pytorch/pytorch,pull_request,126582,pull_commit,committed,e973caaedf2d01ff4590df9efd0113465685353f,2024-05-17T23:23:08Z,wconstab,User,,human_account,,no,,,e973caaedf2d01ff4590df9efd0113465685353f,wconstab,wconstab,2026-08-30T17:14:28.144248+00:00
3,pytorch/pytorch,pull_request,126582,pull_commit,committed,c916e3b949c3ae549461f4725607cb818760cd45,2024-05-20T22:32:19Z,wconstab,User,,human_account,,no,,,c916e3b949c3ae549461f4725607cb818760cd45,wconstab,wconstab,2026-08-30T17:14:28.144248+00:00
3,pytorch/pytorch,pull_request,128803,pull_commit,committed,ad8e4eeb1823d8be811777cca9e6f0e7613d96d7,2024-06-17T16:59:15Z,facebook-github-bot,User,,human_account,,no,,,ad8e4eeb1823d8be811777cca9e6f0e7613d96d7,shengbao-zheng,facebook-github-bot,2026-08-30T17:14:28.880902+00:00
3,pytorch/pytorch,pull_request,127116,pull_commit,committed,7f5bdff9edd8cdf7551c225bbdb8b3e2e3341ad8,2024-05-24T18:38:15Z,ydwu4,User,,human_account,,no,,,7f5bdff9edd8cdf7551c225bbdb8b3e2e3341ad8,ydwu4,ydwu4,2026-08-30T17:14:29.464410+00:00
3,pytorch/pytorch,pull_request,127116,pull_commit,committed,d60718378db833708b90725ef11a93ce6d925bed,2024-05-30T17:23:01Z,ydwu4,User,,human_account,,no,,,d60718378db833708b90725ef11a93ce6d925bed,ydwu4,ydwu4,2026-08-30T17:14:29.464410+00:00
3,pytorch/pytorch,pull_request,127116,pull_commit,committed,42981aff1d3dc983abe69c509506ea69e2c3b1bb,2024-05-30T18:26:58Z,ydwu4,User,,human_account,,no,,,42981aff1d3dc983abe69c509506ea69e2c3b1bb,ydwu4,ydwu4,2026-08-30T17:14:29.464410+00:00
3,pytorch/pytorch,pull_request,127116,pull_commit,committed,237f7537041dd91c57a7e245e1881a9b4b3d5ef2,2024-05-30T21:23:41Z,ydwu4,User,,human_account,,no,,,237f7537041dd91c57a7e245e1881a9b4b3d5ef2,ydwu4,ydwu4,2026-08-30T17:14:29.464410+00:00
3,pytorch/pytorch,pull_request,131248,pull_commit,committed,8e0ae6959856889ac9ac0ca7d6ac9d4d3b377078,2024-07-19T19:46:36Z,zdevito,User,,human_account,,no,,,8e0ae6959856889ac9ac0ca7d6ac9d4d3b377078,zdevito,zdevito,2026-08-30T17:14:29.913324+00:00
3,pytorch/pytorch,pull_request,131248,pull_commit,committed,b610db033750bfd881db08ce51e77d585b79a770,2024-07-19T19:52:53Z,zdevito,User,,human_account,,no,,,b610db033750bfd881db08ce51e77d585b79a770,zdevito,zdevito,2026-08-30T17:14:29.913324+00:00
3,pytorch/pytorch,pull_request,131248,pull_commit,committed,c74240d2c4812fc2ededd546366c0e7316eaa716,2024-07-19T19:59:09Z,zdevito,User,,human_account,,no,,,c74240d2c4812fc2ededd546366c0e7316eaa716,zdevito,zdevito,2026-08-30T17:14:29.913324+00:00
3,pytorch/pytorch,pull_request,131248,pull_commit,committed,f7b8cd3a5665722499f4d3fe9919610a48bae7fa,2024-07-22T19:54:24Z,zdevito,User,,human_account,,no,,,f7b8cd3a5665722499f4d3fe9919610a48bae7fa,zdevito,zdevito,2026-08-30T17:14:29.913324+00:00
3,pytorch/pytorch,pull_request,131248,pull_commit,committed,0c93a912d3abeff9811cdb9d5361cf7a9ba0c087,2024-07-22T19:58:20Z,zdevito,User,,human_account,,no,,,0c93a912d3abeff9811cdb9d5361cf7a9ba0c087,zdevito,zdevito,2026-08-30T17:14:29.913324+00:00
3,pytorch/pytorch,pull_request,131248,pull_commit,committed,b6a532e426d40361ebe8d8bb2155014dde09a3db,2024-07-22T23:19:39Z,zdevito,User,,human_account,,no,,,b6a532e426d40361ebe8d8bb2155014dde09a3db,zdevito,zdevito,2026-08-30T17:14:29.913324+00:00
3,pytorch/pytorch,pull_request,131248,pull_commit,committed,53a9b319fdd36838958f24a2ca7febca8ccd4c5d,2024-07-31T22:35:27Z,zdevito,User,,human_account,,no,,,53a9b319fdd36838958f24a2ca7febca8ccd4c5d,zdevito,zdevito,2026-08-30T17:14:29.913324+00:00
3,pytorch/pytorch,pull_request,131248,pull_commit,committed,016588f53c6904b840aa56aa86f95460b4d9c996,2024-08-07T17:14:27Z,zdevito,User,,human_account,,no,,,016588f53c6904b840aa56aa86f95460b4d9c996,zdevito,zdevito,2026-08-30T17:14:29.913324+00:00
3,pytorch/pytorch,pull_request,130924,pull_commit,committed,58ea59791fb217138a85120e9b8914fc2dceb352,2024-07-18T04:26:56Z,pytorchmergebot,User,,human_account,,no,,,58ea59791fb217138a85120e9b8914fc2dceb352,cyyever,pytorchmergebot,2026-08-30T17:14:30.464985+00:00
3,pytorch/pytorch,pull_request,130924,pull_commit,committed,188b36585e67a8fb50a666c811999f7dfc717695,2024-07-18T04:26:56Z,pytorchmergebot,User,,human_account,,no,,,188b36585e67a8fb50a666c811999f7dfc717695,cyyever,pytorchmergebot,2026-08-30T17:14:30.464985+00:00
3,pytorch/pytorch,pull_request,130924,pull_commit,committed,62f0267e9265fa219545dba3af87de186c97be91,2024-07-18T04:26:56Z,pytorchmergebot,User,,human_account,,no,,,62f0267e9265fa219545dba3af87de186c97be91,cyyever,pytorchmergebot,2026-08-30T17:14:30.464985+00:00
3,pytorch/pytorch,pull_request,130924,pull_commit,committed,24282480ecba17937943912a42fa9a63c92b8eda,2024-07-18T04:26:56Z,pytorchmergebot,User,,human_account,,no,,,24282480ecba17937943912a42fa9a63c92b8eda,cyyever,pytorchmergebot,2026-08-30T17:14:30.464985+00:00
3,pytorch/pytorch,pull_request,130924,pull_commit,committed,3a9ece4b24fd596c6aefb5c31187e5a498ea6529,2024-07-18T04:26:56Z,pytorchmergebot,User,,human_account,,no,,,3a9ece4b24fd596c6aefb5c31187e5a498ea6529,cyyever,pytorchmergebot,2026-08-30T17:14:30.464985+00:00
3,pytorch/pytorch,pull_request,130924,pull_commit,committed,19790386d35de4b4d681152fda2354dee3ee5282,2024-07-18T04:26:56Z,pytorchmergebot,User,,human_account,,no,,,19790386d35de4b4d681152fda2354dee3ee5282,cyyever,pytorchmergebot,2026-08-30T17:14:30.464985+00:00
3,pytorch/pytorch,pull_request,130924,pull_commit,committed,2876704337a4fd6ef4a2e1be85c0c518bf9aad95,2024-07-18T04:26:56Z,pytorchmergebot,User,,human_account,,no,,,2876704337a4fd6ef4a2e1be85c0c518bf9aad95,cyyever,pytorchmergebot,2026-08-30T17:14:30.464985+00:00
3,pytorch/pytorch,pull_request,134068,pull_commit,committed,4e73a315d4869853ee8530a9b18bb3cc88a14e54,2024-08-21T01:39:23Z,web-flow,User,,human_account,,no,,,4e73a315d4869853ee8530a9b18bb3cc88a14e54,malfet,web-flow,2026-08-30T17:14:31.045345+00:00
3,pytorch/pytorch,pull_request,134068,pull_commit,committed,d7e02bf04fe4fdf1427bf643d6b05be14519f1bb,2024-08-21T13:57:23Z,web-flow,User,,human_account,,no,,,d7e02bf04fe4fdf1427bf643d6b05be14519f1bb,malfet,web-flow,2026-08-30T17:14:31.045345+00:00
3,pytorch/pytorch,pull_request,129399,pull_commit,committed,e5cd8f2e5596f747825e4df25d2d5066a3978322,2024-06-24T19:04:40Z,shunting314,User,,human_account,,no,,,e5cd8f2e5596f747825e4df25d2d5066a3978322,shunting314,shunting314,2026-08-30T17:14:31.619674+00:00
3,pytorch/pytorch,pull_request,125535,pull_commit,committed,8c624700161f8920ba5599a742d1b64afd38f27d,2024-05-07T17:46:21Z,Skylion007,User,,human_account,,no,,,8c624700161f8920ba5599a742d1b64afd38f27d,Skylion007,Skylion007,2026-08-30T17:14:32.462849+00:00
3,pytorch/pytorch,pull_request,125535,pull_commit,committed,79000b8e4c9ca7e49da918d8395cbd92093ee592,2024-05-07T17:47:35Z,Skylion007,User,,human_account,,no,,,79000b8e4c9ca7e49da918d8395cbd92093ee592,Skylion007,Skylion007,2026-08-30T17:14:32.462849+00:00
3,pytorch/pytorch,pull_request,125535,pull_commit,committed,98970c322e8e2107a3919e61ab9d0782dbf7f3a6,2024-05-07T17:48:29Z,Skylion007,User,,human_account,,no,,,98970c322e8e2107a3919e61ab9d0782dbf7f3a6,Skylion007,Skylion007,2026-08-30T17:14:32.462849+00:00
3,pytorch/pytorch,pull_request,128434,pull_commit,committed,69567ed61cc2fa1a08ef02417c3c47c83df4296f,2024-06-11T18:29:50Z,pradeepfn,User,,human_account,,no,,,69567ed61cc2fa1a08ef02417c3c47c83df4296f,pradeepfn,pradeepfn,2026-08-30T17:14:33.108501+00:00
3,pytorch/pytorch,pull_request,132627,pull_commit,committed,81015787e64a4e32806cd039ec4ef74d1a1a2aaa,2024-08-05T02:03:52Z,cyyever,User,,human_account,,no,,,81015787e64a4e32806cd039ec4ef74d1a1a2aaa,cyyever,cyyever,2026-08-30T17:14:33.687178+00:00
3,pytorch/pytorch,pull_request,131803,pull_commit,committed,4dd24c578d571413943368e7b3812a03642105c2,2024-07-25T20:14:55Z,soulitzer,User,,human_account,,no,,,4dd24c578d571413943368e7b3812a03642105c2,soulitzer,soulitzer,2026-08-30T17:14:34.237705+00:00
3,pytorch/pytorch,pull_request,131803,pull_commit,committed,2eaa939f1de3bebd439562f69dc770335ce45236,2024-07-26T17:52:19Z,soulitzer,User,,human_account,,no,,,2eaa939f1de3bebd439562f69dc770335ce45236,soulitzer,soulitzer,2026-08-30T17:14:34.237705+00:00
3,pytorch/pytorch,pull_request,131803,pull_commit,committed,0cb1d701b3a2ee90aee10af7a365cc701e006c06,2024-08-01T14:51:49Z,soulitzer,User,,human_account,,no,,,0cb1d701b3a2ee90aee10af7a365cc701e006c06,soulitzer,soulitzer,2026-08-30T17:14:34.237705+00:00
3,pytorch/pytorch,pull_request,131803,pull_commit,committed,e4a0a27c5e5bab5b8c381bc56e8f6d32e9c8dfde,2024-08-01T22:29:49Z,soulitzer,User,,human_account,,no,,,e4a0a27c5e5bab5b8c381bc56e8f6d32e9c8dfde,soulitzer,soulitzer,2026-08-30T17:14:34.237705+00:00
3,pytorch/pytorch,pull_request,131803,pull_commit,committed,156fdda729bfcc1a34619e497e3e399002a10cf9,2024-08-02T15:29:45Z,soulitzer,User,,human_account,,no,,,156fdda729bfcc1a34619e497e3e399002a10cf9,soulitzer,soulitzer,2026-08-30T17:14:34.237705+00:00
3,pytorch/pytorch,pull_request,131803,pull_commit,committed,2a27b29e30d3a30379eae873c7d9c53abb09bda7,2024-08-06T01:41:09Z,soulitzer,User,,human_account,,no,,,2a27b29e30d3a30379eae873c7d9c53abb09bda7,soulitzer,soulitzer,2026-08-30T17:14:34.237705+00:00
3,pytorch/pytorch,pull_request,131803,pull_commit,committed,c832e41512a0abcaee15861d0562932b774dbc25,2024-08-06T13:03:07Z,soulitzer,User,,human_account,,no,,,c832e41512a0abcaee15861d0562932b774dbc25,soulitzer,soulitzer,2026-08-30T17:14:34.237705+00:00
3,pytorch/pytorch,pull_request,127207,pull_commit,committed,2cc2e2d92bac198eb440356e480af371d73ab069,2024-05-27T14:10:57Z,fabricerenard12,User,,human_account,,no,,,2cc2e2d92bac198eb440356e480af371d73ab069,fabricerenard12,fabricerenard12,2026-08-30T17:14:34.765615+00:00
3,pytorch/pytorch,pull_request,133393,pull_commit,committed,c43530852f6b8a1dafe6cf66ba6b47eb9e66faf2,2024-08-20T19:44:03Z,pytorchmergebot,User,,human_account,,no,,,c43530852f6b8a1dafe6cf66ba6b47eb9e66faf2,spzala,pytorchmergebot,2026-08-30T17:14:35.261937+00:00
3,pytorch/pytorch,pull_request,134489,pull_commit,committed,ac4ed37e015f13956fd859616672e58a368b94c8,2024-08-26T19:15:08Z,atalman,User,,human_account,,no,,,ac4ed37e015f13956fd859616672e58a368b94c8,atalman,atalman,2026-08-30T17:14:35.779290+00:00
3,pytorch/pytorch,pull_request,134489,pull_commit,committed,52955504dcda2fe7bd68d0e37d709275e5256a11,2024-08-26T20:45:27Z,atalman,User,,human_account,,no,,,52955504dcda2fe7bd68d0e37d709275e5256a11,atalman,atalman,2026-08-30T17:14:35.779290+00:00
3,pytorch/pytorch,pull_request,134489,pull_commit,committed,0d09933da93888253f329d71882955c512a65e4c,2024-08-26T21:37:37Z,atalman,User,,human_account,,no,,,0d09933da93888253f329d71882955c512a65e4c,atalman,atalman,2026-08-30T17:14:35.779290+00:00
3,pytorch/pytorch,pull_request,134489,pull_commit,committed,8a6d4db810128f418d0ddd0e6e1b2b0b77bb543b,2024-08-26T22:12:43Z,atalman,User,,human_account,,no,,,8a6d4db810128f418d0ddd0e6e1b2b0b77bb543b,atalman,atalman,2026-08-30T17:14:35.779290+00:00
3,pytorch/pytorch,pull_request,134489,pull_commit,committed,cf77a5ecfc217da6643ffcd49a605b3434f9551f,2024-08-26T23:26:56Z,atalman,User,,human_account,,no,,,cf77a5ecfc217da6643ffcd49a605b3434f9551f,,atalman,2026-08-30T17:14:35.779290+00:00
3,pytorch/pytorch,pull_request,134489,pull_commit,committed,864cd32b1e54bffdd371320e2c98c74ba24c2510,2024-08-26T23:28:26Z,atalman,User,,human_account,,no,,,864cd32b1e54bffdd371320e2c98c74ba24c2510,atalman,atalman,2026-08-30T17:14:35.779290+00:00
3,pytorch/pytorch,pull_request,134489,pull_commit,committed,46f7c5cb828755e0e768d3bdfe4269d88f5b1ca3,2024-08-27T00:33:58Z,atalman,User,,human_account,,no,,,46f7c5cb828755e0e768d3bdfe4269d88f5b1ca3,atalman,atalman,2026-08-30T17:14:35.779290+00:00
3,pytorch/pytorch,pull_request,128605,pull_commit,committed,f98b09dfbe56b6e0bca8b58775f5e9d05230db36,2024-06-13T10:27:25Z,jamesperng,User,,human_account,,no,,,f98b09dfbe56b6e0bca8b58775f5e9d05230db36,jamesperng,jamesperng,2026-08-30T17:14:36.333146+00:00
3,pytorch/pytorch,pull_request,128605,pull_commit,committed,a755a77e31f6dced33aa002e9c19cda000a4c20e,2024-06-24T20:07:27Z,jamesperng,User,,human_account,,no,,,a755a77e31f6dced33aa002e9c19cda000a4c20e,jamesperng,jamesperng,2026-08-30T17:14:36.333146+00:00
3,pytorch/pytorch,pull_request,128605,pull_commit,committed,474d87c01ddde6417813d534a89dce746d3e59b7,2024-06-24T21:26:34Z,jamesperng,User,,human_account,,no,,,474d87c01ddde6417813d534a89dce746d3e59b7,jamesperng,jamesperng,2026-08-30T17:14:36.333146+00:00
3,pytorch/pytorch,pull_request,128605,pull_commit,committed,b5b8174c818a83aa78295b2820120cbe75ae168f,2024-06-25T03:20:51Z,jamesperng,User,,human_account,,no,,,b5b8174c818a83aa78295b2820120cbe75ae168f,jamesperng,jamesperng,2026-08-30T17:14:36.333146+00:00
3,pytorch/pytorch,pull_request,128605,pull_commit,committed,01b533d7583a044b3c3d2cbb449e1f0876257fd9,2024-06-25T08:17:55Z,jamesperng,User,,human_account,,no,,,01b533d7583a044b3c3d2cbb449e1f0876257fd9,jamesperng,jamesperng,2026-08-30T17:14:36.333146+00:00
3,pytorch/pytorch,pull_request,128605,pull_commit,committed,50218bb1970b1b343c13a085e47c56b328210766,2024-06-25T19:49:14Z,jamesperng,User,,human_account,,no,,,50218bb1970b1b343c13a085e47c56b328210766,jamesperng,jamesperng,2026-08-30T17:14:36.333146+00:00
3,pytorch/pytorch,pull_request,128605,pull_commit,committed,60b11e420af0a08f8b6eb8a0adb618d6319fea07,2024-06-26T16:15:14Z,jamesperng,User,,human_account,,no,,,60b11e420af0a08f8b6eb8a0adb618d6319fea07,jamesperng,jamesperng,2026-08-30T17:14:36.333146+00:00
3,pytorch/pytorch,pull_request,132357,pull_commit,committed,2d5e503d9e02ae8c7fbcedf34d7f05b9cd15fab4,2024-08-01T22:02:01Z,facebook-github-bot,User,,human_account,,no,,,2d5e503d9e02ae8c7fbcedf34d7f05b9cd15fab4,andriigrynenko,facebook-github-bot,2026-08-30T17:14:36.776712+00:00
3,pytorch/pytorch,pull_request,127057,pull_commit,committed,02bcebbad51c2688b4edd0237a68d51e9ebba267,2024-05-24T02:43:04Z,cyyever,User,,human_account,,no,,,02bcebbad51c2688b4edd0237a68d51e9ebba267,cyyever,cyyever,2026-08-30T17:14:37.371739+00:00
3,pytorch/pytorch,pull_request,134017,pull_commit,committed,c6baa77f877bb2146060e8b87dd04792d9b96e91,2024-08-20T17:29:10Z,fduwjj,User,,human_account,,no,,,c6baa77f877bb2146060e8b87dd04792d9b96e91,fduwjj,fduwjj,2026-08-30T17:14:37.922526+00:00
3,pytorch/pytorch,pull_request,134017,pull_commit,committed,5cbb38f548d2ceacc2e744e6d818e5cdccbe98d7,2024-08-20T20:15:05Z,fduwjj,User,,human_account,,no,,,5cbb38f548d2ceacc2e744e6d818e5cdccbe98d7,fduwjj,fduwjj,2026-08-30T17:14:37.922526+00:00
3,pytorch/pytorch,pull_request,134017,pull_commit,committed,9ec9d4defec651c5981c9d19d82b8261fad740ec,2024-08-20T22:04:45Z,fduwjj,User,,human_account,,no,,,9ec9d4defec651c5981c9d19d82b8261fad740ec,fduwjj,fduwjj,2026-08-30T17:14:37.922526+00:00
3,pytorch/pytorch,pull_request,127315,pull_commit,committed,12130c22d706971e84eac9543a9a8578c7b67a89,2024-05-28T17:41:46Z,mikaylagawarecki,User,,human_account,,no,,,12130c22d706971e84eac9543a9a8578c7b67a89,mikaylagawarecki,mikaylagawarecki,2026-08-30T17:14:38.463022+00:00
3,pytorch/pytorch,pull_request,132622,pull_commit,committed,b3f57670740917d2a874f104f9fcd7d306491ebf,2024-08-05T02:06:46Z,cyyever,User,,human_account,,no,,,b3f57670740917d2a874f104f9fcd7d306491ebf,cyyever,cyyever,2026-08-30T17:14:38.974757+00:00
3,pytorch/pytorch,pull_request,160884,pull_commit,committed,7e958a98fce1df5ccf84cff05b6f02e45c519959,2025-08-18T14:48:56Z,web-flow,User,,human_account,,no,,,7e958a98fce1df5ccf84cff05b6f02e45c519959,janeyx99,web-flow,2026-08-30T17:14:39.625285+00:00
3,pytorch/pytorch,pull_request,156889,pull_commit,committed,be08badfb521cc92c406b9e7fc3dae40231b9945,2025-06-25T21:49:20Z,malfet,User,,human_account,,no,,,be08badfb521cc92c406b9e7fc3dae40231b9945,malfet,malfet,2026-08-30T17:14:40.149618+00:00
3,pytorch/pytorch,pull_request,156889,pull_commit,committed,b219709b625f73587b5a20d49e538eecf7b82106,2025-06-27T01:17:12Z,malfet,User,,human_account,,no,,,b219709b625f73587b5a20d49e538eecf7b82106,malfet,malfet,2026-08-30T17:14:40.149618+00:00
3,pytorch/pytorch,pull_request,156889,pull_commit,committed,72591b4cd52f1d9dba0a4db6adf086844a4d29c9,2025-06-27T01:18:53Z,malfet,User,,human_account,,no,,,72591b4cd52f1d9dba0a4db6adf086844a4d29c9,malfet,malfet,2026-08-30T17:14:40.149618+00:00
3,pytorch/pytorch,pull_request,154564,pull_commit,committed,208ad96d2b904ed01291d6719af974aad77ca0d8,2025-05-28T21:38:21Z,williamwen42,User,,human_account,,no,,,208ad96d2b904ed01291d6719af974aad77ca0d8,williamwen42,williamwen42,2026-08-30T17:14:40.614495+00:00
3,pytorch/pytorch,pull_request,154564,pull_commit,committed,7a9ef2c053c3e77e36a5375fd33ffb55e95a6e59,2025-05-31T02:01:28Z,williamwen42,User,,human_account,,no,,,7a9ef2c053c3e77e36a5375fd33ffb55e95a6e59,williamwen42,williamwen42,2026-08-30T17:14:40.614495+00:00
3,pytorch/pytorch,pull_request,154564,pull_commit,committed,7ca87e6f66cfd64c9290cb890c5104811e50a612,2025-05-31T02:11:01Z,williamwen42,User,,human_account,,no,,,7ca87e6f66cfd64c9290cb890c5104811e50a612,williamwen42,williamwen42,2026-08-30T17:14:40.614495+00:00
3,pytorch/pytorch,pull_request,154564,pull_commit,committed,a8b2c40c920bd26055207eb4127df4051ef59fcd,2025-06-02T18:15:49Z,williamwen42,User,,human_account,,no,,,a8b2c40c920bd26055207eb4127df4051ef59fcd,williamwen42,williamwen42,2026-08-30T17:14:40.614495+00:00
3,pytorch/pytorch,pull_request,154564,pull_commit,committed,0270760899485fc229eab9a1049ceea723b68d89,2025-06-02T22:32:14Z,williamwen42,User,,human_account,,no,,,0270760899485fc229eab9a1049ceea723b68d89,williamwen42,williamwen42,2026-08-30T17:14:40.614495+00:00
3,pytorch/pytorch,pull_request,154564,pull_commit,committed,3b656bd295904acf54b9e692ab4f2bb78f92b90d,2025-06-03T08:37:52Z,williamwen42,User,,human_account,,no,,,3b656bd295904acf54b9e692ab4f2bb78f92b90d,williamwen42,williamwen42,2026-08-30T17:14:40.614495+00:00
3,pytorch/pytorch,pull_request,154564,pull_commit,committed,ffd121fb84b30dfd8126c8abc914b405f2214204,2025-06-03T18:15:30Z,williamwen42,User,,human_account,,no,,,ffd121fb84b30dfd8126c8abc914b405f2214204,williamwen42,williamwen42,2026-08-30T17:14:40.614495+00:00
3,pytorch/pytorch,pull_request,154564,pull_commit,committed,67c1a84b3742fb7ab581a77aa90f7b98d92153e2,2025-06-03T21:00:01Z,williamwen42,User,,human_account,,no,,,67c1a84b3742fb7ab581a77aa90f7b98d92153e2,williamwen42,williamwen42,2026-08-30T17:14:40.614495+00:00
3,pytorch/pytorch,pull_request,154564,pull_commit,committed,f0cbf141abee84938b0a984cb3b21714bee115f0,2025-06-04T17:24:17Z,williamwen42,User,,human_account,,no,,,f0cbf141abee84938b0a984cb3b21714bee115f0,williamwen42,williamwen42,2026-08-30T17:14:40.614495+00:00
3,pytorch/pytorch,pull_request,154564,pull_commit,committed,3ef35395ba8dd51493be87adfd27c09bfc53e06f,2025-06-04T18:23:52Z,williamwen42,User,,human_account,,no,,,3ef35395ba8dd51493be87adfd27c09bfc53e06f,williamwen42,williamwen42,2026-08-30T17:14:40.614495+00:00
3,pytorch/pytorch,pull_request,154564,pull_commit,committed,a400bcae265e7d163a6c27aafab8fa6e2ea06114,2025-06-04T23:17:45Z,williamwen42,User,,human_account,,no,,,a400bcae265e7d163a6c27aafab8fa6e2ea06114,williamwen42,williamwen42,2026-08-30T17:14:40.614495+00:00
3,pytorch/pytorch,pull_request,154564,pull_commit,committed,0791f6f7270cba68270185289125df3c5a1b6161,2025-06-06T01:34:08Z,williamwen42,User,,human_account,,no,,,0791f6f7270cba68270185289125df3c5a1b6161,williamwen42,williamwen42,2026-08-30T17:14:40.614495+00:00
3,pytorch/pytorch,pull_request,154564,pull_commit,committed,ff02aff5d7055f73e729276479d1ea9be8c2720d,2025-06-13T22:47:14Z,williamwen42,User,,human_account,,no,,,ff02aff5d7055f73e729276479d1ea9be8c2720d,williamwen42,williamwen42,2026-08-30T17:14:40.614495+00:00
3,pytorch/pytorch,pull_request,154564,pull_commit,committed,216ad1d2212fbfddadc192a8d44ab729373ffb0d,2025-06-17T00:04:53Z,williamwen42,User,,human_account,,no,,,216ad1d2212fbfddadc192a8d44ab729373ffb0d,williamwen42,williamwen42,2026-08-30T17:14:40.614495+00:00
3,pytorch/pytorch,pull_request,154564,pull_commit,committed,c510d95314289d82bf38549948f8079038fd6d06,2025-06-17T00:44:30Z,williamwen42,User,,human_account,,no,,,c510d95314289d82bf38549948f8079038fd6d06,williamwen42,williamwen42,2026-08-30T17:14:40.614495+00:00
3,pytorch/pytorch,pull_request,154564,pull_commit,committed,2311ce65e0bfba0adab89b3914dcb49e0871e693,2025-06-17T23:22:58Z,williamwen42,User,,human_account,,no,,,2311ce65e0bfba0adab89b3914dcb49e0871e693,williamwen42,williamwen42,2026-08-30T17:14:40.614495+00:00
3,pytorch/pytorch,pull_request,154564,pull_commit,committed,c631bed326b2f61b262793d118c37d4514adcbd1,2025-06-18T00:39:46Z,williamwen42,User,,human_account,,no,,,c631bed326b2f61b262793d118c37d4514adcbd1,williamwen42,williamwen42,2026-08-30T17:14:40.614495+00:00
3,pytorch/pytorch,pull_request,154564,pull_commit,committed,9948e7ea2bc338515267328aaa59cd86ff044c51,2025-06-18T21:41:00Z,williamwen42,User,,human_account,,no,,,9948e7ea2bc338515267328aaa59cd86ff044c51,williamwen42,williamwen42,2026-08-30T17:14:40.614495+00:00
3,pytorch/pytorch,pull_request,154564,pull_commit,committed,5d7d7c53f3cff2e28bcf5c85504042103b7bb4d0,2025-06-19T00:05:27Z,williamwen42,User,,human_account,,no,,,5d7d7c53f3cff2e28bcf5c85504042103b7bb4d0,williamwen42,williamwen42,2026-08-30T17:14:40.614495+00:00
3,pytorch/pytorch,pull_request,154564,pull_commit,committed,df5228502f97bf930af8af629baeeb4dd8384a76,2025-06-19T00:06:55Z,williamwen42,User,,human_account,,no,,,df5228502f97bf930af8af629baeeb4dd8384a76,williamwen42,williamwen42,2026-08-30T17:14:40.614495+00:00
3,pytorch/pytorch,pull_request,154564,pull_commit,committed,b64d6aa0a6d7590dd4facc9efe70ae0741f0caab,2025-06-19T02:58:01Z,williamwen42,User,,human_account,,no,,,b64d6aa0a6d7590dd4facc9efe70ae0741f0caab,williamwen42,williamwen42,2026-08-30T17:14:40.614495+00:00
3,pytorch/pytorch,pull_request,154564,pull_commit,committed,a1d13ac19770f65cdde2c00c16a2ecdabd29be3f,2025-06-19T03:01:28Z,williamwen42,User,,human_account,,no,,,a1d13ac19770f65cdde2c00c16a2ecdabd29be3f,williamwen42,williamwen42,2026-08-30T17:14:40.614495+00:00
3,pytorch/pytorch,pull_request,154564,pull_commit,committed,7c5e6a8e89d0fd90dd968a2b822a247c2406f606,2025-06-20T22:18:46Z,williamwen42,User,,human_account,,no,,,7c5e6a8e89d0fd90dd968a2b822a247c2406f606,williamwen42,williamwen42,2026-08-30T17:14:40.614495+00:00
3,pytorch/pytorch,pull_request,154564,pull_commit,committed,bcfe30d10f42c9c6fdd0c4e8b5234477f2fa0b6e,2025-06-23T20:10:18Z,williamwen42,User,,human_account,,no,,,bcfe30d10f42c9c6fdd0c4e8b5234477f2fa0b6e,williamwen42,williamwen42,2026-08-30T17:14:40.614495+00:00
3,pytorch/pytorch,pull_request,154564,pull_commit,committed,13977f3f0df7073a23bb0227062be4f9d1ebdedc,2025-06-24T23:14:45Z,williamwen42,User,,human_account,,no,,,13977f3f0df7073a23bb0227062be4f9d1ebdedc,williamwen42,williamwen42,2026-08-30T17:14:40.614495+00:00
3,pytorch/pytorch,pull_request,154564,pull_commit,committed,b7ff017b16b031cf3d7ac63b1913b0ed2a910e27,2025-06-24T23:47:31Z,williamwen42,User,,human_account,,no,,,b7ff017b16b031cf3d7ac63b1913b0ed2a910e27,williamwen42,williamwen42,2026-08-30T17:14:40.614495+00:00
3,pytorch/pytorch,pull_request,154564,pull_commit,committed,a928e5f989db1d41446c4c2a7c5cac30dd6746e6,2025-06-25T18:19:55Z,williamwen42,User,,human_account,,no,,,a928e5f989db1d41446c4c2a7c5cac30dd6746e6,williamwen42,williamwen42,2026-08-30T17:14:40.614495+00:00
3,pytorch/pytorch,pull_request,154564,pull_commit,committed,8d2039d0d631114813d62510daec694346c7056e,2025-06-25T23:53:59Z,williamwen42,User,,human_account,,no,,,8d2039d0d631114813d62510daec694346c7056e,williamwen42,williamwen42,2026-08-30T17:14:40.614495+00:00
3,pytorch/pytorch,pull_request,160852,pull_commit,committed,5d8295a09b2cd9fa8415767defe12aa105435c1a,2025-08-18T02:24:34Z,cyyever,User,,human_account,,no,,,5d8295a09b2cd9fa8415767defe12aa105435c1a,cyyever,cyyever,2026-08-30T17:14:41.097531+00:00
3,pytorch/pytorch,pull_request,155178,pull_commit,committed,fb0497030a56d743b2a99eaeb9dd6765d9ba8e40,2025-06-05T00:34:29Z,malfet,User,,human_account,,no,,,fb0497030a56d743b2a99eaeb9dd6765d9ba8e40,malfet,malfet,2026-08-30T17:14:41.594575+00:00
3,pytorch/pytorch,pull_request,158937,pull_commit,committed,ca76a8f95c255c62e4425f2d901830f977153816,2025-07-23T18:18:55Z,facebook-github-bot,User,,human_account,,no,,,ca76a8f95c255c62e4425f2d901830f977153816,,facebook-github-bot,2026-08-30T17:14:42.086646+00:00
3,pytorch/pytorch,pull_request,156969,pull_commit,committed,c1804abe61cd0869362a7d27753e5aa66a8044d7,2025-06-26T17:16:09Z,web-flow,User,,human_account,,no,,,c1804abe61cd0869362a7d27753e5aa66a8044d7,svekars,web-flow,2026-08-30T17:14:43.064054+00:00
3,pytorch/pytorch,pull_request,156969,pull_commit,committed,a07e5002ffe7c9c7e30381e1c364f767d52e347d,2025-06-26T17:58:49Z,svekars,User,,human_account,,no,,,a07e5002ffe7c9c7e30381e1c364f767d52e347d,svekars,svekars,2026-08-30T17:14:43.064054+00:00
3,pytorch/pytorch,pull_request,156969,pull_commit,committed,b4a501cae33d40c6a3e134fea74448430e53ba2c,2025-06-26T20:03:10Z,svekars,User,,human_account,,no,,,b4a501cae33d40c6a3e134fea74448430e53ba2c,svekars,svekars,2026-08-30T17:14:43.064054+00:00
3,pytorch/pytorch,pull_request,156969,pull_commit,committed,13b36d2ba1f3f6d11ba3515293922b44c5e73ddc,2025-06-26T22:08:29Z,web-flow,User,,human_account,,no,,,13b36d2ba1f3f6d11ba3515293922b44c5e73ddc,svekars,web-flow,2026-08-30T17:14:43.064054+00:00
3,pytorch/pytorch,pull_request,156969,pull_commit,committed,d84a227081bb4f6e7f67d52c3c119f0907e04201,2025-06-26T22:10:01Z,web-flow,User,,human_account,,no,,,d84a227081bb4f6e7f67d52c3c119f0907e04201,svekars,web-flow,2026-08-30T17:14:43.064054+00:00
3,pytorch/pytorch,pull_request,156969,pull_commit,committed,ddc64554d16eb64a9a5891667c3f6c360eabe800,2025-06-27T16:28:21Z,web-flow,User,,human_account,,no,,,ddc64554d16eb64a9a5891667c3f6c360eabe800,svekars,web-flow,2026-08-30T17:14:43.064054+00:00
3,pytorch/pytorch,pull_request,156969,pull_commit,committed,e5d71fd0433ec99a4de93ff02997089ddfd17937,2025-06-27T16:28:32Z,web-flow,User,,human_account,,no,,,e5d71fd0433ec99a4de93ff02997089ddfd17937,svekars,web-flow,2026-08-30T17:14:43.064054+00:00
3,pytorch/pytorch,pull_request,156923,pull_commit,committed,c2af5459ed824a29fd1b671788cc88b424589097,2025-06-26T04:25:41Z,web-flow,User,,human_account,,no,,,c2af5459ed824a29fd1b671788cc88b424589097,hzhangxyz,web-flow,2026-08-30T17:14:43.600716+00:00
3,pytorch/pytorch,pull_request,158086,pull_commit,committed,f0dbff2d10e015ba31e88836db5c608f7df0a8be,2025-07-10T16:09:06Z,,,,unknown,,no,,,f0dbff2d10e015ba31e88836db5c608f7df0a8be,,,2026-08-30T17:14:44.095606+00:00
3,pytorch/pytorch,pull_request,158086,pull_commit,committed,cb6c0921c0472aa4db58c6d68586413ff8d3f9ca,2025-07-11T01:20:21Z,,,,unknown,,no,,,cb6c0921c0472aa4db58c6d68586413ff8d3f9ca,,,2026-08-30T17:14:44.095606+00:00
3,pytorch/pytorch,pull_request,153393,pull_commit,committed,bd8f4b4fae10b2a922a24f5b68c53ee7329c9960,2025-05-12T18:03:28Z,xadupre,User,,human_account,,no,,,bd8f4b4fae10b2a922a24f5b68c53ee7329c9960,xadupre,xadupre,2026-08-30T17:14:44.656707+00:00
3,pytorch/pytorch,pull_request,152576,pull_commit,committed,aa9891107643537c68531349586c7a0caa2db0f9,2025-05-01T00:39:10Z,mlazos,User,,human_account,,no,,,aa9891107643537c68531349586c7a0caa2db0f9,mlazos,mlazos,2026-08-30T17:14:45.129304+00:00
3,pytorch/pytorch,pull_request,156531,pull_commit,committed,ba62473d29f9c5ae30adc1bdd57b1ea954d52bb9,2025-06-21T01:32:31Z,anijain2305,User,,human_account,,no,,,ba62473d29f9c5ae30adc1bdd57b1ea954d52bb9,anijain2305,anijain2305,2026-08-30T17:14:45.578148+00:00
3,pytorch/pytorch,pull_request,156531,pull_commit,committed,04e46e2149ea0a58020351aede40efc67ff17246,2025-06-21T05:12:54Z,anijain2305,User,,human_account,,no,,,04e46e2149ea0a58020351aede40efc67ff17246,anijain2305,anijain2305,2026-08-30T17:14:45.578148+00:00
3,pytorch/pytorch,pull_request,156531,pull_commit,committed,d6dd019a57361a4077908343b52f0c6b190c5581,2025-06-30T22:08:12Z,anijain2305,User,,human_account,,no,,,d6dd019a57361a4077908343b52f0c6b190c5581,anijain2305,anijain2305,2026-08-30T17:14:45.578148+00:00
3,pytorch/pytorch,pull_request,158959,pull_commit,committed,31af2f3d62c56378669a651b0304c89f2e92753e,2025-07-23T20:20:04Z,malfet,User,,human_account,,no,,,31af2f3d62c56378669a651b0304c89f2e92753e,malfet,malfet,2026-08-30T17:14:46.037943+00:00
3,pytorch/pytorch,pull_request,157847,pull_commit,committed,62b01666eb2e5de5afdee44b25786ee3e397f835,2025-07-08T21:10:13Z,bobrenjc93,User,,human_account,,no,,,62b01666eb2e5de5afdee44b25786ee3e397f835,bobrenjc93,bobrenjc93,2026-08-30T17:14:46.557279+00:00
3,pytorch/pytorch,pull_request,157847,pull_commit,committed,8b998fd7e025f4d3c79dc6e60bf37e8d838f40da,2025-07-09T05:25:13Z,bobrenjc93,User,,human_account,,no,,,8b998fd7e025f4d3c79dc6e60bf37e8d838f40da,bobrenjc93,bobrenjc93,2026-08-30T17:14:46.557279+00:00
3,pytorch/pytorch,pull_request,156047,pull_commit,committed,01bf5b954ac6f654568e20cff4b8e44df9fe6254,2025-06-16T03:22:13Z,andyanwang,User,,human_account,,no,,,01bf5b954ac6f654568e20cff4b8e44df9fe6254,andyanwang,andyanwang,2026-08-30T17:14:47.028266+00:00
3,pytorch/pytorch,pull_request,156047,pull_commit,committed,12cd3b4d311c04f5707d30b43a5654ebdc780bcd,2025-06-18T05:11:37Z,andyanwang,User,,human_account,,no,,,12cd3b4d311c04f5707d30b43a5654ebdc780bcd,andyanwang,andyanwang,2026-08-30T17:14:47.028266+00:00
3,pytorch/pytorch,pull_request,156047,pull_commit,committed,bfafcf472cd1af22946b70b13cf2d05f48f55a97,2025-06-18T16:59:06Z,andyanwang,User,,human_account,,no,,,bfafcf472cd1af22946b70b13cf2d05f48f55a97,andyanwang,andyanwang,2026-08-30T17:14:47.028266+00:00
3,pytorch/pytorch,pull_request,159678,pull_commit,committed,4dd46f747aca1f202003c5eb3366e92cd5702e72,2025-08-01T21:37:00Z,williamwen42,User,,human_account,,no,,,4dd46f747aca1f202003c5eb3366e92cd5702e72,williamwen42,williamwen42,2026-08-30T17:14:47.512065+00:00
3,pytorch/pytorch,pull_request,159678,pull_commit,committed,36c2814882fd3f4c354f3477585ab18c3df9a54f,2025-08-01T21:55:22Z,williamwen42,User,,human_account,,no,,,36c2814882fd3f4c354f3477585ab18c3df9a54f,williamwen42,williamwen42,2026-08-30T17:14:47.512065+00:00
3,pytorch/pytorch,pull_request,159678,pull_commit,committed,64fbacf73d819e8a5579c7ba496ac02d9f86c2e8,2025-08-01T22:17:35Z,williamwen42,User,,human_account,,no,,,64fbacf73d819e8a5579c7ba496ac02d9f86c2e8,williamwen42,williamwen42,2026-08-30T17:14:47.512065+00:00
3,pytorch/pytorch,pull_request,159678,pull_commit,committed,5aef5dc9cfb95d42b86b034e001f7e23ec7126db,2025-08-01T22:21:06Z,williamwen42,User,,human_account,,no,,,5aef5dc9cfb95d42b86b034e001f7e23ec7126db,williamwen42,williamwen42,2026-08-30T17:14:47.512065+00:00
3,pytorch/pytorch,pull_request,159678,pull_commit,committed,e59fd41d8d970f007390a381e2c57a12cce7bc6e,2025-08-04T18:56:50Z,williamwen42,User,,human_account,,no,,,e59fd41d8d970f007390a381e2c57a12cce7bc6e,williamwen42,williamwen42,2026-08-30T17:14:47.512065+00:00
3,pytorch/pytorch,pull_request,159678,pull_commit,committed,c67840de28d8996e4114f84766801ed4098aaa58,2025-08-04T23:39:53Z,williamwen42,User,,human_account,,no,,,c67840de28d8996e4114f84766801ed4098aaa58,williamwen42,williamwen42,2026-08-30T17:14:47.512065+00:00
3,pytorch/pytorch,pull_request,159678,pull_commit,committed,07dfa87440098930b48dd1168d4d281dc89a16ed,2025-08-07T20:39:33Z,williamwen42,User,,human_account,,no,,,07dfa87440098930b48dd1168d4d281dc89a16ed,williamwen42,williamwen42,2026-08-30T17:14:47.512065+00:00
3,pytorch/pytorch,pull_request,159678,pull_commit,committed,476d9c56e8e89498abcb9f9db06ab17d8dded907,2025-08-08T01:43:48Z,williamwen42,User,,human_account,,no,,,476d9c56e8e89498abcb9f9db06ab17d8dded907,williamwen42,williamwen42,2026-08-30T17:14:47.512065+00:00
3,pytorch/pytorch,pull_request,159678,pull_commit,committed,58fde85a8646fa761e2dc2e8058c0d5878b0b816,2025-08-08T23:28:50Z,williamwen42,User,,human_account,,no,,,58fde85a8646fa761e2dc2e8058c0d5878b0b816,williamwen42,williamwen42,2026-08-30T17:14:47.512065+00:00
3,pytorch/pytorch,pull_request,159678,pull_commit,committed,3cd94c174a52fabfda9acce4fa7ccade0600f470,2025-08-25T18:51:54Z,williamwen42,User,,human_account,,no,,,3cd94c174a52fabfda9acce4fa7ccade0600f470,williamwen42,williamwen42,2026-08-30T17:14:47.512065+00:00
3,pytorch/pytorch,pull_request,159678,pull_commit,committed,6b1eab78cb5b6b457a141b6535d52571b5519136,2025-08-25T20:27:42Z,williamwen42,User,,human_account,,no,,,6b1eab78cb5b6b457a141b6535d52571b5519136,williamwen42,williamwen42,2026-08-30T17:14:47.512065+00:00
3,pytorch/pytorch,pull_request,159678,pull_commit,committed,4d2c281da5034895efee2dd4cba9a6537dd58dde,2025-08-26T22:50:49Z,williamwen42,User,,human_account,,no,,,4d2c281da5034895efee2dd4cba9a6537dd58dde,williamwen42,williamwen42,2026-08-30T17:14:47.512065+00:00
3,pytorch/pytorch,pull_request,159678,pull_commit,committed,9c3612b233c98dc7725a6ec5a07c192dab616a08,2025-08-26T22:57:23Z,williamwen42,User,,human_account,,no,,,9c3612b233c98dc7725a6ec5a07c192dab616a08,williamwen42,williamwen42,2026-08-30T17:14:47.512065+00:00
3,pytorch/pytorch,pull_request,159678,pull_commit,committed,9815e17b2fa08a14372ac76a0d2535b7df001436,2025-08-27T17:30:08Z,williamwen42,User,,human_account,,no,,,9815e17b2fa08a14372ac76a0d2535b7df001436,williamwen42,williamwen42,2026-08-30T17:14:47.512065+00:00
3,pytorch/pytorch,pull_request,156779,pull_commit,committed,a8c650638ebb9daca497af8dcaf4fd9e984d5bc8,2025-06-25T01:40:03Z,zou3519,User,,human_account,,no,,,a8c650638ebb9daca497af8dcaf4fd9e984d5bc8,zou3519,zou3519,2026-08-30T17:14:47.968540+00:00
3,pytorch/pytorch,pull_request,152894,pull_commit,committed,2b99b202339662a878d0670e6fa2cc0d904ac752,2025-05-06T01:18:50Z,drisspg,User,,human_account,,no,,,2b99b202339662a878d0670e6fa2cc0d904ac752,drisspg,drisspg,2026-08-30T17:14:48.425920+00:00
3,pytorch/pytorch,pull_request,152894,pull_commit,committed,21735bd3fa47085a5a6b35277fe4dfaa7fb5e826,2025-05-06T01:45:27Z,drisspg,User,,human_account,,no,,,21735bd3fa47085a5a6b35277fe4dfaa7fb5e826,drisspg,drisspg,2026-08-30T17:14:48.425920+00:00
3,pytorch/pytorch,pull_request,152894,pull_commit,committed,b8921f43c420f16b04a76373e9d4715208d0e408,2025-05-06T02:21:53Z,drisspg,User,,human_account,,no,,,b8921f43c420f16b04a76373e9d4715208d0e408,drisspg,drisspg,2026-08-30T17:14:48.425920+00:00
3,pytorch/pytorch,pull_request,152894,pull_commit,committed,b9ece2d006788b6f7724c0b738668709946bdc10,2025-05-06T02:36:44Z,drisspg,User,,human_account,,no,,,b9ece2d006788b6f7724c0b738668709946bdc10,drisspg,drisspg,2026-08-30T17:14:48.425920+00:00
3,pytorch/pytorch,pull_request,152894,pull_commit,committed,ec784307d2c542479d0fd5b5f040cbc04a19708d,2025-05-06T02:37:40Z,drisspg,User,,human_account,,no,,,ec784307d2c542479d0fd5b5f040cbc04a19708d,drisspg,drisspg,2026-08-30T17:14:48.425920+00:00
3,pytorch/pytorch,pull_request,152894,pull_commit,committed,2a2f9bf161508664b558e8da3e34fb647c9d709e,2025-05-06T19:09:07Z,drisspg,User,,human_account,,no,,,2a2f9bf161508664b558e8da3e34fb647c9d709e,drisspg,drisspg,2026-08-30T17:14:48.425920+00:00
3,pytorch/pytorch,pull_request,152894,pull_commit,committed,7a7c4d1f9ee08b1d49954550d67079a536458d1e,2025-05-06T19:17:47Z,drisspg,User,,human_account,,no,,,7a7c4d1f9ee08b1d49954550d67079a536458d1e,drisspg,drisspg,2026-08-30T17:14:48.425920+00:00
3,pytorch/pytorch,pull_request,152894,pull_commit,committed,c7a42a71ae8a9aaa5107bf001c8794705e1c8676,2025-05-06T21:17:50Z,drisspg,User,,human_account,,no,,,c7a42a71ae8a9aaa5107bf001c8794705e1c8676,drisspg,drisspg,2026-08-30T17:14:48.425920+00:00
3,pytorch/pytorch,pull_request,152894,pull_commit,committed,94e5870ea11fd0902cec5d984666dcd7b193a596,2025-05-06T22:58:24Z,drisspg,User,,human_account,,no,,,94e5870ea11fd0902cec5d984666dcd7b193a596,drisspg,drisspg,2026-08-30T17:14:48.425920+00:00
3,pytorch/pytorch,pull_request,152894,pull_commit,committed,988ba0c27cbe4a44612e21493b4042c9ba72a5b4,2025-05-14T02:00:52Z,drisspg,User,,human_account,,no,,,988ba0c27cbe4a44612e21493b4042c9ba72a5b4,drisspg,drisspg,2026-08-30T17:14:48.425920+00:00
3,pytorch/pytorch,pull_request,152894,pull_commit,committed,8f1360c1037937f892db70b6e647e4e336f48282,2025-05-14T17:25:21Z,drisspg,User,,human_account,,no,,,8f1360c1037937f892db70b6e647e4e336f48282,drisspg,drisspg,2026-08-30T17:14:48.425920+00:00
3,pytorch/pytorch,pull_request,161429,pull_commit,committed,eb0a562c658d9de8792259f67ed8c236395b166e,2025-08-28T05:26:44Z,pytorchmergebot,User,,human_account,,no,,,eb0a562c658d9de8792259f67ed8c236395b166e,dnikolaev-amd,pytorchmergebot,2026-08-30T17:14:49.387032+00:00
3,pytorch/pytorch,pull_request,155210,pull_commit,committed,d7cbd16007012e2101c59dc406adeff841d257f5,2025-06-16T14:06:15Z,pytorchmergebot,User,,human_account,,no,,,d7cbd16007012e2101c59dc406adeff841d257f5,AlekseiNikiforovIBM,pytorchmergebot,2026-08-30T17:14:49.946355+00:00
3,pytorch/pytorch,pull_request,155210,pull_commit,committed,9186f47c27030fe907598cf7d3109bd9c41ac9a7,2025-06-16T14:06:15Z,pytorchmergebot,User,,human_account,,no,,,9186f47c27030fe907598cf7d3109bd9c41ac9a7,AlekseiNikiforovIBM,pytorchmergebot,2026-08-30T17:14:49.946355+00:00
3,pytorch/pytorch,pull_request,155210,pull_commit,committed,bde82bd73a9f2abd33b0bcee912adaeb6786e08c,2025-06-16T14:06:15Z,pytorchmergebot,User,,human_account,,no,,,bde82bd73a9f2abd33b0bcee912adaeb6786e08c,AlekseiNikiforovIBM,pytorchmergebot,2026-08-30T17:14:49.946355+00:00
3,pytorch/pytorch,pull_request,155210,pull_commit,committed,336cee604ebd47ce4a454b03e7761210fec25124,2025-06-17T08:50:34Z,AlekseiNikiforovIBM,User,,human_account,,no,,,336cee604ebd47ce4a454b03e7761210fec25124,AlekseiNikiforovIBM,AlekseiNikiforovIBM,2026-08-30T17:14:49.946355+00:00
3,pytorch/pytorch,pull_request,156506,pull_commit,committed,857db2feb7b44a2ad84ff9ca71e912f82a98d1f5,2025-06-24T16:04:17Z,facebook-github-bot,User,,human_account,,no,,,857db2feb7b44a2ad84ff9ca71e912f82a98d1f5,yiming0416,facebook-github-bot,2026-08-30T17:14:50.461081+00:00
3,pytorch/pytorch,pull_request,186309,pull_commit,committed,f0dc29a2430a7110cbd9a4046d81c5fe25f61f26,2026-06-16T21:19:56Z,facebook-github-bot,User,,human_account,,no,,,f0dc29a2430a7110cbd9a4046d81c5fe25f61f26,joshuuuasu,facebook-github-bot,2026-08-30T17:14:50.991097+00:00
3,pytorch/pytorch,pull_request,187038,pull_commit,committed,2c243e3eb92951eb857f7812b6b2c4479020b0af,2026-06-11T12:40:39Z,Isalia20,User,,human_account,,no,,,2c243e3eb92951eb857f7812b6b2c4479020b0af,Isalia20,Isalia20,2026-08-30T17:14:51.569654+00:00
3,pytorch/pytorch,pull_request,187038,pull_commit,committed,72643facf0f814c83b9cb6d122cd9321a87bafaa,2026-06-11T17:14:52Z,Isalia20,User,,human_account,,no,,,72643facf0f814c83b9cb6d122cd9321a87bafaa,Isalia20,Isalia20,2026-08-30T17:14:51.569654+00:00
3,pytorch/pytorch,pull_request,187038,pull_commit,committed,3db113964edc28918eaa46f797f27d940f094ad1,2026-06-11T19:35:03Z,Isalia20,User,,human_account,,no,,,3db113964edc28918eaa46f797f27d940f094ad1,Isalia20,Isalia20,2026-08-30T17:14:51.569654+00:00
3,pytorch/pytorch,pull_request,187038,pull_commit,committed,d42dadfe5b1d5ca31904cc8a5a73e7de18939d13,2026-06-12T08:21:27Z,Isalia20,User,,human_account,,no,,,d42dadfe5b1d5ca31904cc8a5a73e7de18939d13,Isalia20,Isalia20,2026-08-30T17:14:51.569654+00:00
3,pytorch/pytorch,pull_request,187038,pull_commit,committed,258f54028ee9845257c81441d618ea2d86f3cbc4,2026-06-12T09:01:17Z,Isalia20,User,,human_account,,no,,,258f54028ee9845257c81441d618ea2d86f3cbc4,Isalia20,Isalia20,2026-08-30T17:14:51.569654+00:00
3,pytorch/pytorch,pull_request,187038,pull_commit,committed,9c54d73191b6785d85e0a00d4327d37509a71db3,2026-06-28T15:15:33Z,Isalia20,User,,human_account,,no,,,9c54d73191b6785d85e0a00d4327d37509a71db3,Isalia20,Isalia20,2026-08-30T17:14:51.569654+00:00
3,pytorch/pytorch,pull_request,187038,pull_commit,committed,4ff95dabee5bbe55c22ce4f93e2182b1b5a29723,2026-06-28T16:29:36Z,Isalia20,User,,human_account,,no,,,4ff95dabee5bbe55c22ce4f93e2182b1b5a29723,Isalia20,Isalia20,2026-08-30T17:14:51.569654+00:00
3,pytorch/pytorch,pull_request,187038,pull_commit,committed,10fe0e71711cdd27fa99665704ecd21534f11b20,2026-06-28T19:55:09Z,Isalia20,User,,human_account,,no,,,10fe0e71711cdd27fa99665704ecd21534f11b20,Isalia20,Isalia20,2026-08-30T17:14:51.569654+00:00
3,pytorch/pytorch,pull_request,187038,pull_commit,committed,376697c71a5a26417f4b1dc9435419c065fe8950,2026-06-28T21:08:40Z,Isalia20,User,,human_account,,no,,,376697c71a5a26417f4b1dc9435419c065fe8950,Isalia20,Isalia20,2026-08-30T17:14:51.569654+00:00
3,pytorch/pytorch,pull_request,187038,pull_commit,committed,e017c393ba777a5234448e029c273aa154414ff3,2026-07-07T21:14:13Z,Isalia20,User,,human_account,,no,,,e017c393ba777a5234448e029c273aa154414ff3,Isalia20,Isalia20,2026-08-30T17:14:51.569654+00:00
3,pytorch/pytorch,pull_request,187038,pull_commit,committed,f469625d8f85bb51623c29ab35087063645ee614,2026-07-08T00:46:23Z,web-flow,User,,human_account,,no,,,f469625d8f85bb51623c29ab35087063645ee614,malfet,web-flow,2026-08-30T17:14:51.569654+00:00
3,pytorch/pytorch,pull_request,187038,pull_commit,committed,aec3ec6812805d3d19911f9e61cdd0a747d568ce,2026-07-08T01:21:50Z,web-flow,User,,human_account,,no,,,aec3ec6812805d3d19911f9e61cdd0a747d568ce,malfet,web-flow,2026-08-30T17:14:51.569654+00:00
3,pytorch/pytorch,pull_request,194967,pull_commit,committed,70f0a08a76c352d7c08daef695af62e9b791f526,2026-08-30T00:40:09Z,pytorchupdatebot,User,,human_account,,no,,,70f0a08a76c352d7c08daef695af62e9b791f526,pytorchupdatebot,pytorchupdatebot,2026-08-30T17:14:52.096541+00:00
3,pytorch/pytorch,pull_request,191514,pull_commit,committed,31eb9dc300e2536fef817496329cd97ab709a716,2026-07-29T18:49:22Z,mlazos,User,,human_account,,no,,,31eb9dc300e2536fef817496329cd97ab709a716,mlazos,mlazos,2026-08-30T17:14:53.141206+00:00
3,pytorch/pytorch,pull_request,191514,pull_commit,committed,34a129e3d9dbc5c507a36ee1aeaf918151543cee,2026-07-29T18:54:13Z,mlazos,User,,human_account,,no,,,34a129e3d9dbc5c507a36ee1aeaf918151543cee,mlazos,mlazos,2026-08-30T17:14:53.141206+00:00
3,pytorch/pytorch,pull_request,191514,pull_commit,committed,0da300be34e3e3db9279fc4fe460731429b848c7,2026-07-29T19:56:04Z,mlazos,User,,human_account,,no,,,0da300be34e3e3db9279fc4fe460731429b848c7,mlazos,mlazos,2026-08-30T17:14:53.141206+00:00
3,pytorch/pytorch,pull_request,191514,pull_commit,committed,84221255c08310038bd6b69b2eca0026ebbb22c9,2026-07-29T21:28:06Z,mlazos,User,,human_account,,no,,,84221255c08310038bd6b69b2eca0026ebbb22c9,mlazos,mlazos,2026-08-30T17:14:53.141206+00:00
3,pytorch/pytorch,pull_request,191514,pull_commit,committed,58965e7e31e41bed9d970acfad189cbed556a00d,2026-07-30T00:11:41Z,mlazos,User,,human_account,,no,,,58965e7e31e41bed9d970acfad189cbed556a00d,mlazos,mlazos,2026-08-30T17:14:53.141206+00:00
3,pytorch/pytorch,pull_request,191514,pull_commit,committed,005037546d7c97ef09ab0274d1cd109828447e49,2026-07-30T00:50:58Z,mlazos,User,,human_account,,no,,,005037546d7c97ef09ab0274d1cd109828447e49,mlazos,mlazos,2026-08-30T17:14:53.141206+00:00
3,pytorch/pytorch,pull_request,191514,pull_commit,committed,3d88556402ce0638b1c2224d58d4225b3ec50256,2026-07-30T05:33:48Z,mlazos,User,,human_account,,no,,,3d88556402ce0638b1c2224d58d4225b3ec50256,mlazos,mlazos,2026-08-30T17:14:53.141206+00:00
3,pytorch/pytorch,pull_request,191514,pull_commit,committed,b826e8e4fa95a3b3c216cfe2325313d203759fd4,2026-07-30T05:42:17Z,mlazos,User,,human_account,,no,,,b826e8e4fa95a3b3c216cfe2325313d203759fd4,mlazos,mlazos,2026-08-30T17:14:53.141206+00:00
3,pytorch/pytorch,pull_request,191514,pull_commit,committed,0e817d97724f9df9a707d5d9a14628e542025b69,2026-07-30T07:15:49Z,mlazos,User,,human_account,,no,,,0e817d97724f9df9a707d5d9a14628e542025b69,mlazos,mlazos,2026-08-30T17:14:53.141206+00:00
3,pytorch/pytorch,pull_request,191514,pull_commit,committed,e3aadda3bbf4ff8320f8c299cbfe1f00f924c901,2026-07-31T07:06:55Z,mlazos,User,,human_account,,no,,,e3aadda3bbf4ff8320f8c299cbfe1f00f924c901,mlazos,mlazos,2026-08-30T17:14:53.141206+00:00
3,pytorch/pytorch,pull_request,191514,pull_commit,committed,3b044be54f2107f0f2ef1eb1c7c8cda00474b5cd,2026-07-31T07:25:56Z,mlazos,User,,human_account,,no,,,3b044be54f2107f0f2ef1eb1c7c8cda00474b5cd,mlazos,mlazos,2026-08-30T17:14:53.141206+00:00
3,pytorch/pytorch,pull_request,191514,pull_commit,committed,227e80db678480189b0477c03b17ec3d394010a4,2026-07-31T07:48:06Z,mlazos,User,,human_account,,no,,,227e80db678480189b0477c03b17ec3d394010a4,mlazos,mlazos,2026-08-30T17:14:53.141206+00:00
3,pytorch/pytorch,pull_request,191514,pull_commit,committed,baf714eefbdfd6313e59ca4be3807421e10ad287,2026-07-31T09:04:57Z,mlazos,User,,human_account,,no,,,baf714eefbdfd6313e59ca4be3807421e10ad287,mlazos,mlazos,2026-08-30T17:14:53.141206+00:00
3,pytorch/pytorch,pull_request,191514,pull_commit,committed,d90abc7496170521e94446eeb448a7fce752005d,2026-07-31T09:39:18Z,mlazos,User,,human_account,,no,,,d90abc7496170521e94446eeb448a7fce752005d,mlazos,mlazos,2026-08-30T17:14:53.141206+00:00
3,pytorch/pytorch,pull_request,191514,pull_commit,committed,0b2f8a409f9f386b5f82a5e501a61112fc5796d4,2026-07-31T18:10:17Z,mlazos,User,,human_account,,no,,,0b2f8a409f9f386b5f82a5e501a61112fc5796d4,mlazos,mlazos,2026-08-30T17:14:53.141206+00:00
3,pytorch/pytorch,pull_request,191514,pull_commit,committed,62072a784d6bc1fb746a38e901270dd1300a6015,2026-07-31T23:55:28Z,mlazos,User,,human_account,,no,,,62072a784d6bc1fb746a38e901270dd1300a6015,mlazos,mlazos,2026-08-30T17:14:53.141206+00:00
3,pytorch/pytorch,pull_request,191514,pull_commit,committed,dacf46ee38c498c4783f61ff2309ccc034e24d2f,2026-08-03T07:43:12Z,mlazos,User,,human_account,,no,,,dacf46ee38c498c4783f61ff2309ccc034e24d2f,mlazos,mlazos,2026-08-30T17:14:53.141206+00:00
3,pytorch/pytorch,pull_request,191514,pull_commit,committed,94ede1f05e00ac24cfbf08f4d5960d56777ec050,2026-08-03T08:26:22Z,mlazos,User,,human_account,,no,,,94ede1f05e00ac24cfbf08f4d5960d56777ec050,mlazos,mlazos,2026-08-30T17:14:53.141206+00:00
3,pytorch/pytorch,pull_request,191514,pull_commit,committed,b51cbdb162b0e4e61d7edd290132c258dfc704a7,2026-08-04T18:11:48Z,mlazos,User,,human_account,,no,,,b51cbdb162b0e4e61d7edd290132c258dfc704a7,mlazos,mlazos,2026-08-30T17:14:53.141206+00:00
3,pytorch/pytorch,pull_request,191514,pull_commit,committed,8de2b4ecf5c0b745f512ddc9264cd9e095b38a1a,2026-08-04T18:38:08Z,mlazos,User,,human_account,,no,,,8de2b4ecf5c0b745f512ddc9264cd9e095b38a1a,mlazos,mlazos,2026-08-30T17:14:53.141206+00:00
3,pytorch/pytorch,pull_request,191514,pull_commit,committed,fc1d39d58e3bb22644bee553900bfcb3a59cc16b,2026-08-04T20:03:49Z,mlazos,User,,human_account,,no,,,fc1d39d58e3bb22644bee553900bfcb3a59cc16b,mlazos,mlazos,2026-08-30T17:14:53.141206+00:00
3,pytorch/pytorch,pull_request,191514,pull_commit,committed,adbf091e19a759be96b3375c54470ac806f215d5,2026-08-05T02:47:24Z,mlazos,User,,human_account,,no,,,adbf091e19a759be96b3375c54470ac806f215d5,mlazos,mlazos,2026-08-30T17:14:53.141206+00:00
3,pytorch/pytorch,pull_request,191514,pull_commit,committed,6d0e2d9c8717ccff288871432584139340c5791e,2026-08-06T04:30:25Z,mlazos,User,,human_account,,no,,,6d0e2d9c8717ccff288871432584139340c5791e,mlazos,mlazos,2026-08-30T17:14:53.141206+00:00
3,pytorch/pytorch,pull_request,191514,pull_commit,committed,c958a9f13bb976b7b075d0664206d44012db0803,2026-08-06T08:04:36Z,mlazos,User,,human_account,,no,,,c958a9f13bb976b7b075d0664206d44012db0803,mlazos,mlazos,2026-08-30T17:14:53.141206+00:00
3,pytorch/pytorch,pull_request,191514,pull_commit,committed,222874a032572ac7e66690e3faca6ae7671187ab,2026-08-11T07:36:26Z,mlazos,User,,human_account,,no,,,222874a032572ac7e66690e3faca6ae7671187ab,mlazos,mlazos,2026-08-30T17:14:53.141206+00:00
3,pytorch/pytorch,pull_request,191514,pull_commit,committed,14c64092c103a3ce6df9ffd75571139c58614007,2026-08-11T09:31:09Z,mlazos,User,,human_account,,no,,,14c64092c103a3ce6df9ffd75571139c58614007,mlazos,mlazos,2026-08-30T17:14:53.141206+00:00
3,pytorch/pytorch,pull_request,191514,pull_commit,committed,dc7aa9e6a8821ed5a1b68d0f79b425b7ea74f766,2026-08-12T00:30:38Z,mlazos,User,,human_account,,no,,,dc7aa9e6a8821ed5a1b68d0f79b425b7ea74f766,mlazos,mlazos,2026-08-30T17:14:53.141206+00:00
3,pytorch/pytorch,pull_request,191514,pull_commit,committed,1a05bb1aecb6fe914b8c12156b1421d4d9efaf3d,2026-08-12T06:27:29Z,mlazos,User,,human_account,,no,,,1a05bb1aecb6fe914b8c12156b1421d4d9efaf3d,mlazos,mlazos,2026-08-30T17:14:53.141206+00:00
3,pytorch/pytorch,pull_request,191514,pull_commit,committed,7d51db9979f8f1313c945bfd682b8f22bf130bd4,2026-08-12T07:02:33Z,mlazos,User,,human_account,,no,,,7d51db9979f8f1313c945bfd682b8f22bf130bd4,mlazos,mlazos,2026-08-30T17:14:53.141206+00:00
3,pytorch/pytorch,pull_request,191514,pull_commit,committed,d13f4d56120f6f0e13a8721066e55f055bfe0089,2026-08-12T09:37:49Z,mlazos,User,,human_account,,no,,,d13f4d56120f6f0e13a8721066e55f055bfe0089,mlazos,mlazos,2026-08-30T17:14:53.141206+00:00
3,pytorch/pytorch,pull_request,191514,pull_commit,committed,5e15b86721ac733ba07c4aa48ee96263ab9bc49b,2026-08-12T17:37:33Z,mlazos,User,,human_account,,no,,,5e15b86721ac733ba07c4aa48ee96263ab9bc49b,mlazos,mlazos,2026-08-30T17:14:53.141206+00:00
3,pytorch/pytorch,pull_request,191514,pull_commit,committed,89078d1862bf4c48e8d4df57570bd09bf813e372,2026-08-12T17:59:21Z,mlazos,User,,human_account,,no,,,89078d1862bf4c48e8d4df57570bd09bf813e372,mlazos,mlazos,2026-08-30T17:14:53.141206+00:00
3,pytorch/pytorch,pull_request,191514,pull_commit,committed,feb43546d5fb93111c749bfb558b4728e946570d,2026-08-12T21:58:39Z,mlazos,User,,human_account,,no,,,feb43546d5fb93111c749bfb558b4728e946570d,mlazos,mlazos,2026-08-30T17:14:53.141206+00:00
3,pytorch/pytorch,pull_request,191514,pull_commit,committed,fb15e5f6daf1cd6dbc172a1c2c46f5923fcfeedc,2026-08-18T01:57:21Z,mlazos,User,,human_account,,no,,,fb15e5f6daf1cd6dbc172a1c2c46f5923fcfeedc,mlazos,mlazos,2026-08-30T17:14:53.141206+00:00
3,pytorch/pytorch,pull_request,191514,pull_commit,committed,5b6f97dd5edc0b6b725f07eab3edb1d73e219e2d,2026-08-18T22:14:20Z,mlazos,User,,human_account,,no,,,5b6f97dd5edc0b6b725f07eab3edb1d73e219e2d,mlazos,mlazos,2026-08-30T17:14:53.141206+00:00
3,pytorch/pytorch,pull_request,191514,pull_commit,committed,53f4b566953cef888ee0e4f4d2e1f8a4b881bf95,2026-08-19T18:37:16Z,mlazos,User,,human_account,,no,,,53f4b566953cef888ee0e4f4d2e1f8a4b881bf95,mlazos,mlazos,2026-08-30T17:14:53.141206+00:00
3,pytorch/pytorch,pull_request,191514,pull_commit,committed,1afac1c216de2414c861c156595f20d060a73109,2026-08-20T01:43:58Z,mlazos,User,,human_account,,no,,,1afac1c216de2414c861c156595f20d060a73109,mlazos,mlazos,2026-08-30T17:14:53.141206+00:00
3,pytorch/pytorch,pull_request,191514,pull_commit,committed,63f197232779e0ff13d25f1361f6ebc6b8dea9d3,2026-08-25T20:30:54Z,mlazos,User,,human_account,,no,,,63f197232779e0ff13d25f1361f6ebc6b8dea9d3,mlazos,mlazos,2026-08-30T17:14:53.141206+00:00
3,pytorch/pytorch,pull_request,191514,pull_commit,committed,f3cf2d77246708a84113b73609e57b0763222490,2026-08-26T08:15:34Z,mlazos,User,,human_account,,no,,,f3cf2d77246708a84113b73609e57b0763222490,mlazos,mlazos,2026-08-30T17:14:53.141206+00:00
3,pytorch/pytorch,pull_request,191514,pull_commit,committed,e02432623cc6c6b1da2e57757fe8fee183adc228,2026-08-28T21:08:22Z,mlazos,User,,human_account,,no,,,e02432623cc6c6b1da2e57757fe8fee183adc228,mlazos,mlazos,2026-08-30T17:14:53.141206+00:00
3,pytorch/pytorch,pull_request,191514,pull_commit,committed,aa73a9ea63edc65f1976c4d3846af64d005ef558,2026-08-28T23:52:51Z,mlazos,User,,human_account,,no,,,aa73a9ea63edc65f1976c4d3846af64d005ef558,mlazos,mlazos,2026-08-30T17:14:53.141206+00:00
3,pytorch/pytorch,pull_request,191514,pull_commit,committed,e6b9590991dfc9920b3a23b7a9113ccf282789db,2026-08-29T02:08:04Z,mlazos,User,,human_account,,no,,,e6b9590991dfc9920b3a23b7a9113ccf282789db,mlazos,mlazos,2026-08-30T17:14:53.141206+00:00
3,pytorch/pytorch,pull_request,192824,pull_commit,committed,b28317c1979e1450e6a59543763e53ffad5fe446,2026-08-10T18:27:51Z,ethanwee1,User,,human_account,,no,,,b28317c1979e1450e6a59543763e53ffad5fe446,ethanwee1,ethanwee1,2026-08-30T17:14:53.607942+00:00
3,pytorch/pytorch,pull_request,192824,pull_commit,committed,06c89457d83c6e74d764c3fdf1cf027a0b5d6bba,2026-08-17T16:32:59Z,ethanwee1,User,,human_account,,no,,,06c89457d83c6e74d764c3fdf1cf027a0b5d6bba,ethanwee1,ethanwee1,2026-08-30T17:14:53.607942+00:00
3,pytorch/pytorch,pull_request,192824,pull_commit,committed,e42663eb90e64f68e3251e5b9c7bc62cbc0e8ba4,2026-08-24T17:49:36Z,ethanwee1,User,,human_account,,no,,,e42663eb90e64f68e3251e5b9c7bc62cbc0e8ba4,ethanwee1,ethanwee1,2026-08-30T17:14:53.607942+00:00
3,pytorch/pytorch,pull_request,194145,pull_commit,committed,81e0004a47df7d84e16e473687f8170da20e097a,2026-08-20T01:35:26Z,ZhaoqiongZ,User,,human_account,,no,,,81e0004a47df7d84e16e473687f8170da20e097a,ZhaoqiongZ,ZhaoqiongZ,2026-08-30T17:14:54.210772+00:00
3,pytorch/pytorch,pull_request,193391,pull_commit,committed,e75a304dbf5a7cdb4deac933cd65ea02224dc834,2026-08-17T17:40:17Z,kodlan,User,,human_account,,no,,,e75a304dbf5a7cdb4deac933cd65ea02224dc834,kodlan,kodlan,2026-08-30T17:14:54.679753+00:00
3,pytorch/pytorch,pull_request,190965,pull_commit,committed,1515b5d1a333de9d7069442db355710567a383ae,2026-07-24T01:19:42Z,sanketpurandare,User,,human_account,,no,,,1515b5d1a333de9d7069442db355710567a383ae,sanketpurandare,sanketpurandare,2026-08-30T17:14:55.685958+00:00
3,pytorch/pytorch,pull_request,195085,pull_commit,committed,4f4ce4de56b03e8f695d55504b8eead9760f5749,2026-08-30T00:41:55Z,pytorchupdatebot,User,,human_account,,no,,,4f4ce4de56b03e8f695d55504b8eead9760f5749,pytorchupdatebot,pytorchupdatebot,2026-08-30T17:14:56.198134+00:00
3,pytorch/pytorch,pull_request,182449,pull_commit,committed,de981dd6c3b543cd373f03c289f40c3100143724,2026-05-05T16:22:57Z,jlaportebot,User,,human_account,,no,,,de981dd6c3b543cd373f03c289f40c3100143724,jlaportebot,jlaportebot,2026-08-30T17:14:56.758628+00:00
3,pytorch/pytorch,pull_request,182449,pull_commit,committed,4ca7f6e453c16a537fc6da2d6f8c45f72ddc63e4,2026-05-17T23:39:37Z,jlaportebot,User,,human_account,,no,,,4ca7f6e453c16a537fc6da2d6f8c45f72ddc63e4,jlaportebot,jlaportebot,2026-08-30T17:14:56.758628+00:00
3,pytorch/pytorch,pull_request,182449,pull_commit,committed,5c0f0cac79553b63a1561a321b83687084eef0d3,2026-05-18T07:23:52Z,jlaportebot,User,,human_account,,no,,,5c0f0cac79553b63a1561a321b83687084eef0d3,jlaportebot,jlaportebot,2026-08-30T17:14:56.758628+00:00
3,pytorch/pytorch,pull_request,192097,pull_commit,committed,35aa51fd4a4c7c1b70d04abbafe5fc0fbd938ea2,2026-08-07T15:57:03Z,cleonard530,User,,human_account,,no,,,35aa51fd4a4c7c1b70d04abbafe5fc0fbd938ea2,cleonard530,cleonard530,2026-08-30T17:14:57.311975+00:00
3,pytorch/pytorch,pull_request,192097,pull_commit,committed,012a111a448472686d03e8a0ad305b2899bc8594,2026-08-07T15:57:21Z,cleonard530,User,,human_account,,no,,,012a111a448472686d03e8a0ad305b2899bc8594,cleonard530,cleonard530,2026-08-30T17:14:57.311975+00:00
3,pytorch/pytorch,pull_request,192097,pull_commit,committed,77320bf43f61b00fa3b40b66f15c87f16fc4dcc0,2026-08-07T15:57:45Z,cleonard530,User,,human_account,,no,,,77320bf43f61b00fa3b40b66f15c87f16fc4dcc0,cleonard530,cleonard530,2026-08-30T17:14:57.311975+00:00
3,pytorch/pytorch,pull_request,192097,pull_commit,committed,6cfc10aa06c1c0538d9f056da0d44ce02277284e,2026-08-07T15:57:55Z,cleonard530,User,,human_account,,no,,,6cfc10aa06c1c0538d9f056da0d44ce02277284e,cleonard530,cleonard530,2026-08-30T17:14:57.311975+00:00
3,pytorch/pytorch,pull_request,184953,pull_commit,committed,a6cb0a8c1a985a76cb332c5b1498fc8374fe5eb2,2026-05-23T01:36:47Z,jansel,User,,human_account,,no,,,a6cb0a8c1a985a76cb332c5b1498fc8374fe5eb2,jansel,jansel,2026-08-30T17:14:57.810966+00:00
3,pytorch/pytorch,pull_request,184953,pull_commit,committed,27b70c92dca5df0b29083a3ba741dacdb94ac972,2026-05-27T15:48:52Z,jansel,User,,human_account,,no,,,27b70c92dca5df0b29083a3ba741dacdb94ac972,jansel,jansel,2026-08-30T17:14:57.810966+00:00
3,pytorch/pytorch,pull_request,182986,pull_commit,committed,e58930b4a61da89433f3437d3cb14f0b1d857101,2026-08-07T15:49:15Z,facebook-github-bot,User,,human_account,,no,,,e58930b4a61da89433f3437d3cb14f0b1d857101,njriasan,facebook-github-bot,2026-08-30T17:14:58.349886+00:00
3,pytorch/pytorch,pull_request,185399,pull_commit,committed,66e69c557a9029790a7c6fdbc91de1af270ff36b,2026-05-27T16:43:06Z,deepujain,User,,human_account,,no,,,66e69c557a9029790a7c6fdbc91de1af270ff36b,deepujain,deepujain,2026-08-30T17:14:58.931340+00:00
3,pytorch/pytorch,pull_request,186657,pull_commit,committed,04c5eb593c80c0855fb02b661de7426350732a75,2026-06-08T21:36:33Z,williamwen42,User,,human_account,,no,,,04c5eb593c80c0855fb02b661de7426350732a75,williamwen42,williamwen42,2026-08-30T17:14:59.489580+00:00
3,pytorch/pytorch,pull_request,186657,pull_commit,committed,78563be1601ff4cb429b27158ec9f3ead06d91b8,2026-06-09T15:56:10Z,williamwen42,User,,human_account,,no,,,78563be1601ff4cb429b27158ec9f3ead06d91b8,williamwen42,williamwen42,2026-08-30T17:14:59.489580+00:00
3,pytorch/pytorch,pull_request,186657,pull_commit,committed,80325ed77aab11339dbbae433ed5517830a7cdab,2026-06-09T17:49:03Z,williamwen42,User,,human_account,,no,,,80325ed77aab11339dbbae433ed5517830a7cdab,williamwen42,williamwen42,2026-08-30T17:14:59.489580+00:00
3,pytorch/pytorch,pull_request,186657,pull_commit,committed,aab71d31f2885afe00617c4375f9b6838bbfcb91,2026-06-11T02:42:43Z,williamwen42,User,,human_account,,no,,,aab71d31f2885afe00617c4375f9b6838bbfcb91,williamwen42,williamwen42,2026-08-30T17:14:59.489580+00:00
3,pytorch/pytorch,pull_request,186657,pull_commit,committed,b82ce13a26f4c7a85a1c1db463f8a97a89b61ef0,2026-06-11T20:00:58Z,williamwen42,User,,human_account,,no,,,b82ce13a26f4c7a85a1c1db463f8a97a89b61ef0,williamwen42,williamwen42,2026-08-30T17:14:59.489580+00:00
3,pytorch/pytorch,pull_request,186657,pull_commit,committed,4fa239067e231f3634f9ac483ba81101ee7b9a74,2026-06-11T21:55:35Z,williamwen42,User,,human_account,,no,,,4fa239067e231f3634f9ac483ba81101ee7b9a74,williamwen42,williamwen42,2026-08-30T17:14:59.489580+00:00
3,pytorch/pytorch,pull_request,186657,pull_commit,committed,1d669d303e6ba32e2bdb3ce1d7bfa12e71388627,2026-06-11T23:36:54Z,williamwen42,User,,human_account,,no,,,1d669d303e6ba32e2bdb3ce1d7bfa12e71388627,williamwen42,williamwen42,2026-08-30T17:14:59.489580+00:00
3,pytorch/pytorch,pull_request,186657,pull_commit,committed,fbebb69ec97d38f0e6e04f81e6fdd12b2b8a53b7,2026-06-12T18:01:22Z,williamwen42,User,,human_account,,no,,,fbebb69ec97d38f0e6e04f81e6fdd12b2b8a53b7,williamwen42,williamwen42,2026-08-30T17:14:59.489580+00:00
3,pytorch/pytorch,pull_request,186657,pull_commit,committed,cc5673e1244bca1e0bb8d29df7a4ca6577448968,2026-06-12T23:12:10Z,williamwen42,User,,human_account,,no,,,cc5673e1244bca1e0bb8d29df7a4ca6577448968,williamwen42,williamwen42,2026-08-30T17:14:59.489580+00:00
3,pytorch/pytorch,pull_request,186657,pull_commit,committed,a9a86eca5af202399ed645dfc29a9f3967671023,2026-06-12T23:19:12Z,williamwen42,User,,human_account,,no,,,a9a86eca5af202399ed645dfc29a9f3967671023,williamwen42,williamwen42,2026-08-30T17:14:59.489580+00:00
3,pytorch/pytorch,pull_request,186657,pull_commit,committed,b72e4b52f661a5e9bb16037265feafaf1ac7c295,2026-06-15T22:45:21Z,williamwen42,User,,human_account,,no,,,b72e4b52f661a5e9bb16037265feafaf1ac7c295,williamwen42,williamwen42,2026-08-30T17:14:59.489580+00:00
3,pytorch/pytorch,pull_request,186657,pull_commit,committed,0fcf761baffd0b2b2747e80c583d5ae9f8c37746,2026-06-15T23:14:50Z,williamwen42,User,,human_account,,no,,,0fcf761baffd0b2b2747e80c583d5ae9f8c37746,williamwen42,williamwen42,2026-08-30T17:14:59.489580+00:00
3,pytorch/pytorch,pull_request,186657,pull_commit,committed,10197d1712ac21e53665d46700555ea0fb43b8d2,2026-06-16T00:52:26Z,williamwen42,User,,human_account,,no,,,10197d1712ac21e53665d46700555ea0fb43b8d2,williamwen42,williamwen42,2026-08-30T17:14:59.489580+00:00
3,pytorch/pytorch,pull_request,186657,pull_commit,committed,9ddfb67ffb56b10a474d188198d789a86493b908,2026-06-16T18:10:10Z,williamwen42,User,,human_account,,no,,,9ddfb67ffb56b10a474d188198d789a86493b908,williamwen42,williamwen42,2026-08-30T17:14:59.489580+00:00
3,pytorch/pytorch,pull_request,186657,pull_commit,committed,1170a20c9585b40db6c1c96d9c55adf507218e6e,2026-06-16T23:56:36Z,williamwen42,User,,human_account,,no,,,1170a20c9585b40db6c1c96d9c55adf507218e6e,williamwen42,williamwen42,2026-08-30T17:14:59.489580+00:00
3,pytorch/pytorch,pull_request,186657,pull_commit,committed,9a5fe8b848d17cbcad30fbbddac750083fd847a5,2026-06-17T20:01:18Z,williamwen42,User,,human_account,,no,,,9a5fe8b848d17cbcad30fbbddac750083fd847a5,williamwen42,williamwen42,2026-08-30T17:14:59.489580+00:00
3,pytorch/pytorch,pull_request,186657,pull_commit,committed,03cce693e277835c2d02e59b25448b445af15427,2026-06-18T23:20:06Z,williamwen42,User,,human_account,,no,,,03cce693e277835c2d02e59b25448b445af15427,williamwen42,williamwen42,2026-08-30T17:14:59.489580+00:00
3,pytorch/pytorch,pull_request,186657,pull_commit,committed,9c52d7c1f08c7ce890f08fb7f1748ac1bded2938,2026-06-23T18:50:22Z,williamwen42,User,,human_account,,no,,,9c52d7c1f08c7ce890f08fb7f1748ac1bded2938,williamwen42,williamwen42,2026-08-30T17:14:59.489580+00:00
3,pytorch/pytorch,pull_request,186657,pull_commit,committed,b73c390f8ada469f9175dbbe90ea244a18274fd5,2026-06-23T22:40:08Z,williamwen42,User,,human_account,,no,,,b73c390f8ada469f9175dbbe90ea244a18274fd5,williamwen42,williamwen42,2026-08-30T17:14:59.489580+00:00
3,pytorch/pytorch,pull_request,186657,pull_commit,committed,8a4f1a671128ae75b59fffba5d412e23c769ba86,2026-06-24T18:12:14Z,williamwen42,User,,human_account,,no,,,8a4f1a671128ae75b59fffba5d412e23c769ba86,williamwen42,williamwen42,2026-08-30T17:14:59.489580+00:00
3,pytorch/pytorch,pull_request,186657,pull_commit,committed,7d0723757eee11d1e8abf410a277d453f62a86cd,2026-06-25T18:45:49Z,williamwen42,User,,human_account,,no,,,7d0723757eee11d1e8abf410a277d453f62a86cd,williamwen42,williamwen42,2026-08-30T17:14:59.489580+00:00
3,pytorch/pytorch,pull_request,186657,pull_commit,committed,10000bd6131b5f109d92eac62b59d07f4ae9de4e,2026-06-25T22:09:04Z,williamwen42,User,,human_account,,no,,,10000bd6131b5f109d92eac62b59d07f4ae9de4e,williamwen42,williamwen42,2026-08-30T17:14:59.489580+00:00
3,pytorch/pytorch,pull_request,186657,pull_commit,committed,8b54f8503dc588b879edf864aa66e252d22a7884,2026-06-26T18:33:02Z,williamwen42,User,,human_account,,no,,,8b54f8503dc588b879edf864aa66e252d22a7884,williamwen42,williamwen42,2026-08-30T17:14:59.489580+00:00
3,pytorch/pytorch,pull_request,186657,pull_commit,committed,a644dc5bfd9690376aebee9f7f06129b58009901,2026-06-30T20:19:03Z,williamwen42,User,,human_account,,no,,,a644dc5bfd9690376aebee9f7f06129b58009901,williamwen42,williamwen42,2026-08-30T17:14:59.489580+00:00
3,pytorch/pytorch,pull_request,186657,pull_commit,committed,381e4ee8d178bd6f3a679a397a610f33e33e3516,2026-06-30T20:56:26Z,williamwen42,User,,human_account,,no,,,381e4ee8d178bd6f3a679a397a610f33e33e3516,williamwen42,williamwen42,2026-08-30T17:14:59.489580+00:00
3,pytorch/pytorch,pull_request,186657,pull_commit,committed,a20d2d543534ba7c4e806529eb433a1cfb76ba11,2026-07-01T00:31:41Z,williamwen42,User,,human_account,,no,,,a20d2d543534ba7c4e806529eb433a1cfb76ba11,williamwen42,williamwen42,2026-08-30T17:14:59.489580+00:00
3,pytorch/pytorch,pull_request,186657,pull_commit,committed,6443b86e3e97dcb94251ec3b0a73082109743c3c,2026-07-01T00:40:18Z,williamwen42,User,,human_account,,no,,,6443b86e3e97dcb94251ec3b0a73082109743c3c,williamwen42,williamwen42,2026-08-30T17:14:59.489580+00:00
3,pytorch/pytorch,pull_request,186657,pull_commit,committed,80e074c30b0ed03837991b27519771de6a3fa42d,2026-07-01T21:22:25Z,williamwen42,User,,human_account,,no,,,80e074c30b0ed03837991b27519771de6a3fa42d,williamwen42,williamwen42,2026-08-30T17:14:59.489580+00:00
3,pytorch/pytorch,pull_request,186657,pull_commit,committed,4d8a2dacac11f092a1a5945e7a94e60b63dcffff,2026-07-01T22:52:23Z,williamwen42,User,,human_account,,no,,,4d8a2dacac11f092a1a5945e7a94e60b63dcffff,williamwen42,williamwen42,2026-08-30T17:14:59.489580+00:00
3,pytorch/pytorch,pull_request,186657,pull_commit,committed,0655bb74534c52173ba7202b9a38baa34734f357,2026-07-01T23:02:27Z,williamwen42,User,,human_account,,no,,,0655bb74534c52173ba7202b9a38baa34734f357,williamwen42,williamwen42,2026-08-30T17:14:59.489580+00:00
3,pytorch/pytorch,pull_request,186657,pull_commit,committed,1a31b84838d46e453f7a10e550ecc0523c9183fa,2026-07-02T18:19:01Z,williamwen42,User,,human_account,,no,,,1a31b84838d46e453f7a10e550ecc0523c9183fa,williamwen42,williamwen42,2026-08-30T17:14:59.489580+00:00
3,pytorch/pytorch,pull_request,186657,pull_commit,committed,fe73dc63e9d63e74552d70803fe3397b3e7dcd3a,2026-07-02T23:21:24Z,williamwen42,User,,human_account,,no,,,fe73dc63e9d63e74552d70803fe3397b3e7dcd3a,williamwen42,williamwen42,2026-08-30T17:14:59.489580+00:00
3,pytorch/pytorch,pull_request,186657,pull_commit,committed,c33a685a29b50dcbaab4edffdfeaa8ea2b2d0192,2026-07-06T20:06:28Z,williamwen42,User,,human_account,,no,,,c33a685a29b50dcbaab4edffdfeaa8ea2b2d0192,williamwen42,williamwen42,2026-08-30T17:14:59.489580+00:00
3,pytorch/pytorch,pull_request,186657,pull_commit,committed,67ab557fb6053fb01412546e5db67bee61be76d0,2026-07-07T18:04:04Z,williamwen42,User,,human_account,,no,,,67ab557fb6053fb01412546e5db67bee61be76d0,williamwen42,williamwen42,2026-08-30T17:14:59.489580+00:00
3,pytorch/pytorch,pull_request,190827,pull_commit,committed,f8d9cb25e096c59e9e4115d717d6687200925361,2026-07-22T21:24:26Z,frgossen,User,,human_account,,no,,,f8d9cb25e096c59e9e4115d717d6687200925361,frgossen,frgossen,2026-08-30T17:15:00.079552+00:00
3,pytorch/pytorch,pull_request,188424,pull_commit,committed,df2790c5fceef35b1e839187e4b34f65dd750601,2026-06-29T14:37:48Z,amdfaa,User,,human_account,,no,,,df2790c5fceef35b1e839187e4b34f65dd750601,amdfaa,amdfaa,2026-08-30T17:15:00.597224+00:00
3,pytorch/pytorch,pull_request,183552,pull_commit,committed,668566bf7b32bba1a655bba11a2ccc5b91e10317,2026-05-13T12:35:23Z,IvanKobzarev,User,,human_account,,no,,,668566bf7b32bba1a655bba11a2ccc5b91e10317,IvanKobzarev,IvanKobzarev,2026-08-30T17:15:01.135830+00:00
3,pytorch/pytorch,pull_request,191488,pull_commit,committed,9cbe0985e164a625ddbb5bdf8cfaa86c2bb7bff4,2026-07-29T13:27:21Z,basioli-k,User,,human_account,,no,,,9cbe0985e164a625ddbb5bdf8cfaa86c2bb7bff4,basioli-k,basioli-k,2026-08-30T17:15:01.588983+00:00
3,pytorch/pytorch,pull_request,188311,pull_commit,committed,0ac2fb099357e723e4aab0bfe6bc486b90caba6d,2026-06-26T23:03:09Z,benjaminglass1,User,,human_account,,no,,,0ac2fb099357e723e4aab0bfe6bc486b90caba6d,benjaminglass1,benjaminglass1,2026-08-30T17:15:02.113242+00:00
3,pytorch/pytorch,pull_request,188311,pull_commit,committed,68f9c86cabb373ca29c3240678201e5c955cc3c4,2026-06-26T23:39:49Z,benjaminglass1,User,,human_account,,no,,,68f9c86cabb373ca29c3240678201e5c955cc3c4,benjaminglass1,benjaminglass1,2026-08-30T17:15:02.113242+00:00
3,pytorch/pytorch,pull_request,188311,pull_commit,committed,26965dbb9aec94feeda884b3cc616bce4cd0338f,2026-06-29T14:28:49Z,benjaminglass1,User,,human_account,,no,,,26965dbb9aec94feeda884b3cc616bce4cd0338f,benjaminglass1,benjaminglass1,2026-08-30T17:15:02.113242+00:00
3,pytorch/pytorch,pull_request,188311,pull_commit,committed,aa6d271691ebcf5f1e74ba2b4b071d4c7366174f,2026-06-29T14:56:54Z,benjaminglass1,User,,human_account,,no,,,aa6d271691ebcf5f1e74ba2b4b071d4c7366174f,benjaminglass1,benjaminglass1,2026-08-30T17:15:02.113242+00:00
3,pytorch/pytorch,pull_request,188311,pull_commit,committed,6d70d771ae695f4ff242b69b2db2b64ad796acd8,2026-06-29T18:09:50Z,benjaminglass1,User,,human_account,,no,,,6d70d771ae695f4ff242b69b2db2b64ad796acd8,benjaminglass1,benjaminglass1,2026-08-30T17:15:02.113242+00:00
3,pytorch/pytorch,pull_request,188311,pull_commit,committed,9077c4e816dd19c824fb089676ba41e2f77e0651,2026-07-01T18:28:41Z,benjaminglass1,User,,human_account,,no,,,9077c4e816dd19c824fb089676ba41e2f77e0651,benjaminglass1,benjaminglass1,2026-08-30T17:15:02.113242+00:00
3,pytorch/pytorch,pull_request,188311,pull_commit,committed,874893538eacaf81f88f8400c37e3ca04b99bc4f,2026-07-01T20:34:25Z,benjaminglass1,User,,human_account,,no,,,874893538eacaf81f88f8400c37e3ca04b99bc4f,benjaminglass1,benjaminglass1,2026-08-30T17:15:02.113242+00:00
3,pytorch/pytorch,pull_request,188311,pull_commit,committed,3686d678927f8b79389fda6c82d5ad5bbb76b8f3,2026-07-06T18:10:57Z,benjaminglass1,User,,human_account,,no,,,3686d678927f8b79389fda6c82d5ad5bbb76b8f3,benjaminglass1,benjaminglass1,2026-08-30T17:15:02.113242+00:00
3,pytorch/pytorch,pull_request,188311,pull_commit,committed,4bed4e38125ecaa3c22e154997791ccb4315f30a,2026-07-09T17:24:00Z,benjaminglass1,User,,human_account,,no,,,4bed4e38125ecaa3c22e154997791ccb4315f30a,benjaminglass1,benjaminglass1,2026-08-30T17:15:02.113242+00:00
3,pytorch/pytorch,pull_request,188311,pull_commit,committed,13de13e9dc82d0e4c65ad16d17762ea5af174523,2026-07-09T19:28:43Z,benjaminglass1,User,,human_account,,no,,,13de13e9dc82d0e4c65ad16d17762ea5af174523,benjaminglass1,benjaminglass1,2026-08-30T17:15:02.113242+00:00
3,pytorch/pytorch,pull_request,188311,pull_commit,committed,a26b10528388c8ef69032cc6f84a85bf2ead12dd,2026-07-23T20:53:46Z,benjaminglass1,User,,human_account,,no,,,a26b10528388c8ef69032cc6f84a85bf2ead12dd,benjaminglass1,benjaminglass1,2026-08-30T17:15:02.113242+00:00
3,pytorch/pytorch,pull_request,188311,pull_commit,committed,ee5bfc05faed44f355effb5ae308000e667ba536,2026-07-27T20:27:07Z,benjaminglass1,User,,human_account,,no,,,ee5bfc05faed44f355effb5ae308000e667ba536,benjaminglass1,benjaminglass1,2026-08-30T17:15:02.113242+00:00
3,pytorch/pytorch,pull_request,188311,pull_commit,committed,1dcf3f0565b2d2ce86c380ca5a0427e0e29bf133,2026-07-29T22:56:55Z,benjaminglass1,User,,human_account,,no,,,1dcf3f0565b2d2ce86c380ca5a0427e0e29bf133,benjaminglass1,benjaminglass1,2026-08-30T17:15:02.113242+00:00
3,pytorch/pytorch,pull_request,188311,pull_commit,committed,6f716743fe8335046dc4e43c656eab50f3a7da77,2026-07-31T23:24:50Z,benjaminglass1,User,,human_account,,no,,,6f716743fe8335046dc4e43c656eab50f3a7da77,benjaminglass1,benjaminglass1,2026-08-30T17:15:02.113242+00:00
3,pytorch/pytorch,pull_request,188311,pull_commit,committed,63ce148dfcca019ab643e84ca4cb8bd8f3ba2d43,2026-08-01T19:48:43Z,benjaminglass1,User,,human_account,,no,,,63ce148dfcca019ab643e84ca4cb8bd8f3ba2d43,benjaminglass1,benjaminglass1,2026-08-30T17:15:02.113242+00:00
3,pytorch/pytorch,pull_request,188311,pull_commit,committed,39cd053e8b1462400958e67dab1e1bd96a3b7bc9,2026-08-06T22:24:35Z,benjaminglass1,User,,human_account,,no,,,39cd053e8b1462400958e67dab1e1bd96a3b7bc9,benjaminglass1,benjaminglass1,2026-08-30T17:15:02.113242+00:00
3,pytorch/pytorch,pull_request,188311,pull_commit,committed,a6a8ae63a27314f8d5cf39e15a4822c77bb41202,2026-08-29T19:13:46Z,benjaminglass1,User,,human_account,,no,,,a6a8ae63a27314f8d5cf39e15a4822c77bb41202,benjaminglass1,benjaminglass1,2026-08-30T17:15:02.113242+00:00
3,pytorch/pytorch,pull_request,192506,pull_commit,committed,791e2b5357b676101caa654d619ecc468636e863,2026-08-19T07:10:09Z,daisyden,User,,human_account,,no,,,791e2b5357b676101caa654d619ecc468636e863,daisyden,daisyden,2026-08-30T17:15:02.639967+00:00
3,pytorch/pytorch,pull_request,192506,pull_commit,committed,336f0cbbe9318f8a1b7c993de6b4c34d18802dfb,2026-08-20T05:54:10Z,daisyden,User,,human_account,,no,,,336f0cbbe9318f8a1b7c993de6b4c34d18802dfb,daisyden,daisyden,2026-08-30T17:15:02.639967+00:00
3,pytorch/pytorch,pull_request,186012,pull_commit,committed,e4051e5c3a78417372963b75dc60d4447996bca7,2026-06-02T23:47:41Z,malfet,User,,human_account,,no,,,e4051e5c3a78417372963b75dc60d4447996bca7,malfet,malfet,2026-08-30T17:15:03.130804+00:00
3,pytorch/pytorch,pull_request,186012,pull_commit,committed,c7b15a8ba688266e925894f2d4ea3736f4050341,2026-06-03T23:36:15Z,malfet,User,,human_account,,no,,,c7b15a8ba688266e925894f2d4ea3736f4050341,malfet,malfet,2026-08-30T17:15:03.130804+00:00
3,pytorch/pytorch,pull_request,186012,pull_commit,committed,f875f5bf622739c39f2b71989463cea892102494,2026-06-09T20:50:42Z,malfet,User,,human_account,,no,,,f875f5bf622739c39f2b71989463cea892102494,malfet,malfet,2026-08-30T17:15:03.130804+00:00
3,pytorch/pytorch,pull_request,188183,pull_commit,committed,ea22eb8716cdda704cc907920e092fd7c3e61073,2026-06-25T19:34:07Z,harsh-vsingh,User,,human_account,,no,,,ea22eb8716cdda704cc907920e092fd7c3e61073,harsh-vsingh,harsh-vsingh,2026-08-30T17:15:03.592771+00:00
3,pytorch/pytorch,pull_request,182687,pull_commit,committed,34c173595bd1599f0f7b84e0a888aee06aa8f175,2026-05-06T18:46:04Z,divyanshk,User,,human_account,,no,,,34c173595bd1599f0f7b84e0a888aee06aa8f175,divyanshk,divyanshk,2026-08-30T17:15:04.147798+00:00
3,pytorch/pytorch,pull_request,182687,pull_commit,committed,911af559a8d106e79fbc6485c21acae1716c547b,2026-05-06T18:57:48Z,divyanshk,User,,human_account,,no,,,911af559a8d106e79fbc6485c21acae1716c547b,divyanshk,divyanshk,2026-08-30T17:15:04.147798+00:00
3,pytorch/pytorch,pull_request,182687,pull_commit,committed,e157866660b57fd7cd2df05b67aadca03f90b2ae,2026-05-06T20:20:16Z,divyanshk,User,,human_account,,no,,,e157866660b57fd7cd2df05b67aadca03f90b2ae,divyanshk,divyanshk,2026-08-30T17:15:04.147798+00:00
3,pytorch/pytorch,pull_request,187668,pull_commit,committed,3740a9b7879d14e71ccf69c1b05e50644b8680b4,2026-06-18T15:03:06Z,bobrenjc93,User,,human_account,,no,,,3740a9b7879d14e71ccf69c1b05e50644b8680b4,bobrenjc93,bobrenjc93,2026-08-30T17:15:04.715445+00:00
3,pytorch/pytorch,pull_request,190312,pull_commit,committed,77404ddd6d34950d05974321f21cb60e8e1c4a51,2026-07-17T05:35:55Z,rtimpe,User,,human_account,,no,,,77404ddd6d34950d05974321f21cb60e8e1c4a51,rtimpe,rtimpe,2026-08-30T17:15:05.226433+00:00
3,pytorch/pytorch,pull_request,190312,pull_commit,committed,37e3c7e7c6e451217591cd8641cc0ba26104d5fe,2026-07-29T00:11:47Z,rtimpe,User,,human_account,,no,,,37e3c7e7c6e451217591cd8641cc0ba26104d5fe,rtimpe,rtimpe,2026-08-30T17:15:05.226433+00:00
3,pytorch/pytorch,pull_request,190312,pull_commit,committed,46bbfe9dcd52f8945e8f3d274debb2eb2f09f99c,2026-07-29T18:09:22Z,rtimpe,User,,human_account,,no,,,46bbfe9dcd52f8945e8f3d274debb2eb2f09f99c,rtimpe,rtimpe,2026-08-30T17:15:05.226433+00:00
3,pytorch/pytorch,pull_request,190312,pull_commit,committed,e368260b79daffae3f044693254099e5a6995989,2026-07-29T22:13:07Z,rtimpe,User,,human_account,,no,,,e368260b79daffae3f044693254099e5a6995989,rtimpe,rtimpe,2026-08-30T17:15:05.226433+00:00
3,pytorch/pytorch,pull_request,190312,pull_commit,committed,420dabf9351a96d1b260882805b6e800f311c0b4,2026-07-29T23:24:11Z,rtimpe,User,,human_account,,no,,,420dabf9351a96d1b260882805b6e800f311c0b4,rtimpe,rtimpe,2026-08-30T17:15:05.226433+00:00
7,vllm-project/vllm,pull_request,7288,pull_commit,committed,21b7242d731b0d6405bcbfd66b6eceebc27aa25e,2024-08-08T03:06:51Z,NiuBlibing,User,,human_account,,no,,,21b7242d731b0d6405bcbfd66b6eceebc27aa25e,NiuBlibing,NiuBlibing,2026-08-30T17:15:05.684372+00:00
7,vllm-project/vllm,pull_request,5706,pull_commit,committed,325aabf805dd5149e9d80edc5ed9ef7b3faef445,2024-06-20T10:46:44Z,ShangmingCai,User,,human_account,,no,,,325aabf805dd5149e9d80edc5ed9ef7b3faef445,ShangmingCai,ShangmingCai,2026-08-30T17:15:06.138927+00:00
7,vllm-project/vllm,pull_request,6045,pull_commit,committed,2fd49f6dbe16897ea00271c20fead91f28464a62,2024-07-01T19:32:11Z,web-flow,User,,human_account,,no,,,2fd49f6dbe16897ea00271c20fead91f28464a62,w013nad,web-flow,2026-08-30T17:15:06.715019+00:00
7,vllm-project/vllm,pull_request,6045,pull_commit,committed,d0e2a88fe218d756af2d6f67dcb78195de7f6237,2024-07-01T20:32:16Z,web-flow,User,,human_account,,no,,,d0e2a88fe218d756af2d6f67dcb78195de7f6237,w013nad,web-flow,2026-08-30T17:15:06.715019+00:00
7,vllm-project/vllm,pull_request,6045,pull_commit,committed,206621681b400cc6d129440c46f2903b4fe21f59,2024-07-01T20:34:22Z,web-flow,User,,human_account,,no,,,206621681b400cc6d129440c46f2903b4fe21f59,w013nad,web-flow,2026-08-30T17:15:06.715019+00:00
7,vllm-project/vllm,pull_request,6045,pull_commit,committed,71152eeaf0c187566869c9317d68923628794c35,2024-07-01T22:49:36Z,web-flow,User,,human_account,,no,,,71152eeaf0c187566869c9317d68923628794c35,w013nad,web-flow,2026-08-30T17:15:06.715019+00:00
7,vllm-project/vllm,pull_request,6846,pull_commit,committed,b5384a381a5afca2bc914dc06766c98ca6bf74a5,2024-07-26T20:01:57Z,chenqianfzh,User,,human_account,,no,,,b5384a381a5afca2bc914dc06766c98ca6bf74a5,chenqianfzh,chenqianfzh,2026-08-30T17:15:07.221925+00:00
7,vllm-project/vllm,pull_request,6846,pull_commit,committed,b23b17e6fb54a134e6a869f4002452ac14f2e739,2024-07-26T21:54:15Z,web-flow,User,,human_account,,no,,,b23b17e6fb54a134e6a869f4002452ac14f2e739,chenqianfzh,web-flow,2026-08-30T17:15:07.221925+00:00
7,vllm-project/vllm,pull_request,4778,pull_commit,committed,600031a7c9749249425a1ad5a1c2368428571b07,2024-05-13T05:13:44Z,AllenDou,User,,human_account,,no,,,600031a7c9749249425a1ad5a1c2368428571b07,AllenDou,AllenDou,2026-08-30T17:15:07.740114+00:00
7,vllm-project/vllm,pull_request,4511,pull_commit,committed,8495919b6039e98706303c45994136a32eb79123,2024-05-01T02:32:10Z,,,,unknown,,no,,,8495919b6039e98706303c45994136a32eb79123,,,2026-08-30T17:15:08.298495+00:00
7,vllm-project/vllm,pull_request,4511,pull_commit,committed,1c73739b7363a9530e0dc2fed81aa16ab0547fb8,2024-05-01T02:47:14Z,,,,unknown,,no,,,1c73739b7363a9530e0dc2fed81aa16ab0547fb8,,,2026-08-30T17:15:08.298495+00:00
7,vllm-project/vllm,pull_request,4511,pull_commit,committed,78b26e0660daabe3ca39fc5a01dcab08ef6832c1,2024-05-01T02:59:58Z,,,,unknown,,no,,,78b26e0660daabe3ca39fc5a01dcab08ef6832c1,,,2026-08-30T17:15:08.298495+00:00
7,vllm-project/vllm,pull_request,6303,pull_commit,committed,e709e253118089c3128775d234781105ef0414a4,2024-07-10T11:33:07Z,tdoublep,User,,human_account,,no,,,e709e253118089c3128775d234781105ef0414a4,tdoublep,tdoublep,2026-08-30T17:15:08.818255+00:00
7,vllm-project/vllm,pull_request,6839,pull_commit,committed,bed649a62aaf143b0c8cb71f2bc63bfbc5d6b9c1,2024-07-25T17:44:28Z,joerunde,User,,human_account,,no,,,bed649a62aaf143b0c8cb71f2bc63bfbc5d6b9c1,joerunde,joerunde,2026-08-30T17:15:09.289635+00:00
7,vllm-project/vllm,pull_request,6839,pull_commit,committed,7de9d4926ed47ee52056e0759ec330951257cbc5,2024-07-25T17:57:37Z,joerunde,User,,human_account,,no,,,7de9d4926ed47ee52056e0759ec330951257cbc5,joerunde,joerunde,2026-08-30T17:15:09.289635+00:00
7,vllm-project/vllm,pull_request,6839,pull_commit,committed,9394a62266155d64acad8fcb95edb64a82e7207a,2024-07-25T17:59:43Z,joerunde,User,,human_account,,no,,,9394a62266155d64acad8fcb95edb64a82e7207a,joerunde,joerunde,2026-08-30T17:15:09.289635+00:00
7,vllm-project/vllm,pull_request,6839,pull_commit,committed,dd8bf96b014f954193393856d0dd027dfca00d63,2024-07-25T20:26:39Z,,,,unknown,,no,,,dd8bf96b014f954193393856d0dd027dfca00d63,,,2026-08-30T17:15:09.289635+00:00
7,vllm-project/vllm,pull_request,6839,pull_commit,committed,5c7fbffb5fa1256247045911db72d4952b9bde77,2024-07-25T20:35:29Z,,,,unknown,,no,,,5c7fbffb5fa1256247045911db72d4952b9bde77,,,2026-08-30T17:15:09.289635+00:00
7,vllm-project/vllm,pull_request,6839,pull_commit,committed,952e8ef9b802f5601982d60bc05d7ac434d63faf,2024-07-25T21:34:54Z,joerunde,User,,human_account,,no,,,952e8ef9b802f5601982d60bc05d7ac434d63faf,joerunde,joerunde,2026-08-30T17:15:09.289635+00:00
7,vllm-project/vllm,pull_request,6839,pull_commit,committed,e8eac95c17bc28a403e999b2132b2fad5916d4cd,2024-07-25T22:18:09Z,,,,unknown,,no,,,e8eac95c17bc28a403e999b2132b2fad5916d4cd,,,2026-08-30T17:15:09.289635+00:00
7,vllm-project/vllm,pull_request,6839,pull_commit,committed,938a8431d896f879b8a3c227e1db90105ec759cf,2024-07-25T22:49:16Z,joerunde,User,,human_account,,no,,,938a8431d896f879b8a3c227e1db90105ec759cf,joerunde,joerunde,2026-08-30T17:15:09.289635+00:00
7,vllm-project/vllm,pull_request,6839,pull_commit,committed,2b8d7cd7b95e790a0409090525a794e545e546f7,2024-07-25T23:33:51Z,joerunde,User,,human_account,,no,,,2b8d7cd7b95e790a0409090525a794e545e546f7,joerunde,joerunde,2026-08-30T17:15:09.289635+00:00
7,vllm-project/vllm,pull_request,6839,pull_commit,committed,ea02d399da9cd19e6b308aab982bf2c6a078b696,2024-07-26T13:02:13Z,,,,unknown,,no,,,ea02d399da9cd19e6b308aab982bf2c6a078b696,,,2026-08-30T17:15:09.289635+00:00
7,vllm-project/vllm,pull_request,6839,pull_commit,committed,4a2dc460f270b60ca79449631643234681c2f919,2024-07-26T15:21:03Z,,,,unknown,,no,,,4a2dc460f270b60ca79449631643234681c2f919,,,2026-08-30T17:15:09.289635+00:00
7,vllm-project/vllm,pull_request,6839,pull_commit,committed,30f2bc9a57a905f27a686134f67e6ecceaa22c42,2024-07-26T15:23:30Z,,,,unknown,,no,,,30f2bc9a57a905f27a686134f67e6ecceaa22c42,,,2026-08-30T17:15:09.289635+00:00
7,vllm-project/vllm,pull_request,6839,pull_commit,committed,c718b68d885c509fe818dfa5aa863a2e08f59036,2024-07-26T16:10:22Z,,,,unknown,,no,,,c718b68d885c509fe818dfa5aa863a2e08f59036,,,2026-08-30T17:15:09.289635+00:00
7,vllm-project/vllm,pull_request,6839,pull_commit,committed,b3d25c6b7ba26d9772fd962a3265ace3b6b7ae15,2024-07-26T16:19:10Z,joerunde,User,,human_account,,no,,,b3d25c6b7ba26d9772fd962a3265ace3b6b7ae15,joerunde,joerunde,2026-08-30T17:15:09.289635+00:00
7,vllm-project/vllm,pull_request,6839,pull_commit,committed,2765b17bbdc727a93d7fa0d8782280ba873fcdb1,2024-07-26T16:27:38Z,joerunde,User,,human_account,,no,,,2765b17bbdc727a93d7fa0d8782280ba873fcdb1,joerunde,joerunde,2026-08-30T17:15:09.289635+00:00
7,vllm-project/vllm,pull_request,6839,pull_commit,committed,b21977881c4e9fc4d2eebaef1085772e0b5c891b,2024-07-26T17:02:10Z,,,,unknown,,no,,,b21977881c4e9fc4d2eebaef1085772e0b5c891b,,,2026-08-30T17:15:09.289635+00:00
7,vllm-project/vllm,pull_request,6839,pull_commit,committed,932ea230a8be94a698c67d8bd53181666aebf252,2024-07-26T17:03:03Z,,,,unknown,,no,,,932ea230a8be94a698c67d8bd53181666aebf252,,,2026-08-30T17:15:09.289635+00:00
7,vllm-project/vllm,pull_request,6839,pull_commit,committed,f0291140a7910e77ddaab6164bdb43dd360685ba,2024-07-26T17:03:47Z,,,,unknown,,no,,,f0291140a7910e77ddaab6164bdb43dd360685ba,,,2026-08-30T17:15:09.289635+00:00
7,vllm-project/vllm,pull_request,6839,pull_commit,committed,685475815b2ad5ae0d82cb5ba345676656dc9989,2024-07-26T17:04:51Z,,,,unknown,,no,,,685475815b2ad5ae0d82cb5ba345676656dc9989,,,2026-08-30T17:15:09.289635+00:00
7,vllm-project/vllm,pull_request,6839,pull_commit,committed,3b5ff66018c836581e5b57408031c93577fecd4d,2024-07-26T17:14:11Z,joerunde,User,,human_account,,no,,,3b5ff66018c836581e5b57408031c93577fecd4d,joerunde,joerunde,2026-08-30T17:15:09.289635+00:00
7,vllm-project/vllm,pull_request,6839,pull_commit,committed,79247c39c790efe567362214ca79839f36f8e034,2024-07-26T18:28:26Z,joerunde,User,,human_account,,no,,,79247c39c790efe567362214ca79839f36f8e034,joerunde,joerunde,2026-08-30T17:15:09.289635+00:00
7,vllm-project/vllm,pull_request,6839,pull_commit,committed,a39ebc092cd90f39b1d968d1e8ea78f2e77320c9,2024-07-26T19:22:21Z,,,,unknown,,no,,,a39ebc092cd90f39b1d968d1e8ea78f2e77320c9,,,2026-08-30T17:15:09.289635+00:00
7,vllm-project/vllm,pull_request,6839,pull_commit,committed,ef257f1047afe68131baad9c80786f89250c5228,2024-07-26T20:31:55Z,,,,unknown,,no,,,ef257f1047afe68131baad9c80786f89250c5228,,,2026-08-30T17:15:09.289635+00:00
7,vllm-project/vllm,pull_request,6839,pull_commit,committed,da6009e44047b96009c4b559017a3be3f15c2789,2024-07-29T01:38:50Z,,,,unknown,,no,,,da6009e44047b96009c4b559017a3be3f15c2789,,,2026-08-30T17:15:09.289635+00:00
7,vllm-project/vllm,pull_request,6839,pull_commit,committed,5430daba2b99a9f933ca58b6a638c5f412fad95f,2024-07-29T02:09:43Z,,,,unknown,,no,,,5430daba2b99a9f933ca58b6a638c5f412fad95f,,,2026-08-30T17:15:09.289635+00:00
7,vllm-project/vllm,pull_request,5139,pull_commit,committed,afa096ccbcae0b0a3de1911dbc02a08d38f6aab9,2024-05-30T18:05:10Z,Etelis,User,,human_account,,no,,,afa096ccbcae0b0a3de1911dbc02a08d38f6aab9,Etelis,Etelis,2026-08-30T17:15:10.319558+00:00
7,vllm-project/vllm,pull_request,6850,pull_commit,committed,ff27ffa1f1105d05f5d40ccda6f0958dc2d4a412,2024-07-26T21:09:08Z,rasmith,User,,human_account,,no,,,ff27ffa1f1105d05f5d40ccda6f0958dc2d4a412,rasmith,rasmith,2026-08-30T17:15:11.196028+00:00
7,vllm-project/vllm,pull_request,6850,pull_commit,committed,f9b6e741a51231da8474e3459fce78239d22c700,2024-07-31T16:26:16Z,rasmith,User,,human_account,,no,,,f9b6e741a51231da8474e3459fce78239d22c700,rasmith,rasmith,2026-08-30T17:15:11.196028+00:00
7,vllm-project/vllm,pull_request,6850,pull_commit,committed,7b49a76f2eaceb43e0e0d38035296b497fa7b7a2,2024-07-31T16:30:07Z,rasmith,User,,human_account,,no,,,7b49a76f2eaceb43e0e0d38035296b497fa7b7a2,rasmith,rasmith,2026-08-30T17:15:11.196028+00:00
7,vllm-project/vllm,pull_request,6850,pull_commit,committed,e2c3ba55babfd23f29ed217334f426d54a710d3b,2024-07-31T16:32:38Z,web-flow,User,,human_account,,no,,,e2c3ba55babfd23f29ed217334f426d54a710d3b,rasmith,web-flow,2026-08-30T17:15:11.196028+00:00
7,vllm-project/vllm,pull_request,6850,pull_commit,committed,ec14fe9fe370400809742551feef6cc60b6e116e,2024-07-31T16:47:30Z,rasmith,User,,human_account,,no,,,ec14fe9fe370400809742551feef6cc60b6e116e,rasmith,rasmith,2026-08-30T17:15:11.196028+00:00
7,vllm-project/vllm,pull_request,6850,pull_commit,committed,fd80f7f825df53f95fcd868f023690896c0d723a,2024-07-31T16:56:40Z,rasmith,User,,human_account,,no,,,fd80f7f825df53f95fcd868f023690896c0d723a,rasmith,rasmith,2026-08-30T17:15:11.196028+00:00
7,vllm-project/vllm,pull_request,6850,pull_commit,committed,370c9f0dab8eb2cb9f3bb6275dde3cd3689f148b,2024-07-31T18:09:04Z,rasmith,User,,human_account,,no,,,370c9f0dab8eb2cb9f3bb6275dde3cd3689f148b,rasmith,rasmith,2026-08-30T17:15:11.196028+00:00
7,vllm-project/vllm,pull_request,6850,pull_commit,committed,bdd0ab7456af4ee776251b33a5f40d8035543b17,2024-07-31T18:18:41Z,rasmith,User,,human_account,,no,,,bdd0ab7456af4ee776251b33a5f40d8035543b17,rasmith,rasmith,2026-08-30T17:15:11.196028+00:00
7,vllm-project/vllm,pull_request,6850,pull_commit,committed,915e0ae33470cbd08c0547af77b06dbcafc7f032,2024-08-09T15:38:53Z,rasmith,User,,human_account,,no,,,915e0ae33470cbd08c0547af77b06dbcafc7f032,rasmith,rasmith,2026-08-30T17:15:11.196028+00:00
7,vllm-project/vllm,pull_request,6850,pull_commit,committed,3b3a563ceb3667f4276cb9d1c7837821f7af28d3,2024-08-09T15:39:13Z,rasmith,User,,human_account,,no,,,3b3a563ceb3667f4276cb9d1c7837821f7af28d3,rasmith,rasmith,2026-08-30T17:15:11.196028+00:00
7,vllm-project/vllm,pull_request,6850,pull_commit,committed,150db8ca7ff7ae8e66f84ce00d5f57ade6ba2f5a,2024-08-09T15:40:34Z,web-flow,User,,human_account,,no,,,150db8ca7ff7ae8e66f84ce00d5f57ade6ba2f5a,rasmith,web-flow,2026-08-30T17:15:11.196028+00:00
7,vllm-project/vllm,pull_request,6850,pull_commit,committed,00dee4948e5add983fca41250cede2ecf4b4cf3c,2024-08-09T15:41:03Z,rasmith,User,,human_account,,no,,,00dee4948e5add983fca41250cede2ecf4b4cf3c,rasmith,rasmith,2026-08-30T17:15:11.196028+00:00
7,vllm-project/vllm,pull_request,6850,pull_commit,committed,a8ef8c2733f09597f8c765f6cab55707af87c2e6,2024-08-09T15:41:17Z,rasmith,User,,human_account,,no,,,a8ef8c2733f09597f8c765f6cab55707af87c2e6,rasmith,rasmith,2026-08-30T17:15:11.196028+00:00
7,vllm-project/vllm,pull_request,6688,pull_commit,committed,d470be7cb71bd43ef85d40b592401b334bfc7ba9,2024-07-23T08:32:12Z,WoosukKwon,User,,human_account,,no,,,d470be7cb71bd43ef85d40b592401b334bfc7ba9,WoosukKwon,WoosukKwon,2026-08-30T17:15:11.716686+00:00
7,vllm-project/vllm,pull_request,6688,pull_commit,committed,8fd10f93822f52fb1d827066eca20e16923e6515,2024-07-23T15:06:54Z,WoosukKwon,User,,human_account,,no,,,8fd10f93822f52fb1d827066eca20e16923e6515,WoosukKwon,WoosukKwon,2026-08-30T17:15:11.716686+00:00
7,vllm-project/vllm,pull_request,5834,pull_commit,committed,835e68993ddda73b08a012a313002da676cb82b8,2024-06-25T18:57:17Z,youkaichao,User,,human_account,,no,,,835e68993ddda73b08a012a313002da676cb82b8,youkaichao,youkaichao,2026-08-30T17:15:13.399363+00:00
7,vllm-project/vllm,pull_request,7055,pull_commit,committed,4a8768cebe4967bae0dd2267bdf56ac39cce0a51,2024-08-02T01:24:14Z,DarkLight1337,User,,human_account,,no,,,4a8768cebe4967bae0dd2267bdf56ac39cce0a51,DarkLight1337,DarkLight1337,2026-08-30T17:15:13.901720+00:00
7,vllm-project/vllm,pull_request,7055,pull_commit,committed,25d7209ff6fceb9934f8913a230ae8a8ebe2eca9,2024-08-03T01:51:03Z,DarkLight1337,User,,human_account,,no,,,25d7209ff6fceb9934f8913a230ae8a8ebe2eca9,DarkLight1337,DarkLight1337,2026-08-30T17:15:13.901720+00:00
7,vllm-project/vllm,pull_request,6326,pull_commit,committed,9f7456941956cb1641b5ccc774e11d4255eb305c,2024-07-11T07:59:27Z,tdoublep,User,,human_account,,no,,,9f7456941956cb1641b5ccc774e11d4255eb305c,tdoublep,tdoublep,2026-08-30T17:15:14.418076+00:00
7,vllm-project/vllm,pull_request,7520,pull_commit,committed,528b35885c17f29b9d6911510ccddb1264f668d1,2024-08-09T15:33:53Z,Isotr0py,User,,human_account,,no,,,528b35885c17f29b9d6911510ccddb1264f668d1,Isotr0py,Isotr0py,2026-08-30T17:15:14.951657+00:00
7,vllm-project/vllm,pull_request,7520,pull_commit,committed,462783e6ad567781fadaa91762162288c121eaeb,2024-08-14T14:10:03Z,Isotr0py,User,,human_account,,no,,,462783e6ad567781fadaa91762162288c121eaeb,Isotr0py,Isotr0py,2026-08-30T17:15:14.951657+00:00
7,vllm-project/vllm,pull_request,7520,pull_commit,committed,c8ffa77a3e649e3a4e4315617ec28d002369fda7,2024-08-14T15:01:50Z,Isotr0py,User,,human_account,,no,,,c8ffa77a3e649e3a4e4315617ec28d002369fda7,Isotr0py,Isotr0py,2026-08-30T17:15:14.951657+00:00
7,vllm-project/vllm,pull_request,7520,pull_commit,committed,ebf53788fa48527790709df7c8e6d0621542b99e,2024-08-15T05:23:51Z,Isotr0py,User,,human_account,,no,,,ebf53788fa48527790709df7c8e6d0621542b99e,Isotr0py,Isotr0py,2026-08-30T17:15:14.951657+00:00
7,vllm-project/vllm,pull_request,7520,pull_commit,committed,ac9dbe3d707d120609a2c9f139a0b0159c8737d0,2024-08-16T04:54:27Z,Isotr0py,User,,human_account,,no,,,ac9dbe3d707d120609a2c9f139a0b0159c8737d0,Isotr0py,Isotr0py,2026-08-30T17:15:14.951657+00:00
7,vllm-project/vllm,pull_request,7520,pull_commit,committed,c2f8101ed1897087ff29fcd8bf5e6a53224759de,2024-08-16T05:01:27Z,web-flow,User,,human_account,,no,,,c2f8101ed1897087ff29fcd8bf5e6a53224759de,Isotr0py,web-flow,2026-08-30T17:15:14.951657+00:00
7,vllm-project/vllm,pull_request,7520,pull_commit,committed,3e3dc91b0a17ab0eb485120683c1aa488822fa6f,2024-08-18T05:22:38Z,Isotr0py,User,,human_account,,no,,,3e3dc91b0a17ab0eb485120683c1aa488822fa6f,Isotr0py,Isotr0py,2026-08-30T17:15:14.951657+00:00
7,vllm-project/vllm,pull_request,7520,pull_commit,committed,bc61e56d4672a5f5f9720ba78d557b1a859139ca,2024-08-18T05:41:27Z,Isotr0py,User,,human_account,,no,,,bc61e56d4672a5f5f9720ba78d557b1a859139ca,Isotr0py,Isotr0py,2026-08-30T17:15:14.951657+00:00
7,vllm-project/vllm,pull_request,7520,pull_commit,committed,7292ba127c8a7e151fa600a2c8403a83bcde4c6d,2024-08-18T06:13:57Z,web-flow,User,,human_account,,no,,,7292ba127c8a7e151fa600a2c8403a83bcde4c6d,Isotr0py,web-flow,2026-08-30T17:15:14.951657+00:00
7,vllm-project/vllm,pull_request,5257,pull_commit,committed,58b62a87e9283b4a1eb719a8dfcf680ebe0fbfa9,2024-05-24T21:11:00Z,khluu,User,,human_account,,no,,,58b62a87e9283b4a1eb719a8dfcf680ebe0fbfa9,khluu,khluu,2026-08-30T17:15:15.466963+00:00
7,vllm-project/vllm,pull_request,5257,pull_commit,committed,e957419a83df6747dd88b8f9b6f19c6640f1d510,2024-05-24T21:37:59Z,khluu,User,,human_account,,no,,,e957419a83df6747dd88b8f9b6f19c6640f1d510,khluu,khluu,2026-08-30T17:15:15.466963+00:00
7,vllm-project/vllm,pull_request,5257,pull_commit,committed,a47dea56260923f70775083f6104d31d074e6ff9,2024-05-24T21:38:34Z,khluu,User,,human_account,,no,,,a47dea56260923f70775083f6104d31d074e6ff9,khluu,khluu,2026-08-30T17:15:15.466963+00:00
7,vllm-project/vllm,pull_request,5257,pull_commit,committed,f32e7100969056530dd24d8ce0eb44b85ea0b9a8,2024-05-24T21:40:20Z,khluu,User,,human_account,,no,,,f32e7100969056530dd24d8ce0eb44b85ea0b9a8,khluu,khluu,2026-08-30T17:15:15.466963+00:00
7,vllm-project/vllm,pull_request,5257,pull_commit,committed,49484fb75d2ee72b33780d689ac58aafcfa38ee6,2024-05-24T22:45:52Z,khluu,User,,human_account,,no,,,49484fb75d2ee72b33780d689ac58aafcfa38ee6,khluu,khluu,2026-08-30T17:15:15.466963+00:00
7,vllm-project/vllm,pull_request,5257,pull_commit,committed,9597351df7f8d7f7be3c25da5ed9e3e1a2b1002d,2024-05-25T00:12:17Z,khluu,User,,human_account,,no,,,9597351df7f8d7f7be3c25da5ed9e3e1a2b1002d,khluu,khluu,2026-08-30T17:15:15.466963+00:00
7,vllm-project/vllm,pull_request,5257,pull_commit,committed,181074c692e3bfca9012c5786abf00b6a18ec796,2024-05-25T01:28:55Z,khluu,User,,human_account,,no,,,181074c692e3bfca9012c5786abf00b6a18ec796,khluu,khluu,2026-08-30T17:15:15.466963+00:00
7,vllm-project/vllm,pull_request,5257,pull_commit,committed,897526f1ca9a053709b550525b24c19b2d699c9b,2024-05-25T01:32:30Z,khluu,User,,human_account,,no,,,897526f1ca9a053709b550525b24c19b2d699c9b,khluu,khluu,2026-08-30T17:15:15.466963+00:00
7,vllm-project/vllm,pull_request,5257,pull_commit,committed,d969bf7a37e4ea2b54cde9593ccbbf36b372c749,2024-05-25T01:33:14Z,khluu,User,,human_account,,no,,,d969bf7a37e4ea2b54cde9593ccbbf36b372c749,khluu,khluu,2026-08-30T17:15:15.466963+00:00
7,vllm-project/vllm,pull_request,5257,pull_commit,committed,daf2b575fe92ba3228128c8ae646ccda8dc1b223,2024-05-28T19:56:36Z,khluu,User,,human_account,,no,,,daf2b575fe92ba3228128c8ae646ccda8dc1b223,khluu,khluu,2026-08-30T17:15:15.466963+00:00
7,vllm-project/vllm,pull_request,5257,pull_commit,committed,1c9017d5ad6585d342cc2261465703798cc9db0d,2024-05-28T20:20:41Z,khluu,User,,human_account,,no,,,1c9017d5ad6585d342cc2261465703798cc9db0d,khluu,khluu,2026-08-30T17:15:15.466963+00:00
7,vllm-project/vllm,pull_request,5257,pull_commit,committed,83bb9269f2036c012abf7636cef7d6c636075bca,2024-05-28T20:27:16Z,khluu,User,,human_account,,no,,,83bb9269f2036c012abf7636cef7d6c636075bca,khluu,khluu,2026-08-30T17:15:15.466963+00:00
7,vllm-project/vllm,pull_request,5257,pull_commit,committed,46fc2aea90d65327d354d06547cdb65298cdc1a4,2024-05-29T00:50:40Z,khluu,User,,human_account,,no,,,46fc2aea90d65327d354d06547cdb65298cdc1a4,khluu,khluu,2026-08-30T17:15:15.466963+00:00
7,vllm-project/vllm,pull_request,5257,pull_commit,committed,96907e19fe3f5cb70f60b4ea266c6a9fa603ddb2,2024-05-29T00:58:17Z,khluu,User,,human_account,,no,,,96907e19fe3f5cb70f60b4ea266c6a9fa603ddb2,khluu,khluu,2026-08-30T17:15:15.466963+00:00
7,vllm-project/vllm,pull_request,5257,pull_commit,committed,a30c3bb6729b15d374fc443437d79dde9ff8a6f0,2024-05-29T01:03:48Z,khluu,User,,human_account,,no,,,a30c3bb6729b15d374fc443437d79dde9ff8a6f0,khluu,khluu,2026-08-30T17:15:15.466963+00:00
7,vllm-project/vllm,pull_request,5257,pull_commit,committed,170e5e81cf8ed7ffc0ec49cede00d1a23d3d7c24,2024-05-29T01:12:44Z,web-flow,User,,human_account,,no,,,170e5e81cf8ed7ffc0ec49cede00d1a23d3d7c24,khluu,web-flow,2026-08-30T17:15:15.466963+00:00
7,vllm-project/vllm,pull_request,5257,pull_commit,committed,8ca54cb1e00fc68a49e71d129923c993d796d644,2024-05-29T05:08:42Z,khluu,User,,human_account,,no,,,8ca54cb1e00fc68a49e71d129923c993d796d644,khluu,khluu,2026-08-30T17:15:15.466963+00:00
7,vllm-project/vllm,pull_request,5257,pull_commit,committed,7a517feeba5d3ba70ccd11a8296d5e8e19d3ffab,2024-05-29T05:09:03Z,khluu,User,,human_account,,no,,,7a517feeba5d3ba70ccd11a8296d5e8e19d3ffab,khluu,khluu,2026-08-30T17:15:15.466963+00:00
7,vllm-project/vllm,pull_request,5257,pull_commit,committed,daf90214668dc62fba7917a8c93513e4bbcabcd7,2024-05-29T05:11:18Z,khluu,User,,human_account,,no,,,daf90214668dc62fba7917a8c93513e4bbcabcd7,khluu,khluu,2026-08-30T17:15:15.466963+00:00
7,vllm-project/vllm,pull_request,5257,pull_commit,committed,22994bc6920f866da268c17c314d3be4f3732f29,2024-05-29T05:13:00Z,khluu,User,,human_account,,no,,,22994bc6920f866da268c17c314d3be4f3732f29,khluu,khluu,2026-08-30T17:15:15.466963+00:00
7,vllm-project/vllm,pull_request,5257,pull_commit,committed,f50871110d8b954f00f4b0a881a2e734eb618f8b,2024-05-29T05:28:17Z,khluu,User,,human_account,,no,,,f50871110d8b954f00f4b0a881a2e734eb618f8b,khluu,khluu,2026-08-30T17:15:15.466963+00:00
7,vllm-project/vllm,pull_request,5257,pull_commit,committed,5c219f0e1afd935cbcb8fb03da719d48e36c6287,2024-05-29T05:54:34Z,khluu,User,,human_account,,no,,,5c219f0e1afd935cbcb8fb03da719d48e36c6287,khluu,khluu,2026-08-30T17:15:15.466963+00:00
7,vllm-project/vllm,pull_request,5257,pull_commit,committed,472ad7e320a4948d6dd1b3d3ccd7d931d13539bf,2024-05-29T05:55:14Z,khluu,User,,human_account,,no,,,472ad7e320a4948d6dd1b3d3ccd7d931d13539bf,khluu,khluu,2026-08-30T17:15:15.466963+00:00
7,vllm-project/vllm,pull_request,5257,pull_commit,committed,23c6bb8fa1d89ed1eb86681b2c7dbf304e61d1c5,2024-05-29T06:47:35Z,khluu,User,,human_account,,no,,,23c6bb8fa1d89ed1eb86681b2c7dbf304e61d1c5,khluu,khluu,2026-08-30T17:15:15.466963+00:00
7,vllm-project/vllm,pull_request,5257,pull_commit,committed,35c460666d05d0ce77486fa626c7bb8361f142ef,2024-05-29T08:52:42Z,khluu,User,,human_account,,no,,,35c460666d05d0ce77486fa626c7bb8361f142ef,khluu,khluu,2026-08-30T17:15:15.466963+00:00
7,vllm-project/vllm,pull_request,5257,pull_commit,committed,a5664f2a1dbff2b2003a4125bfd82a77a972e870,2024-05-29T08:55:25Z,khluu,User,,human_account,,no,,,a5664f2a1dbff2b2003a4125bfd82a77a972e870,khluu,khluu,2026-08-30T17:15:15.466963+00:00
7,vllm-project/vllm,pull_request,5257,pull_commit,committed,ad78303e1b8ce88ebc39dc44cb74b1b3be4d9665,2024-05-29T08:56:17Z,khluu,User,,human_account,,no,,,ad78303e1b8ce88ebc39dc44cb74b1b3be4d9665,khluu,khluu,2026-08-30T17:15:15.466963+00:00
7,vllm-project/vllm,pull_request,5257,pull_commit,committed,544719d49eb36ad01f153511925b40cd19fac81c,2024-05-29T17:55:42Z,khluu,User,,human_account,,no,,,544719d49eb36ad01f153511925b40cd19fac81c,khluu,khluu,2026-08-30T17:15:15.466963+00:00
7,vllm-project/vllm,pull_request,5257,pull_commit,committed,ea045f2ae7b3f21d212d473597d103c3b7ab21e6,2024-05-29T18:25:03Z,khluu,User,,human_account,,no,,,ea045f2ae7b3f21d212d473597d103c3b7ab21e6,khluu,khluu,2026-08-30T17:15:15.466963+00:00
7,vllm-project/vllm,pull_request,5257,pull_commit,committed,3ddccc7ccc4cd58d03e666346beb6535ac80d798,2024-05-29T18:28:31Z,khluu,User,,human_account,,no,,,3ddccc7ccc4cd58d03e666346beb6535ac80d798,khluu,khluu,2026-08-30T17:15:15.466963+00:00
7,vllm-project/vllm,pull_request,5257,pull_commit,committed,d1b0563fd5ce3ca9073b05fff0881068675a2b5b,2024-05-29T18:30:55Z,khluu,User,,human_account,,no,,,d1b0563fd5ce3ca9073b05fff0881068675a2b5b,khluu,khluu,2026-08-30T17:15:15.466963+00:00
7,vllm-project/vllm,pull_request,5257,pull_commit,committed,4b2114999946c788589c6d391e4f5f3f923e256a,2024-05-29T19:37:47Z,khluu,User,,human_account,,no,,,4b2114999946c788589c6d391e4f5f3f923e256a,khluu,khluu,2026-08-30T17:15:15.466963+00:00
7,vllm-project/vllm,pull_request,5257,pull_commit,committed,531c4fe4a9b4daa0a03ca02b1cf89693225600bb,2024-05-29T19:38:58Z,khluu,User,,human_account,,no,,,531c4fe4a9b4daa0a03ca02b1cf89693225600bb,khluu,khluu,2026-08-30T17:15:15.466963+00:00
7,vllm-project/vllm,pull_request,5257,pull_commit,committed,284275177287cb95494b375850bac8a12e45b6bf,2024-05-29T19:51:04Z,web-flow,User,,human_account,,no,,,284275177287cb95494b375850bac8a12e45b6bf,khluu,web-flow,2026-08-30T17:15:15.466963+00:00
7,vllm-project/vllm,pull_request,5257,pull_commit,committed,5eadc0e03cc13736393020dd56cb091537d34a31,2024-05-29T20:08:52Z,khluu,User,,human_account,,no,,,5eadc0e03cc13736393020dd56cb091537d34a31,khluu,khluu,2026-08-30T17:15:15.466963+00:00
7,vllm-project/vllm,pull_request,5257,pull_commit,committed,0585a0155cb7e3981def75f85d60521f13dbd492,2024-05-29T20:40:50Z,khluu,User,,human_account,,no,,,0585a0155cb7e3981def75f85d60521f13dbd492,linxihui,khluu,2026-08-30T17:15:15.466963+00:00
7,vllm-project/vllm,pull_request,5257,pull_commit,committed,a6f0a94820407461526d67e96df818d8975845b7,2024-05-29T20:40:50Z,khluu,User,,human_account,,no,,,a6f0a94820407461526d67e96df818d8975845b7,youkaichao,khluu,2026-08-30T17:15:15.466963+00:00
7,vllm-project/vllm,pull_request,5257,pull_commit,committed,e21c4c97395fa7d28940260552970576288d1f9f,2024-05-29T20:40:50Z,khluu,User,,human_account,,no,,,e21c4c97395fa7d28940260552970576288d1f9f,LiuXiaoxuanPKU,khluu,2026-08-30T17:15:15.466963+00:00
7,vllm-project/vllm,pull_request,5257,pull_commit,committed,b032657a91cd8e187556d54c276f620d7dbff379,2024-05-29T20:40:50Z,khluu,User,,human_account,,no,,,b032657a91cd8e187556d54c276f620d7dbff379,ywang96,khluu,2026-08-30T17:15:15.466963+00:00
7,vllm-project/vllm,pull_request,5257,pull_commit,committed,f7190c7d1de517d0893835b77435b44edae8cabf,2024-05-29T20:40:50Z,khluu,User,,human_account,,no,,,f7190c7d1de517d0893835b77435b44edae8cabf,zhuohan123,khluu,2026-08-30T17:15:15.466963+00:00
7,vllm-project/vllm,pull_request,5257,pull_commit,committed,733fddfb5afa5d994dd4509ff9b4a5749b6a5f00,2024-05-29T20:40:50Z,khluu,User,,human_account,,no,,,733fddfb5afa5d994dd4509ff9b4a5749b6a5f00,sasha0552,khluu,2026-08-30T17:15:15.466963+00:00
7,vllm-project/vllm,pull_request,5257,pull_commit,committed,922c667b328153938f2cc9bcd1d3154912bcfe72,2024-05-29T20:40:50Z,khluu,User,,human_account,,no,,,922c667b328153938f2cc9bcd1d3154912bcfe72,Isotr0py,khluu,2026-08-30T17:15:15.466963+00:00
7,vllm-project/vllm,pull_request,5257,pull_commit,committed,bc0e6d5ecaf8e47e938dc1d5979e0b7809dcc06a,2024-05-29T20:40:50Z,khluu,User,,human_account,,no,,,bc0e6d5ecaf8e47e938dc1d5979e0b7809dcc06a,mmoskal,khluu,2026-08-30T17:15:15.466963+00:00
7,vllm-project/vllm,pull_request,5257,pull_commit,committed,fed7bf08558e52a2fcba40aa9953f684093b9b3b,2024-05-29T20:40:50Z,khluu,User,,human_account,,no,,,fed7bf08558e52a2fcba40aa9953f684093b9b3b,robertgshaw2-redhat,khluu,2026-08-30T17:15:15.466963+00:00
7,vllm-project/vllm,pull_request,5257,pull_commit,committed,5bf18b88543ffe1eab0c0a525223b4e60ab3e342,2024-05-29T20:40:51Z,khluu,User,,human_account,,no,,,5bf18b88543ffe1eab0c0a525223b4e60ab3e342,divakar-amd,khluu,2026-08-30T17:15:15.466963+00:00
7,vllm-project/vllm,pull_request,5257,pull_commit,committed,d7a9802da2ea7f06e3ac01806161269946a0207c,2024-05-29T20:40:51Z,khluu,User,,human_account,,no,,,d7a9802da2ea7f06e3ac01806161269946a0207c,simon-mo,khluu,2026-08-30T17:15:15.466963+00:00
7,vllm-project/vllm,pull_request,5257,pull_commit,committed,186473c7792968fc6c5d00f15dd25d90219adb56,2024-05-29T20:40:51Z,khluu,User,,human_account,,no,,,186473c7792968fc6c5d00f15dd25d90219adb56,DarkLight1337,khluu,2026-08-30T17:15:15.466963+00:00
7,vllm-project/vllm,pull_request,5257,pull_commit,committed,876b3a87089220e27ab584cd24f5a708bc85858d,2024-05-29T20:40:51Z,khluu,User,,human_account,,no,,,876b3a87089220e27ab584cd24f5a708bc85858d,jsato8094,khluu,2026-08-30T17:15:15.466963+00:00
7,vllm-project/vllm,pull_request,5257,pull_commit,committed,de0754cf3ddfcebe0e4bf190840592d531589c62,2024-05-29T20:40:51Z,khluu,User,,human_account,,no,,,de0754cf3ddfcebe0e4bf190840592d531589c62,pandyamarut,khluu,2026-08-30T17:15:15.466963+00:00
7,vllm-project/vllm,pull_request,5257,pull_commit,committed,c83d13c0a43e286dd844b1bdaedec24ac198ebcc,2024-05-29T20:40:51Z,khluu,User,,human_account,,no,,,c83d13c0a43e286dd844b1bdaedec24ac198ebcc,khluu,khluu,2026-08-30T17:15:15.466963+00:00
7,vllm-project/vllm,pull_request,5257,pull_commit,committed,418fd5c2d7f370a50d0f3627fc69f7df333ebd70,2024-05-29T20:40:51Z,khluu,User,,human_account,,no,,,418fd5c2d7f370a50d0f3627fc69f7df333ebd70,khluu,khluu,2026-08-30T17:15:15.466963+00:00
7,vllm-project/vllm,pull_request,5257,pull_commit,committed,ee06db3a2757a42350bc6eca790eb3d0c72f3e75,2024-05-29T20:40:51Z,khluu,User,,human_account,,no,,,ee06db3a2757a42350bc6eca790eb3d0c72f3e75,khluu,khluu,2026-08-30T17:15:15.466963+00:00
7,vllm-project/vllm,pull_request,5257,pull_commit,committed,7393e3912b9915b9b14ac8d81f7e8f960f82c2e3,2024-05-29T20:40:51Z,khluu,User,,human_account,,no,,,7393e3912b9915b9b14ac8d81f7e8f960f82c2e3,khluu,khluu,2026-08-30T17:15:15.466963+00:00
7,vllm-project/vllm,pull_request,5257,pull_commit,committed,91ac8bf7b52c99c5751a40d1b9ded143cb05e4bb,2024-05-29T20:40:51Z,khluu,User,,human_account,,no,,,91ac8bf7b52c99c5751a40d1b9ded143cb05e4bb,khluu,khluu,2026-08-30T17:15:15.466963+00:00
7,vllm-project/vllm,pull_request,5257,pull_commit,committed,bf5634d0a6417162d40cd16aefe293b44a9bc338,2024-05-29T20:40:51Z,khluu,User,,human_account,,no,,,bf5634d0a6417162d40cd16aefe293b44a9bc338,khluu,khluu,2026-08-30T17:15:15.466963+00:00
7,vllm-project/vllm,pull_request,5257,pull_commit,committed,56f8ecb3f2a10002e1bdc081d9b1b1d81e953b8f,2024-05-29T20:40:51Z,khluu,User,,human_account,,no,,,56f8ecb3f2a10002e1bdc081d9b1b1d81e953b8f,khluu,khluu,2026-08-30T17:15:15.466963+00:00
7,vllm-project/vllm,pull_request,5257,pull_commit,committed,99e98f5d0bdf1efb8aed15b81905633ca57d63bf,2024-05-29T20:40:51Z,khluu,User,,human_account,,no,,,99e98f5d0bdf1efb8aed15b81905633ca57d63bf,khluu,khluu,2026-08-30T17:15:15.466963+00:00
7,vllm-project/vllm,pull_request,5257,pull_commit,committed,a23f4d6320cf6974e4c5b7b59375fcd42f653a8d,2024-05-29T20:40:51Z,khluu,User,,human_account,,no,,,a23f4d6320cf6974e4c5b7b59375fcd42f653a8d,khluu,khluu,2026-08-30T17:15:15.466963+00:00
7,vllm-project/vllm,pull_request,5257,pull_commit,committed,b691ec9ffdaefcf17ac9720feb36e8a6f0265b69,2024-05-29T20:40:51Z,khluu,User,,human_account,,no,,,b691ec9ffdaefcf17ac9720feb36e8a6f0265b69,khluu,khluu,2026-08-30T17:15:15.466963+00:00
7,vllm-project/vllm,pull_request,5257,pull_commit,committed,78cc36c54eb5ba6a65141070a76caecc3d96a15a,2024-05-29T20:40:51Z,khluu,User,,human_account,,no,,,78cc36c54eb5ba6a65141070a76caecc3d96a15a,khluu,khluu,2026-08-30T17:15:15.466963+00:00
7,vllm-project/vllm,pull_request,5257,pull_commit,committed,6435fe45e7aa81b5e274ed937cf2e87959f57a23,2024-05-29T20:40:51Z,khluu,User,,human_account,,no,,,6435fe45e7aa81b5e274ed937cf2e87959f57a23,khluu,khluu,2026-08-30T17:15:15.466963+00:00
7,vllm-project/vllm,pull_request,5257,pull_commit,committed,4dc3e630f2bf656ac5e5178244a428fd987db48e,2024-05-29T20:40:51Z,khluu,User,,human_account,,no,,,4dc3e630f2bf656ac5e5178244a428fd987db48e,khluu,khluu,2026-08-30T17:15:15.466963+00:00
7,vllm-project/vllm,pull_request,5257,pull_commit,committed,62ccce1bf4b7f3b5f6ddbb3ae0888a069436dc94,2024-05-29T20:40:51Z,khluu,User,,human_account,,no,,,62ccce1bf4b7f3b5f6ddbb3ae0888a069436dc94,khluu,khluu,2026-08-30T17:15:15.466963+00:00
7,vllm-project/vllm,pull_request,5257,pull_commit,committed,d6bab3204dd21c171215f99066f2f88dca116831,2024-05-29T20:40:51Z,khluu,User,,human_account,,no,,,d6bab3204dd21c171215f99066f2f88dca116831,khluu,khluu,2026-08-30T17:15:15.466963+00:00
7,vllm-project/vllm,pull_request,5257,pull_commit,committed,1a0a87754708404a57538f9f1d2d8143b019a90f,2024-05-29T20:40:51Z,khluu,User,,human_account,,no,,,1a0a87754708404a57538f9f1d2d8143b019a90f,khluu,khluu,2026-08-30T17:15:15.466963+00:00
7,vllm-project/vllm,pull_request,5257,pull_commit,committed,1cecef055e79df9b2cc2c1f4592a1d5206b58272,2024-05-29T20:40:51Z,khluu,User,,human_account,,no,,,1cecef055e79df9b2cc2c1f4592a1d5206b58272,khluu,khluu,2026-08-30T17:15:15.466963+00:00
7,vllm-project/vllm,pull_request,5257,pull_commit,committed,1d2537ec118e6ee27513b56356793ada81348d96,2024-05-29T20:40:51Z,khluu,User,,human_account,,no,,,1d2537ec118e6ee27513b56356793ada81348d96,youkaichao,khluu,2026-08-30T17:15:15.466963+00:00
7,vllm-project/vllm,pull_request,5257,pull_commit,committed,ccd6171c06c41e97159b972e7380a723e115f5d7,2024-05-29T20:40:51Z,khluu,User,,human_account,,no,,,ccd6171c06c41e97159b972e7380a723e115f5d7,DarkLight1337,khluu,2026-08-30T17:15:15.466963+00:00
7,vllm-project/vllm,pull_request,5257,pull_commit,committed,e017fc1b03aeccd35a92a4bc207aa546802c4b96,2024-05-29T20:40:51Z,khluu,User,,human_account,,no,,,e017fc1b03aeccd35a92a4bc207aa546802c4b96,youkaichao,khluu,2026-08-30T17:15:15.466963+00:00
7,vllm-project/vllm,pull_request,5257,pull_commit,committed,df609ec221f7ec7ee272843d4e8d35d85fb8a59b,2024-05-29T20:40:51Z,khluu,User,,human_account,,no,,,df609ec221f7ec7ee272843d4e8d35d85fb8a59b,afeldman-nm,khluu,2026-08-30T17:15:15.466963+00:00
7,vllm-project/vllm,pull_request,5257,pull_commit,committed,4ef58463cd567f3c0589ac002cae9f88370c5a18,2024-05-29T20:40:51Z,khluu,User,,human_account,,no,,,4ef58463cd567f3c0589ac002cae9f88370c5a18,khluu,khluu,2026-08-30T17:15:15.466963+00:00
7,vllm-project/vllm,pull_request,5257,pull_commit,committed,8f238f065bf70ac1c3e47c3476bea6b6280d5565,2024-05-29T21:09:58Z,khluu,User,,human_account,,no,,,8f238f065bf70ac1c3e47c3476bea6b6280d5565,khluu,khluu,2026-08-30T17:15:15.466963+00:00
7,vllm-project/vllm,pull_request,5257,pull_commit,committed,4ec8e043266fb096f91efab6d4409936f1c543a3,2024-05-29T21:10:32Z,khluu,User,,human_account,,no,,,4ec8e043266fb096f91efab6d4409936f1c543a3,khluu,khluu,2026-08-30T17:15:15.466963+00:00
7,vllm-project/vllm,pull_request,5257,pull_commit,committed,dab725729c35222c5c588e79e55babdac3050dfd,2024-05-29T21:12:27Z,khluu,User,,human_account,,no,,,dab725729c35222c5c588e79e55babdac3050dfd,khluu,khluu,2026-08-30T17:15:15.466963+00:00
7,vllm-project/vllm,pull_request,5257,pull_commit,committed,efae3ccb0565258c6b47939adba579bcd466fa5a,2024-05-29T22:29:46Z,khluu,User,,human_account,,no,,,efae3ccb0565258c6b47939adba579bcd466fa5a,khluu,khluu,2026-08-30T17:15:15.466963+00:00
7,vllm-project/vllm,pull_request,5257,pull_commit,committed,9d979cdeba66a1094dfc4668c71ecb746c3a23a3,2024-05-29T22:33:50Z,khluu,User,,human_account,,no,,,9d979cdeba66a1094dfc4668c71ecb746c3a23a3,khluu,khluu,2026-08-30T17:15:15.466963+00:00
7,vllm-project/vllm,pull_request,5257,pull_commit,committed,be1b94aa58acb344bbe085c83daec86df533d662,2024-05-29T22:46:40Z,khluu,User,,human_account,,no,,,be1b94aa58acb344bbe085c83daec86df533d662,khluu,khluu,2026-08-30T17:15:15.466963+00:00
7,vllm-project/vllm,pull_request,5257,pull_commit,committed,861ba8d66a4fbf4798f6465e62b7507a4f1dab38,2024-05-30T06:43:45Z,khluu,User,,human_account,,no,,,861ba8d66a4fbf4798f6465e62b7507a4f1dab38,khluu,khluu,2026-08-30T17:15:15.466963+00:00
7,vllm-project/vllm,pull_request,5257,pull_commit,committed,07ac43b249d30d8bf42552676ab81fc6fbab5742,2024-05-30T07:33:03Z,khluu,User,,human_account,,no,,,07ac43b249d30d8bf42552676ab81fc6fbab5742,khluu,khluu,2026-08-30T17:15:15.466963+00:00
7,vllm-project/vllm,pull_request,5257,pull_commit,committed,4e4178158837a3e6588896271c492d5b1bc7f807,2024-05-30T07:56:25Z,khluu,User,,human_account,,no,,,4e4178158837a3e6588896271c492d5b1bc7f807,khluu,khluu,2026-08-30T17:15:15.466963+00:00
7,vllm-project/vllm,pull_request,5257,pull_commit,committed,5373538b948fdd93c9c2c3d85e8bd8c4480f24e2,2024-05-30T08:07:28Z,khluu,User,,human_account,,no,,,5373538b948fdd93c9c2c3d85e8bd8c4480f24e2,khluu,khluu,2026-08-30T17:15:15.466963+00:00
7,vllm-project/vllm,pull_request,5257,pull_commit,committed,afe43a40b100bd9cc97cc9045e04623f836ff684,2024-05-30T08:14:11Z,khluu,User,,human_account,,no,,,afe43a40b100bd9cc97cc9045e04623f836ff684,khluu,khluu,2026-08-30T17:15:15.466963+00:00
7,vllm-project/vllm,pull_request,5257,pull_commit,committed,30077875d1fda92153a1cd99fe34989d24b0b598,2024-05-30T08:54:12Z,khluu,User,,human_account,,no,,,30077875d1fda92153a1cd99fe34989d24b0b598,khluu,khluu,2026-08-30T17:15:15.466963+00:00
7,vllm-project/vllm,pull_request,5257,pull_commit,committed,8cd08527a821be17775c03fcb6f3731ddaa4390b,2024-05-30T18:39:18Z,khluu,User,,human_account,,no,,,8cd08527a821be17775c03fcb6f3731ddaa4390b,khluu,khluu,2026-08-30T17:15:15.466963+00:00
7,vllm-project/vllm,pull_request,5257,pull_commit,committed,e5bae39bf7d08660c65fffae4531bac0ce73e103,2024-05-30T21:04:14Z,web-flow,User,,human_account,,no,,,e5bae39bf7d08660c65fffae4531bac0ce73e103,khluu,web-flow,2026-08-30T17:15:15.466963+00:00
7,vllm-project/vllm,pull_request,5257,pull_commit,committed,214f01f6bfa3738237d1625ea192f94ddb0fcdd6,2024-05-30T21:05:49Z,khluu,User,,human_account,,no,,,214f01f6bfa3738237d1625ea192f94ddb0fcdd6,khluu,khluu,2026-08-30T17:15:15.466963+00:00
7,vllm-project/vllm,pull_request,5257,pull_commit,committed,452a3d88f34325c15a33a765d67b2d126999a6c4,2024-05-30T21:06:43Z,khluu,User,,human_account,,no,,,452a3d88f34325c15a33a765d67b2d126999a6c4,khluu,khluu,2026-08-30T17:15:15.466963+00:00
7,vllm-project/vllm,pull_request,5257,pull_commit,committed,3d0f3c1c741034d210028d2e2e62c475009f7a27,2024-05-31T07:42:18Z,khluu,User,,human_account,,no,,,3d0f3c1c741034d210028d2e2e62c475009f7a27,khluu,khluu,2026-08-30T17:15:15.466963+00:00
7,vllm-project/vllm,pull_request,5257,pull_commit,committed,304728e53455ebcf60520866b9e682a6476237f4,2024-06-01T08:17:12Z,khluu,User,,human_account,,no,,,304728e53455ebcf60520866b9e682a6476237f4,khluu,khluu,2026-08-30T17:15:15.466963+00:00
7,vllm-project/vllm,pull_request,5257,pull_commit,committed,380fbf79ec8820ac9baa48f772ac24a5be69c4b1,2024-06-01T08:23:40Z,khluu,User,,human_account,,no,,,380fbf79ec8820ac9baa48f772ac24a5be69c4b1,khluu,khluu,2026-08-30T17:15:15.466963+00:00
7,vllm-project/vllm,pull_request,5257,pull_commit,committed,ddb860591d6f7d69ad9a9d600ed2124beeb961f4,2024-06-01T08:28:23Z,khluu,User,,human_account,,no,,,ddb860591d6f7d69ad9a9d600ed2124beeb961f4,khluu,khluu,2026-08-30T17:15:15.466963+00:00
7,vllm-project/vllm,pull_request,5257,pull_commit,committed,4018b45cc3b997a2c59b636ef278247d95af277b,2024-06-01T10:07:23Z,khluu,User,,human_account,,no,,,4018b45cc3b997a2c59b636ef278247d95af277b,khluu,khluu,2026-08-30T17:15:15.466963+00:00
7,vllm-project/vllm,pull_request,5257,pull_commit,committed,d293bb1928af846812694ae0735379e658b4c87c,2024-06-01T13:37:32Z,khluu,User,,human_account,,no,,,d293bb1928af846812694ae0735379e658b4c87c,khluu,khluu,2026-08-30T17:15:15.466963+00:00
7,vllm-project/vllm,pull_request,5257,pull_commit,committed,41171a3313f532e74a29ad5f4d43a4edecbe26c5,2024-06-03T21:51:36Z,web-flow,User,,human_account,,no,,,41171a3313f532e74a29ad5f4d43a4edecbe26c5,khluu,web-flow,2026-08-30T17:15:15.466963+00:00
7,vllm-project/vllm,pull_request,5257,pull_commit,committed,8607375e8e500c8b9fb2a445ed83f9b219cd33cb,2024-06-03T21:52:18Z,khluu,User,,human_account,,no,,,8607375e8e500c8b9fb2a445ed83f9b219cd33cb,khluu,khluu,2026-08-30T17:15:15.466963+00:00
7,vllm-project/vllm,pull_request,5257,pull_commit,committed,b14d1234df30e3039c2b23896571108c59735534,2024-06-04T18:32:36Z,khluu,User,,human_account,,no,,,b14d1234df30e3039c2b23896571108c59735534,khluu,khluu,2026-08-30T17:15:15.466963+00:00
7,vllm-project/vllm,pull_request,5774,pull_commit,committed,f966da5200d039539f1cb43fd0c124fc27ea854d,2024-06-23T14:31:14Z,web-flow,User,,human_account,,no,,,f966da5200d039539f1cb43fd0c124fc27ea854d,w013nad,web-flow,2026-08-30T17:15:16.078387+00:00
7,vllm-project/vllm,pull_request,6113,pull_commit,committed,6569323b1a366e1473859f63e22544e7798c79e7,2024-07-03T18:10:54Z,,,,unknown,,no,,,6569323b1a366e1473859f63e22544e7798c79e7,,,2026-08-30T17:15:16.581186+00:00
7,vllm-project/vllm,pull_request,6113,pull_commit,committed,aa564759287c1061353e9af8ec0716c3a4032f8e,2024-07-03T18:56:14Z,,,,unknown,,no,,,aa564759287c1061353e9af8ec0716c3a4032f8e,,,2026-08-30T17:15:16.581186+00:00
7,vllm-project/vllm,pull_request,6113,pull_commit,committed,d94d07e6bfefe984bb639e51f15bb64472c7d8c0,2024-07-03T19:11:15Z,,,,unknown,,no,,,d94d07e6bfefe984bb639e51f15bb64472c7d8c0,,,2026-08-30T17:15:16.581186+00:00
7,vllm-project/vllm,pull_request,6113,pull_commit,committed,54308d7ef75037cd0d17979b6c4d5827c8acd2bb,2024-07-03T19:12:11Z,,,,unknown,,no,,,54308d7ef75037cd0d17979b6c4d5827c8acd2bb,,,2026-08-30T17:15:16.581186+00:00
7,vllm-project/vllm,pull_request,6113,pull_commit,committed,173b93ba9aea870e73a6247425df27086930ae10,2024-07-03T19:13:23Z,,,,unknown,,no,,,173b93ba9aea870e73a6247425df27086930ae10,,,2026-08-30T17:15:16.581186+00:00
7,vllm-project/vllm,pull_request,6113,pull_commit,committed,afa1ee11c59ff88138faf099b4b9a2a829831ae6,2024-07-03T19:15:05Z,,,,unknown,,no,,,afa1ee11c59ff88138faf099b4b9a2a829831ae6,,,2026-08-30T17:15:16.581186+00:00
7,vllm-project/vllm,pull_request,6113,pull_commit,committed,5ffe0e45fbffc5002027e59916f786ef0fac7f2c,2024-07-03T19:15:58Z,,,,unknown,,no,,,5ffe0e45fbffc5002027e59916f786ef0fac7f2c,,,2026-08-30T17:15:16.581186+00:00
7,vllm-project/vllm,pull_request,6113,pull_commit,committed,4c0e56586ef19476a0a8fa4beec9931e0e4fa277,2024-07-03T19:52:34Z,,,,unknown,,no,,,4c0e56586ef19476a0a8fa4beec9931e0e4fa277,,,2026-08-30T17:15:16.581186+00:00
7,vllm-project/vllm,pull_request,18915,pull_commit,committed,4b2d3e52691e7bf2af5b9c2565e3e92d1d889bea,2025-05-29T16:26:36Z,mgoin,User,,human_account,,no,,,4b2d3e52691e7bf2af5b9c2565e3e92d1d889bea,mgoin,mgoin,2026-08-30T17:15:17.131329+00:00
7,vllm-project/vllm,pull_request,18915,pull_commit,committed,cff20a0ccd3375e2f5149d8ac9f279cca48f6b43,2025-05-29T16:28:51Z,mgoin,User,,human_account,,no,,,cff20a0ccd3375e2f5149d8ac9f279cca48f6b43,mgoin,mgoin,2026-08-30T17:15:17.131329+00:00
7,vllm-project/vllm,pull_request,19296,pull_commit,committed,2552a80274cfb425bb8e6fe676b200b02f17fbfc,2025-06-06T20:08:11Z,web-flow,User,,human_account,,no,,,2552a80274cfb425bb8e6fe676b200b02f17fbfc,Alexei-V-Ivanov-AMD,web-flow,2026-08-30T17:15:17.672012+00:00
7,vllm-project/vllm,pull_request,19296,pull_commit,committed,a736d5cea2615f1019e2f10fb05a2e775fd194aa,2025-06-06T20:29:10Z,web-flow,User,,human_account,,no,,,a736d5cea2615f1019e2f10fb05a2e775fd194aa,Alexei-V-Ivanov-AMD,web-flow,2026-08-30T17:15:17.672012+00:00
7,vllm-project/vllm,pull_request,19296,pull_commit,committed,2f359584cb223ef7c0688eb8ceeae03014c59ad9,2025-06-06T21:59:46Z,web-flow,User,,human_account,,no,,,2f359584cb223ef7c0688eb8ceeae03014c59ad9,Alexei-V-Ivanov-AMD,web-flow,2026-08-30T17:15:17.672012+00:00
7,vllm-project/vllm,pull_request,17574,pull_commit,committed,c0c6d8c9c4edbfcb3b7cac5e5674eb6b4809e565,2025-05-02T05:03:16Z,LucasWilkinson,User,,human_account,,no,,,c0c6d8c9c4edbfcb3b7cac5e5674eb6b4809e565,LucasWilkinson,LucasWilkinson,2026-08-30T17:15:18.235345+00:00
7,vllm-project/vllm,pull_request,18672,pull_commit,committed,a36a36bfb55aadf0847991df879a8934d1a9f828,2025-05-25T02:45:30Z,andyxning,User,,human_account,,no,,,a36a36bfb55aadf0847991df879a8934d1a9f828,andyxning,andyxning,2026-08-30T17:15:18.758135+00:00
7,vllm-project/vllm,pull_request,18475,pull_commit,committed,eda5e9648b1b4df661f8775160d54b198502d8a0,2025-05-21T09:08:37Z,yuzho-amd,User,,human_account,,no,,,eda5e9648b1b4df661f8775160d54b198502d8a0,yuzho-amd,yuzho-amd,2026-08-30T17:15:19.236991+00:00
7,vllm-project/vllm,pull_request,18475,pull_commit,committed,2a627caa1b41ba992a87c28ba8ca0e6e545ebc17,2025-05-21T09:09:50Z,yuzho-amd,User,,human_account,,no,,,2a627caa1b41ba992a87c28ba8ca0e6e545ebc17,yuzho-amd,yuzho-amd,2026-08-30T17:15:19.236991+00:00
7,vllm-project/vllm,pull_request,18475,pull_commit,committed,69ebc8596555d41db74d7f05005f472f7945f84e,2025-05-21T09:11:18Z,yuzho-amd,User,,human_account,,no,,,69ebc8596555d41db74d7f05005f472f7945f84e,yuzho-amd,yuzho-amd,2026-08-30T17:15:19.236991+00:00
7,vllm-project/vllm,pull_request,18475,pull_commit,committed,fb043e53f93d064eb34d12a56240345147e32d98,2025-05-21T09:56:07Z,yuzho-amd,User,,human_account,,no,,,fb043e53f93d064eb34d12a56240345147e32d98,yuzho-amd,yuzho-amd,2026-08-30T17:15:19.236991+00:00
7,vllm-project/vllm,pull_request,18475,pull_commit,committed,55bb1b4f82cd95e95a39a4ca70b19b04a8759c4f,2025-05-21T11:41:50Z,yuzho-amd,User,,human_account,,no,,,55bb1b4f82cd95e95a39a4ca70b19b04a8759c4f,yuzho-amd,yuzho-amd,2026-08-30T17:15:19.236991+00:00
7,vllm-project/vllm,pull_request,18475,pull_commit,committed,c518084dfc6e4a140fee4f183959dab06dc683e4,2025-05-22T06:37:31Z,yuzho-amd,User,,human_account,,no,,,c518084dfc6e4a140fee4f183959dab06dc683e4,yuzho-amd,yuzho-amd,2026-08-30T17:15:19.236991+00:00
7,vllm-project/vllm,pull_request,18475,pull_commit,committed,923221ad03df740a3516230b05f4af95f3341de6,2025-05-22T06:44:11Z,yuzho-amd,User,,human_account,,no,,,923221ad03df740a3516230b05f4af95f3341de6,yuzho-amd,yuzho-amd,2026-08-30T17:15:19.236991+00:00
7,vllm-project/vllm,pull_request,18475,pull_commit,committed,e3e7bb60d07df631843016a3183853956461c038,2025-05-22T07:10:33Z,yuzho-amd,User,,human_account,,no,,,e3e7bb60d07df631843016a3183853956461c038,yuzho-amd,yuzho-amd,2026-08-30T17:15:19.236991+00:00
7,vllm-project/vllm,pull_request,18475,pull_commit,committed,a61aa786c956279c2dcba88dcbd9a8431a17bd47,2025-05-22T07:17:46Z,yuzho-amd,User,,human_account,,no,,,a61aa786c956279c2dcba88dcbd9a8431a17bd47,yuzho-amd,yuzho-amd,2026-08-30T17:15:19.236991+00:00
7,vllm-project/vllm,pull_request,18475,pull_commit,committed,4279de95bdb58954e7a8f00cce04afe890689473,2025-05-22T07:25:05Z,yuzho-amd,User,,human_account,,no,,,4279de95bdb58954e7a8f00cce04afe890689473,yuzho-amd,yuzho-amd,2026-08-30T17:15:19.236991+00:00
7,vllm-project/vllm,pull_request,18475,pull_commit,committed,4e7940254e520dac587469fd967a653ae820cd10,2025-05-27T02:02:26Z,web-flow,User,,human_account,,no,,,4e7940254e520dac587469fd967a653ae820cd10,yuzho-amd,web-flow,2026-08-30T17:15:19.236991+00:00
7,vllm-project/vllm,pull_request,22524,pull_commit,committed,a1dde1093868332f6fcbcd32f1fd31cedfd6e0cb,2025-08-08T13:37:29Z,hmellor,User,,human_account,,no,,,a1dde1093868332f6fcbcd32f1fd31cedfd6e0cb,hmellor,hmellor,2026-08-30T17:15:19.823254+00:00
7,vllm-project/vllm,pull_request,22524,pull_commit,committed,2ddc9923331de7f459ece176d8da3c5441db070f,2025-08-08T13:44:32Z,hmellor,User,,human_account,,no,,,2ddc9923331de7f459ece176d8da3c5441db070f,hmellor,hmellor,2026-08-30T17:15:19.823254+00:00
7,vllm-project/vllm,pull_request,22524,pull_commit,committed,7bbea9bc3ce89b54262ed0bc0a2fea0f2180fcc4,2025-08-08T14:03:05Z,hmellor,User,,human_account,,no,,,7bbea9bc3ce89b54262ed0bc0a2fea0f2180fcc4,hmellor,hmellor,2026-08-30T17:15:19.823254+00:00
7,vllm-project/vllm,pull_request,22524,pull_commit,committed,788c5ca74669994df83615bf43a8ec1611e60317,2025-08-08T14:10:00Z,hmellor,User,,human_account,,no,,,788c5ca74669994df83615bf43a8ec1611e60317,hmellor,hmellor,2026-08-30T17:15:19.823254+00:00
7,vllm-project/vllm,pull_request,22524,pull_commit,committed,75f41c4e9d7b894cb7cf46320acb1386f1c7109b,2025-08-08T14:11:25Z,hmellor,User,,human_account,,no,,,75f41c4e9d7b894cb7cf46320acb1386f1c7109b,hmellor,hmellor,2026-08-30T17:15:19.823254+00:00
7,vllm-project/vllm,pull_request,22524,pull_commit,committed,f617ab65c96883eafc77d07ea9c56c6b86aee2e8,2025-08-08T15:05:46Z,hmellor,User,,human_account,,no,,,f617ab65c96883eafc77d07ea9c56c6b86aee2e8,hmellor,hmellor,2026-08-30T17:15:19.823254+00:00
7,vllm-project/vllm,pull_request,22524,pull_commit,committed,18edd8abd897aa188c996690119915d94f6242e9,2025-08-08T15:57:52Z,hmellor,User,,human_account,,no,,,18edd8abd897aa188c996690119915d94f6242e9,hmellor,hmellor,2026-08-30T17:15:19.823254+00:00
7,vllm-project/vllm,pull_request,22281,pull_commit,committed,364c3540914496d5c6646e022baa72eb436d4a08,2025-08-04T02:16:47Z,rasmith,User,,human_account,,no,,,364c3540914496d5c6646e022baa72eb436d4a08,rasmith,rasmith,2026-08-30T17:15:20.334388+00:00
7,vllm-project/vllm,pull_request,22281,pull_commit,committed,f6066b351e77faf740a1752396ed8536354d1e24,2025-08-04T02:18:10Z,web-flow,User,,human_account,,no,,,f6066b351e77faf740a1752396ed8536354d1e24,rasmith,web-flow,2026-08-30T17:15:20.334388+00:00
7,vllm-project/vllm,pull_request,22281,pull_commit,committed,dadef5fbda9c48e3371b7d9f46273fdbc617103e,2025-08-04T21:25:21Z,rasmith,User,,human_account,,no,,,dadef5fbda9c48e3371b7d9f46273fdbc617103e,rasmith,rasmith,2026-08-30T17:15:20.334388+00:00
7,vllm-project/vllm,pull_request,22281,pull_commit,committed,dee285911539ee5ed80a839edc49a7b21f0a0a08,2025-08-04T22:54:55Z,rasmith,User,,human_account,,no,,,dee285911539ee5ed80a839edc49a7b21f0a0a08,rasmith,rasmith,2026-08-30T17:15:20.334388+00:00
7,vllm-project/vllm,pull_request,22281,pull_commit,committed,b99b470253fc765e6ea19a2d2efb8db72b62e0e2,2025-08-15T17:53:27Z,web-flow,User,,human_account,,no,,,b99b470253fc765e6ea19a2d2efb8db72b62e0e2,rasmith,web-flow,2026-08-30T17:15:20.334388+00:00
7,vllm-project/vllm,pull_request,22281,pull_commit,committed,af54ca0eb4d3fd74af88dbd37337c95bc15e5865,2025-08-19T20:43:44Z,web-flow,User,,human_account,,no,,,af54ca0eb4d3fd74af88dbd37337c95bc15e5865,rasmith,web-flow,2026-08-30T17:15:20.334388+00:00
7,vllm-project/vllm,pull_request,22281,pull_commit,committed,0fff16f25c4ffee2ac569e1c2a34cdb6f3b8ce89,2025-08-20T16:06:49Z,web-flow,User,,human_account,,no,,,0fff16f25c4ffee2ac569e1c2a34cdb6f3b8ce89,rasmith,web-flow,2026-08-30T17:15:20.334388+00:00
7,vllm-project/vllm,pull_request,22281,pull_commit,committed,4bec8d2c6396e63b196973b92162bbb41a2088bc,2025-08-20T20:46:56Z,web-flow,User,,human_account,,no,,,4bec8d2c6396e63b196973b92162bbb41a2088bc,rasmith,web-flow,2026-08-30T17:15:20.334388+00:00
7,vllm-project/vllm,pull_request,22281,pull_commit,committed,cee38791a8603f93e0db4a879f6d1cc869945874,2025-08-20T21:32:21Z,web-flow,User,,human_account,,no,,,cee38791a8603f93e0db4a879f6d1cc869945874,rasmith,web-flow,2026-08-30T17:15:20.334388+00:00
7,vllm-project/vllm,pull_request,17805,pull_commit,committed,931ab4da9757232f6370542d0c56855539618c44,2025-05-07T15:14:10Z,DarkLight1337,User,,human_account,,no,,,931ab4da9757232f6370542d0c56855539618c44,DarkLight1337,DarkLight1337,2026-08-30T17:15:20.901433+00:00
7,vllm-project/vllm,pull_request,17805,pull_commit,committed,2507aa4e9136a0cd801858e5c0721a8bc626470c,2025-05-07T15:17:13Z,DarkLight1337,User,,human_account,,no,,,2507aa4e9136a0cd801858e5c0721a8bc626470c,DarkLight1337,DarkLight1337,2026-08-30T17:15:20.901433+00:00
7,vllm-project/vllm,pull_request,17805,pull_commit,committed,7b78d4220945ad1e0f13103b69178a73f789e4cf,2025-05-08T03:13:46Z,DarkLight1337,User,,human_account,,no,,,7b78d4220945ad1e0f13103b69178a73f789e4cf,DarkLight1337,DarkLight1337,2026-08-30T17:15:20.901433+00:00
7,vllm-project/vllm,pull_request,17805,pull_commit,committed,4749cea9ac031da0df82c53a103c47652f474ca6,2025-05-08T03:14:09Z,DarkLight1337,User,,human_account,,no,,,4749cea9ac031da0df82c53a103c47652f474ca6,DarkLight1337,DarkLight1337,2026-08-30T17:15:20.901433+00:00
7,vllm-project/vllm,pull_request,20419,pull_commit,committed,9c227369bf53d38e69efaf90f24526d51627a463,2025-07-11T22:28:00Z,Edwardf0t1,User,,human_account,,no,,,9c227369bf53d38e69efaf90f24526d51627a463,Edwardf0t1,Edwardf0t1,2026-08-30T17:15:21.377315+00:00
7,vllm-project/vllm,pull_request,20419,pull_commit,committed,b4ae1a07904e6809a7eab9ed0fe76abf8c06ee58,2025-07-11T22:28:00Z,Edwardf0t1,User,,human_account,,no,,,b4ae1a07904e6809a7eab9ed0fe76abf8c06ee58,Edwardf0t1,Edwardf0t1,2026-08-30T17:15:21.377315+00:00
7,vllm-project/vllm,pull_request,20419,pull_commit,committed,2e17496eea927f20e4104b45324c66ddf7ebe495,2025-07-11T22:28:00Z,Edwardf0t1,User,,human_account,,no,,,2e17496eea927f20e4104b45324c66ddf7ebe495,Edwardf0t1,Edwardf0t1,2026-08-30T17:15:21.377315+00:00
7,vllm-project/vllm,pull_request,20419,pull_commit,committed,739f4acb760a79d3d214de8e375b372a04a2eeb5,2025-07-11T22:28:00Z,Edwardf0t1,User,,human_account,,no,,,739f4acb760a79d3d214de8e375b372a04a2eeb5,Edwardf0t1,Edwardf0t1,2026-08-30T17:15:21.377315+00:00
7,vllm-project/vllm,pull_request,20419,pull_commit,committed,6a5d90e829ece4b867a5f32f5d8e61c131a73e0f,2025-07-11T22:28:00Z,Edwardf0t1,User,,human_account,,no,,,6a5d90e829ece4b867a5f32f5d8e61c131a73e0f,Edwardf0t1,Edwardf0t1,2026-08-30T17:15:21.377315+00:00
7,vllm-project/vllm,pull_request,20419,pull_commit,committed,5b187ebaa0db8c6074306e368b49b7517b52337e,2025-07-11T22:28:01Z,Edwardf0t1,User,,human_account,,no,,,5b187ebaa0db8c6074306e368b49b7517b52337e,Edwardf0t1,Edwardf0t1,2026-08-30T17:15:21.377315+00:00
7,vllm-project/vllm,pull_request,20419,pull_commit,committed,85e743e870f01bb333ac0338d84e3765421c14c1,2025-07-11T22:28:01Z,Edwardf0t1,User,,human_account,,no,,,85e743e870f01bb333ac0338d84e3765421c14c1,Edwardf0t1,Edwardf0t1,2026-08-30T17:15:21.377315+00:00
7,vllm-project/vllm,pull_request,20419,pull_commit,committed,efd3bb0fb25c751b90d56354144af9f3fe8284c6,2025-07-11T22:28:01Z,Edwardf0t1,User,,human_account,,no,,,efd3bb0fb25c751b90d56354144af9f3fe8284c6,Edwardf0t1,Edwardf0t1,2026-08-30T17:15:21.377315+00:00
7,vllm-project/vllm,pull_request,20419,pull_commit,committed,34f1a7f219b9b7319dad348bd040c2a7c2234616,2025-07-11T22:28:01Z,Edwardf0t1,User,,human_account,,no,,,34f1a7f219b9b7319dad348bd040c2a7c2234616,Edwardf0t1,Edwardf0t1,2026-08-30T17:15:21.377315+00:00
7,vllm-project/vllm,pull_request,20419,pull_commit,committed,fbe13c1964435e83b91571ecc372ac1a20a085d5,2025-07-11T22:28:01Z,Edwardf0t1,User,,human_account,,no,,,fbe13c1964435e83b91571ecc372ac1a20a085d5,Edwardf0t1,Edwardf0t1,2026-08-30T17:15:21.377315+00:00
7,vllm-project/vllm,pull_request,20419,pull_commit,committed,b6a5803b9e665fdd2e5a6a9143aa568913c64183,2025-07-11T22:28:01Z,Edwardf0t1,User,,human_account,,no,,,b6a5803b9e665fdd2e5a6a9143aa568913c64183,Edwardf0t1,Edwardf0t1,2026-08-30T17:15:21.377315+00:00
7,vllm-project/vllm,pull_request,20419,pull_commit,committed,13d9e24582ec9782038dd11d1104072facb415ea,2025-07-11T22:28:01Z,Edwardf0t1,User,,human_account,,no,,,13d9e24582ec9782038dd11d1104072facb415ea,Edwardf0t1,Edwardf0t1,2026-08-30T17:15:21.377315+00:00
7,vllm-project/vllm,pull_request,20419,pull_commit,committed,6dbd24613507f85d3853ba6b16962395e571e72c,2025-07-11T22:28:01Z,Edwardf0t1,User,,human_account,,no,,,6dbd24613507f85d3853ba6b16962395e571e72c,Edwardf0t1,Edwardf0t1,2026-08-30T17:15:21.377315+00:00
7,vllm-project/vllm,pull_request,20419,pull_commit,committed,241be8ea8ec23b6747a2fbb46b0edb0f64c6f574,2025-07-11T22:28:01Z,Edwardf0t1,User,,human_account,,no,,,241be8ea8ec23b6747a2fbb46b0edb0f64c6f574,Edwardf0t1,Edwardf0t1,2026-08-30T17:15:21.377315+00:00
7,vllm-project/vllm,pull_request,20419,pull_commit,committed,f48031b2a6426d03049930748149dc471979f40a,2025-07-11T22:28:01Z,Edwardf0t1,User,,human_account,,no,,,f48031b2a6426d03049930748149dc471979f40a,Edwardf0t1,Edwardf0t1,2026-08-30T17:15:21.377315+00:00
7,vllm-project/vllm,pull_request,20419,pull_commit,committed,9872e5de9ea213f59336f00af18e2f8f7359e1b3,2025-07-11T22:28:01Z,Edwardf0t1,User,,human_account,,no,,,9872e5de9ea213f59336f00af18e2f8f7359e1b3,Edwardf0t1,Edwardf0t1,2026-08-30T17:15:21.377315+00:00
7,vllm-project/vllm,pull_request,20419,pull_commit,committed,00dd54939bec83c9db7221c28d22060999edff4f,2025-07-11T22:28:01Z,Edwardf0t1,User,,human_account,,no,,,00dd54939bec83c9db7221c28d22060999edff4f,Edwardf0t1,Edwardf0t1,2026-08-30T17:15:21.377315+00:00
7,vllm-project/vllm,pull_request,20419,pull_commit,committed,0e7ea8b04b63f7d8a515482f9352c5c8ab9d64c8,2025-07-11T22:28:01Z,Edwardf0t1,User,,human_account,,no,,,0e7ea8b04b63f7d8a515482f9352c5c8ab9d64c8,Edwardf0t1,Edwardf0t1,2026-08-30T17:15:21.377315+00:00
7,vllm-project/vllm,pull_request,20419,pull_commit,committed,7bd33084b7a20e9afa2a759b7349b87161551f75,2025-07-11T22:28:01Z,Edwardf0t1,User,,human_account,,no,,,7bd33084b7a20e9afa2a759b7349b87161551f75,Edwardf0t1,Edwardf0t1,2026-08-30T17:15:21.377315+00:00
7,vllm-project/vllm,pull_request,20419,pull_commit,committed,fafa305cf5056d5779342af519ff889f075ef73f,2025-07-11T22:28:01Z,Edwardf0t1,User,,human_account,,no,,,fafa305cf5056d5779342af519ff889f075ef73f,Edwardf0t1,Edwardf0t1,2026-08-30T17:15:21.377315+00:00
7,vllm-project/vllm,pull_request,20419,pull_commit,committed,e4dd6d037d3966286ad4bfe9c7a498e07c9513f2,2025-07-11T22:28:02Z,Edwardf0t1,User,,human_account,,no,,,e4dd6d037d3966286ad4bfe9c7a498e07c9513f2,Edwardf0t1,Edwardf0t1,2026-08-30T17:15:21.377315+00:00
7,vllm-project/vllm,pull_request,20419,pull_commit,committed,343c59c612ab3e698fcd7abeb8d035dbfe0aa438,2025-07-11T22:31:28Z,Edwardf0t1,User,,human_account,,no,,,343c59c612ab3e698fcd7abeb8d035dbfe0aa438,Edwardf0t1,Edwardf0t1,2026-08-30T17:15:21.377315+00:00
7,vllm-project/vllm,pull_request,20419,pull_commit,committed,6419bf3e805d261e031574b806c158b992829441,2025-07-11T22:31:42Z,Edwardf0t1,User,,human_account,,no,,,6419bf3e805d261e031574b806c158b992829441,Edwardf0t1,Edwardf0t1,2026-08-30T17:15:21.377315+00:00
7,vllm-project/vllm,pull_request,20419,pull_commit,committed,1fbf2b10ccb75d5e707ca854182a8153738dac4f,2025-07-11T22:31:42Z,Edwardf0t1,User,,human_account,,no,,,1fbf2b10ccb75d5e707ca854182a8153738dac4f,Edwardf0t1,Edwardf0t1,2026-08-30T17:15:21.377315+00:00
7,vllm-project/vllm,pull_request,20419,pull_commit,committed,ad16679b33603408b1473388273af27465f4b43c,2025-07-11T22:31:42Z,Edwardf0t1,User,,human_account,,no,,,ad16679b33603408b1473388273af27465f4b43c,Edwardf0t1,Edwardf0t1,2026-08-30T17:15:21.377315+00:00
7,vllm-project/vllm,pull_request,20419,pull_commit,committed,3fe6e0e424ee2d62a8c0d5aa27939888c2668727,2025-07-11T22:31:42Z,Edwardf0t1,User,,human_account,,no,,,3fe6e0e424ee2d62a8c0d5aa27939888c2668727,Edwardf0t1,Edwardf0t1,2026-08-30T17:15:21.377315+00:00
7,vllm-project/vllm,pull_request,20419,pull_commit,committed,72871a4c0bb2718110c3b3a4a550bc34346fcd3e,2025-07-11T22:31:42Z,Edwardf0t1,User,,human_account,,no,,,72871a4c0bb2718110c3b3a4a550bc34346fcd3e,Edwardf0t1,Edwardf0t1,2026-08-30T17:15:21.377315+00:00
7,vllm-project/vllm,pull_request,20897,pull_commit,committed,f848efee6dcc68c1ae2aa648102935a8ede418ae,2025-07-14T02:53:32Z,DarkLight1337,User,,human_account,,no,,,f848efee6dcc68c1ae2aa648102935a8ede418ae,DarkLight1337,DarkLight1337,2026-08-30T17:15:21.922601+00:00
7,vllm-project/vllm,pull_request,18692,pull_commit,committed,a7aa7bdf2265ea8a740a5de7739b35915009828c,2025-05-26T04:27:52Z,Duyi-Wang,User,,human_account,,no,,,a7aa7bdf2265ea8a740a5de7739b35915009828c,Duyi-Wang,Duyi-Wang,2026-08-30T17:15:22.446306+00:00
7,vllm-project/vllm,pull_request,17750,pull_commit,committed,f1575deb868332761e2bdecefe0a86f9425768f6,2025-05-03T15:13:54Z,web-flow,User,,human_account,,no,,,f1575deb868332761e2bdecefe0a86f9425768f6,tlrmchlsmth,web-flow,2026-08-30T17:15:22.908590+00:00
7,vllm-project/vllm,pull_request,17750,pull_commit,committed,c90a2c8dfb36c0a8308d2d0bb97bd9461e1ca926,2025-05-03T17:28:22Z,web-flow,User,,human_account,,no,,,c90a2c8dfb36c0a8308d2d0bb97bd9461e1ca926,robertgshaw2-redhat,web-flow,2026-08-30T17:15:22.908590+00:00
7,vllm-project/vllm,pull_request,17750,pull_commit,committed,91040e3d9552141da743fa0239a4c135c99dbd87,2025-05-03T18:28:50Z,web-flow,User,,human_account,,no,,,91040e3d9552141da743fa0239a4c135c99dbd87,robertgshaw2-redhat,web-flow,2026-08-30T17:15:22.908590+00:00
7,vllm-project/vllm,pull_request,17750,pull_commit,committed,b1d83f9f899be2cfc0319037e25eb6cd2aacbc7c,2025-05-03T19:17:11Z,web-flow,User,,human_account,,no,,,b1d83f9f899be2cfc0319037e25eb6cd2aacbc7c,njhill,web-flow,2026-08-30T17:15:22.908590+00:00
7,vllm-project/vllm,pull_request,17750,pull_commit,committed,a90482040475301d438a23bc6bdadc36a7e19594,2025-05-03T19:36:56Z,web-flow,User,,human_account,,no,,,a90482040475301d438a23bc6bdadc36a7e19594,tlrmchlsmth,web-flow,2026-08-30T17:15:22.908590+00:00
7,vllm-project/vllm,pull_request,17750,pull_commit,committed,8061a5c326a65763fcb4f8f50da78a97859db14f,2025-05-04T15:26:07Z,web-flow,User,,human_account,,no,,,8061a5c326a65763fcb4f8f50da78a97859db14f,njhill,web-flow,2026-08-30T17:15:22.908590+00:00
7,vllm-project/vllm,pull_request,17750,pull_commit,committed,06847be8e36ac189101a387dacf6f4984e9d6dbb,2025-05-04T20:22:28Z,web-flow,User,,human_account,,no,,,06847be8e36ac189101a387dacf6f4984e9d6dbb,robertgshaw2-redhat,web-flow,2026-08-30T17:15:22.908590+00:00
7,vllm-project/vllm,pull_request,17750,pull_commit,committed,8beac5e4bd912c167342a76b06d1adc06861258d,2025-05-05T13:44:52Z,web-flow,User,,human_account,,no,,,8beac5e4bd912c167342a76b06d1adc06861258d,robertgshaw2-redhat,web-flow,2026-08-30T17:15:22.908590+00:00
7,vllm-project/vllm,pull_request,17750,pull_commit,committed,2c50275807ea23d53f1b6f22c613ed69c4f5b2db,2025-05-05T17:18:08Z,web-flow,User,,human_account,,no,,,2c50275807ea23d53f1b6f22c613ed69c4f5b2db,tlrmchlsmth,web-flow,2026-08-30T17:15:22.908590+00:00
7,vllm-project/vllm,pull_request,17750,pull_commit,committed,8ce4c07eef9201e825408a0fdf1f5c4dee4af2be,2025-05-05T19:48:51Z,web-flow,User,,human_account,,no,,,8ce4c07eef9201e825408a0fdf1f5c4dee4af2be,robertgshaw2-redhat,web-flow,2026-08-30T17:15:22.908590+00:00
7,vllm-project/vllm,pull_request,17750,pull_commit,committed,bf0be1bf5d8094104847a7dfe10cfecf21cc3f93,2025-05-06T02:08:56Z,tlrmchlsmth,User,,human_account,,no,,,bf0be1bf5d8094104847a7dfe10cfecf21cc3f93,tlrmchlsmth,tlrmchlsmth,2026-08-30T17:15:22.908590+00:00
7,vllm-project/vllm,pull_request,22139,pull_commit,committed,64e2728fb46df380402ca302e41a3b2e6c096e39,2025-08-03T05:28:10Z,WoosukKwon,User,,human_account,,no,,,64e2728fb46df380402ca302e41a3b2e6c096e39,WoosukKwon,WoosukKwon,2026-08-30T17:15:23.463407+00:00
7,vllm-project/vllm,pull_request,18593,pull_commit,committed,7d0dc8d5ac803645d0ce82f2d0af21945a3fffc9,2025-05-23T05:46:15Z,heheda12345,User,,human_account,,no,,,7d0dc8d5ac803645d0ce82f2d0af21945a3fffc9,heheda12345,heheda12345,2026-08-30T17:15:23.975973+00:00
7,vllm-project/vllm,pull_request,18593,pull_commit,committed,2ed43e60c96c4256063c1fa0f42f5c0bb2148dd5,2025-05-23T13:48:33Z,heheda12345,User,,human_account,,no,,,2ed43e60c96c4256063c1fa0f42f5c0bb2148dd5,heheda12345,heheda12345,2026-08-30T17:15:23.975973+00:00
7,vllm-project/vllm,pull_request,18593,pull_commit,committed,b31eed2edfc7615c5e67bff233e6c839156c2f08,2025-05-23T13:56:13Z,heheda12345,User,,human_account,,no,,,b31eed2edfc7615c5e67bff233e6c839156c2f08,heheda12345,heheda12345,2026-08-30T17:15:23.975973+00:00
7,vllm-project/vllm,pull_request,17686,pull_commit,committed,f1575deb868332761e2bdecefe0a86f9425768f6,2025-05-03T15:13:54Z,web-flow,User,,human_account,,no,,,f1575deb868332761e2bdecefe0a86f9425768f6,tlrmchlsmth,web-flow,2026-08-30T17:15:24.405591+00:00
7,vllm-project/vllm,pull_request,17686,pull_commit,committed,c90a2c8dfb36c0a8308d2d0bb97bd9461e1ca926,2025-05-03T17:28:22Z,web-flow,User,,human_account,,no,,,c90a2c8dfb36c0a8308d2d0bb97bd9461e1ca926,robertgshaw2-redhat,web-flow,2026-08-30T17:15:24.405591+00:00
7,vllm-project/vllm,pull_request,17686,pull_commit,committed,91040e3d9552141da743fa0239a4c135c99dbd87,2025-05-03T18:28:50Z,web-flow,User,,human_account,,no,,,91040e3d9552141da743fa0239a4c135c99dbd87,robertgshaw2-redhat,web-flow,2026-08-30T17:15:24.405591+00:00
7,vllm-project/vllm,pull_request,17686,pull_commit,committed,b1d83f9f899be2cfc0319037e25eb6cd2aacbc7c,2025-05-03T19:17:11Z,web-flow,User,,human_account,,no,,,b1d83f9f899be2cfc0319037e25eb6cd2aacbc7c,njhill,web-flow,2026-08-30T17:15:24.405591+00:00
7,vllm-project/vllm,pull_request,17686,pull_commit,committed,a90482040475301d438a23bc6bdadc36a7e19594,2025-05-03T19:36:56Z,web-flow,User,,human_account,,no,,,a90482040475301d438a23bc6bdadc36a7e19594,tlrmchlsmth,web-flow,2026-08-30T17:15:24.405591+00:00
7,vllm-project/vllm,pull_request,17686,pull_commit,committed,8061a5c326a65763fcb4f8f50da78a97859db14f,2025-05-04T15:26:07Z,web-flow,User,,human_account,,no,,,8061a5c326a65763fcb4f8f50da78a97859db14f,njhill,web-flow,2026-08-30T17:15:24.405591+00:00
7,vllm-project/vllm,pull_request,17686,pull_commit,committed,06847be8e36ac189101a387dacf6f4984e9d6dbb,2025-05-04T20:22:28Z,web-flow,User,,human_account,,no,,,06847be8e36ac189101a387dacf6f4984e9d6dbb,robertgshaw2-redhat,web-flow,2026-08-30T17:15:24.405591+00:00
7,vllm-project/vllm,pull_request,17686,pull_commit,committed,8beac5e4bd912c167342a76b06d1adc06861258d,2025-05-05T13:44:52Z,web-flow,User,,human_account,,no,,,8beac5e4bd912c167342a76b06d1adc06861258d,robertgshaw2-redhat,web-flow,2026-08-30T17:15:24.405591+00:00
7,vllm-project/vllm,pull_request,17686,pull_commit,committed,2c50275807ea23d53f1b6f22c613ed69c4f5b2db,2025-05-05T17:18:08Z,web-flow,User,,human_account,,no,,,2c50275807ea23d53f1b6f22c613ed69c4f5b2db,tlrmchlsmth,web-flow,2026-08-30T17:15:24.405591+00:00
7,vllm-project/vllm,pull_request,17686,pull_commit,committed,8ce4c07eef9201e825408a0fdf1f5c4dee4af2be,2025-05-05T19:48:51Z,web-flow,User,,human_account,,no,,,8ce4c07eef9201e825408a0fdf1f5c4dee4af2be,robertgshaw2-redhat,web-flow,2026-08-30T17:15:24.405591+00:00
7,vllm-project/vllm,pull_request,17686,pull_commit,committed,7196adf838eb9f9073c73867448816b3f7f94036,2025-05-05T22:22:01Z,robertgshaw2-redhat,User,,human_account,,no,,,7196adf838eb9f9073c73867448816b3f7f94036,robertgshaw2-redhat,robertgshaw2-redhat,2026-08-30T17:15:24.405591+00:00
7,vllm-project/vllm,pull_request,17686,pull_commit,committed,493cda1136ffcbb83bd2e3786e8dd6c9a1935e83,2025-05-05T22:23:56Z,robertgshaw2-redhat,User,,human_account,,no,,,493cda1136ffcbb83bd2e3786e8dd6c9a1935e83,robertgshaw2-redhat,robertgshaw2-redhat,2026-08-30T17:15:24.405591+00:00
7,vllm-project/vllm,pull_request,17686,pull_commit,committed,24279188ff6468dcc79a93be0768363cbab8b399,2025-05-05T22:24:18Z,robertgshaw2-redhat,User,,human_account,,no,,,24279188ff6468dcc79a93be0768363cbab8b399,robertgshaw2-redhat,robertgshaw2-redhat,2026-08-30T17:15:24.405591+00:00
7,vllm-project/vllm,pull_request,17686,pull_commit,committed,50cecf675502732a0799c919de78bd64f58c397a,2025-05-05T22:25:34Z,robertgshaw2-redhat,User,,human_account,,no,,,50cecf675502732a0799c919de78bd64f58c397a,robertgshaw2-redhat,robertgshaw2-redhat,2026-08-30T17:15:24.405591+00:00
7,vllm-project/vllm,pull_request,17686,pull_commit,committed,ba3e759197a7536293f04179cef21702995ee9c2,2025-05-05T22:35:51Z,robertgshaw2-redhat,User,,human_account,,no,,,ba3e759197a7536293f04179cef21702995ee9c2,robertgshaw2-redhat,robertgshaw2-redhat,2026-08-30T17:15:24.405591+00:00
7,vllm-project/vllm,pull_request,17686,pull_commit,committed,096de020900e3afc5cac23294fdd4de945d73537,2025-05-05T22:37:12Z,robertgshaw2-redhat,User,,human_account,,no,,,096de020900e3afc5cac23294fdd4de945d73537,robertgshaw2-redhat,robertgshaw2-redhat,2026-08-30T17:15:24.405591+00:00
7,vllm-project/vllm,pull_request,17686,pull_commit,committed,0fefd4a9a0e47e2a4be735539579fff7d1eea818,2025-05-05T22:39:10Z,robertgshaw2-redhat,User,,human_account,,no,,,0fefd4a9a0e47e2a4be735539579fff7d1eea818,robertgshaw2-redhat,robertgshaw2-redhat,2026-08-30T17:15:24.405591+00:00
7,vllm-project/vllm,pull_request,17686,pull_commit,committed,eba69825a347623b2d349eb164c16f2ee0ff6e88,2025-05-05T22:39:59Z,robertgshaw2-redhat,User,,human_account,,no,,,eba69825a347623b2d349eb164c16f2ee0ff6e88,robertgshaw2-redhat,robertgshaw2-redhat,2026-08-30T17:15:24.405591+00:00
7,vllm-project/vllm,pull_request,17686,pull_commit,committed,d97cbf99851904f0b68e72b8e2c2e3f262d7d181,2025-05-05T22:40:17Z,robertgshaw2-redhat,User,,human_account,,no,,,d97cbf99851904f0b68e72b8e2c2e3f262d7d181,robertgshaw2-redhat,robertgshaw2-redhat,2026-08-30T17:15:24.405591+00:00
7,vllm-project/vllm,pull_request,17686,pull_commit,committed,590c213982bcb0a7c18fc351f5ee37fa65d087b6,2025-05-05T22:42:12Z,robertgshaw2-redhat,User,,human_account,,no,,,590c213982bcb0a7c18fc351f5ee37fa65d087b6,robertgshaw2-redhat,robertgshaw2-redhat,2026-08-30T17:15:24.405591+00:00
7,vllm-project/vllm,pull_request,17686,pull_commit,committed,be0407a7ea751785719421d0d20c53ba96079c8b,2025-05-05T22:46:57Z,robertgshaw2-redhat,User,,human_account,,no,,,be0407a7ea751785719421d0d20c53ba96079c8b,robertgshaw2-redhat,robertgshaw2-redhat,2026-08-30T17:15:24.405591+00:00
7,vllm-project/vllm,pull_request,17686,pull_commit,committed,c905a48f1c90ef2504177575ba5ffe4a098d9034,2025-05-05T22:52:25Z,robertgshaw2-redhat,User,,human_account,,no,,,c905a48f1c90ef2504177575ba5ffe4a098d9034,robertgshaw2-redhat,robertgshaw2-redhat,2026-08-30T17:15:24.405591+00:00
7,vllm-project/vllm,pull_request,17686,pull_commit,committed,0b2cc61839a8d8d67b9b9edf25a7247eb585e3ce,2025-05-05T22:56:41Z,robertgshaw2-redhat,User,,human_account,,no,,,0b2cc61839a8d8d67b9b9edf25a7247eb585e3ce,robertgshaw2-redhat,robertgshaw2-redhat,2026-08-30T17:15:24.405591+00:00
7,vllm-project/vllm,pull_request,17686,pull_commit,committed,23c3a6fd969e5ffe7f0556366c4df4068591c8e0,2025-05-05T22:57:36Z,robertgshaw2-redhat,User,,human_account,,no,,,23c3a6fd969e5ffe7f0556366c4df4068591c8e0,robertgshaw2-redhat,robertgshaw2-redhat,2026-08-30T17:15:24.405591+00:00
7,vllm-project/vllm,pull_request,17686,pull_commit,committed,000715da7d802fb0e931f95d9b875abeb7952339,2025-05-05T22:59:07Z,robertgshaw2-redhat,User,,human_account,,no,,,000715da7d802fb0e931f95d9b875abeb7952339,robertgshaw2-redhat,robertgshaw2-redhat,2026-08-30T17:15:24.405591+00:00
7,vllm-project/vllm,pull_request,17686,pull_commit,committed,37ae9ad4d112c496c1db336b4af629a06a181eba,2025-05-05T22:59:24Z,robertgshaw2-redhat,User,,human_account,,no,,,37ae9ad4d112c496c1db336b4af629a06a181eba,robertgshaw2-redhat,robertgshaw2-redhat,2026-08-30T17:15:24.405591+00:00
7,vllm-project/vllm,pull_request,17686,pull_commit,committed,59280ea405d605839f565eae8ec1f8446fe50c23,2025-05-05T23:00:13Z,robertgshaw2-redhat,User,,human_account,,no,,,59280ea405d605839f565eae8ec1f8446fe50c23,robertgshaw2-redhat,robertgshaw2-redhat,2026-08-30T17:15:24.405591+00:00
7,vllm-project/vllm,pull_request,17686,pull_commit,committed,70c766f669f6a1e0b30542b58e8501cd183b33c4,2025-05-05T23:07:07Z,robertgshaw2-redhat,User,,human_account,,no,,,70c766f669f6a1e0b30542b58e8501cd183b33c4,robertgshaw2-redhat,robertgshaw2-redhat,2026-08-30T17:15:24.405591+00:00
7,vllm-project/vllm,pull_request,17686,pull_commit,committed,089b1d70110d6a4897872e9ed2d42a7ecf2d76bd,2025-05-05T23:11:02Z,robertgshaw2-redhat,User,,human_account,,no,,,089b1d70110d6a4897872e9ed2d42a7ecf2d76bd,robertgshaw2-redhat,robertgshaw2-redhat,2026-08-30T17:15:24.405591+00:00
7,vllm-project/vllm,pull_request,17686,pull_commit,committed,17e90857a1003b4a9202a93e519e31ab5e576af9,2025-05-05T23:32:42Z,robertgshaw2-redhat,User,,human_account,,no,,,17e90857a1003b4a9202a93e519e31ab5e576af9,robertgshaw2-redhat,robertgshaw2-redhat,2026-08-30T17:15:24.405591+00:00
7,vllm-project/vllm,pull_request,17686,pull_commit,committed,e5547593c5f7d67e02da311fe7fb42e568fc260c,2025-05-05T23:47:27Z,robertgshaw2-redhat,User,,human_account,,no,,,e5547593c5f7d67e02da311fe7fb42e568fc260c,robertgshaw2-redhat,robertgshaw2-redhat,2026-08-30T17:15:24.405591+00:00
7,vllm-project/vllm,pull_request,17686,pull_commit,committed,1c24c663f68a4fa9f3ddc36025f0bf33069a51d0,2025-05-05T23:49:35Z,robertgshaw2-redhat,User,,human_account,,no,,,1c24c663f68a4fa9f3ddc36025f0bf33069a51d0,robertgshaw2-redhat,robertgshaw2-redhat,2026-08-30T17:15:24.405591+00:00
7,vllm-project/vllm,pull_request,17686,pull_commit,committed,8ac138e6e2bfb8eb97c6add32151e659669327fd,2025-05-05T23:49:59Z,robertgshaw2-redhat,User,,human_account,,no,,,8ac138e6e2bfb8eb97c6add32151e659669327fd,robertgshaw2-redhat,robertgshaw2-redhat,2026-08-30T17:15:24.405591+00:00
7,vllm-project/vllm,pull_request,17686,pull_commit,committed,f8239cf320f7eafee7ec7fb8be3f7ee78c429d47,2025-05-06T00:20:46Z,robertgshaw2-redhat,User,,human_account,,no,,,f8239cf320f7eafee7ec7fb8be3f7ee78c429d47,robertgshaw2-redhat,robertgshaw2-redhat,2026-08-30T17:15:24.405591+00:00
7,vllm-project/vllm,pull_request,17686,pull_commit,committed,4a391084c1f39c8a0c575b8289676f1ec1dcca07,2025-05-06T00:28:04Z,robertgshaw2-redhat,User,,human_account,,no,,,4a391084c1f39c8a0c575b8289676f1ec1dcca07,robertgshaw2-redhat,robertgshaw2-redhat,2026-08-30T17:15:24.405591+00:00
7,vllm-project/vllm,pull_request,17686,pull_commit,committed,6f328a2b20bc47c693fa1f9079193601458c0b8d,2025-05-06T00:36:38Z,robertgshaw2-redhat,User,,human_account,,no,,,6f328a2b20bc47c693fa1f9079193601458c0b8d,robertgshaw2-redhat,robertgshaw2-redhat,2026-08-30T17:15:24.405591+00:00
7,vllm-project/vllm,pull_request,17686,pull_commit,committed,da291cee137278d82c58f9aa016b3deb740e387f,2025-05-06T00:38:55Z,robertgshaw2-redhat,User,,human_account,,no,,,da291cee137278d82c58f9aa016b3deb740e387f,robertgshaw2-redhat,robertgshaw2-redhat,2026-08-30T17:15:24.405591+00:00
7,vllm-project/vllm,pull_request,17686,pull_commit,committed,b00157b5858b5aaa325c0e7bf58d2ee68f516b5d,2025-05-06T00:52:47Z,robertgshaw2-redhat,User,,human_account,,no,,,b00157b5858b5aaa325c0e7bf58d2ee68f516b5d,robertgshaw2-redhat,robertgshaw2-redhat,2026-08-30T17:15:24.405591+00:00
7,vllm-project/vllm,pull_request,17686,pull_commit,committed,5af868e6c20de33e29573fcefad6788a8aad6067,2025-05-06T01:10:11Z,robertgshaw2-redhat,User,,human_account,,no,,,5af868e6c20de33e29573fcefad6788a8aad6067,robertgshaw2-redhat,robertgshaw2-redhat,2026-08-30T17:15:24.405591+00:00
7,vllm-project/vllm,pull_request,17686,pull_commit,committed,baf2700a25bc64bf87fdd04077cd074ce7b5b9ba,2025-05-06T01:12:22Z,robertgshaw2-redhat,User,,human_account,,no,,,baf2700a25bc64bf87fdd04077cd074ce7b5b9ba,robertgshaw2-redhat,robertgshaw2-redhat,2026-08-30T17:15:24.405591+00:00
7,vllm-project/vllm,pull_request,17686,pull_commit,committed,e22d44b1d3e8378da30dd463a2dc6f75bf52f8be,2025-05-06T01:13:18Z,robertgshaw2-redhat,User,,human_account,,no,,,e22d44b1d3e8378da30dd463a2dc6f75bf52f8be,robertgshaw2-redhat,robertgshaw2-redhat,2026-08-30T17:15:24.405591+00:00
7,vllm-project/vllm,pull_request,17686,pull_commit,committed,c63c0eec92b075a025ff4246f0167abc540ca056,2025-05-06T02:13:12Z,robertgshaw2-redhat,User,,human_account,,no,,,c63c0eec92b075a025ff4246f0167abc540ca056,robertgshaw2-redhat,robertgshaw2-redhat,2026-08-30T17:15:24.405591+00:00
7,vllm-project/vllm,pull_request,17686,pull_commit,committed,ded125b03ae445973968893f334fb95606cc17ce,2025-05-06T02:14:01Z,robertgshaw2-redhat,User,,human_account,,no,,,ded125b03ae445973968893f334fb95606cc17ce,robertgshaw2-redhat,robertgshaw2-redhat,2026-08-30T17:15:24.405591+00:00
7,vllm-project/vllm,pull_request,17686,pull_commit,committed,5f0a3f0ff9b4eea1ecab0934229c62aeea289502,2025-05-06T20:15:24Z,robertgshaw2-redhat,User,,human_account,,no,,,5f0a3f0ff9b4eea1ecab0934229c62aeea289502,robertgshaw2-redhat,robertgshaw2-redhat,2026-08-30T17:15:24.405591+00:00
7,vllm-project/vllm,pull_request,17686,pull_commit,committed,e49a68673a102d1c325865e141bc72d964884dc6,2025-05-06T20:57:08Z,robertgshaw2-redhat,User,,human_account,,no,,,e49a68673a102d1c325865e141bc72d964884dc6,robertgshaw2-redhat,robertgshaw2-redhat,2026-08-30T17:15:24.405591+00:00
7,vllm-project/vllm,pull_request,17686,pull_commit,committed,9941b92f5af7e8b17cca2ddfe0ef89c346b66f70,2025-05-06T21:00:28Z,web-flow,User,,human_account,,no,,,9941b92f5af7e8b17cca2ddfe0ef89c346b66f70,robertgshaw2-redhat,web-flow,2026-08-30T17:15:24.405591+00:00
7,vllm-project/vllm,pull_request,17820,pull_commit,committed,330396cef14e83b543203dedf68f5e6608274a6f,2025-05-07T23:22:22Z,bythew3i,User,,human_account,,no,,,330396cef14e83b543203dedf68f5e6608274a6f,bythew3i,bythew3i,2026-08-30T17:15:25.664475+00:00
7,vllm-project/vllm,pull_request,21501,pull_commit,committed,53d0d27ff6856ae109d77fbef41cbc478f425d46,2025-07-24T05:06:46Z,ruisearch42,User,,human_account,,no,,,53d0d27ff6856ae109d77fbef41cbc478f425d46,ruisearch42,ruisearch42,2026-08-30T17:15:26.151749+00:00
7,vllm-project/vllm,pull_request,21033,pull_commit,committed,84d9a132e524ecb51d479fdae5f6adc4a8611016,2025-07-22T07:31:35Z,Receiling,User,,human_account,,no,,,84d9a132e524ecb51d479fdae5f6adc4a8611016,Receiling,Receiling,2026-08-30T17:15:26.730741+00:00
7,vllm-project/vllm,pull_request,21033,pull_commit,committed,12a3fc71c3bcdaf919f04c3a168f1b473bdff075,2025-07-22T07:33:19Z,Receiling,User,,human_account,,no,,,12a3fc71c3bcdaf919f04c3a168f1b473bdff075,Receiling,Receiling,2026-08-30T17:15:26.730741+00:00
7,vllm-project/vllm,pull_request,21033,pull_commit,committed,f1f5f9dcf565379131d75c7cee0a787b58295e54,2025-07-22T08:29:22Z,Receiling,User,,human_account,,no,,,f1f5f9dcf565379131d75c7cee0a787b58295e54,Receiling,Receiling,2026-08-30T17:15:26.730741+00:00
7,vllm-project/vllm,pull_request,21033,pull_commit,committed,2db8361ff3165d9413b7f771f7665c554d19a6d1,2025-07-22T08:43:12Z,Receiling,User,,human_account,,no,,,2db8361ff3165d9413b7f771f7665c554d19a6d1,Receiling,Receiling,2026-08-30T17:15:26.730741+00:00
7,vllm-project/vllm,pull_request,21033,pull_commit,committed,e0739b92832fd39877803bd778b9ad176fd5db6c,2025-07-22T10:46:01Z,Receiling,User,,human_account,,no,,,e0739b92832fd39877803bd778b9ad176fd5db6c,Receiling,Receiling,2026-08-30T17:15:26.730741+00:00
7,vllm-project/vllm,pull_request,21033,pull_commit,committed,36832d45a98d74b26e7a0ccedf04d8307e578e87,2025-07-22T11:35:15Z,Receiling,User,,human_account,,no,,,36832d45a98d74b26e7a0ccedf04d8307e578e87,Receiling,Receiling,2026-08-30T17:15:26.730741+00:00
7,vllm-project/vllm,pull_request,22237,pull_commit,committed,85f1ec07887179cd1902cd8a8af924726ee85a44,2025-08-05T06:35:21Z,MengAiDev,User,,human_account,,no,,,85f1ec07887179cd1902cd8a8af924726ee85a44,MengAiDev,MengAiDev,2026-08-30T17:15:27.245522+00:00
7,vllm-project/vllm,pull_request,22237,pull_commit,committed,cf52cf5d1bad704158204c44581e4fe987a69718,2025-08-05T06:58:10Z,MengAiDev,User,,human_account,,no,,,cf52cf5d1bad704158204c44581e4fe987a69718,MengAiDev,MengAiDev,2026-08-30T17:15:27.245522+00:00
7,vllm-project/vllm,pull_request,17974,pull_commit,committed,b5d42ea20fbff391f4faef80f6de73433ff8956f,2025-05-10T21:07:53Z,aowen14,User,,human_account,,no,,,b5d42ea20fbff391f4faef80f6de73433ff8956f,aowen14,aowen14,2026-08-30T17:15:27.714996+00:00
7,vllm-project/vllm,pull_request,19454,pull_commit,committed,0aa6461ce80b17475313637b73fc38d839398c86,2025-06-11T00:33:56Z,mgoin,User,,human_account,,no,,,0aa6461ce80b17475313637b73fc38d839398c86,mgoin,mgoin,2026-08-30T17:15:28.244129+00:00
7,vllm-project/vllm,pull_request,19454,pull_commit,committed,3916857df50b5ad9d07e4b4c871270a6d71b60f1,2025-06-11T01:23:28Z,web-flow,User,,human_account,,no,,,3916857df50b5ad9d07e4b4c871270a6d71b60f1,mgoin,web-flow,2026-08-30T17:15:28.244129+00:00
7,vllm-project/vllm,pull_request,43581,pull_commit,committed,214783357c529dad2e49996e872ca66f953417fd,2026-05-25T08:29:58Z,jzakrzew,User,,human_account,,no,,,214783357c529dad2e49996e872ca66f953417fd,jzakrzew,jzakrzew,2026-08-30T17:15:28.714406+00:00
7,vllm-project/vllm,pull_request,43581,pull_commit,committed,755e5ab2ecbba98dbfd42e61e098e45cf15f60f6,2026-05-25T09:06:40Z,web-flow,User,,human_account,,no,,,755e5ab2ecbba98dbfd42e61e098e45cf15f60f6,jzakrzew,web-flow,2026-08-30T17:15:28.714406+00:00
7,vllm-project/vllm,pull_request,43581,pull_commit,committed,37681fd7d467a307a00f8faf729f9b10e21d6d55,2026-05-25T10:23:46Z,web-flow,User,,human_account,,no,,,37681fd7d467a307a00f8faf729f9b10e21d6d55,jzakrzew,web-flow,2026-08-30T17:15:28.714406+00:00
7,vllm-project/vllm,pull_request,43581,pull_commit,committed,d22fe3b946e77bd64e8e93a67ecabd1e8795a3bf,2026-05-26T06:39:26Z,web-flow,User,,human_account,,no,,,d22fe3b946e77bd64e8e93a67ecabd1e8795a3bf,tomeras91,web-flow,2026-08-30T17:15:28.714406+00:00
7,vllm-project/vllm,pull_request,43581,pull_commit,committed,436bd2d444d723fda4347c82598d2b6c70f84486,2026-05-26T11:12:48Z,web-flow,User,,human_account,,no,,,436bd2d444d723fda4347c82598d2b6c70f84486,jzakrzew,web-flow,2026-08-30T17:15:28.714406+00:00
7,vllm-project/vllm,pull_request,43581,pull_commit,committed,9e9d754c64cf38a03966dfecf55028960c3b4320,2026-05-26T15:17:22Z,web-flow,User,,human_account,,no,,,9e9d754c64cf38a03966dfecf55028960c3b4320,jzakrzew,web-flow,2026-08-30T17:15:28.714406+00:00
7,vllm-project/vllm,pull_request,43581,pull_commit,committed,3474b67f31751bf45ac7eb19d3347b775a98dfcd,2026-05-27T06:05:33Z,web-flow,User,,human_account,,no,,,3474b67f31751bf45ac7eb19d3347b775a98dfcd,tomeras91,web-flow,2026-08-30T17:15:28.714406+00:00
7,vllm-project/vllm,pull_request,43581,pull_commit,committed,ed313da8c3dc6beb5e5befc9b625ad9f3cc4e413,2026-05-27T17:39:08Z,web-flow,User,,human_account,,no,,,ed313da8c3dc6beb5e5befc9b625ad9f3cc4e413,jzakrzew,web-flow,2026-08-30T17:15:28.714406+00:00
7,vllm-project/vllm,pull_request,42459,pull_commit,committed,a3b57a7ca1e825807ef2d3f45bba1e531fb2175a,2026-05-12T21:02:31Z,rasmith,User,,human_account,,no,,,a3b57a7ca1e825807ef2d3f45bba1e531fb2175a,rasmith,rasmith,2026-08-30T17:15:29.195833+00:00
7,vllm-project/vllm,pull_request,42459,pull_commit,committed,c8dd6f9d85b2f0e3382e543810082fd6938e38fd,2026-05-19T18:31:39Z,web-flow,User,,human_account,,no,,,c8dd6f9d85b2f0e3382e543810082fd6938e38fd,rasmith,web-flow,2026-08-30T17:15:29.195833+00:00
7,vllm-project/vllm,pull_request,42459,pull_commit,committed,0d7c55cd72dca8d5b18989a1b60c5382f5da2f6a,2026-07-14T18:59:24Z,rasmith,User,,human_account,,no,,,0d7c55cd72dca8d5b18989a1b60c5382f5da2f6a,rasmith,rasmith,2026-08-30T17:15:29.195833+00:00
7,vllm-project/vllm,pull_request,52869,pull_commit,committed,6bbf68350a726ec8e5ef8485059479eb4161d963,2026-08-20T03:50:48Z,keneoneth,User,,human_account,,no,,,6bbf68350a726ec8e5ef8485059479eb4161d963,keneoneth,keneoneth,2026-08-30T17:15:29.660166+00:00
7,vllm-project/vllm,pull_request,49380,pull_commit,committed,e8f21e82e946abaf0dd7094714df6ef5040d2638,2026-07-21T23:45:42Z,peizhang56,User,,human_account,,no,,,e8f21e82e946abaf0dd7094714df6ef5040d2638,peizhang56,peizhang56,2026-08-30T17:15:30.177312+00:00
7,vllm-project/vllm,pull_request,50982,pull_commit,committed,33d05e5c4fc417d82ea4b7ce6fc4b3a724e2b0f7,2026-08-04T13:36:57Z,,,,unknown,,no,,,33d05e5c4fc417d82ea4b7ce6fc4b3a724e2b0f7,,,2026-08-30T17:15:30.789676+00:00
7,vllm-project/vllm,pull_request,50982,pull_commit,committed,b8089ccab54e05cdf8ae5ca06aba4cc3edf7db2c,2026-08-05T02:12:31Z,web-flow,User,,human_account,,no,,,b8089ccab54e05cdf8ae5ca06aba4cc3edf7db2c,AiKiAi-stack,web-flow,2026-08-30T17:15:30.789676+00:00
7,vllm-project/vllm,pull_request,50982,pull_commit,committed,01c9f0cad0dd08e50095b52ed0fcede3cc6a809d,2026-08-05T04:13:19Z,web-flow,User,,human_account,,no,,,01c9f0cad0dd08e50095b52ed0fcede3cc6a809d,AiKiAi-stack,web-flow,2026-08-30T17:15:30.789676+00:00
7,vllm-project/vllm,pull_request,50022,pull_commit,committed,05c9763506e947c4f830ccd9dc81565fcae58e5c,2026-07-27T17:28:53Z,thegoldenflow,User,,human_account,,no,,,05c9763506e947c4f830ccd9dc81565fcae58e5c,thegoldenflow,thegoldenflow,2026-08-30T17:15:31.306974+00:00
7,vllm-project/vllm,pull_request,50022,pull_commit,committed,d4dd5cb8e8a52fa654c1bc0aebfb6f4ba3246b12,2026-07-28T18:02:27Z,thegoldenflow,User,,human_account,,no,,,d4dd5cb8e8a52fa654c1bc0aebfb6f4ba3246b12,thegoldenflow,thegoldenflow,2026-08-30T17:15:31.306974+00:00
7,vllm-project/vllm,pull_request,51508,pull_commit,committed,02d710837549a368073552333f66d714477415d2,2026-08-08T17:18:51Z,maxpla3,User,,human_account,,no,,,02d710837549a368073552333f66d714477415d2,maxpla3,maxpla3,2026-08-30T17:15:31.791152+00:00
7,vllm-project/vllm,pull_request,51508,pull_commit,committed,cc5b3834dd96fca1649938f3779f5eb90024ae20,2026-08-08T18:22:38Z,maxpla3,User,,human_account,,no,,,cc5b3834dd96fca1649938f3779f5eb90024ae20,maxpla3,maxpla3,2026-08-30T17:15:31.791152+00:00
7,vllm-project/vllm,pull_request,51508,pull_commit,committed,9a4c57918ccd13746d6cdbaacf2f957064f5932a,2026-08-09T21:20:47Z,web-flow,User,,human_account,,no,,,9a4c57918ccd13746d6cdbaacf2f957064f5932a,maxpla3,web-flow,2026-08-30T17:15:31.791152+00:00
7,vllm-project/vllm,pull_request,51508,pull_commit,committed,328d95e3035428e0cda61e86aef00d50ded23f18,2026-08-17T09:37:13Z,web-flow,User,,human_account,,no,,,328d95e3035428e0cda61e86aef00d50ded23f18,maxpla3,web-flow,2026-08-30T17:15:31.791152+00:00
7,vllm-project/vllm,pull_request,46978,pull_commit,committed,c1f693dd9ef2c0a4f9102be73b6bd46073fa82e5,2026-06-29T00:37:43Z,AndreasKaratzas,User,,human_account,,no,,,c1f693dd9ef2c0a4f9102be73b6bd46073fa82e5,AndreasKaratzas,AndreasKaratzas,2026-08-30T17:15:32.310291+00:00
7,vllm-project/vllm,pull_request,46978,pull_commit,committed,c2849dd1a4180f483db67d2eeecefd572753fdf9,2026-06-29T00:52:07Z,AndreasKaratzas,User,,human_account,,no,,,c2849dd1a4180f483db67d2eeecefd572753fdf9,AndreasKaratzas,AndreasKaratzas,2026-08-30T17:15:32.310291+00:00
7,vllm-project/vllm,pull_request,46978,pull_commit,committed,cb6a179ceaee6774cfa91de29415e968c9e9248a,2026-06-29T02:09:33Z,AndreasKaratzas,User,,human_account,,no,,,cb6a179ceaee6774cfa91de29415e968c9e9248a,AndreasKaratzas,AndreasKaratzas,2026-08-30T17:15:32.310291+00:00
7,vllm-project/vllm,pull_request,46978,pull_commit,committed,4120e504cdec6875d23758957d2f7984ecddb729,2026-06-29T02:10:01Z,AndreasKaratzas,User,,human_account,,no,,,4120e504cdec6875d23758957d2f7984ecddb729,AndreasKaratzas,AndreasKaratzas,2026-08-30T17:15:32.310291+00:00
7,vllm-project/vllm,pull_request,46978,pull_commit,committed,d87998ed46feb1d014193d5bbb30dc69bd229a3b,2026-06-29T03:54:06Z,AndreasKaratzas,User,,human_account,,no,,,d87998ed46feb1d014193d5bbb30dc69bd229a3b,AndreasKaratzas,AndreasKaratzas,2026-08-30T17:15:32.310291+00:00
7,vllm-project/vllm,pull_request,46978,pull_commit,committed,1e7538b9ba498b71ba71b52ba80f528ed07d6025,2026-06-29T06:40:51Z,AndreasKaratzas,User,,human_account,,no,,,1e7538b9ba498b71ba71b52ba80f528ed07d6025,AndreasKaratzas,AndreasKaratzas,2026-08-30T17:15:32.310291+00:00
7,vllm-project/vllm,pull_request,46978,pull_commit,committed,8e29a6a8e5b899a4aacb1a9ed4e1d152343dabda,2026-06-29T16:27:03Z,AndreasKaratzas,User,,human_account,,no,,,8e29a6a8e5b899a4aacb1a9ed4e1d152343dabda,AndreasKaratzas,AndreasKaratzas,2026-08-30T17:15:32.310291+00:00
7,vllm-project/vllm,pull_request,46978,pull_commit,committed,d36f37dee38d665867f8e4f17642206a3268ee1e,2026-06-30T16:41:11Z,AndreasKaratzas,User,,human_account,,no,,,d36f37dee38d665867f8e4f17642206a3268ee1e,AndreasKaratzas,AndreasKaratzas,2026-08-30T17:15:32.310291+00:00
7,vllm-project/vllm,pull_request,46978,pull_commit,committed,251cbb5b176ffd035bea5a41f088e49351947b05,2026-06-30T16:46:00Z,AndreasKaratzas,User,,human_account,,no,,,251cbb5b176ffd035bea5a41f088e49351947b05,AndreasKaratzas,AndreasKaratzas,2026-08-30T17:15:32.310291+00:00
7,vllm-project/vllm,pull_request,44172,pull_commit,committed,70431403846a22fd02d70b5e980deae3b5865837,2026-06-01T10:37:46Z,Jraaay,User,,human_account,,no,,,70431403846a22fd02d70b5e980deae3b5865837,Jraaay,Jraaay,2026-08-30T17:15:32.882193+00:00
7,vllm-project/vllm,pull_request,44574,pull_commit,committed,1627410f3f098156af9d9b90787b42dd6df1dc27,2026-06-05T20:47:55Z,mikekg,User,,human_account,,no,,,1627410f3f098156af9d9b90787b42dd6df1dc27,mikekg,mikekg,2026-08-30T17:15:33.367931+00:00
7,vllm-project/vllm,pull_request,52927,pull_commit,committed,ac44dcc989354892d54dc913fc6f45ce3860ff20,2026-08-19T09:55:18Z,zhang-keliang,User,,human_account,,no,,,ac44dcc989354892d54dc913fc6f45ce3860ff20,zhang-keliang,zhang-keliang,2026-08-30T17:15:33.936253+00:00
7,vllm-project/vllm,pull_request,52927,pull_commit,committed,28244390dc6cec53b4aaa7293d2bb556131ac7a7,2026-08-19T11:42:44Z,zhang-keliang,User,,human_account,,no,,,28244390dc6cec53b4aaa7293d2bb556131ac7a7,zhang-keliang,zhang-keliang,2026-08-30T17:15:33.936253+00:00
7,vllm-project/vllm,pull_request,43437,pull_commit,committed,c874c8909d4c064bdc75e27c2998302655ebc160,2026-05-22T15:04:23Z,,,,unknown,,no,,,c874c8909d4c064bdc75e27c2998302655ebc160,,,2026-08-30T17:15:34.468495+00:00
7,vllm-project/vllm,pull_request,43437,pull_commit,committed,47538bfc0ae978accdde4a2c75b63139843a5c8c,2026-05-22T16:27:16Z,web-flow,User,,human_account,,no,,,47538bfc0ae978accdde4a2c75b63139843a5c8c,mergify[bot],web-flow,2026-08-30T17:15:34.468495+00:00
7,vllm-project/vllm,pull_request,53012,pull_commit,committed,8f5c26220d935b1ef7be272b3b5be56d24ba6f91,2026-08-19T22:58:38Z,khluu,User,,human_account,,no,,,8f5c26220d935b1ef7be272b3b5be56d24ba6f91,khluu,khluu,2026-08-30T17:15:34.972285+00:00
7,vllm-project/vllm,pull_request,51855,pull_commit,committed,80c666d950f4e7cff1c03f1e13dbee73f0d6b661,2026-08-12T06:13:34Z,ZJY0516,User,,human_account,,no,,,80c666d950f4e7cff1c03f1e13dbee73f0d6b661,ZJY0516,ZJY0516,2026-08-30T17:15:35.505550+00:00
7,vllm-project/vllm,pull_request,51855,pull_commit,committed,9424df9989f53b166d038da2f64df60550362df5,2026-08-12T06:56:17Z,ZJY0516,User,,human_account,,no,,,9424df9989f53b166d038da2f64df60550362df5,ZJY0516,ZJY0516,2026-08-30T17:15:35.505550+00:00
7,vllm-project/vllm,pull_request,51855,pull_commit,committed,2c78a5b7879cdee23abf4ea656eda66e2cdb2a62,2026-08-12T10:42:33Z,ZJY0516,User,,human_account,,no,,,2c78a5b7879cdee23abf4ea656eda66e2cdb2a62,ZJY0516,ZJY0516,2026-08-30T17:15:35.505550+00:00
7,vllm-project/vllm,pull_request,51855,pull_commit,committed,8e581c5a780c011694a94d6c6f815f2314635762,2026-08-12T12:21:56Z,ZJY0516,User,,human_account,,no,,,8e581c5a780c011694a94d6c6f815f2314635762,ZJY0516,ZJY0516,2026-08-30T17:15:35.505550+00:00
7,vllm-project/vllm,pull_request,51855,pull_commit,committed,af6ea81ea5c627d30ba7080d26632c92398c8ba8,2026-08-12T14:12:37Z,ZJY0516,User,,human_account,,no,,,af6ea81ea5c627d30ba7080d26632c92398c8ba8,ZJY0516,ZJY0516,2026-08-30T17:15:35.505550+00:00
7,vllm-project/vllm,pull_request,51855,pull_commit,committed,cabd15f1cb2e17a89be35bbaf43bfeb8eba248a6,2026-08-14T07:03:52Z,ZJY0516,User,,human_account,,no,,,cabd15f1cb2e17a89be35bbaf43bfeb8eba248a6,ZJY0516,ZJY0516,2026-08-30T17:15:35.505550+00:00
7,vllm-project/vllm,pull_request,51855,pull_commit,committed,2b9574dcb17c27cd023e0eb40afd75205caa10cb,2026-08-14T16:18:02Z,ZJY0516,User,,human_account,,no,,,2b9574dcb17c27cd023e0eb40afd75205caa10cb,ZJY0516,ZJY0516,2026-08-30T17:15:35.505550+00:00
7,vllm-project/vllm,pull_request,51855,pull_commit,committed,72d96e8a5eb3884432553396c39de0266bf5db30,2026-08-14T21:34:45Z,benchislett,User,,human_account,,no,,,72d96e8a5eb3884432553396c39de0266bf5db30,benchislett,benchislett,2026-08-30T17:15:35.505550+00:00
7,vllm-project/vllm,pull_request,51855,pull_commit,committed,eb6705c796b9a9f5324ef4a9a676d69416fced2f,2026-08-14T21:51:17Z,benchislett,User,,human_account,,no,,,eb6705c796b9a9f5324ef4a9a676d69416fced2f,benchislett,benchislett,2026-08-30T17:15:35.505550+00:00
7,vllm-project/vllm,pull_request,51855,pull_commit,committed,610949515cd299fea702fafd6ad039194d68f443,2026-08-14T22:42:10Z,benchislett,User,,human_account,,no,,,610949515cd299fea702fafd6ad039194d68f443,benchislett,benchislett,2026-08-30T17:15:35.505550+00:00
7,vllm-project/vllm,pull_request,51855,pull_commit,committed,1c69a8d109f66a707b049b0a56ad6a4c2a5ca31d,2026-08-15T00:55:31Z,benchislett,User,,human_account,,no,,,1c69a8d109f66a707b049b0a56ad6a4c2a5ca31d,benchislett,benchislett,2026-08-30T17:15:35.505550+00:00
7,vllm-project/vllm,pull_request,51855,pull_commit,committed,58f441a6a68895998b036615ed1be457c614d7ad,2026-08-15T01:07:48Z,benchislett,User,,human_account,,no,,,58f441a6a68895998b036615ed1be457c614d7ad,benchislett,benchislett,2026-08-30T17:15:35.505550+00:00
7,vllm-project/vllm,pull_request,51855,pull_commit,committed,19115f4a68f11503690a439be8c6bf3a261abedd,2026-08-15T15:01:45Z,ZJY0516,User,,human_account,,no,,,19115f4a68f11503690a439be8c6bf3a261abedd,ZJY0516,ZJY0516,2026-08-30T17:15:35.505550+00:00
7,vllm-project/vllm,pull_request,51855,pull_commit,committed,51fc7b4535d09958dc987ad49e1f72dd589afa2e,2026-08-17T03:53:48Z,web-flow,User,,human_account,,no,,,51fc7b4535d09958dc987ad49e1f72dd589afa2e,mergify[bot],web-flow,2026-08-30T17:15:35.505550+00:00
7,vllm-project/vllm,pull_request,51855,pull_commit,committed,9c2cd648b49246c4fc58832e82c614f67e5e3fe2,2026-08-17T07:15:26Z,ZJY0516,User,,human_account,,no,,,9c2cd648b49246c4fc58832e82c614f67e5e3fe2,ZJY0516,ZJY0516,2026-08-30T17:15:35.505550+00:00
7,vllm-project/vllm,pull_request,45950,pull_commit,committed,ac9485b48464fff785e36e4e2750b9ee03b19c34,2026-06-17T16:39:17Z,tahsintunan,User,,human_account,,no,,,ac9485b48464fff785e36e4e2750b9ee03b19c34,tahsintunan,tahsintunan,2026-08-30T17:15:36.068895+00:00
7,vllm-project/vllm,pull_request,45950,pull_commit,committed,fe4e81ecc4f78a1e00b4ec2bafff0710d67280a3,2026-06-17T16:44:11Z,tahsintunan,User,,human_account,,no,,,fe4e81ecc4f78a1e00b4ec2bafff0710d67280a3,tahsintunan,tahsintunan,2026-08-30T17:15:36.068895+00:00
7,vllm-project/vllm,pull_request,45950,pull_commit,committed,2f27fc00ffe00e255b5bbf8b88f5e101768a7db6,2026-06-18T09:54:24Z,web-flow,User,,human_account,,no,,,2f27fc00ffe00e255b5bbf8b88f5e101768a7db6,tahsintunan,web-flow,2026-08-30T17:15:36.068895+00:00
7,vllm-project/vllm,pull_request,53331,pull_commit,committed,8e6d8e4f6a0c84db0d79129ab648492edf640fe2,2026-08-14T06:00:17Z,web-flow,User,,human_account,,no,,,8e6d8e4f6a0c84db0d79129ab648492edf640fe2,jikunshang,web-flow,2026-08-30T17:15:36.664948+00:00
7,vllm-project/vllm,pull_request,53331,pull_commit,committed,bda4c3e8eefe5442897f07f9c0c2d1cae833ca2f,2026-08-14T08:19:21Z,web-flow,User,,human_account,,no,,,bda4c3e8eefe5442897f07f9c0c2d1cae833ca2f,ccaadaro,web-flow,2026-08-30T17:15:36.664948+00:00
7,vllm-project/vllm,pull_request,53331,pull_commit,committed,d4c24e6f5d1864bc81ad0769097e00b9042178ca,2026-08-14T08:23:51Z,web-flow,User,,human_account,,no,,,d4c24e6f5d1864bc81ad0769097e00b9042178ca,LucasWilkinson,web-flow,2026-08-30T17:15:36.664948+00:00
7,vllm-project/vllm,pull_request,53331,pull_commit,committed,3c8676aebbd54ccf5d666b9c493d28badd3f970f,2026-08-14T09:00:23Z,web-flow,User,,human_account,,no,,,3c8676aebbd54ccf5d666b9c493d28badd3f970f,yisustc,web-flow,2026-08-30T17:15:36.664948+00:00
7,vllm-project/vllm,pull_request,53331,pull_commit,committed,624999aae5315b3d1d9a36b3bab1629f39456de9,2026-08-14T09:01:37Z,web-flow,User,,human_account,,no,,,624999aae5315b3d1d9a36b3bab1629f39456de9,jikunshang,web-flow,2026-08-30T17:15:36.664948+00:00
7,vllm-project/vllm,pull_request,53331,pull_commit,committed,103c419f048474d757c752524abb1e155dd01b9a,2026-08-14T09:15:59Z,web-flow,User,,human_account,,no,,,103c419f048474d757c752524abb1e155dd01b9a,fangchenli,web-flow,2026-08-30T17:15:36.664948+00:00
7,vllm-project/vllm,pull_request,53331,pull_commit,committed,b8165e5e58ee25a9f5183e692b6259d37c3873ad,2026-08-14T09:27:24Z,web-flow,User,,human_account,,no,,,b8165e5e58ee25a9f5183e692b6259d37c3873ad,noooop,web-flow,2026-08-30T17:15:36.664948+00:00
7,vllm-project/vllm,pull_request,53331,pull_commit,committed,66728feb1fbe0c6d32dcce2d4ce6e827712118c8,2026-08-14T09:33:21Z,web-flow,User,,human_account,,no,,,66728feb1fbe0c6d32dcce2d4ce6e827712118c8,Isotr0py,web-flow,2026-08-30T17:15:36.664948+00:00
7,vllm-project/vllm,pull_request,53331,pull_commit,committed,20405bfb15546bb988f425a3c95fef9ac59104c7,2026-08-14T09:46:46Z,web-flow,User,,human_account,,no,,,20405bfb15546bb988f425a3c95fef9ac59104c7,bastefaniak,web-flow,2026-08-30T17:15:36.664948+00:00
7,vllm-project/vllm,pull_request,53331,pull_commit,committed,69e0e58da107a9d0aa48a50094d6f16a0984a090,2026-08-14T09:47:30Z,web-flow,User,,human_account,,no,,,69e0e58da107a9d0aa48a50094d6f16a0984a090,jeejeelee,web-flow,2026-08-30T17:15:36.664948+00:00
7,vllm-project/vllm,pull_request,53331,pull_commit,committed,aa3100357322995b201d5348c5490596a7bd70a9,2026-08-14T09:47:42Z,web-flow,User,,human_account,,no,,,aa3100357322995b201d5348c5490596a7bd70a9,iwannagotobed,web-flow,2026-08-30T17:15:36.664948+00:00
7,vllm-project/vllm,pull_request,53331,pull_commit,committed,63a9a5010a6d1539c52957646ef9d6bbcf7a4deb,2026-08-14T10:09:51Z,web-flow,User,,human_account,,no,,,63a9a5010a6d1539c52957646ef9d6bbcf7a4deb,zobinHuang,web-flow,2026-08-30T17:15:36.664948+00:00
7,vllm-project/vllm,pull_request,53331,pull_commit,committed,57bd0ed441095b5c546707cabe25d3fa08b7f161,2026-08-14T13:47:55Z,web-flow,User,,human_account,,no,,,57bd0ed441095b5c546707cabe25d3fa08b7f161,LucasWilkinson,web-flow,2026-08-30T17:15:36.664948+00:00
7,vllm-project/vllm,pull_request,53331,pull_commit,committed,1f7427bc0ad31fdad1b0933c77ea5acae15da2e0,2026-08-14T13:49:47Z,web-flow,User,,human_account,,no,,,1f7427bc0ad31fdad1b0933c77ea5acae15da2e0,mayuyuace,web-flow,2026-08-30T17:15:36.664948+00:00
7,vllm-project/vllm,pull_request,53331,pull_commit,committed,cdc4824a21eaa986d4d1fee90a7e6465c9f706e6,2026-08-14T15:15:43Z,web-flow,User,,human_account,,no,,,cdc4824a21eaa986d4d1fee90a7e6465c9f706e6,wangxiyuan,web-flow,2026-08-30T17:15:36.664948+00:00
7,vllm-project/vllm,pull_request,53331,pull_commit,committed,03a8d0b1ede68efc20b8bbfc14ee4681a62f8d75,2026-08-14T16:03:42Z,web-flow,User,,human_account,,no,,,03a8d0b1ede68efc20b8bbfc14ee4681a62f8d75,rchalamala,web-flow,2026-08-30T17:15:36.664948+00:00
7,vllm-project/vllm,pull_request,53331,pull_commit,committed,e078a2238a1e4b53d49a7cc15e09716ed61abf3b,2026-08-14T16:27:24Z,web-flow,User,,human_account,,no,,,e078a2238a1e4b53d49a7cc15e09716ed61abf3b,shanjiaz,web-flow,2026-08-30T17:15:36.664948+00:00
7,vllm-project/vllm,pull_request,53331,pull_commit,committed,83ded8d839f60d97f5b020b598001cd9081150f6,2026-08-14T17:08:41Z,web-flow,User,,human_account,,no,,,83ded8d839f60d97f5b020b598001cd9081150f6,stefankoncarevic,web-flow,2026-08-30T17:15:36.664948+00:00
7,vllm-project/vllm,pull_request,53331,pull_commit,committed,9b0ab5dd53583ee25066b8d937e8bd3235daa6e2,2026-08-14T17:38:14Z,web-flow,User,,human_account,,no,,,9b0ab5dd53583ee25066b8d937e8bd3235daa6e2,jamesETsmith,web-flow,2026-08-30T17:15:36.664948+00:00
7,vllm-project/vllm,pull_request,53331,pull_commit,committed,3e3ceb1961d44252ff4a4f8e22364186d70c54f7,2026-08-14T17:40:14Z,web-flow,User,,human_account,,no,,,3e3ceb1961d44252ff4a4f8e22364186d70c54f7,njhill,web-flow,2026-08-30T17:15:36.664948+00:00
7,vllm-project/vllm,pull_request,53331,pull_commit,committed,f473870ecf7a5a83958dbc116468663224f45b05,2026-08-14T18:32:39Z,web-flow,User,,human_account,,no,,,f473870ecf7a5a83958dbc116468663224f45b05,connorcarpenter15,web-flow,2026-08-30T17:15:36.664948+00:00
7,vllm-project/vllm,pull_request,53331,pull_commit,committed,c794754062d49a8fdb63ab3c5215b488b865030c,2026-08-14T18:38:04Z,web-flow,User,,human_account,,no,,,c794754062d49a8fdb63ab3c5215b488b865030c,stacyroberts,web-flow,2026-08-30T17:15:36.664948+00:00
7,vllm-project/vllm,pull_request,53331,pull_commit,committed,925ea7e60f727bbb3fe3fcdb1c02b01a5bfb2749,2026-08-14T20:01:24Z,web-flow,User,,human_account,,no,,,925ea7e60f727bbb3fe3fcdb1c02b01a5bfb2749,guanxingithub,web-flow,2026-08-30T17:15:36.664948+00:00
7,vllm-project/vllm,pull_request,53331,pull_commit,committed,d87ef456abe54565cef476637df5e585bfddfb37,2026-08-14T22:11:32Z,web-flow,User,,human_account,,no,,,d87ef456abe54565cef476637df5e585bfddfb37,khluu,web-flow,2026-08-30T17:15:36.664948+00:00
7,vllm-project/vllm,pull_request,53331,pull_commit,committed,549cef0b0b2c8924d302686c613cb4c39fc24dcd,2026-08-14T22:11:41Z,web-flow,User,,human_account,,no,,,549cef0b0b2c8924d302686c613cb4c39fc24dcd,khluu,web-flow,2026-08-30T17:15:36.664948+00:00
7,vllm-project/vllm,pull_request,53331,pull_commit,committed,694db075f8af1ccb026720782bc0e2400a3f5c61,2026-08-14T22:11:48Z,web-flow,User,,human_account,,no,,,694db075f8af1ccb026720782bc0e2400a3f5c61,khluu,web-flow,2026-08-30T17:15:36.664948+00:00
7,vllm-project/vllm,pull_request,53331,pull_commit,committed,81e81dac1f3654564c3c48000edce1cdbe248ab9,2026-08-14T22:11:55Z,web-flow,User,,human_account,,no,,,81e81dac1f3654564c3c48000edce1cdbe248ab9,khluu,web-flow,2026-08-30T17:15:36.664948+00:00
7,vllm-project/vllm,pull_request,53331,pull_commit,committed,bb4b448f9896cf3f5607bd5ed4b35b29cd866a6b,2026-08-14T22:12:02Z,web-flow,User,,human_account,,no,,,bb4b448f9896cf3f5607bd5ed4b35b29cd866a6b,khluu,web-flow,2026-08-30T17:15:36.664948+00:00
7,vllm-project/vllm,pull_request,53331,pull_commit,committed,9df9b0b0a1816b6d0d0f6ecd0da563cc37fd72f5,2026-08-14T23:50:23Z,web-flow,User,,human_account,,no,,,9df9b0b0a1816b6d0d0f6ecd0da563cc37fd72f5,Rohan138,web-flow,2026-08-30T17:15:36.664948+00:00
7,vllm-project/vllm,pull_request,53331,pull_commit,committed,d6f17f3d530efbd83a730d3d73e9f483726dfde1,2026-08-14T23:54:50Z,web-flow,User,,human_account,,no,,,d6f17f3d530efbd83a730d3d73e9f483726dfde1,njhill,web-flow,2026-08-30T17:15:36.664948+00:00
7,vllm-project/vllm,pull_request,53331,pull_commit,committed,7b544ecb524b6a5847465b671db2df9b8560ad93,2026-08-15T00:07:07Z,web-flow,User,,human_account,,no,,,7b544ecb524b6a5847465b671db2df9b8560ad93,zhou9402,web-flow,2026-08-30T17:15:36.664948+00:00
7,vllm-project/vllm,pull_request,53331,pull_commit,committed,615d4cfadeb3d5ea1df248eb59aa128af5dbd441,2026-08-15T00:42:05Z,web-flow,User,,human_account,,no,,,615d4cfadeb3d5ea1df248eb59aa128af5dbd441,njhill,web-flow,2026-08-30T17:15:36.664948+00:00
7,vllm-project/vllm,pull_request,53331,pull_commit,committed,acb0f1dcdb668d90bbbf50e57552d2f6f0987c87,2026-08-15T01:32:59Z,web-flow,User,,human_account,,no,,,acb0f1dcdb668d90bbbf50e57552d2f6f0987c87,zyongye,web-flow,2026-08-30T17:15:36.664948+00:00
7,vllm-project/vllm,pull_request,53331,pull_commit,committed,44fc57d7b72eafaaefdcb0983451e08648be4d49,2026-08-15T06:30:56Z,web-flow,User,,human_account,,no,,,44fc57d7b72eafaaefdcb0983451e08648be4d49,AndreasKaratzas,web-flow,2026-08-30T17:15:36.664948+00:00
7,vllm-project/vllm,pull_request,53331,pull_commit,committed,42156466db66f6d54cbea6075af82304cdfdaa6a,2026-08-15T08:54:58Z,web-flow,User,,human_account,,no,,,42156466db66f6d54cbea6075af82304cdfdaa6a,biswapanda,web-flow,2026-08-30T17:15:36.664948+00:00
7,vllm-project/vllm,pull_request,53331,pull_commit,committed,5cecfc01375052698823fc401e31518fb32a981e,2026-08-15T09:40:24Z,web-flow,User,,human_account,,no,,,5cecfc01375052698823fc401e31518fb32a981e,DarkLight1337,web-flow,2026-08-30T17:15:36.664948+00:00
7,vllm-project/vllm,pull_request,53331,pull_commit,committed,ac2ae8798c7ef59c1924d5c0447a4279fa645770,2026-08-15T13:51:14Z,web-flow,User,,human_account,,no,,,ac2ae8798c7ef59c1924d5c0447a4279fa645770,chaunceyjiang,web-flow,2026-08-30T17:15:36.664948+00:00
7,vllm-project/vllm,pull_request,53331,pull_commit,committed,97388c44f9c608f83318e0c9540a536cd7de3e0d,2026-08-15T14:01:32Z,web-flow,User,,human_account,,no,,,97388c44f9c608f83318e0c9540a536cd7de3e0d,lucifer1004,web-flow,2026-08-30T17:15:36.664948+00:00
7,vllm-project/vllm,pull_request,53331,pull_commit,committed,d4801990a45792c7081652f8ebea4ee56ceb67f9,2026-08-15T14:01:52Z,web-flow,User,,human_account,,no,,,d4801990a45792c7081652f8ebea4ee56ceb67f9,shanewidanagama,web-flow,2026-08-30T17:15:36.664948+00:00
7,vllm-project/vllm,pull_request,53331,pull_commit,committed,ed0f4750f8766c2cc3984be4f1ba073a6915d4ed,2026-08-15T18:59:22Z,web-flow,User,,human_account,,no,,,ed0f4750f8766c2cc3984be4f1ba073a6915d4ed,UranusSeven,web-flow,2026-08-30T17:15:36.664948+00:00
7,vllm-project/vllm,pull_request,53331,pull_commit,committed,c94cdd0ae03865c00b694ca6f13b2d2bc4360fcd,2026-08-15T21:13:02Z,web-flow,User,,human_account,,no,,,c94cdd0ae03865c00b694ca6f13b2d2bc4360fcd,hsusul,web-flow,2026-08-30T17:15:36.664948+00:00
7,vllm-project/vllm,pull_request,53331,pull_commit,committed,fa9d67f7828e9bc105912ddf41dc384105732b1e,2026-08-15T22:40:38Z,web-flow,User,,human_account,,no,,,fa9d67f7828e9bc105912ddf41dc384105732b1e,omerpaz95,web-flow,2026-08-30T17:15:36.664948+00:00
7,vllm-project/vllm,pull_request,53331,pull_commit,committed,edd4c8176cfd98ece8a29beda574378c42971967,2026-08-16T01:39:23Z,web-flow,User,,human_account,,no,,,edd4c8176cfd98ece8a29beda574378c42971967,tobymao,web-flow,2026-08-30T17:15:36.664948+00:00
7,vllm-project/vllm,pull_request,53331,pull_commit,committed,6593754e61a45b27a93e40fa0479568945d38661,2026-08-16T04:03:53Z,web-flow,User,,human_account,,no,,,6593754e61a45b27a93e40fa0479568945d38661,mispa-ms,web-flow,2026-08-30T17:15:36.664948+00:00
7,vllm-project/vllm,pull_request,53331,pull_commit,committed,8efa13b700f1836657699cae2503dc2feab27fa0,2026-08-16T04:04:08Z,web-flow,User,,human_account,,no,,,8efa13b700f1836657699cae2503dc2feab27fa0,njhill,web-flow,2026-08-30T17:15:36.664948+00:00
7,vllm-project/vllm,pull_request,53331,pull_commit,committed,41f12a0daf193c80f2e748f6a65f0735623be3a5,2026-08-16T08:04:51Z,web-flow,User,,human_account,,no,,,41f12a0daf193c80f2e748f6a65f0735623be3a5,jeffreywang88,web-flow,2026-08-30T17:15:36.664948+00:00
7,vllm-project/vllm,pull_request,53331,pull_commit,committed,70aaec832bde70ada17cbad2061105bbd07541dc,2026-08-16T08:05:17Z,web-flow,User,,human_account,,no,,,70aaec832bde70ada17cbad2061105bbd07541dc,SayHelloToWorld,web-flow,2026-08-30T17:15:36.664948+00:00
7,vllm-project/vllm,pull_request,53331,pull_commit,committed,1b079c40ff9d2598d837f4ed1fc08342fca4fd6e,2026-08-16T09:02:20Z,web-flow,User,,human_account,,no,,,1b079c40ff9d2598d837f4ed1fc08342fca4fd6e,jyan-R,web-flow,2026-08-30T17:15:36.664948+00:00
7,vllm-project/vllm,pull_request,53331,pull_commit,committed,84530eb235dc3d866fa7d4588217f2fb53f43e76,2026-08-16T09:17:04Z,web-flow,User,,human_account,,no,,,84530eb235dc3d866fa7d4588217f2fb53f43e76,chaunceyjiang,web-flow,2026-08-30T17:15:36.664948+00:00
7,vllm-project/vllm,pull_request,53331,pull_commit,committed,4d2a68d64d9e05921ed5c4099146e768a92d71d5,2026-08-16T11:09:23Z,web-flow,User,,human_account,,no,,,4d2a68d64d9e05921ed5c4099146e768a92d71d5,oops-oom,web-flow,2026-08-30T17:15:36.664948+00:00
7,vllm-project/vllm,pull_request,53331,pull_commit,committed,836aac92ffdaa337083934181cb6d00b64b2a1a6,2026-08-16T13:15:47Z,web-flow,User,,human_account,,no,,,836aac92ffdaa337083934181cb6d00b64b2a1a6,chaunceyjiang,web-flow,2026-08-30T17:15:36.664948+00:00
7,vllm-project/vllm,pull_request,53331,pull_commit,committed,fe1c317157d4478fdc0e02096447e61305b871e9,2026-08-16T13:21:31Z,web-flow,User,,human_account,,no,,,fe1c317157d4478fdc0e02096447e61305b871e9,shantipriya-amd,web-flow,2026-08-30T17:15:36.664948+00:00
7,vllm-project/vllm,pull_request,53331,pull_commit,committed,9409f59e0963a033a87a6847d6cafef54a64a79c,2026-08-16T15:15:14Z,web-flow,User,,human_account,,no,,,9409f59e0963a033a87a6847d6cafef54a64a79c,andakai,web-flow,2026-08-30T17:15:36.664948+00:00
7,vllm-project/vllm,pull_request,53331,pull_commit,committed,83f591d7f694a3ca3ae3bf22d646e818a1421872,2026-08-16T15:24:14Z,web-flow,User,,human_account,,no,,,83f591d7f694a3ca3ae3bf22d646e818a1421872,chaunceyjiang,web-flow,2026-08-30T17:15:36.664948+00:00
7,vllm-project/vllm,pull_request,53331,pull_commit,committed,6914d60b1e1a2594f0066fe81e3684574413fbe7,2026-08-16T16:50:31Z,web-flow,User,,human_account,,no,,,6914d60b1e1a2594f0066fe81e3684574413fbe7,akii96,web-flow,2026-08-30T17:15:36.664948+00:00
7,vllm-project/vllm,pull_request,53331,pull_commit,committed,7d7b6f26f4120b5db10d0a697a878ad605f09579,2026-08-16T17:10:16Z,web-flow,User,,human_account,,no,,,7d7b6f26f4120b5db10d0a697a878ad605f09579,yewentao256,web-flow,2026-08-30T17:15:36.664948+00:00
7,vllm-project/vllm,pull_request,53331,pull_commit,committed,1f0e0bf61210346a6bef4ad75172e62554d1b86c,2026-08-16T17:13:02Z,web-flow,User,,human_account,,no,,,1f0e0bf61210346a6bef4ad75172e62554d1b86c,taneem-ibrahim,web-flow,2026-08-30T17:15:36.664948+00:00
7,vllm-project/vllm,pull_request,53331,pull_commit,committed,ef43e3101b8fda8cd2b52de150c76b4fc177fad2,2026-08-16T19:16:46Z,web-flow,User,,human_account,,no,,,ef43e3101b8fda8cd2b52de150c76b4fc177fad2,Fangzhou-Ai,web-flow,2026-08-30T17:15:36.664948+00:00
7,vllm-project/vllm,pull_request,53331,pull_commit,committed,fdab2b10bcac00a16c406f8b17a75a1c3f729e59,2026-08-16T19:25:49Z,web-flow,User,,human_account,,no,,,fdab2b10bcac00a16c406f8b17a75a1c3f729e59,taneem-ibrahim,web-flow,2026-08-30T17:15:36.664948+00:00
7,vllm-project/vllm,pull_request,53331,pull_commit,committed,6b0b850a8b1764a66d7ffbb023c0b0e0bbdb900b,2026-08-16T20:16:51Z,web-flow,User,,human_account,,no,,,6b0b850a8b1764a66d7ffbb023c0b0e0bbdb900b,taneem-ibrahim,web-flow,2026-08-30T17:15:36.664948+00:00
7,vllm-project/vllm,pull_request,53331,pull_commit,committed,e3c1cb54fcafe796bc2a0354bb0962edbb4abbb8,2026-08-16T22:17:25Z,web-flow,User,,human_account,,no,,,e3c1cb54fcafe796bc2a0354bb0962edbb4abbb8,Isotr0py,web-flow,2026-08-30T17:15:36.664948+00:00
7,vllm-project/vllm,pull_request,53331,pull_commit,committed,eee538d5daa0c8c969f20d0c48c972155a6f1859,2026-08-16T22:21:55Z,web-flow,User,,human_account,,no,,,eee538d5daa0c8c969f20d0c48c972155a6f1859,gty111,web-flow,2026-08-30T17:15:36.664948+00:00
7,vllm-project/vllm,pull_request,53331,pull_commit,committed,dc9ae4b8ac2331991ad7091812ef82ece4f8fdc2,2026-08-16T23:09:46Z,web-flow,User,,human_account,,no,,,dc9ae4b8ac2331991ad7091812ef82ece4f8fdc2,chengy-sysu,web-flow,2026-08-30T17:15:36.664948+00:00
7,vllm-project/vllm,pull_request,53331,pull_commit,committed,a18c9b56ff9feb617d8f7c2eeca9263b328cc9c1,2026-08-17T01:04:38Z,web-flow,User,,human_account,,no,,,a18c9b56ff9feb617d8f7c2eeca9263b328cc9c1,BabyDrangoner,web-flow,2026-08-30T17:15:36.664948+00:00
7,vllm-project/vllm,pull_request,53331,pull_commit,committed,0ad04cff1b10267a2642becbf31f62c91018cad5,2026-08-17T01:52:02Z,web-flow,User,,human_account,,no,,,0ad04cff1b10267a2642becbf31f62c91018cad5,shen-shanshan,web-flow,2026-08-30T17:15:36.664948+00:00
7,vllm-project/vllm,pull_request,53331,pull_commit,committed,967e104fad12758e1fc4f16b7f9fdebfc3b6b1bb,2026-08-17T02:20:04Z,web-flow,User,,human_account,,no,,,967e104fad12758e1fc4f16b7f9fdebfc3b6b1bb,zyongye,web-flow,2026-08-30T17:15:36.664948+00:00
7,vllm-project/vllm,pull_request,53331,pull_commit,committed,a6a2a93f9b9f3b2c155b50c8c6f2badf41cbfd66,2026-08-17T02:27:59Z,web-flow,User,,human_account,,no,,,a6a2a93f9b9f3b2c155b50c8c6f2badf41cbfd66,Kaif10,web-flow,2026-08-30T17:15:36.664948+00:00
7,vllm-project/vllm,pull_request,53331,pull_commit,committed,502af5ed007da93c2a7747b31d0dc0e6110e17a3,2026-08-17T02:32:23Z,web-flow,User,,human_account,,no,,,502af5ed007da93c2a7747b31d0dc0e6110e17a3,yitingdc,web-flow,2026-08-30T17:15:36.664948+00:00
7,vllm-project/vllm,pull_request,53331,pull_commit,committed,6664d397bf091cb9371cba481d4efb8233436fe6,2026-08-17T02:36:41Z,web-flow,User,,human_account,,no,,,6664d397bf091cb9371cba481d4efb8233436fe6,positive666,web-flow,2026-08-30T17:15:36.664948+00:00
7,vllm-project/vllm,pull_request,53331,pull_commit,committed,292187dd8ca1b1bfa195f25b2886262527269999,2026-08-17T03:01:13Z,web-flow,User,,human_account,,no,,,292187dd8ca1b1bfa195f25b2886262527269999,LucasWilkinson,web-flow,2026-08-30T17:15:36.664948+00:00
7,vllm-project/vllm,pull_request,53331,pull_commit,committed,7ea4b40954084bbafa595faab6b322a5eb124ec0,2026-08-17T03:04:15Z,web-flow,User,,human_account,,no,,,7ea4b40954084bbafa595faab6b322a5eb124ec0,pavelzak,web-flow,2026-08-30T17:15:36.664948+00:00
7,vllm-project/vllm,pull_request,53331,pull_commit,committed,71b578b9cc37c262aeeb23815e6c478112c97d8b,2026-08-17T03:52:24Z,web-flow,User,,human_account,,no,,,71b578b9cc37c262aeeb23815e6c478112c97d8b,AndreasKaratzas,web-flow,2026-08-30T17:15:36.664948+00:00
7,vllm-project/vllm,pull_request,53331,pull_commit,committed,311b3513af33bc29b4acb2fde2e9313e5e9966a0,2026-08-17T04:08:35Z,web-flow,User,,human_account,,no,,,311b3513af33bc29b4acb2fde2e9313e5e9966a0,AndreasKaratzas,web-flow,2026-08-30T17:15:36.664948+00:00
7,vllm-project/vllm,pull_request,53331,pull_commit,committed,53e211d2923192ea1f7442de93d59cfbb150e089,2026-08-17T05:19:07Z,web-flow,User,,human_account,,no,,,53e211d2923192ea1f7442de93d59cfbb150e089,Isotr0py,web-flow,2026-08-30T17:15:36.664948+00:00
7,vllm-project/vllm,pull_request,53331,pull_commit,committed,93550cc4cd7e97bebe47b9b57333b60921c0d662,2026-08-17T06:17:15Z,web-flow,User,,human_account,,no,,,93550cc4cd7e97bebe47b9b57333b60921c0d662,noooop,web-flow,2026-08-30T17:15:36.664948+00:00
7,vllm-project/vllm,pull_request,53331,pull_commit,committed,a02cfccbc6187344325e364f09f6d8c33c4b253b,2026-08-17T06:29:41Z,web-flow,User,,human_account,,no,,,a02cfccbc6187344325e364f09f6d8c33c4b253b,AndreasKaratzas,web-flow,2026-08-30T17:15:36.664948+00:00
7,vllm-project/vllm,pull_request,53331,pull_commit,committed,5fd7a888386cff800f32de6b5a33d1dd3ca1e397,2026-08-17T06:40:36Z,web-flow,User,,human_account,,no,,,5fd7a888386cff800f32de6b5a33d1dd3ca1e397,Isotr0py,web-flow,2026-08-30T17:15:36.664948+00:00
7,vllm-project/vllm,pull_request,53331,pull_commit,committed,0ff370b51c58a3072b85e68fa5686b77b5034965,2026-08-17T08:48:11Z,web-flow,User,,human_account,,no,,,0ff370b51c58a3072b85e68fa5686b77b5034965,theamalsebastian,web-flow,2026-08-30T17:15:36.664948+00:00
7,vllm-project/vllm,pull_request,53331,pull_commit,committed,c05d923f186842d4ac35bfddafdd5aa01b6cbaf8,2026-08-17T08:56:44Z,web-flow,User,,human_account,,no,,,c05d923f186842d4ac35bfddafdd5aa01b6cbaf8,tjtanaa,web-flow,2026-08-30T17:15:36.664948+00:00
7,vllm-project/vllm,pull_request,53331,pull_commit,committed,bb233626caa31602728f7ee4625f3d2a4d1a3ad5,2026-08-17T09:03:33Z,web-flow,User,,human_account,,no,,,bb233626caa31602728f7ee4625f3d2a4d1a3ad5,khluu,web-flow,2026-08-30T17:15:36.664948+00:00
7,vllm-project/vllm,pull_request,53331,pull_commit,committed,cc7cf71fc819df579664adc2e944438d464dbc30,2026-08-17T09:21:34Z,web-flow,User,,human_account,,no,,,cc7cf71fc819df579664adc2e944438d464dbc30,pmanczak,web-flow,2026-08-30T17:15:36.664948+00:00
7,vllm-project/vllm,pull_request,53331,pull_commit,committed,95901ce70a625cd152e465d1b15441fd199bde24,2026-08-17T10:30:35Z,web-flow,User,,human_account,,no,,,95901ce70a625cd152e465d1b15441fd199bde24,030611,web-flow,2026-08-30T17:15:36.664948+00:00
7,vllm-project/vllm,pull_request,53331,pull_commit,committed,f27ae25473af7520dde3f8b9e0705041940be0c9,2026-08-17T10:45:59Z,web-flow,User,,human_account,,no,,,f27ae25473af7520dde3f8b9e0705041940be0c9,ganeshr10,web-flow,2026-08-30T17:15:36.664948+00:00
7,vllm-project/vllm,pull_request,53331,pull_commit,committed,70afdedc1081d28c3eaae53bece8292298484c86,2026-08-17T11:34:14Z,web-flow,User,,human_account,,no,,,70afdedc1081d28c3eaae53bece8292298484c86,ZJY0516,web-flow,2026-08-30T17:15:36.664948+00:00
7,vllm-project/vllm,pull_request,53331,pull_commit,committed,1d3a8b9e220f1edc77c190c3370cf0f76dfdd2fd,2026-08-17T12:26:05Z,web-flow,User,,human_account,,no,,,1d3a8b9e220f1edc77c190c3370cf0f76dfdd2fd,qli88,web-flow,2026-08-30T17:15:36.664948+00:00
7,vllm-project/vllm,pull_request,53331,pull_commit,committed,017e9f4448b700e85ee16023287b025693c72b9e,2026-08-17T13:20:50Z,web-flow,User,,human_account,,no,,,017e9f4448b700e85ee16023287b025693c72b9e,tlrmchlsmth,web-flow,2026-08-30T17:15:36.664948+00:00
7,vllm-project/vllm,pull_request,53331,pull_commit,committed,4ab5e5012a27e2b751c679873f231bafa0f6b098,2026-08-17T16:45:45Z,web-flow,User,,human_account,,no,,,4ab5e5012a27e2b751c679873f231bafa0f6b098,mgoin,web-flow,2026-08-30T17:15:36.664948+00:00
7,vllm-project/vllm,pull_request,53331,pull_commit,committed,7075ddac28c25d4fd2b84bc2a9a6c5ffde0345c8,2026-08-17T16:48:30Z,web-flow,User,,human_account,,no,,,7075ddac28c25d4fd2b84bc2a9a6c5ffde0345c8,mgoin,web-flow,2026-08-30T17:15:36.664948+00:00
7,vllm-project/vllm,pull_request,53331,pull_commit,committed,49905ad94dfc58ba94cca8b173dba31b820d6bc6,2026-08-17T17:11:14Z,web-flow,User,,human_account,,no,,,49905ad94dfc58ba94cca8b173dba31b820d6bc6,LopezCastroRoberto,web-flow,2026-08-30T17:15:36.664948+00:00
7,vllm-project/vllm,pull_request,53331,pull_commit,committed,cfbc5afbf7e56d825a3de98fc38ceb4be48d820e,2026-08-17T17:40:51Z,web-flow,User,,human_account,,no,,,cfbc5afbf7e56d825a3de98fc38ceb4be48d820e,HollowMan6,web-flow,2026-08-30T17:15:36.664948+00:00
7,vllm-project/vllm,pull_request,53331,pull_commit,committed,ceb340e2eb5b4c8edee8d0dbd71195389ebd86b5,2026-08-17T17:45:40Z,web-flow,User,,human_account,,no,,,ceb340e2eb5b4c8edee8d0dbd71195389ebd86b5,jperezdealgaba,web-flow,2026-08-30T17:15:36.664948+00:00
7,vllm-project/vllm,pull_request,53331,pull_commit,committed,402547d7f02bdbfc5dce5d27dc21f50dd4d627b6,2026-08-17T17:50:26Z,web-flow,User,,human_account,,no,,,402547d7f02bdbfc5dce5d27dc21f50dd4d627b6,stefankoncarevic,web-flow,2026-08-30T17:15:36.664948+00:00
7,vllm-project/vllm,pull_request,53331,pull_commit,committed,75dde08d3fd0cf4217c90e8499881d60fe426aa0,2026-08-17T18:21:32Z,web-flow,User,,human_account,,no,,,75dde08d3fd0cf4217c90e8499881d60fe426aa0,LucasWilkinson,web-flow,2026-08-30T17:15:36.664948+00:00
7,vllm-project/vllm,pull_request,53331,pull_commit,committed,c1e438728c55281fda46c8baed755f4148c63660,2026-08-17T18:32:04Z,web-flow,User,,human_account,,no,,,c1e438728c55281fda46c8baed755f4148c63660,AndreasKaratzas,web-flow,2026-08-30T17:15:36.664948+00:00
7,vllm-project/vllm,pull_request,53331,pull_commit,committed,3fc28939099a3bad1bcd27e8eec20d9afe921879,2026-08-17T19:10:34Z,web-flow,User,,human_account,,no,,,3fc28939099a3bad1bcd27e8eec20d9afe921879,cr-zhao,web-flow,2026-08-30T17:15:36.664948+00:00
7,vllm-project/vllm,pull_request,53331,pull_commit,committed,9633933dd81228fbcae07969f20881ad0b7cb766,2026-08-17T19:41:09Z,web-flow,User,,human_account,,no,,,9633933dd81228fbcae07969f20881ad0b7cb766,khluu,web-flow,2026-08-30T17:15:36.664948+00:00
7,vllm-project/vllm,pull_request,53331,pull_commit,committed,d1e3eee6fb8ed3623241ef5c8e3ac533f775bff9,2026-08-17T20:08:45Z,web-flow,User,,human_account,,no,,,d1e3eee6fb8ed3623241ef5c8e3ac533f775bff9,wzhao18,web-flow,2026-08-30T17:15:36.664948+00:00
7,vllm-project/vllm,pull_request,53331,pull_commit,committed,f08a95f8d84260fb093975cbf2bbccee8d106b69,2026-08-17T20:27:56Z,web-flow,User,,human_account,,no,,,f08a95f8d84260fb093975cbf2bbccee8d106b69,connorcarpenter15,web-flow,2026-08-30T17:15:36.664948+00:00
7,vllm-project/vllm,pull_request,53331,pull_commit,committed,8878ebd8fdfe286eb7cf00ccbb6919bc7a40b1dd,2026-08-17T20:46:22Z,web-flow,User,,human_account,,no,,,8878ebd8fdfe286eb7cf00ccbb6919bc7a40b1dd,micah-wil,web-flow,2026-08-30T17:15:36.664948+00:00
7,vllm-project/vllm,pull_request,53331,pull_commit,committed,e68fb75b250e33f013162582ece39e766a424df8,2026-08-17T21:58:48Z,web-flow,User,,human_account,,no,,,e68fb75b250e33f013162582ece39e766a424df8,hongxiayang,web-flow,2026-08-30T17:15:36.664948+00:00
7,vllm-project/vllm,pull_request,53331,pull_commit,committed,455edc022b45bbb5a279cff21cd3a34e6371aadf,2026-08-17T21:58:50Z,web-flow,User,,human_account,,no,,,455edc022b45bbb5a279cff21cd3a34e6371aadf,gcanlin,web-flow,2026-08-30T17:15:36.664948+00:00
7,vllm-project/vllm,pull_request,53331,pull_commit,committed,60c3a31b12b0a735baa79684885391747771ec64,2026-08-17T23:09:12Z,web-flow,User,,human_account,,no,,,60c3a31b12b0a735baa79684885391747771ec64,AndreasKaratzas,web-flow,2026-08-30T17:15:36.664948+00:00
7,vllm-project/vllm,pull_request,53331,pull_commit,committed,5ae2d38821ba381ff2091b52b463296784b56217,2026-08-17T23:30:41Z,web-flow,User,,human_account,,no,,,5ae2d38821ba381ff2091b52b463296784b56217,BugenZhao,web-flow,2026-08-30T17:15:36.664948+00:00
7,vllm-project/vllm,pull_request,53331,pull_commit,committed,49fb2ee3481246ce88224220442c6ef30f88b209,2026-08-17T23:33:22Z,web-flow,User,,human_account,,no,,,49fb2ee3481246ce88224220442c6ef30f88b209,divakar-amd,web-flow,2026-08-30T17:15:36.664948+00:00
7,vllm-project/vllm,pull_request,53331,pull_commit,committed,c296cf8259ed834b7174c59a2ee1f2f25967a87b,2026-08-17T23:54:05Z,web-flow,User,,human_account,,no,,,c296cf8259ed834b7174c59a2ee1f2f25967a87b,jbyczkow,web-flow,2026-08-30T17:15:36.664948+00:00
7,vllm-project/vllm,pull_request,53331,pull_commit,committed,58aa1e3d2692250c6bb24a0f852e3cb8e809a14f,2026-08-17T23:58:02Z,web-flow,User,,human_account,,no,,,58aa1e3d2692250c6bb24a0f852e3cb8e809a14f,tommy-asai-sonarsource,web-flow,2026-08-30T17:15:36.664948+00:00
7,vllm-project/vllm,pull_request,53331,pull_commit,committed,0e8989b41648e99176a53480e42c447f8bf95620,2026-08-18T00:05:48Z,web-flow,User,,human_account,,no,,,0e8989b41648e99176a53480e42c447f8bf95620,jikunshang,web-flow,2026-08-30T17:15:36.664948+00:00
7,vllm-project/vllm,pull_request,53331,pull_commit,committed,0db502c8d8a620f29dd3560e69a22f0a7ed3477c,2026-08-18T00:05:51Z,web-flow,User,,human_account,,no,,,0db502c8d8a620f29dd3560e69a22f0a7ed3477c,GirasoleY,web-flow,2026-08-30T17:15:36.664948+00:00
7,vllm-project/vllm,pull_request,53331,pull_commit,committed,c296851a7d173fa89d2eefbca0243be42ae9b5e0,2026-08-18T00:18:14Z,web-flow,User,,human_account,,no,,,c296851a7d173fa89d2eefbca0243be42ae9b5e0,bobboli,web-flow,2026-08-30T17:15:36.664948+00:00
7,vllm-project/vllm,pull_request,53331,pull_commit,committed,cdb8545a91be16f2b80234e0801458ad2a18cf1b,2026-08-18T01:17:40Z,web-flow,User,,human_account,,no,,,cdb8545a91be16f2b80234e0801458ad2a18cf1b,BabyDrangoner,web-flow,2026-08-30T17:15:36.664948+00:00
7,vllm-project/vllm,pull_request,53331,pull_commit,committed,69d3335066718b7e2b3d00713e02646874b424a9,2026-08-18T01:38:42Z,web-flow,User,,human_account,,no,,,69d3335066718b7e2b3d00713e02646874b424a9,LH-and-FPGA,web-flow,2026-08-30T17:15:36.664948+00:00
7,vllm-project/vllm,pull_request,53331,pull_commit,committed,f4b161d7fca438bfe29509984759be1943a5aa88,2026-08-18T01:47:35Z,web-flow,User,,human_account,,no,,,f4b161d7fca438bfe29509984759be1943a5aa88,mayuyuace,web-flow,2026-08-30T17:15:36.664948+00:00
7,vllm-project/vllm,pull_request,53331,pull_commit,committed,d5f5de7a7db4e13ea9f94ce8662b55b6b5e97d02,2026-08-18T02:55:37Z,web-flow,User,,human_account,,no,,,d5f5de7a7db4e13ea9f94ce8662b55b6b5e97d02,HollowMan6,web-flow,2026-08-30T17:15:36.664948+00:00
7,vllm-project/vllm,pull_request,53331,pull_commit,committed,e0e5a7fb2808504ba86c94f7b379e38496002fd0,2026-08-18T03:16:54Z,web-flow,User,,human_account,,no,,,e0e5a7fb2808504ba86c94f7b379e38496002fd0,WoosukKwon,web-flow,2026-08-30T17:15:36.664948+00:00
7,vllm-project/vllm,pull_request,53331,pull_commit,committed,101c4477dd4538f6fc32161d680ff2fba942b6d0,2026-08-18T04:46:08Z,web-flow,User,,human_account,,no,,,101c4477dd4538f6fc32161d680ff2fba942b6d0,SayHelloToWorld,web-flow,2026-08-30T17:15:36.664948+00:00
7,vllm-project/vllm,pull_request,53331,pull_commit,committed,aa9903490c616dc6871e5acc62cec7bb1e5e9434,2026-08-18T04:59:57Z,web-flow,User,,human_account,,no,,,aa9903490c616dc6871e5acc62cec7bb1e5e9434,kkt-cohere,web-flow,2026-08-30T17:15:36.664948+00:00
7,vllm-project/vllm,pull_request,53331,pull_commit,committed,b0e9cff5e7f7dc4180ff0cd9380f9dcc2933c2f7,2026-08-18T06:27:41Z,web-flow,User,,human_account,,no,,,b0e9cff5e7f7dc4180ff0cd9380f9dcc2933c2f7,yma11,web-flow,2026-08-30T17:15:36.664948+00:00
7,vllm-project/vllm,pull_request,53331,pull_commit,committed,c89d692cb5fa430ddca06a9e16682977a18b55dc,2026-08-18T06:37:37Z,web-flow,User,,human_account,,no,,,c89d692cb5fa430ddca06a9e16682977a18b55dc,BugenZhao,web-flow,2026-08-30T17:15:36.664948+00:00
7,vllm-project/vllm,pull_request,53331,pull_commit,committed,d785eb51ce24210ec6da82140729d30822332032,2026-08-18T06:46:44Z,web-flow,User,,human_account,,no,,,d785eb51ce24210ec6da82140729d30822332032,floatlibai,web-flow,2026-08-30T17:15:36.664948+00:00
7,vllm-project/vllm,pull_request,53331,pull_commit,committed,5fa8ca971a7a3f19806808f72987a06187bdce55,2026-08-18T06:50:35Z,web-flow,User,,human_account,,no,,,5fa8ca971a7a3f19806808f72987a06187bdce55,AndreasKaratzas,web-flow,2026-08-30T17:15:36.664948+00:00
7,vllm-project/vllm,pull_request,53331,pull_commit,committed,2687fec6ef744f7d8ac174303e9a2ee6fe8d7153,2026-08-18T06:53:21Z,web-flow,User,,human_account,,no,,,2687fec6ef744f7d8ac174303e9a2ee6fe8d7153,jeejeelee,web-flow,2026-08-30T17:15:36.664948+00:00
7,vllm-project/vllm,pull_request,53331,pull_commit,committed,b01728b0880ca419bb41199523535457f4ab0010,2026-08-18T07:07:15Z,web-flow,User,,human_account,,no,,,b01728b0880ca419bb41199523535457f4ab0010,rajathpi,web-flow,2026-08-30T17:15:36.664948+00:00
7,vllm-project/vllm,pull_request,53331,pull_commit,committed,5c9ff5366b039a69b344773bdfead8466ed9a097,2026-08-18T08:22:13Z,web-flow,User,,human_account,,no,,,5c9ff5366b039a69b344773bdfead8466ed9a097,he-yufeng,web-flow,2026-08-30T17:15:36.664948+00:00
7,vllm-project/vllm,pull_request,53331,pull_commit,committed,e8ad2855e7f5d40665250eb468bfd567e3a4b3c1,2026-08-18T08:31:51Z,web-flow,User,,human_account,,no,,,e8ad2855e7f5d40665250eb468bfd567e3a4b3c1,qli88,web-flow,2026-08-30T17:15:36.664948+00:00
7,vllm-project/vllm,pull_request,53331,pull_commit,committed,eab1cff5b0ca87ec415c3ca555f060933d0a6b72,2026-08-18T08:43:12Z,web-flow,User,,human_account,,no,,,eab1cff5b0ca87ec415c3ca555f060933d0a6b72,yimdev,web-flow,2026-08-30T17:15:36.664948+00:00
7,vllm-project/vllm,pull_request,53331,pull_commit,committed,41f179b57aa8ab6f634f508128ce1f1efadd0eb1,2026-08-18T09:06:05Z,web-flow,User,,human_account,,no,,,41f179b57aa8ab6f634f508128ce1f1efadd0eb1,BugenZhao,web-flow,2026-08-30T17:15:36.664948+00:00
7,vllm-project/vllm,pull_request,53331,pull_commit,committed,be3f614ff158ccecc99546958bf5e4893f8e0581,2026-08-18T12:28:00Z,web-flow,User,,human_account,,no,,,be3f614ff158ccecc99546958bf5e4893f8e0581,taneem-ibrahim,web-flow,2026-08-30T17:15:36.664948+00:00
7,vllm-project/vllm,pull_request,53331,pull_commit,committed,d29dc3ab87840aef42129b30825176295ea73b07,2026-08-18T12:41:26Z,web-flow,User,,human_account,,no,,,d29dc3ab87840aef42129b30825176295ea73b07,lxy-alexander,web-flow,2026-08-30T17:15:36.664948+00:00
7,vllm-project/vllm,pull_request,53331,pull_commit,committed,689be2bcd37a3a862d1330c2aa91727406e64085,2026-08-18T15:04:36Z,web-flow,User,,human_account,,no,,,689be2bcd37a3a862d1330c2aa91727406e64085,wzhao18,web-flow,2026-08-30T17:15:36.664948+00:00
7,vllm-project/vllm,pull_request,53331,pull_commit,committed,3bb9c18f0c845170679498f6aa39c6a92f2f68cb,2026-08-18T15:06:18Z,web-flow,User,,human_account,,no,,,3bb9c18f0c845170679498f6aa39c6a92f2f68cb,Isotr0py,web-flow,2026-08-30T17:15:36.664948+00:00
7,vllm-project/vllm,pull_request,53331,pull_commit,committed,241ff8c443175ae3e5e2b42b866e4c9275bd7744,2026-08-18T15:53:49Z,web-flow,User,,human_account,,no,,,241ff8c443175ae3e5e2b42b866e4c9275bd7744,gangula-karthik,web-flow,2026-08-30T17:15:36.664948+00:00
7,vllm-project/vllm,pull_request,53331,pull_commit,committed,f9f066d195ca079c7403d9d9447c6b1d740c348c,2026-08-18T16:00:55Z,web-flow,User,,human_account,,no,,,f9f066d195ca079c7403d9d9447c6b1d740c348c,ActiveSky,web-flow,2026-08-30T17:15:36.664948+00:00
7,vllm-project/vllm,pull_request,53331,pull_commit,committed,88b2bff2c63d0f28396451f1199d09ee0f3e2d88,2026-08-18T16:56:56Z,web-flow,User,,human_account,,no,,,88b2bff2c63d0f28396451f1199d09ee0f3e2d88,fxmarty-amd,web-flow,2026-08-30T17:15:36.664948+00:00
7,vllm-project/vllm,pull_request,53331,pull_commit,committed,bca7bea2405127bd5291bb6fffa679bdcd8f6dd9,2026-08-18T16:58:04Z,web-flow,User,,human_account,,no,,,bca7bea2405127bd5291bb6fffa679bdcd8f6dd9,mgoin,web-flow,2026-08-30T17:15:36.664948+00:00
7,vllm-project/vllm,pull_request,53331,pull_commit,committed,ddbf826bee965ace7d2a68599fb45a69e79745d2,2026-08-18T17:54:51Z,web-flow,User,,human_account,,no,,,ddbf826bee965ace7d2a68599fb45a69e79745d2,sstamenk,web-flow,2026-08-30T17:15:36.664948+00:00
7,vllm-project/vllm,pull_request,53331,pull_commit,committed,ad5e71b276f6a8d9642560205736bee800464937,2026-08-18T18:01:00Z,web-flow,User,,human_account,,no,,,ad5e71b276f6a8d9642560205736bee800464937,mpashkovskii,web-flow,2026-08-30T17:15:36.664948+00:00
7,vllm-project/vllm,pull_request,53331,pull_commit,committed,01e56caaf2b2d6f62be5fd78e0a7733fc9c9ed5f,2026-08-18T18:20:48Z,web-flow,User,,human_account,,no,,,01e56caaf2b2d6f62be5fd78e0a7733fc9c9ed5f,WoosukKwon,web-flow,2026-08-30T17:15:36.664948+00:00
7,vllm-project/vllm,pull_request,53331,pull_commit,committed,d75136c030cc62973dc470d1981199be8de47d62,2026-08-18T18:23:34Z,web-flow,User,,human_account,,no,,,d75136c030cc62973dc470d1981199be8de47d62,connorcarpenter15,web-flow,2026-08-30T17:15:36.664948+00:00
7,vllm-project/vllm,pull_request,53331,pull_commit,committed,90984ddbed27a09409506d6d6c0eea87f54b04b5,2026-08-18T18:35:44Z,web-flow,User,,human_account,,no,,,90984ddbed27a09409506d6d6c0eea87f54b04b5,AndreasKaratzas,web-flow,2026-08-30T17:15:36.664948+00:00
7,vllm-project/vllm,pull_request,53331,pull_commit,committed,6948a43fbbf427e69ca0d325cd7ab1daee8d131b,2026-08-18T18:43:51Z,web-flow,User,,human_account,,no,,,6948a43fbbf427e69ca0d325cd7ab1daee8d131b,mganczarenko,web-flow,2026-08-30T17:15:36.664948+00:00
7,vllm-project/vllm,pull_request,53331,pull_commit,committed,9842d701450214d4b78cd9aefb8eee0c616bce33,2026-08-18T19:00:04Z,web-flow,User,,human_account,,no,,,9842d701450214d4b78cd9aefb8eee0c616bce33,SageMoore,web-flow,2026-08-30T17:15:36.664948+00:00
7,vllm-project/vllm,pull_request,53331,pull_commit,committed,8d6b18329a303c3d4a8f1a7b515cd69a4ef64800,2026-08-18T19:50:32Z,web-flow,User,,human_account,,no,,,8d6b18329a303c3d4a8f1a7b515cd69a4ef64800,khluu,web-flow,2026-08-30T17:15:36.664948+00:00
7,vllm-project/vllm,pull_request,53331,pull_commit,committed,6a391a931a92250aa45aa711aaa3f099f5a8d05f,2026-08-18T20:04:28Z,web-flow,User,,human_account,,no,,,6a391a931a92250aa45aa711aaa3f099f5a8d05f,biswapanda,web-flow,2026-08-30T17:15:36.664948+00:00
7,vllm-project/vllm,pull_request,53331,pull_commit,committed,7ddb50788ddf0846518feff972028534e39bcb86,2026-08-18T20:49:35Z,web-flow,User,,human_account,,no,,,7ddb50788ddf0846518feff972028534e39bcb86,aoshen02,web-flow,2026-08-30T17:15:36.664948+00:00
7,vllm-project/vllm,pull_request,53331,pull_commit,committed,12f64b39d29282437e35be9aa5db432fb2a1a6e6,2026-08-18T21:21:43Z,web-flow,User,,human_account,,no,,,12f64b39d29282437e35be9aa5db432fb2a1a6e6,sfeng33,web-flow,2026-08-30T17:15:36.664948+00:00
7,vllm-project/vllm,pull_request,53331,pull_commit,committed,5d8a4cf9761ec890ae9f11502fe0f4a13e9981a5,2026-08-18T21:37:10Z,web-flow,User,,human_account,,no,,,5d8a4cf9761ec890ae9f11502fe0f4a13e9981a5,LiuYinfeng01,web-flow,2026-08-30T17:15:36.664948+00:00
7,vllm-project/vllm,pull_request,53331,pull_commit,committed,6066bb3d502107d27383a64b306d36148421d4b9,2026-08-18T21:40:30Z,web-flow,User,,human_account,,no,,,6066bb3d502107d27383a64b306d36148421d4b9,stefankoncarevic,web-flow,2026-08-30T17:15:36.664948+00:00
7,vllm-project/vllm,pull_request,53331,pull_commit,committed,d3fafe0c27f9666a06675858738aaeab949da0f5,2026-08-18T21:42:45Z,web-flow,User,,human_account,,no,,,d3fafe0c27f9666a06675858738aaeab949da0f5,xuebwang-amd,web-flow,2026-08-30T17:15:36.664948+00:00
7,vllm-project/vllm,pull_request,53331,pull_commit,committed,5f7a20b3162ef88d531ada03aa1174643bb97c11,2026-08-18T21:59:08Z,web-flow,User,,human_account,,no,,,5f7a20b3162ef88d531ada03aa1174643bb97c11,GirasoleY,web-flow,2026-08-30T17:15:36.664948+00:00
7,vllm-project/vllm,pull_request,53331,pull_commit,committed,203926c4778698f11904beec88f6a91b94b7122d,2026-08-18T22:16:25Z,web-flow,User,,human_account,,no,,,203926c4778698f11904beec88f6a91b94b7122d,AndreasKaratzas,web-flow,2026-08-30T17:15:36.664948+00:00
7,vllm-project/vllm,pull_request,53331,pull_commit,committed,aa6abec49a7ed7e40ee4c2a07586d0d83887fa2a,2026-08-18T22:34:50Z,web-flow,User,,human_account,,no,,,aa6abec49a7ed7e40ee4c2a07586d0d83887fa2a,AndreasKaratzas,web-flow,2026-08-30T17:15:36.664948+00:00
7,vllm-project/vllm,pull_request,53331,pull_commit,committed,8f4a7f45c53ab52b17023d3ca804e477daa36a23,2026-08-18T22:45:47Z,web-flow,User,,human_account,,no,,,8f4a7f45c53ab52b17023d3ca804e477daa36a23,AndreasKaratzas,web-flow,2026-08-30T17:15:36.664948+00:00
7,vllm-project/vllm,pull_request,53331,pull_commit,committed,ef47a897e2ad9a404cce9c9e7df15934deb8ffbe,2026-08-18T23:14:39Z,web-flow,User,,human_account,,no,,,ef47a897e2ad9a404cce9c9e7df15934deb8ffbe,russellb,web-flow,2026-08-30T17:15:36.664948+00:00
7,vllm-project/vllm,pull_request,53331,pull_commit,committed,a9f4afb66f77ba122d905611fa3f620abda98220,2026-08-19T00:02:18Z,web-flow,User,,human_account,,no,,,a9f4afb66f77ba122d905611fa3f620abda98220,HollowMan6,web-flow,2026-08-30T17:15:36.664948+00:00
7,vllm-project/vllm,pull_request,53331,pull_commit,committed,f1178f3a06fa30a0cc282376924210cedad08c44,2026-08-19T00:02:59Z,web-flow,User,,human_account,,no,,,f1178f3a06fa30a0cc282376924210cedad08c44,WoosukKwon,web-flow,2026-08-30T17:15:36.664948+00:00
7,vllm-project/vllm,pull_request,53331,pull_commit,committed,b05ae5dc008850a620dec6de66635dec2b5913fd,2026-08-19T01:04:10Z,web-flow,User,,human_account,,no,,,b05ae5dc008850a620dec6de66635dec2b5913fd,khluu,web-flow,2026-08-30T17:15:36.664948+00:00
7,vllm-project/vllm,pull_request,53331,pull_commit,committed,d36cc4254eb6f745427e9bd328aab5ac34e5cb7e,2026-08-19T01:37:29Z,web-flow,User,,human_account,,no,,,d36cc4254eb6f745427e9bd328aab5ac34e5cb7e,Etelis,web-flow,2026-08-30T17:15:36.664948+00:00
7,vllm-project/vllm,pull_request,53331,pull_commit,committed,a2257f95b79287933defef5be40b74ce93053da3,2026-08-19T02:13:06Z,web-flow,User,,human_account,,no,,,a2257f95b79287933defef5be40b74ce93053da3,itayalroy,web-flow,2026-08-30T17:15:36.664948+00:00
7,vllm-project/vllm,pull_request,53331,pull_commit,committed,b1d9337e92692da328bdf921286e59d8f8f36725,2026-08-19T02:16:08Z,web-flow,User,,human_account,,no,,,b1d9337e92692da328bdf921286e59d8f8f36725,zhenwei-intel,web-flow,2026-08-30T17:15:36.664948+00:00
7,vllm-project/vllm,pull_request,53331,pull_commit,committed,f485081e8b76135091398818ea63040ffe7e1c5b,2026-08-19T02:25:23Z,web-flow,User,,human_account,,no,,,f485081e8b76135091398818ea63040ffe7e1c5b,chaojun-zhang,web-flow,2026-08-30T17:15:36.664948+00:00
7,vllm-project/vllm,pull_request,53331,pull_commit,committed,e4d61d0d222ad21437a1507bb34ca7e916aac880,2026-08-19T02:28:52Z,web-flow,User,,human_account,,no,,,e4d61d0d222ad21437a1507bb34ca7e916aac880,bigPYJ1151,web-flow,2026-08-30T17:15:36.664948+00:00
7,vllm-project/vllm,pull_request,53331,pull_commit,committed,f936a267f9a774b7ac09f987226d8e5a591139da,2026-08-19T02:45:41Z,web-flow,User,,human_account,,no,,,f936a267f9a774b7ac09f987226d8e5a591139da,Oxygen56,web-flow,2026-08-30T17:15:36.664948+00:00
7,vllm-project/vllm,pull_request,53331,pull_commit,committed,03b87dc42f1f3750ddc37da359fe2b670d78e925,2026-08-19T02:47:37Z,web-flow,User,,human_account,,no,,,03b87dc42f1f3750ddc37da359fe2b670d78e925,mayuyuace,web-flow,2026-08-30T17:15:36.664948+00:00
7,vllm-project/vllm,pull_request,53331,pull_commit,committed,aabc1a0a0b55c768ab1f8962157f5fa086932b88,2026-08-19T02:52:25Z,web-flow,User,,human_account,,no,,,aabc1a0a0b55c768ab1f8962157f5fa086932b88,tlrmchlsmth,web-flow,2026-08-30T17:15:36.664948+00:00
7,vllm-project/vllm,pull_request,53331,pull_commit,committed,deeeae75d0e42199aaeb627ad66e38b28337d2bf,2026-08-19T02:56:33Z,web-flow,User,,human_account,,no,,,deeeae75d0e42199aaeb627ad66e38b28337d2bf,njhill,web-flow,2026-08-30T17:15:36.664948+00:00
7,vllm-project/vllm,pull_request,53331,pull_commit,committed,e575b5f1a967b7ebb44eb65c4a3203e269cfc54d,2026-08-19T03:30:47Z,web-flow,User,,human_account,,no,,,e575b5f1a967b7ebb44eb65c4a3203e269cfc54d,mayuyuace,web-flow,2026-08-30T17:15:36.664948+00:00
7,vllm-project/vllm,pull_request,53331,pull_commit,committed,8e46accab22bc864f3ddbe8276d7c7cd2eb71239,2026-08-19T03:32:41Z,web-flow,User,,human_account,,no,,,8e46accab22bc864f3ddbe8276d7c7cd2eb71239,MatthewBonanni,web-flow,2026-08-30T17:15:36.664948+00:00
7,vllm-project/vllm,pull_request,53331,pull_commit,committed,31305736307ecdfe3398b643240770651b523a84,2026-08-19T03:32:46Z,web-flow,User,,human_account,,no,,,31305736307ecdfe3398b643240770651b523a84,daviswer,web-flow,2026-08-30T17:15:36.664948+00:00
7,vllm-project/vllm,pull_request,53331,pull_commit,committed,63ff748f657af0e2a95a712fd2cc994f4299ff8c,2026-08-19T04:02:09Z,web-flow,User,,human_account,,no,,,63ff748f657af0e2a95a712fd2cc994f4299ff8c,drakosha,web-flow,2026-08-30T17:15:36.664948+00:00
7,vllm-project/vllm,pull_request,53331,pull_commit,committed,08afae27863e884d68937f76e5bb87bba171c5de,2026-08-19T04:36:05Z,web-flow,User,,human_account,,no,,,08afae27863e884d68937f76e5bb87bba171c5de,taneem-ibrahim,web-flow,2026-08-30T17:15:36.664948+00:00
7,vllm-project/vllm,pull_request,53331,pull_commit,committed,86a89a93486d3bd4bd1c94149066c992cb7e2f09,2026-08-19T04:48:50Z,web-flow,User,,human_account,,no,,,86a89a93486d3bd4bd1c94149066c992cb7e2f09,vineethsaivs,web-flow,2026-08-30T17:15:36.664948+00:00
7,vllm-project/vllm,pull_request,53331,pull_commit,committed,5a4c8d99242e9e069b604d0e9b969e77f7dd501d,2026-08-19T04:55:20Z,web-flow,User,,human_account,,no,,,5a4c8d99242e9e069b604d0e9b969e77f7dd501d,Agoni-02,web-flow,2026-08-30T17:15:36.664948+00:00
7,vllm-project/vllm,pull_request,53331,pull_commit,committed,ee117307512f7ab0fe5ce70f8a2963bb83dfc442,2026-08-19T07:07:40Z,web-flow,User,,human_account,,no,,,ee117307512f7ab0fe5ce70f8a2963bb83dfc442,njhill,web-flow,2026-08-30T17:15:36.664948+00:00
7,vllm-project/vllm,pull_request,53331,pull_commit,committed,b09bd69b5bf14911abef9a0e8e493b83c8a38fa6,2026-08-19T07:13:52Z,web-flow,User,,human_account,,no,,,b09bd69b5bf14911abef9a0e8e493b83c8a38fa6,WoosukKwon,web-flow,2026-08-30T17:15:36.664948+00:00
7,vllm-project/vllm,pull_request,53331,pull_commit,committed,842dd8fd96650063e1ad32e6075742d457d39773,2026-08-19T07:21:08Z,web-flow,User,,human_account,,no,,,842dd8fd96650063e1ad32e6075742d457d39773,taneem-ibrahim,web-flow,2026-08-30T17:15:36.664948+00:00
7,vllm-project/vllm,pull_request,53331,pull_commit,committed,9a9aa2b017b468082ca538b6f7a725a60d7f8b47,2026-08-19T07:52:53Z,web-flow,User,,human_account,,no,,,9a9aa2b017b468082ca538b6f7a725a60d7f8b47,Andy365-365,web-flow,2026-08-30T17:15:36.664948+00:00
7,vllm-project/vllm,pull_request,53331,pull_commit,committed,93eea4f665a0a6a188fd52b37f4a18bc37315f62,2026-08-19T09:01:12Z,web-flow,User,,human_account,,no,,,93eea4f665a0a6a188fd52b37f4a18bc37315f62,mayuyuace,web-flow,2026-08-30T17:15:36.664948+00:00
7,vllm-project/vllm,pull_request,53331,pull_commit,committed,340b7e4909f14ff33943ab6ac7955191e1b8b4ff,2026-08-19T09:29:32Z,web-flow,User,,human_account,,no,,,340b7e4909f14ff33943ab6ac7955191e1b8b4ff,he-yufeng,web-flow,2026-08-30T17:15:36.664948+00:00
7,vllm-project/vllm,pull_request,53331,pull_commit,committed,eac636a7fa476983cdae34b45a984e9852aad375,2026-08-19T09:43:46Z,web-flow,User,,human_account,,no,,,eac636a7fa476983cdae34b45a984e9852aad375,noooop,web-flow,2026-08-30T17:15:36.664948+00:00
7,vllm-project/vllm,pull_request,53331,pull_commit,committed,cba06764d7a9da41e6f535d6355c13f725574f07,2026-08-19T10:31:19Z,web-flow,User,,human_account,,no,,,cba06764d7a9da41e6f535d6355c13f725574f07,wangxiyuan,web-flow,2026-08-30T17:15:36.664948+00:00
7,vllm-project/vllm,pull_request,53331,pull_commit,committed,b160cab156106b212ee67beb16c9725d366b8857,2026-08-19T11:18:10Z,web-flow,User,,human_account,,no,,,b160cab156106b212ee67beb16c9725d366b8857,haoyangqian,web-flow,2026-08-30T17:15:36.664948+00:00
7,vllm-project/vllm,pull_request,53331,pull_commit,committed,58302b459198eec60fad49af3c506ec10d6af821,2026-08-19T11:38:34Z,web-flow,User,,human_account,,no,,,58302b459198eec60fad49af3c506ec10d6af821,qwerqwerqwe8688-jpg,web-flow,2026-08-30T17:15:36.664948+00:00
7,vllm-project/vllm,pull_request,53331,pull_commit,committed,2f54100a593e34dd473912c756346abee55a6246,2026-08-19T12:25:46Z,web-flow,User,,human_account,,no,,,2f54100a593e34dd473912c756346abee55a6246,hmellor,web-flow,2026-08-30T17:15:36.664948+00:00
7,vllm-project/vllm,pull_request,53331,pull_commit,committed,58de6cbdc2fac255ca6fe6855f90c65f80a76d57,2026-08-19T12:34:50Z,web-flow,User,,human_account,,no,,,58de6cbdc2fac255ca6fe6855f90c65f80a76d57,Naveassaf,web-flow,2026-08-30T17:15:36.664948+00:00
7,vllm-project/vllm,pull_request,53331,pull_commit,committed,92bdee05cb4ea5e94c4cce3eb0544f51d6eece8d,2026-08-19T12:48:45Z,web-flow,User,,human_account,,no,,,92bdee05cb4ea5e94c4cce3eb0544f51d6eece8d,qgallouedec,web-flow,2026-08-30T17:15:36.664948+00:00
7,vllm-project/vllm,pull_request,53331,pull_commit,committed,c2e7242ab7287cc9e2bdbea5901c560fc2d17bff,2026-08-19T13:24:26Z,web-flow,User,,human_account,,no,,,c2e7242ab7287cc9e2bdbea5901c560fc2d17bff,eilamc14,web-flow,2026-08-30T17:15:36.664948+00:00
7,vllm-project/vllm,pull_request,53331,pull_commit,committed,2b7fcbf52782f8729fd6ce6c9ab803617d72897b,2026-08-19T13:25:29Z,web-flow,User,,human_account,,no,,,2b7fcbf52782f8729fd6ce6c9ab803617d72897b,lucifer1004,web-flow,2026-08-30T17:15:36.664948+00:00
7,vllm-project/vllm,pull_request,53331,pull_commit,committed,db92053e97b5630a6a36118693b1dffe9b03be36,2026-08-19T14:16:39Z,web-flow,User,,human_account,,no,,,db92053e97b5630a6a36118693b1dffe9b03be36,sseanliu,web-flow,2026-08-30T17:15:36.664948+00:00
7,vllm-project/vllm,pull_request,53331,pull_commit,committed,2d7f42b4f3b2b69dd9b2610d287083d147c997f6,2026-08-19T14:55:09Z,web-flow,User,,human_account,,no,,,2d7f42b4f3b2b69dd9b2610d287083d147c997f6,mgoin,web-flow,2026-08-30T17:15:36.664948+00:00
7,vllm-project/vllm,pull_request,53331,pull_commit,committed,be06873198cd544f963b4e2f0f0877b23ab5861e,2026-08-19T14:55:59Z,web-flow,User,,human_account,,no,,,be06873198cd544f963b4e2f0f0877b23ab5861e,y0hnn,web-flow,2026-08-30T17:15:36.664948+00:00
7,vllm-project/vllm,pull_request,53331,pull_commit,committed,160f7f0840e1773b2418199800c7ac66f1b4f074,2026-08-19T15:19:42Z,web-flow,User,,human_account,,no,,,160f7f0840e1773b2418199800c7ac66f1b4f074,AndreasKaratzas,web-flow,2026-08-30T17:15:36.664948+00:00
7,vllm-project/vllm,pull_request,53331,pull_commit,committed,17dbd429306d2fe9cc6be04e57aab314bd697f5e,2026-08-19T15:20:05Z,web-flow,User,,human_account,,no,,,17dbd429306d2fe9cc6be04e57aab314bd697f5e,AndreasKaratzas,web-flow,2026-08-30T17:15:36.664948+00:00
7,vllm-project/vllm,pull_request,53331,pull_commit,committed,525b7bbb3a74d811cedcee108425d9bb5c215fdd,2026-08-19T15:50:59Z,web-flow,User,,human_account,,no,,,525b7bbb3a74d811cedcee108425d9bb5c215fdd,dineshchitlangia,web-flow,2026-08-30T17:15:36.664948+00:00
7,vllm-project/vllm,pull_request,53331,pull_commit,committed,583a00257d4c5d1a54063d956057df1df6822b06,2026-08-19T16:14:52Z,web-flow,User,,human_account,,no,,,583a00257d4c5d1a54063d956057df1df6822b06,akii96,web-flow,2026-08-30T17:15:36.664948+00:00
7,vllm-project/vllm,pull_request,53331,pull_commit,committed,c676232313fce3d607da7c66e41fe8d4739c194d,2026-08-19T16:29:29Z,web-flow,User,,human_account,,no,,,c676232313fce3d607da7c66e41fe8d4739c194d,xuebwang-amd,web-flow,2026-08-30T17:15:36.664948+00:00
7,vllm-project/vllm,pull_request,53331,pull_commit,committed,54dd98be2830bbd7b70fd60a0e917b7d0df5adab,2026-08-19T16:31:32Z,web-flow,User,,human_account,,no,,,54dd98be2830bbd7b70fd60a0e917b7d0df5adab,yiliu30,web-flow,2026-08-30T17:15:36.664948+00:00
7,vllm-project/vllm,pull_request,53331,pull_commit,committed,e9e1630e93b13b241c4cdb52c47e35fd38c6eb46,2026-08-19T16:36:27Z,web-flow,User,,human_account,,no,,,e9e1630e93b13b241c4cdb52c47e35fd38c6eb46,Lossfull,web-flow,2026-08-30T17:15:36.664948+00:00
7,vllm-project/vllm,pull_request,53331,pull_commit,committed,3a386cfaf51f872334c64edd08fbf71dd4bb0120,2026-08-19T16:39:59Z,web-flow,User,,human_account,,no,,,3a386cfaf51f872334c64edd08fbf71dd4bb0120,AndreasKaratzas,web-flow,2026-08-30T17:15:36.664948+00:00
7,vllm-project/vllm,pull_request,53331,pull_commit,committed,0c8c3f41cff4a4d361d4a80804eddd8dfc2a56ce,2026-08-19T16:44:36Z,web-flow,User,,human_account,,no,,,0c8c3f41cff4a4d361d4a80804eddd8dfc2a56ce,lxyxinyi,web-flow,2026-08-30T17:15:36.664948+00:00
7,vllm-project/vllm,pull_request,53331,pull_commit,committed,9b5f3454f2be4c2c0f17c84a78af25a1d550d446,2026-08-19T16:48:11Z,web-flow,User,,human_account,,no,,,9b5f3454f2be4c2c0f17c84a78af25a1d550d446,linitra24,web-flow,2026-08-30T17:15:36.664948+00:00
7,vllm-project/vllm,pull_request,53331,pull_commit,committed,f76d71d7ceac040d555323f36b2f6afeab0e8df2,2026-08-19T17:32:37Z,web-flow,User,,human_account,,no,,,f76d71d7ceac040d555323f36b2f6afeab0e8df2,mgoin,web-flow,2026-08-30T17:15:36.664948+00:00
7,vllm-project/vllm,pull_request,53331,pull_commit,committed,755492e37d7d7201d93f0effa200acac56601f38,2026-08-19T17:48:46Z,web-flow,User,,human_account,,no,,,755492e37d7d7201d93f0effa200acac56601f38,ywang96,web-flow,2026-08-30T17:15:36.664948+00:00
7,vllm-project/vllm,pull_request,53331,pull_commit,committed,480d4f0d154a00b719abf876dd9c1a98bc5acbf7,2026-08-19T18:46:12Z,web-flow,User,,human_account,,no,,,480d4f0d154a00b719abf876dd9c1a98bc5acbf7,AndreasKaratzas,web-flow,2026-08-30T17:15:36.664948+00:00
7,vllm-project/vllm,pull_request,53331,pull_commit,committed,cb58bb9c1e38cd366910858873946c95be6328a9,2026-08-19T19:17:17Z,web-flow,User,,human_account,,no,,,cb58bb9c1e38cd366910858873946c95be6328a9,AndreasKaratzas,web-flow,2026-08-30T17:15:36.664948+00:00
7,vllm-project/vllm,pull_request,53331,pull_commit,committed,541c6d64c19b64b970edc9122a56027d41b7a0be,2026-08-19T19:41:26Z,web-flow,User,,human_account,,no,,,541c6d64c19b64b970edc9122a56027d41b7a0be,mgoin,web-flow,2026-08-30T17:15:36.664948+00:00
7,vllm-project/vllm,pull_request,53331,pull_commit,committed,d591d1d511b5f2a70ae34adfd5adc5c1956ecae2,2026-08-19T19:42:30Z,web-flow,User,,human_account,,no,,,d591d1d511b5f2a70ae34adfd5adc5c1956ecae2,vanshbhatia-amd,web-flow,2026-08-30T17:15:36.664948+00:00
7,vllm-project/vllm,pull_request,53331,pull_commit,committed,c205726108df54bb6fbf15b19e725a4a3add2b18,2026-08-19T21:45:44Z,web-flow,User,,human_account,,no,,,c205726108df54bb6fbf15b19e725a4a3add2b18,jcotant-inferact,web-flow,2026-08-30T17:15:36.664948+00:00
7,vllm-project/vllm,pull_request,53331,pull_commit,committed,823ec22b78b639f6794df3e5ee16ce4429f2c269,2026-08-19T22:39:08Z,web-flow,User,,human_account,,no,,,823ec22b78b639f6794df3e5ee16ce4429f2c269,Rohan138,web-flow,2026-08-30T17:15:36.664948+00:00
7,vllm-project/vllm,pull_request,53331,pull_commit,committed,5bf0dbd6fd7b0e9d0aa744e483037563111ce887,2026-08-20T00:18:47Z,web-flow,User,,human_account,,no,,,5bf0dbd6fd7b0e9d0aa744e483037563111ce887,SageMoore,web-flow,2026-08-30T17:15:36.664948+00:00
7,vllm-project/vllm,pull_request,53331,pull_commit,committed,0a111cca2cddbfccf5b99f61af9c9bbde53f6d9c,2026-08-20T00:24:07Z,web-flow,User,,human_account,,no,,,0a111cca2cddbfccf5b99f61af9c9bbde53f6d9c,ronensc,web-flow,2026-08-30T17:15:36.664948+00:00
7,vllm-project/vllm,pull_request,53331,pull_commit,committed,d4f4d3f40fc5350a71777fcb0e5eb8a57bda631f,2026-08-20T00:39:30Z,web-flow,User,,human_account,,no,,,d4f4d3f40fc5350a71777fcb0e5eb8a57bda631f,TheEpicDolphin,web-flow,2026-08-30T17:15:36.664948+00:00
7,vllm-project/vllm,pull_request,53331,pull_commit,committed,bf2866f8bf5bb20628e2b93835be3c281a9b4ca4,2026-08-20T00:40:35Z,web-flow,User,,human_account,,no,,,bf2866f8bf5bb20628e2b93835be3c281a9b4ca4,chengy-sysu,web-flow,2026-08-30T17:15:36.664948+00:00
7,vllm-project/vllm,pull_request,53331,pull_commit,committed,58e5ee0158b6a264c3506f00480e108a34b33ee3,2026-08-20T01:04:11Z,web-flow,User,,human_account,,no,,,58e5ee0158b6a264c3506f00480e108a34b33ee3,GirasoleY,web-flow,2026-08-30T17:15:36.664948+00:00
7,vllm-project/vllm,pull_request,53331,pull_commit,committed,6a962071bdad41c2d739bb2e879e72bbe9df9e63,2026-08-20T01:17:43Z,web-flow,User,,human_account,,no,,,6a962071bdad41c2d739bb2e879e72bbe9df9e63,WoosukKwon,web-flow,2026-08-30T17:15:36.664948+00:00
7,vllm-project/vllm,pull_request,53331,pull_commit,committed,fbb4c04db42ff0c6a98af909321bf841798a20c2,2026-08-20T02:20:21Z,web-flow,User,,human_account,,no,,,fbb4c04db42ff0c6a98af909321bf841798a20c2,micah-wil,web-flow,2026-08-30T17:15:36.664948+00:00
7,vllm-project/vllm,pull_request,53331,pull_commit,committed,c0233fcf0100c07820d7f7a725de458a0e14df64,2026-08-20T02:39:52Z,web-flow,User,,human_account,,no,,,c0233fcf0100c07820d7f7a725de458a0e14df64,WoosukKwon,web-flow,2026-08-30T17:15:36.664948+00:00
7,vllm-project/vllm,pull_request,53331,pull_commit,committed,76fb6d210a57c7efbb61fa6cb029d1fa1911bfb5,2026-08-20T02:49:23Z,web-flow,User,,human_account,,no,,,76fb6d210a57c7efbb61fa6cb029d1fa1911bfb5,92hyungjun,web-flow,2026-08-30T17:15:36.664948+00:00
7,vllm-project/vllm,pull_request,53331,pull_commit,committed,f85e060ec24ad5b67b47690b89bd0a5f1def05f4,2026-08-20T02:59:22Z,web-flow,User,,human_account,,no,,,f85e060ec24ad5b67b47690b89bd0a5f1def05f4,pmanczak,web-flow,2026-08-30T17:15:36.664948+00:00
7,vllm-project/vllm,pull_request,53331,pull_commit,committed,e85dd21497e46f739911ee1cef4f6d6c68da1e62,2026-08-20T03:23:43Z,web-flow,User,,human_account,,no,,,e85dd21497e46f739911ee1cef4f6d6c68da1e62,he-yufeng,web-flow,2026-08-30T17:15:36.664948+00:00
7,vllm-project/vllm,pull_request,53331,pull_commit,committed,4f66bc3e0d92aca0e8d1a29e22425327a07c916e,2026-08-20T03:33:25Z,web-flow,User,,human_account,,no,,,4f66bc3e0d92aca0e8d1a29e22425327a07c916e,AndreasKaratzas,web-flow,2026-08-30T17:15:36.664948+00:00
7,vllm-project/vllm,pull_request,53331,pull_commit,committed,11baa0ebd88480b0a3e30138e4ee189420cd33be,2026-08-20T03:52:42Z,web-flow,User,,human_account,,no,,,11baa0ebd88480b0a3e30138e4ee189420cd33be,xyang16,web-flow,2026-08-30T17:15:36.664948+00:00
7,vllm-project/vllm,pull_request,53331,pull_commit,committed,9b2aef512440f024fc98cd0ac954cd452613ad5b,2026-08-20T04:23:09Z,web-flow,User,,human_account,,no,,,9b2aef512440f024fc98cd0ac954cd452613ad5b,AmitMY,web-flow,2026-08-30T17:15:36.664948+00:00
7,vllm-project/vllm,pull_request,53331,pull_commit,committed,cd5035379c4c565fc9265cf121bc1c8364bc5eca,2026-08-20T04:33:37Z,web-flow,User,,human_account,,no,,,cd5035379c4c565fc9265cf121bc1c8364bc5eca,akii96,web-flow,2026-08-30T17:15:36.664948+00:00
7,vllm-project/vllm,pull_request,53331,pull_commit,committed,d626108b1841888ec90aced33367149a6bbc7e4b,2026-08-20T04:51:04Z,web-flow,User,,human_account,,no,,,d626108b1841888ec90aced33367149a6bbc7e4b,shen-shanshan,web-flow,2026-08-30T17:15:36.664948+00:00
7,vllm-project/vllm,pull_request,53331,pull_commit,committed,754e1c3de4e35c44da76beddf33ca71081d15d3c,2026-08-20T06:56:09Z,web-flow,User,,human_account,,no,,,754e1c3de4e35c44da76beddf33ca71081d15d3c,mayuyuace,web-flow,2026-08-30T17:15:36.664948+00:00
7,vllm-project/vllm,pull_request,53331,pull_commit,committed,a1c5b1fd9f6ef06a4fa236b7d48350115e5688b9,2026-08-20T07:12:43Z,web-flow,User,,human_account,,no,,,a1c5b1fd9f6ef06a4fa236b7d48350115e5688b9,zllion,web-flow,2026-08-30T17:15:36.664948+00:00
7,vllm-project/vllm,pull_request,53331,pull_commit,committed,d66300a1baa7779c68c7dfa4e51eee2502b48017,2026-08-20T07:30:40Z,web-flow,User,,human_account,,no,,,d66300a1baa7779c68c7dfa4e51eee2502b48017,AnkitNakhawa,web-flow,2026-08-30T17:15:36.664948+00:00
7,vllm-project/vllm,pull_request,53331,pull_commit,committed,16cfe728d8d0bc3cd4a8397db0f392dd52a2c109,2026-08-20T07:41:06Z,web-flow,User,,human_account,,no,,,16cfe728d8d0bc3cd4a8397db0f392dd52a2c109,qgallouedec,web-flow,2026-08-30T17:15:36.664948+00:00
7,vllm-project/vllm,pull_request,53331,pull_commit,committed,a34fd69106080aed8eab1490883942f2fe8264b7,2026-08-20T08:10:06Z,web-flow,User,,human_account,,no,,,a34fd69106080aed8eab1490883942f2fe8264b7,khluu,web-flow,2026-08-30T17:15:36.664948+00:00
7,vllm-project/vllm,pull_request,53331,pull_commit,committed,14617c2b6c1257ac0d6c7b5e05b195ca30013827,2026-08-20T08:11:44Z,web-flow,User,,human_account,,no,,,14617c2b6c1257ac0d6c7b5e05b195ca30013827,dmvevents,web-flow,2026-08-30T17:15:36.664948+00:00
7,vllm-project/vllm,pull_request,53331,pull_commit,committed,4666a8ba9ed5d271bf751cf1384cab2d2dcc0cfa,2026-08-20T08:39:48Z,web-flow,User,,human_account,,no,,,4666a8ba9ed5d271bf751cf1384cab2d2dcc0cfa,DarkLight1337,web-flow,2026-08-30T17:15:36.664948+00:00
7,vllm-project/vllm,pull_request,53331,pull_commit,committed,3ee3e3b59e3c98bcf84872a49d708136156a8d50,2026-08-20T08:50:19Z,new-TonyWang,User,,human_account,,no,,,3ee3e3b59e3c98bcf84872a49d708136156a8d50,new-TonyWang,new-TonyWang,2026-08-30T17:15:36.664948+00:00
7,vllm-project/vllm,pull_request,53331,pull_commit,committed,633f5d78a067ec770fdb6c04c324e489d2bd7ec0,2026-08-20T08:50:19Z,new-TonyWang,User,,human_account,,no,,,633f5d78a067ec770fdb6c04c324e489d2bd7ec0,new-TonyWang,new-TonyWang,2026-08-30T17:15:36.664948+00:00
7,vllm-project/vllm,pull_request,53331,pull_commit,committed,6a2b52571d2b321951363bf0fc220b5f153c5e16,2026-08-20T08:50:19Z,new-TonyWang,User,,human_account,,no,,,6a2b52571d2b321951363bf0fc220b5f153c5e16,new-TonyWang,new-TonyWang,2026-08-30T17:15:36.664948+00:00
7,vllm-project/vllm,pull_request,53331,pull_commit,committed,100c8829ae80a5d1d590a6524c9da96bda2c668d,2026-08-20T08:50:19Z,new-TonyWang,User,,human_account,,no,,,100c8829ae80a5d1d590a6524c9da96bda2c668d,new-TonyWang,new-TonyWang,2026-08-30T17:15:36.664948+00:00
7,vllm-project/vllm,pull_request,53331,pull_commit,committed,6e4c376eb933101f1e6897f6188bb85aac5118f0,2026-08-20T08:50:19Z,new-TonyWang,User,,human_account,,no,,,6e4c376eb933101f1e6897f6188bb85aac5118f0,new-TonyWang,new-TonyWang,2026-08-30T17:15:36.664948+00:00
7,vllm-project/vllm,pull_request,53331,pull_commit,committed,3a672ea8b4a813eb2cc87191d6e3354fd5f7c47e,2026-08-20T08:50:46Z,new-TonyWang,User,,human_account,,no,,,3a672ea8b4a813eb2cc87191d6e3354fd5f7c47e,new-TonyWang,new-TonyWang,2026-08-30T17:15:36.664948+00:00
7,vllm-project/vllm,pull_request,53331,pull_commit,committed,6f2ff6eca38967c97ded32ce8359c19eb027e21f,2026-08-20T08:50:46Z,new-TonyWang,User,,human_account,,no,,,6f2ff6eca38967c97ded32ce8359c19eb027e21f,new-TonyWang,new-TonyWang,2026-08-30T17:15:36.664948+00:00
7,vllm-project/vllm,pull_request,53331,pull_commit,committed,e512373a94e1da6e9b4135acf543dc0e017dd659,2026-08-20T08:50:46Z,new-TonyWang,User,,human_account,,no,,,e512373a94e1da6e9b4135acf543dc0e017dd659,new-TonyWang,new-TonyWang,2026-08-30T17:15:36.664948+00:00
7,vllm-project/vllm,pull_request,53331,pull_commit,committed,68cb958c8b0d1d5a9463f179322bbb00897b6a90,2026-08-20T08:50:46Z,new-TonyWang,User,,human_account,,no,,,68cb958c8b0d1d5a9463f179322bbb00897b6a90,new-TonyWang,new-TonyWang,2026-08-30T17:15:36.664948+00:00
7,vllm-project/vllm,pull_request,53331,pull_commit,committed,664514d33f41b09bd21555fcab560e1d4d4cf0a7,2026-08-20T08:50:46Z,new-TonyWang,User,,human_account,,no,,,664514d33f41b09bd21555fcab560e1d4d4cf0a7,new-TonyWang,new-TonyWang,2026-08-30T17:15:36.664948+00:00
7,vllm-project/vllm,pull_request,53331,pull_commit,committed,aaf3e802f98f37f58ad71ae45454399e963d475b,2026-08-20T08:51:17Z,new-TonyWang,User,,human_account,,no,,,aaf3e802f98f37f58ad71ae45454399e963d475b,new-TonyWang,new-TonyWang,2026-08-30T17:15:36.664948+00:00
7,vllm-project/vllm,pull_request,53331,pull_commit,committed,5ffba4e5d56eff46e08ddc9557ac335fc25f36fc,2026-08-20T08:51:17Z,new-TonyWang,User,,human_account,,no,,,5ffba4e5d56eff46e08ddc9557ac335fc25f36fc,new-TonyWang,new-TonyWang,2026-08-30T17:15:36.664948+00:00
7,vllm-project/vllm,pull_request,53331,pull_commit,committed,1bf30046e6260fed0a396257c1bf6ee5cf35a067,2026-08-20T08:51:17Z,new-TonyWang,User,,human_account,,no,,,1bf30046e6260fed0a396257c1bf6ee5cf35a067,new-TonyWang,new-TonyWang,2026-08-30T17:15:36.664948+00:00
7,vllm-project/vllm,pull_request,53331,pull_commit,committed,3a4e201e1eb6354fba0a0f7749b18aea8e2216e3,2026-08-20T08:51:29Z,new-TonyWang,User,,human_account,,no,,,3a4e201e1eb6354fba0a0f7749b18aea8e2216e3,new-TonyWang,new-TonyWang,2026-08-30T17:15:36.664948+00:00
7,vllm-project/vllm,pull_request,53331,pull_commit,committed,9108e71e050672885a1a0a5fe0f372160202aa9f,2026-08-20T08:51:29Z,new-TonyWang,User,,human_account,,no,,,9108e71e050672885a1a0a5fe0f372160202aa9f,new-TonyWang,new-TonyWang,2026-08-30T17:15:36.664948+00:00
7,vllm-project/vllm,pull_request,53331,pull_commit,committed,17dea007f2f6feebf63d1aa30684278e88eaf122,2026-08-20T08:51:39Z,new-TonyWang,User,,human_account,,no,,,17dea007f2f6feebf63d1aa30684278e88eaf122,new-TonyWang,new-TonyWang,2026-08-30T17:15:36.664948+00:00
7,vllm-project/vllm,pull_request,53331,pull_commit,committed,1b583995eaf89971aad1695f75f88d26e49fde56,2026-08-20T08:51:39Z,new-TonyWang,User,,human_account,,no,,,1b583995eaf89971aad1695f75f88d26e49fde56,new-TonyWang,new-TonyWang,2026-08-30T17:15:36.664948+00:00
7,vllm-project/vllm,pull_request,53331,pull_commit,committed,38b98e9ed77906e74f7b679e32319647d31313fc,2026-08-20T08:51:39Z,new-TonyWang,User,,human_account,,no,,,38b98e9ed77906e74f7b679e32319647d31313fc,new-TonyWang,new-TonyWang,2026-08-30T17:15:36.664948+00:00
7,vllm-project/vllm,pull_request,53331,pull_commit,committed,4e4b581f9a1d1d76b21580d32341a28c718c6d56,2026-08-21T23:33:21Z,new-TonyWang,User,,human_account,,no,,,4e4b581f9a1d1d76b21580d32341a28c718c6d56,new-TonyWang,new-TonyWang,2026-08-30T17:15:36.664948+00:00
7,vllm-project/vllm,pull_request,48143,pull_commit,committed,b2afd1c2e0c0d9b24d222459609ab4f04ecd8f1f,2026-07-09T16:46:16Z,yewentao256,User,,human_account,,no,,,b2afd1c2e0c0d9b24d222459609ab4f04ecd8f1f,yewentao256,yewentao256,2026-08-30T17:15:38.726450+00:00
7,vllm-project/vllm,pull_request,48143,pull_commit,committed,b9638d32b64a19764e5e42c06eec70324ebe5261,2026-07-10T16:41:28Z,web-flow,User,,human_account,,no,,,b9638d32b64a19764e5e42c06eec70324ebe5261,yewentao256,web-flow,2026-08-30T17:15:38.726450+00:00
7,vllm-project/vllm,pull_request,48143,pull_commit,committed,a3f4ea383b185b8210774a0c60766ff08a42ae2b,2026-07-13T18:17:52Z,web-flow,User,,human_account,,no,,,a3f4ea383b185b8210774a0c60766ff08a42ae2b,yewentao256,web-flow,2026-08-30T17:15:38.726450+00:00
7,vllm-project/vllm,pull_request,48143,pull_commit,committed,5d25179968b512bcb64c5b5db953d97c6c621df4,2026-07-14T15:38:32Z,yewentao256,User,,human_account,,no,,,5d25179968b512bcb64c5b5db953d97c6c621df4,yewentao256,yewentao256,2026-08-30T17:15:38.726450+00:00
7,vllm-project/vllm,pull_request,48143,pull_commit,committed,a3dde325a3e96e43abb26b47b0762c35a834bc87,2026-07-14T17:03:26Z,web-flow,User,,human_account,,no,,,a3dde325a3e96e43abb26b47b0762c35a834bc87,yewentao256,web-flow,2026-08-30T17:15:38.726450+00:00
7,vllm-project/vllm,pull_request,48143,pull_commit,committed,530f3a4d3221586ff2a9a5c61a2e2282646cab95,2026-07-15T20:58:02Z,web-flow,User,,human_account,,no,,,530f3a4d3221586ff2a9a5c61a2e2282646cab95,mergify[bot],web-flow,2026-08-30T17:15:38.726450+00:00
7,vllm-project/vllm,pull_request,50729,pull_commit,committed,a0ffafd3d5dd10b5fc1e84731cccd9c831b14f25,2026-08-11T16:56:53Z,AndreasKaratzas,User,,human_account,,no,,,a0ffafd3d5dd10b5fc1e84731cccd9c831b14f25,AndreasKaratzas,AndreasKaratzas,2026-08-30T17:15:39.234022+00:00
7,vllm-project/vllm,pull_request,50729,pull_commit,committed,05f5647d9ba82cbe6fb506d048187109b6448391,2026-08-11T16:56:53Z,AndreasKaratzas,User,,human_account,,no,,,05f5647d9ba82cbe6fb506d048187109b6448391,AndreasKaratzas,AndreasKaratzas,2026-08-30T17:15:39.234022+00:00
7,vllm-project/vllm,pull_request,50729,pull_commit,committed,a5a0c685fb668f3c50c637eb50f556ebcb53eee8,2026-08-11T16:57:40Z,AndreasKaratzas,User,,human_account,,no,,,a5a0c685fb668f3c50c637eb50f556ebcb53eee8,AndreasKaratzas,AndreasKaratzas,2026-08-30T17:15:39.234022+00:00
7,vllm-project/vllm,pull_request,50729,pull_commit,committed,f2f609b726b49f9a1e92406d77cba1b8115afe1a,2026-08-11T18:52:27Z,web-flow,User,,human_account,,no,,,f2f609b726b49f9a1e92406d77cba1b8115afe1a,AndreasKaratzas,web-flow,2026-08-30T17:15:39.234022+00:00
7,vllm-project/vllm,pull_request,50729,pull_commit,committed,4fd9ec83538eabe756f9e698f949a6c3a5ce489b,2026-08-11T20:23:11Z,web-flow,User,,human_account,,no,,,4fd9ec83538eabe756f9e698f949a6c3a5ce489b,AndreasKaratzas,web-flow,2026-08-30T17:15:39.234022+00:00
7,vllm-project/vllm,pull_request,50729,pull_commit,committed,195f7e1fe3d6c968383726078ada97f6dc9af0a2,2026-08-12T19:42:53Z,AndreasKaratzas,User,,human_account,,no,,,195f7e1fe3d6c968383726078ada97f6dc9af0a2,AndreasKaratzas,AndreasKaratzas,2026-08-30T17:15:39.234022+00:00
7,vllm-project/vllm,pull_request,50729,pull_commit,committed,759cb10c2d5b529f2b039e29cc8bfa07e3625616,2026-08-13T06:33:09Z,AndreasKaratzas,User,,human_account,,no,,,759cb10c2d5b529f2b039e29cc8bfa07e3625616,AndreasKaratzas,AndreasKaratzas,2026-08-30T17:15:39.234022+00:00
7,vllm-project/vllm,pull_request,50729,pull_commit,committed,bfe38d5dced88c2f83afacb470cb8ae5f5cc3716,2026-08-13T06:54:09Z,web-flow,User,,human_account,,no,,,bfe38d5dced88c2f83afacb470cb8ae5f5cc3716,AndreasKaratzas,web-flow,2026-08-30T17:15:39.234022+00:00
7,vllm-project/vllm,pull_request,49818,pull_commit,committed,8c73fb3fcdbb2afc506d54b3a74acb92e9ae9dce,2026-07-25T17:53:11Z,0xdespot,User,,human_account,,no,,,8c73fb3fcdbb2afc506d54b3a74acb92e9ae9dce,0xdespot,0xdespot,2026-08-30T17:15:39.688415+00:00
7,vllm-project/vllm,pull_request,49818,pull_commit,committed,59a4cb419189319f5399ae855172fcb951cbd7fa,2026-07-25T22:23:15Z,0xdespot,User,,human_account,,no,,,59a4cb419189319f5399ae855172fcb951cbd7fa,0xdespot,0xdespot,2026-08-30T17:15:39.688415+00:00
7,vllm-project/vllm,pull_request,44797,pull_commit,committed,35ac07f409d7a23041f3fdd9851c6807fe082e77,2026-06-07T19:12:02Z,Anai-Guo,User,,human_account,,no,,,35ac07f409d7a23041f3fdd9851c6807fe082e77,Anai-Guo,Anai-Guo,2026-08-30T17:15:40.162201+00:00
7,vllm-project/vllm,pull_request,53958,pull_commit,committed,161915435b433297d253076ec6be0fe03e5ae2ce,2026-08-27T21:26:46Z,hhb,User,,human_account,,no,,,161915435b433297d253076ec6be0fe03e5ae2ce,hhb,hhb,2026-08-30T17:15:40.684809+00:00
7,vllm-project/vllm,pull_request,43425,pull_commit,committed,01e7bebf34b4ce992c07b01ecb0d9c21a5890980,2026-05-22T13:02:21Z,wangyicong52,User,,human_account,,no,,,01e7bebf34b4ce992c07b01ecb0d9c21a5890980,wangyicong52,wangyicong52,2026-08-30T17:15:41.216363+00:00
7,vllm-project/vllm,pull_request,43247,pull_commit,committed,3e31402e6503144546de597478aa20227323c92f,2026-05-20T20:24:47Z,ashwing,User,,human_account,,no,,,3e31402e6503144546de597478aa20227323c92f,ashwing,ashwing,2026-08-30T17:15:41.690667+00:00
7,vllm-project/vllm,pull_request,43247,pull_commit,committed,f71d5344364ea244c2b475ac324f7f24975adfef,2026-05-20T20:43:54Z,ashwing,User,,human_account,,no,,,f71d5344364ea244c2b475ac324f7f24975adfef,ashwing,ashwing,2026-08-30T17:15:41.690667+00:00
7,vllm-project/vllm,pull_request,43247,pull_commit,committed,6e88430cdb534f003a09786bc522b81ad04a0c87,2026-05-20T21:21:36Z,web-flow,User,,human_account,,no,,,6e88430cdb534f003a09786bc522b81ad04a0c87,ashwing,web-flow,2026-08-30T17:15:41.690667+00:00
7,vllm-project/vllm,pull_request,43247,pull_commit,committed,b2b64b781e5d536acb7fb47d821b0ac6703200dc,2026-05-20T22:14:56Z,ashwing,User,,human_account,,no,,,b2b64b781e5d536acb7fb47d821b0ac6703200dc,ashwing,ashwing,2026-08-30T17:15:41.690667+00:00
7,vllm-project/vllm,pull_request,43247,pull_commit,committed,17aeb08ba1ccd6d1111be56e04119e8ad3fbdeba,2026-05-21T05:21:33Z,web-flow,User,,human_account,,no,,,17aeb08ba1ccd6d1111be56e04119e8ad3fbdeba,ashwing,web-flow,2026-08-30T17:15:41.690667+00:00
7,vllm-project/vllm,pull_request,54290,pull_commit,committed,8d0f56a8074e215e0708c08b30bc3e5fd81f6094,2026-08-28T23:37:23Z,Vansh-Sharmaa,User,,human_account,,no,,,8d0f56a8074e215e0708c08b30bc3e5fd81f6094,Vansh-Sharmaa,Vansh-Sharmaa,2026-08-30T17:15:42.194796+00:00
7,vllm-project/vllm,pull_request,48969,pull_commit,committed,a056e0c2ee1cf932406215554b698ca8d4106d14,2026-07-28T00:38:40Z,,,,unknown,,no,,,a056e0c2ee1cf932406215554b698ca8d4106d14,,,2026-08-30T17:15:42.729834+00:00
7,vllm-project/vllm,pull_request,48969,pull_commit,committed,64b9b6ef8f97dcc609523fdea981f13468767bf7,2026-07-28T00:40:24Z,,,,unknown,,no,,,64b9b6ef8f97dcc609523fdea981f13468767bf7,,,2026-08-30T17:15:42.729834+00:00
7,vllm-project/vllm,pull_request,48969,pull_commit,committed,c3b4dc6cce90a58c1ff3af29bcc6430565d905b2,2026-07-28T00:40:30Z,,,,unknown,,no,,,c3b4dc6cce90a58c1ff3af29bcc6430565d905b2,,,2026-08-30T17:15:42.729834+00:00
7,vllm-project/vllm,pull_request,48969,pull_commit,committed,d085843cba3ed93b30184f05bd922473569ee729,2026-07-28T00:43:44Z,,,,unknown,,no,,,d085843cba3ed93b30184f05bd922473569ee729,,,2026-08-30T17:15:42.729834+00:00
7,vllm-project/vllm,pull_request,49297,pull_commit,committed,3695023d6d00c3ce2e10c1acd3a3a1baa03245ad,2026-07-21T07:18:08Z,ZeldaHuang,User,,human_account,,no,,,3695023d6d00c3ce2e10c1acd3a3a1baa03245ad,ZeldaHuang,ZeldaHuang,2026-08-30T17:15:43.304784+00:00
7,vllm-project/vllm,pull_request,49297,pull_commit,committed,5488bee5ed6f5f36e7c7ed95c005a47fcfe47afd,2026-07-21T09:48:54Z,web-flow,User,,human_account,,no,,,5488bee5ed6f5f36e7c7ed95c005a47fcfe47afd,NickLucche,web-flow,2026-08-30T17:15:43.304784+00:00
10,openai/codex,pull_request,2663,pull_commit,committed,2ab9ff698e6cc5ca32837bf10a1a469d76295dc9,2025-08-25T05:34:43Z,bolinfest,User,,human_account,,no,,,2ab9ff698e6cc5ca32837bf10a1a469d76295dc9,bolinfest,bolinfest,2026-08-30T17:15:43.867619+00:00
10,openai/codex,pull_request,1830,pull_commit,committed,210ffedab06905f17b0d8cb5851fea81ed6628fa,2025-08-04T21:43:32Z,easong-openai,User,,human_account,,no,,,210ffedab06905f17b0d8cb5851fea81ed6628fa,easong-openai,easong-openai,2026-08-30T17:15:44.306883+00:00
10,openai/codex,pull_request,1830,pull_commit,committed,502141b20f08a3fe039ee0fe5fa1ca384724bd02,2025-08-04T23:23:03Z,easong-openai,User,,human_account,,no,,,502141b20f08a3fe039ee0fe5fa1ca384724bd02,easong-openai,easong-openai,2026-08-30T17:15:44.306883+00:00
10,openai/codex,pull_request,1830,pull_commit,committed,140af73e95da1ae7f0eb9759d3553bd730b48628,2025-08-04T23:23:54Z,easong-openai,User,,human_account,,no,,,140af73e95da1ae7f0eb9759d3553bd730b48628,easong-openai,easong-openai,2026-08-30T17:15:44.306883+00:00
10,openai/codex,pull_request,1830,pull_commit,committed,043783dec7db2c9aff592d1c13a141df34ceef44,2025-08-04T23:38:57Z,easong-openai,User,,human_account,,no,,,043783dec7db2c9aff592d1c13a141df34ceef44,easong-openai,easong-openai,2026-08-30T17:15:44.306883+00:00
10,openai/codex,pull_request,1830,pull_commit,committed,fbd9051eb6c14cf196a8a84b2ec4527c7686de91,2025-08-04T23:42:10Z,easong-openai,User,,human_account,,no,,,fbd9051eb6c14cf196a8a84b2ec4527c7686de91,easong-openai,easong-openai,2026-08-30T17:15:44.306883+00:00
10,openai/codex,pull_request,1830,pull_commit,committed,ea29762a51b9d274ad3e3f4767448de706fd9021,2025-08-05T02:11:53Z,easong-openai,User,,human_account,,no,,,ea29762a51b9d274ad3e3f4767448de706fd9021,easong-openai,easong-openai,2026-08-30T17:15:44.306883+00:00
10,openai/codex,pull_request,1830,pull_commit,committed,6f07119c6fc55bfd7536a0fc53aae4fb4290dfa1,2025-08-05T18:46:50Z,web-flow,User,,human_account,,no,,,6f07119c6fc55bfd7536a0fc53aae4fb4290dfa1,easong-openai,web-flow,2026-08-30T17:15:44.306883+00:00
10,openai/codex,pull_request,1830,pull_commit,committed,3edf1cabcc6154a94e48b360fa55a2298f2c973e,2025-08-07T03:48:44Z,easong-openai,User,,human_account,,no,,,3edf1cabcc6154a94e48b360fa55a2298f2c973e,easong-openai,easong-openai,2026-08-30T17:15:44.306883+00:00
10,openai/codex,pull_request,1830,pull_commit,committed,651410144332db638020e1648bbf16a61452bf18,2025-08-07T04:02:25Z,easong-openai,User,,human_account,,no,,,651410144332db638020e1648bbf16a61452bf18,easong-openai,easong-openai,2026-08-30T17:15:44.306883+00:00
10,openai/codex,pull_request,1830,pull_commit,committed,2cd7f69115725615dddeecaaabd8564cc3911fb0,2025-08-07T04:06:41Z,easong-openai,User,,human_account,,no,,,2cd7f69115725615dddeecaaabd8564cc3911fb0,easong-openai,easong-openai,2026-08-30T17:15:44.306883+00:00
10,openai/codex,pull_request,1808,pull_commit,committed,1de516e78693d02fedc99053947f158a341e25e4,2025-08-03T05:59:18Z,davidhao3300,User,,human_account,,no,,,1de516e78693d02fedc99053947f158a341e25e4,davidhao3300,davidhao3300,2026-08-30T17:15:44.771128+00:00
10,openai/codex,pull_request,1808,pull_commit,committed,f0e8fefe9309d45999806f015adae27e89d770c0,2025-08-03T06:03:17Z,davidhao3300,User,,human_account,,no,,,f0e8fefe9309d45999806f015adae27e89d770c0,davidhao3300,davidhao3300,2026-08-30T17:15:44.771128+00:00
10,openai/codex,pull_request,2046,pull_commit,committed,4c53432fe3cd10d5192f5a3c35e0c35ab498b43c,2025-09-08T21:29:39Z,jlebar,User,,human_account,,no,,,4c53432fe3cd10d5192f5a3c35e0c35ab498b43c,jlebar,jlebar,2026-08-30T17:15:45.220529+00:00
10,openai/codex,pull_request,787,pull_commit,committed,48a15728e2da5d14a3d807f7a413354900067d10,2025-05-02T19:46:04Z,bolinfest,User,,human_account,,no,,,48a15728e2da5d14a3d807f7a413354900067d10,bolinfest,bolinfest,2026-08-30T17:15:45.674117+00:00
10,openai/codex,pull_request,2749,pull_commit,committed,f8ab5228b9da112f9c8f50118b0f9ed013a02720,2025-08-27T05:19:39Z,gpeal,User,,human_account,,no,,,f8ab5228b9da112f9c8f50118b0f9ed013a02720,gpeal,gpeal,2026-08-30T17:15:46.198214+00:00
10,openai/codex,pull_request,2749,pull_commit,committed,5a0be046c3e1b4ce1a897fb3373c78558433c135,2025-08-27T05:31:02Z,gpeal,User,,human_account,,no,,,5a0be046c3e1b4ce1a897fb3373c78558433c135,gpeal,gpeal,2026-08-30T17:15:46.198214+00:00
10,openai/codex,pull_request,2477,pull_commit,committed,37ac3329045f7dd0b98578d76e1ae6ae2f27e010,2025-08-20T00:12:16Z,dylan-hurd-oai,User,,human_account,,no,,,37ac3329045f7dd0b98578d76e1ae6ae2f27e010,dylan-hurd-oai,dylan-hurd-oai,2026-08-30T17:15:46.720381+00:00
10,openai/codex,pull_request,2477,pull_commit,committed,cbd759162de42a8cb124853d37227c64ce23288c,2025-08-20T00:47:01Z,dylan-hurd-oai,User,,human_account,,no,,,cbd759162de42a8cb124853d37227c64ce23288c,dylan-hurd-oai,dylan-hurd-oai,2026-08-30T17:15:46.720381+00:00
10,openai/codex,pull_request,2596,pull_commit,committed,72d8bde98864cdee072b309070585654944c0e97,2025-08-25T22:09:37Z,dylan-hurd-oai,User,,human_account,,no,,,72d8bde98864cdee072b309070585654944c0e97,dylan-hurd-oai,dylan-hurd-oai,2026-08-30T17:15:47.207518+00:00
10,openai/codex,pull_request,1926,pull_commit,committed,41fda47b4eb4fd0d46d7ccbb591020d3d47ee89c,2025-08-07T06:11:00Z,ae-openai,User,,human_account,,no,,,41fda47b4eb4fd0d46d7ccbb591020d3d47ee89c,ae-openai,ae-openai,2026-08-30T17:15:48.142912+00:00
10,openai/codex,pull_request,1128,pull_commit,committed,efed81611db8b527af1a425cc22c92e35f61ae81,2025-05-27T07:30:47Z,chengyitang,User,,human_account,,no,,,efed81611db8b527af1a425cc22c92e35f61ae81,chengyitang,chengyitang,2026-08-30T17:15:48.600323+00:00
10,openai/codex,pull_request,1128,pull_commit,committed,dd22b8ca6e894cb143140a1b9ad2f43a3dac66e5,2025-05-27T07:30:47Z,chengyitang,User,,human_account,,no,,,dd22b8ca6e894cb143140a1b9ad2f43a3dac66e5,chengyitang,chengyitang,2026-08-30T17:15:48.600323+00:00
10,openai/codex,pull_request,958,pull_commit,committed,649ac117f0458040ba6e7cabce4327a414463515,2025-05-16T16:36:22Z,bolinfest,User,,human_account,,no,,,649ac117f0458040ba6e7cabce4327a414463515,bolinfest,bolinfest,2026-08-30T17:15:49.086237+00:00
10,openai/codex,pull_request,2571,pull_commit,committed,21d01fd2c08eb4cfa09db5e7b468ddbd45178165,2025-08-22T01:27:39Z,dylan-hurd-oai,User,,human_account,,no,,,21d01fd2c08eb4cfa09db5e7b468ddbd45178165,dylan-hurd-oai,dylan-hurd-oai,2026-08-30T17:15:49.624709+00:00
10,openai/codex,pull_request,2571,pull_commit,committed,e8abe15dadc50b8ea5e563da2f301313cfdb0adf,2025-08-22T01:30:38Z,web-flow,User,,human_account,,no,,,e8abe15dadc50b8ea5e563da2f301313cfdb0adf,dylan-hurd-oai,web-flow,2026-08-30T17:15:49.624709+00:00
10,openai/codex,pull_request,1185,pull_commit,committed,7bda9d1fbc24d1c7daee396ea0f14b4ffae556e9,2025-05-31T06:56:23Z,bolinfest,User,,human_account,,no,,,7bda9d1fbc24d1c7daee396ea0f14b4ffae556e9,bolinfest,bolinfest,2026-08-30T17:15:50.590911+00:00
10,openai/codex,pull_request,2633,pull_commit,committed,fad99960c3d463b9cae2dffeb9247ba09f506348,2025-08-23T21:53:30Z,nornagon-openai,User,,human_account,,no,,,fad99960c3d463b9cae2dffeb9247ba09f506348,nornagon-openai,nornagon-openai,2026-08-30T17:15:51.098323+00:00
10,openai/codex,pull_request,2633,pull_commit,committed,5ea08d715005186631b5b72e9ba334dae4358e52,2025-08-23T22:23:24Z,nornagon-openai,User,,human_account,,no,,,5ea08d715005186631b5b72e9ba334dae4358e52,nornagon-openai,nornagon-openai,2026-08-30T17:15:51.098323+00:00
10,openai/codex,pull_request,2633,pull_commit,committed,2ffa00907037cf856dff7b804fdcfec9e878c73f,2025-08-24T02:36:25Z,nornagon-openai,User,,human_account,,no,,,2ffa00907037cf856dff7b804fdcfec9e878c73f,nornagon-openai,nornagon-openai,2026-08-30T17:15:51.098323+00:00
10,openai/codex,pull_request,2633,pull_commit,committed,3fffcb55420ff652ba84a5140341b37e6eba13d6,2025-08-24T02:36:28Z,nornagon-openai,User,,human_account,,no,,,3fffcb55420ff652ba84a5140341b37e6eba13d6,nornagon-openai,nornagon-openai,2026-08-30T17:15:51.098323+00:00
10,openai/codex,pull_request,2043,pull_commit,committed,b1a070e6bfe819324dec0b4c73c4d7e0dd43a837,2025-08-08T22:09:47Z,bolinfest,User,,human_account,,no,,,b1a070e6bfe819324dec0b4c73c4d7e0dd43a837,bolinfest,bolinfest,2026-08-30T17:15:51.561381+00:00
10,openai/codex,pull_request,2413,pull_commit,committed,8c9c15c860399111b2b22cd433fcbf0c615ca312,2025-08-18T07:32:19Z,seratch,User,,human_account,,no,,,8c9c15c860399111b2b22cd433fcbf0c615ca312,seratch,seratch,2026-08-30T17:15:52.076286+00:00
10,openai/codex,pull_request,2481,pull_commit,committed,bff4435c8058b06850f5d5f2b1c09d8ebe6ce21b,2025-08-10T21:19:27Z,web-flow,User,,human_account,,no,,,bff4435c8058b06850f5d5f2b1c09d8ebe6ce21b,bolinfest,web-flow,2026-08-30T17:15:53.079178+00:00
10,openai/codex,pull_request,2481,pull_commit,committed,f146981b734a6cc2de8eceebb94cac8f53b3f694,2025-08-11T00:57:39Z,web-flow,User,,human_account,,no,,,f146981b734a6cc2de8eceebb94cac8f53b3f694,yaroslavyaroslav,web-flow,2026-08-30T17:15:53.079178+00:00
10,openai/codex,pull_request,2481,pull_commit,committed,9d8d7d8704083fea6cefe6e7a6863f9775807385,2025-08-11T04:32:56Z,web-flow,User,,human_account,,no,,,9d8d7d8704083fea6cefe6e7a6863f9775807385,gpeal,web-flow,2026-08-30T17:15:53.079178+00:00
10,openai/codex,pull_request,2481,pull_commit,committed,a191945ed696c2e0a61d33995a474e5fd9446b24,2025-08-11T14:19:15Z,web-flow,User,,human_account,,no,,,a191945ed696c2e0a61d33995a474e5fd9446b24,ae-openai,web-flow,2026-08-30T17:15:53.079178+00:00
10,openai/codex,pull_request,2481,pull_commit,committed,c61911524d839f5d56842faee0c46f6ef52d4387,2025-08-11T16:08:21Z,web-flow,User,,human_account,,no,,,c61911524d839f5d56842faee0c46f6ef52d4387,dependabot[bot],web-flow,2026-08-30T17:15:53.079178+00:00
10,openai/codex,pull_request,2481,pull_commit,committed,0aa7efe05b28f07f35570ce2fa0bad406782c444,2025-08-11T17:35:03Z,web-flow,User,,human_account,,no,,,0aa7efe05b28f07f35570ce2fa0bad406782c444,pakrym-oai,web-flow,2026-08-30T17:15:53.079178+00:00
10,openai/codex,pull_request,2481,pull_commit,committed,fa0a879444a13b1ed1445cc21b78a4a740ac37f0,2025-08-11T17:41:23Z,web-flow,User,,human_account,,no,,,fa0a879444a13b1ed1445cc21b78a4a740ac37f0,aibrahim-oai,web-flow,2026-08-30T17:15:53.079178+00:00
10,openai/codex,pull_request,2481,pull_commit,committed,7f6408720b66204a4ac8b2432515de7447acaa21,2025-08-11T18:26:15Z,web-flow,User,,human_account,,no,,,7f6408720b66204a4ac8b2432515de7447acaa21,gpeal,web-flow,2026-08-30T17:15:53.079178+00:00
10,openai/codex,pull_request,2481,pull_commit,committed,c6b46fe2202dde895e7870594242a96376faeac2,2025-08-11T18:38:47Z,web-flow,User,,human_account,,no,,,c6b46fe2202dde895e7870594242a96376faeac2,dylan-hurd-oai,web-flow,2026-08-30T17:15:53.079178+00:00
10,openai/codex,pull_request,2481,pull_commit,committed,b76a562c49b04e85854ec0e9681d2358a80f0527,2025-08-11T18:43:58Z,web-flow,User,,human_account,,no,,,b76a562c49b04e85854ec0e9681d2358a80f0527,gpeal,web-flow,2026-08-30T17:15:53.079178+00:00
10,openai/codex,pull_request,2481,pull_commit,committed,0cf57e1f42b54fb1ed9e6af6fdfd18da106e4298,2025-08-11T18:52:05Z,web-flow,User,,human_account,,no,,,0cf57e1f42b54fb1ed9e6af6fdfd18da106e4298,pakrym-oai,web-flow,2026-08-30T17:15:53.079178+00:00
10,openai/codex,pull_request,2481,pull_commit,committed,85e4f564a33a3a877fc4f279bf870c7ef9ed2645,2025-08-11T19:31:34Z,web-flow,User,,human_account,,no,,,85e4f564a33a3a877fc4f279bf870c7ef9ed2645,aibrahim-oai,web-flow,2026-08-30T17:15:53.079178+00:00
10,openai/codex,pull_request,2481,pull_commit,committed,4368f075d0bcd5323044dfb7b28b6e689d7832e8,2025-08-11T19:40:12Z,web-flow,User,,human_account,,no,,,4368f075d0bcd5323044dfb7b28b6e689d7832e8,gpeal,web-flow,2026-08-30T17:15:53.079178+00:00
10,openai/codex,pull_request,2481,pull_commit,committed,5f8984aa7d550955eb5f894d5c29adc2b9901da2,2025-08-11T20:11:04Z,web-flow,User,,human_account,,no,,,5f8984aa7d550955eb5f894d5c29adc2b9901da2,dylan-hurd-oai,web-flow,2026-08-30T17:15:53.079178+00:00
10,openai/codex,pull_request,2481,pull_commit,committed,a48372ce5dbfdef94fdb91a173df93119a5aee90,2025-08-11T21:15:41Z,web-flow,User,,human_account,,no,,,a48372ce5dbfdef94fdb91a173df93119a5aee90,ae-openai,web-flow,2026-08-30T17:15:53.079178+00:00
10,openai/codex,pull_request,2481,pull_commit,committed,52bd7f66607edfdb74da15e3c518cc4c8d55fa3e,2025-08-11T22:08:58Z,web-flow,User,,human_account,,no,,,52bd7f66607edfdb74da15e3c518cc4c8d55fa3e,bolinfest,web-flow,2026-08-30T17:15:53.079178+00:00
10,openai/codex,pull_request,2481,pull_commit,committed,6220e8ac2e4c18016ce53d6eff52dca349ddc4c6,2025-08-11T23:11:46Z,web-flow,User,,human_account,,no,,,6220e8ac2e4c18016ce53d6eff52dca349ddc4c6,gpeal,web-flow,2026-08-30T17:15:53.079178+00:00
10,openai/codex,pull_request,2481,pull_commit,committed,6a6bf99e2c24925f773bb6459616216a240eee9a,2025-08-11T23:37:45Z,web-flow,User,,human_account,,no,,,6a6bf99e2c24925f773bb6459616216a240eee9a,pakrym-oai,web-flow,2026-08-30T17:15:53.079178+00:00
10,openai/codex,pull_request,2481,pull_commit,committed,d33793d31d1e21b60b03ad3a6d9eaf9089415af7,2025-08-12T00:03:13Z,web-flow,User,,human_account,,no,,,d33793d31d1e21b60b03ad3a6d9eaf9089415af7,dylan-hurd-oai,web-flow,2026-08-30T17:15:53.079178+00:00
10,openai/codex,pull_request,2481,pull_commit,committed,ae81fbf83f882371308ce4ea5dcc334cb28d6164,2025-08-12T00:11:36Z,web-flow,User,,human_account,,no,,,ae81fbf83f882371308ce4ea5dcc334cb28d6164,bolinfest,web-flow,2026-08-30T17:15:53.079178+00:00
10,openai/codex,pull_request,2481,pull_commit,committed,8d2c5d0d98a2355a79431320609e30874a08a450,2025-08-12T00:13:37Z,web-flow,User,,human_account,,no,,,8d2c5d0d98a2355a79431320609e30874a08a450,dependabot[bot],web-flow,2026-08-30T17:15:53.079178+00:00
10,openai/codex,pull_request,2481,pull_commit,committed,e98bdad1a2b5cd532399cac7b1c57c080a6a278b,2025-08-12T00:21:14Z,web-flow,User,,human_account,,no,,,e98bdad1a2b5cd532399cac7b1c57c080a6a278b,bolinfest,web-flow,2026-08-30T17:15:53.079178+00:00
10,openai/codex,pull_request,2481,pull_commit,committed,8e542dc79ae377e7aed0f42bb033bd5c9769f153,2025-08-12T00:52:26Z,web-flow,User,,human_account,,no,,,8e542dc79ae377e7aed0f42bb033bd5c9769f153,dependabot[bot],web-flow,2026-08-30T17:15:53.079178+00:00
10,openai/codex,pull_request,2481,pull_commit,committed,5188c8b6e6c41e315bfefa0a830a73434ff0869e,2025-08-12T00:58:07Z,web-flow,User,,human_account,,no,,,5188c8b6e6c41e315bfefa0a830a73434ff0869e,dependabot[bot],web-flow,2026-08-30T17:15:53.079178+00:00
10,openai/codex,pull_request,2481,pull_commit,committed,39276e82d4a02e527a85694ee7e901bdbcc9548f,2025-08-12T01:00:59Z,web-flow,User,,human_account,,no,,,39276e82d4a02e527a85694ee7e901bdbcc9548f,dependabot[bot],web-flow,2026-08-30T17:15:53.079178+00:00
10,openai/codex,pull_request,2481,pull_commit,committed,336952ae2ec3f5a8c3fda2cf22cda5938b72b2d5,2025-08-12T01:32:59Z,web-flow,User,,human_account,,no,,,336952ae2ec3f5a8c3fda2cf22cda5938b72b2d5,aibrahim-oai,web-flow,2026-08-30T17:15:53.079178+00:00
10,openai/codex,pull_request,2481,pull_commit,committed,7051a528a3227d9b28dc9a86828066b85454276e,2025-08-12T04:54:30Z,web-flow,User,,human_account,,no,,,7051a528a3227d9b28dc9a86828066b85454276e,dependabot[bot],web-flow,2026-08-30T17:15:53.079178+00:00
10,openai/codex,pull_request,2481,pull_commit,committed,320f150c680598fe17269f5caf1b9d4660af06e2,2025-08-12T05:03:58Z,web-flow,User,,human_account,,no,,,320f150c680598fe17269f5caf1b9d4660af06e2,ae-openai,web-flow,2026-08-30T17:15:53.079178+00:00
10,openai/codex,pull_request,2481,pull_commit,committed,596a9d6a96ff4e77ee2f9cc76b17e817e46e18a2,2025-08-12T15:59:35Z,web-flow,User,,human_account,,no,,,596a9d6a96ff4e77ee2f9cc76b17e817e46e18a2,bolinfest,web-flow,2026-08-30T17:15:53.079178+00:00
10,openai/codex,pull_request,2481,pull_commit,committed,e8670ad84041dad3a46ac23a901d54e9c218f992,2025-08-12T16:20:59Z,web-flow,User,,human_account,,no,,,e8670ad84041dad3a46ac23a901d54e9c218f992,pakrym-oai,web-flow,2026-08-30T17:15:53.079178+00:00
10,openai/codex,pull_request,2481,pull_commit,committed,cb78f2333e30a5ca2ec0d0f013ecca894cb9b137,2025-08-12T16:40:04Z,web-flow,User,,human_account,,no,,,cb78f2333e30a5ca2ec0d0f013ecca894cb9b137,pakrym-oai,web-flow,2026-08-30T17:15:53.079178+00:00
10,openai/codex,pull_request,2481,pull_commit,committed,90d892f4fd5ffaf35b3dacabacdd260d76039581,2025-08-12T17:19:07Z,web-flow,User,,human_account,,no,,,90d892f4fd5ffaf35b3dacabacdd260d76039581,dylan-hurd-oai,web-flow,2026-08-30T17:15:53.079178+00:00
10,openai/codex,pull_request,2481,pull_commit,committed,eaa3969e681c1cea592777361183eb27c6c0a1a9,2025-08-12T20:26:57Z,web-flow,User,,human_account,,no,,,eaa3969e681c1cea592777361183eb27c6c0a1a9,edward-bayes-oai,web-flow,2026-08-30T17:15:53.079178+00:00
10,openai/codex,pull_request,2481,pull_commit,committed,6c254ca3e7bb7e30cbcc51dfc26c9591de09460f,2025-08-12T22:35:20Z,web-flow,User,,human_account,,no,,,6c254ca3e7bb7e30cbcc51dfc26c9591de09460f,pakrym-oai,web-flow,2026-08-30T17:15:53.079178+00:00
10,openai/codex,pull_request,2481,pull_commit,committed,12cf0dd868cc38eb6198d716110d6e186025d411,2025-08-12T22:43:07Z,web-flow,User,,human_account,,no,,,12cf0dd868cc38eb6198d716110d6e186025d411,pakrym-oai,web-flow,2026-08-30T17:15:53.079178+00:00
10,openai/codex,pull_request,2481,pull_commit,committed,97a27ffc77b1866205a4c01b37cf33f789f361de,2025-08-12T22:56:45Z,web-flow,User,,human_account,,no,,,97a27ffc77b1866205a4c01b37cf33f789f361de,pakrym-oai,web-flow,2026-08-30T17:15:53.079178+00:00
10,openai/codex,pull_request,2481,pull_commit,committed,6340acd8852ecc74d4eb735608f7f1eac5a0af5f,2025-08-13T00:37:28Z,web-flow,User,,human_account,,no,,,6340acd8852ecc74d4eb735608f7f1eac5a0af5f,easong-openai,web-flow,2026-08-30T17:15:53.079178+00:00
10,openai/codex,pull_request,2481,pull_commit,committed,c991c6ef8559adce5314907b8bfd41ceb7bb3962,2025-08-13T01:12:31Z,web-flow,User,,human_account,,no,,,c991c6ef8559adce5314907b8bfd41ceb7bb3962,easong-openai,web-flow,2026-08-30T17:15:53.079178+00:00
10,openai/codex,pull_request,2481,pull_commit,committed,e6dc5a6df5096a86eb393f191e6eeec49a6a549a,2025-08-13T16:39:11Z,web-flow,User,,human_account,,no,,,e6dc5a6df5096a86eb393f191e6eeec49a6a549a,pakrym-oai,web-flow,2026-08-30T17:15:53.079178+00:00
10,openai/codex,pull_request,2481,pull_commit,committed,0159bc7bdb1e6da8c6f51adca1cee8dfb067c7c8,2025-08-13T17:37:39Z,web-flow,User,,human_account,,no,,,0159bc7bdb1e6da8c6f51adca1cee8dfb067c7c8,amjith-openai,web-flow,2026-08-30T17:15:53.079178+00:00
10,openai/codex,pull_request,2481,pull_commit,committed,cb312dfdb4bae00f89e797c2319dca7c777a64cc,2025-08-13T18:10:48Z,web-flow,User,,human_account,,no,,,cb312dfdb4bae00f89e797c2319dca7c777a64cc,easong-openai,web-flow,2026-08-30T17:15:53.079178+00:00
10,openai/codex,pull_request,2481,pull_commit,committed,30ee24521b79cdebc8bae084385550d86db7142a,2025-08-13T19:05:13Z,web-flow,User,,human_account,,no,,,30ee24521b79cdebc8bae084385550d86db7142a,ae-openai,web-flow,2026-08-30T17:15:53.079178+00:00
10,openai/codex,pull_request,2481,pull_commit,committed,08ed618f72d61702ce1e2ce6b868ddfe0c848ef5,2025-08-13T20:38:18Z,web-flow,User,,human_account,,no,,,08ed618f72d61702ce1e2ce6b868ddfe0c848ef5,bolinfest,web-flow,2026-08-30T17:15:53.079178+00:00
10,openai/codex,pull_request,2481,pull_commit,committed,99a242ef41129c852e62cd921ac209e2e58bcf20,2025-08-13T20:49:27Z,web-flow,User,,human_account,,no,,,99a242ef41129c852e62cd921ac209e2e58bcf20,dylan-hurd-oai,web-flow,2026-08-30T17:15:53.079178+00:00
10,openai/codex,pull_request,2481,pull_commit,committed,d4533a0bb33f61e8214af3085eb8a95fb159dfd5,2025-08-13T21:21:24Z,web-flow,User,,human_account,,no,,,d4533a0bb33f61e8214af3085eb8a95fb159dfd5,aibrahim-oai,web-flow,2026-08-30T17:15:53.079178+00:00
10,openai/codex,pull_request,2481,pull_commit,committed,37fc4185ef5202a6a02f769a85f56c1abb66ded0,2025-08-13T21:29:13Z,web-flow,User,,human_account,,no,,,37fc4185ef5202a6a02f769a85f56c1abb66ded0,bolinfest,web-flow,2026-08-30T17:15:53.079178+00:00
10,openai/codex,pull_request,2481,pull_commit,committed,41eb59a07db3d515b99f288cd717878bd1a12779,2025-08-13T22:43:54Z,web-flow,User,,human_account,,no,,,41eb59a07db3d515b99f288cd717878bd1a12779,pakrym-oai,web-flow,2026-08-30T17:15:53.079178+00:00
10,openai/codex,pull_request,2481,pull_commit,committed,cbf972007a0e175a7c63a5d9fd98ae82a3bab7f9,2025-08-13T22:50:50Z,web-flow,User,,human_account,,no,,,cbf972007a0e175a7c63a5d9fd98ae82a3bab7f9,aibrahim-oai,web-flow,2026-08-30T17:15:53.079178+00:00
10,openai/codex,pull_request,2481,pull_commit,committed,bb9ce3cb781b6cdd3a3565566a49d2a8717313cd,2025-08-13T23:14:03Z,web-flow,User,,human_account,,no,,,bb9ce3cb781b6cdd3a3565566a49d2a8717313cd,nornagon-openai,web-flow,2026-08-30T17:15:53.079178+00:00
10,openai/codex,pull_request,2481,pull_commit,committed,3a0656df63f2806d080e2688d1d61126763c280e,2025-08-13T23:27:20Z,web-flow,User,,human_account,,no,,,3a0656df63f2806d080e2688d1d61126763c280e,bolinfest,web-flow,2026-08-30T17:15:53.079178+00:00
10,openai/codex,pull_request,2481,pull_commit,committed,de2c6a2ce77240003dc5addf92d2681758b20088,2025-08-14T00:02:50Z,web-flow,User,,human_account,,no,,,de2c6a2ce77240003dc5addf92d2681758b20088,pakrym-oai,web-flow,2026-08-30T17:15:53.079178+00:00
10,openai/codex,pull_request,2481,pull_commit,committed,e7bad650ff34580f3973b297a2626f7336a22e07,2025-08-14T00:36:29Z,web-flow,User,,human_account,,no,,,e7bad650ff34580f3973b297a2626f7336a22e07,bolinfest,web-flow,2026-08-30T17:15:53.079178+00:00
10,openai/codex,pull_request,2481,pull_commit,committed,a62510e0ae9a95f074e99820daa1bc82f73c113e,2025-08-14T00:54:12Z,web-flow,User,,human_account,,no,,,a62510e0ae9a95f074e99820daa1bc82f73c113e,bolinfest,web-flow,2026-08-30T17:15:53.079178+00:00
10,openai/codex,pull_request,2481,pull_commit,committed,f1be7978cf516c393b904003eccac688c16de512,2025-08-14T01:39:58Z,web-flow,User,,human_account,,no,,,f1be7978cf516c393b904003eccac688c16de512,pakrym-oai,web-flow,2026-08-30T17:15:53.079178+00:00
10,openai/codex,pull_request,2481,pull_commit,committed,e8ffecd632584e57bf3a670ecf46c54ad4f3e424,2025-08-14T01:56:29Z,web-flow,User,,human_account,,no,,,e8ffecd632584e57bf3a670ecf46c54ad4f3e424,gpeal,web-flow,2026-08-30T17:15:53.079178+00:00
10,openai/codex,pull_request,2481,pull_commit,committed,6d0eb9128e1ab1a049220000ff811334f58de74b,2025-08-14T03:08:35Z,web-flow,User,,human_account,,no,,,6d0eb9128e1ab1a049220000ff811334f58de74b,seratch,web-flow,2026-08-30T17:15:53.079178+00:00
10,openai/codex,pull_request,2481,pull_commit,committed,085f166707b4e3b4bddf34a9599201460d135ea8,2025-08-14T05:53:54Z,web-flow,User,,human_account,,no,,,085f166707b4e3b4bddf34a9599201460d135ea8,bolinfest,web-flow,2026-08-30T17:15:53.079178+00:00
10,openai/codex,pull_request,2481,pull_commit,committed,539f4b290e2e960c4347c1e9ce4648c4578e1729,2025-08-14T06:00:50Z,web-flow,User,,human_account,,no,,,539f4b290e2e960c4347c1e9ce4648c4578e1729,bolinfest,web-flow,2026-08-30T17:15:53.079178+00:00
10,openai/codex,pull_request,2481,pull_commit,committed,f968a1327ad39a7786759ea8f1d1c088fe41e91b,2025-08-14T06:12:03Z,web-flow,User,,human_account,,no,,,f968a1327ad39a7786759ea8f1d1c088fe41e91b,bolinfest,web-flow,2026-08-30T17:15:53.079178+00:00
10,openai/codex,pull_request,2481,pull_commit,committed,cf7a7e63a376a90a51bd793319b5a323ab62834d,2025-08-14T16:55:28Z,web-flow,User,,human_account,,no,,,cf7a7e63a376a90a51bd793319b5a323ab62834d,bolinfest,web-flow,2026-08-30T17:15:53.079178+00:00
10,openai/codex,pull_request,2481,pull_commit,committed,cdd33b2c0448b65c8c2467ccba4e45de30ddf762,2025-08-14T17:58:04Z,web-flow,User,,human_account,,no,,,cdd33b2c0448b65c8c2467ccba4e45de30ddf762,gpeal,web-flow,2026-08-30T17:15:53.079178+00:00
10,openai/codex,pull_request,2481,pull_commit,committed,585f7b06797ace32ea51d06797f7a120f0c4d441,2025-08-14T18:10:05Z,web-flow,User,,human_account,,no,,,585f7b06797ace32ea51d06797f7a120f0c4d441,nornagon-openai,web-flow,2026-08-30T17:15:53.079178+00:00
10,openai/codex,pull_request,2481,pull_commit,committed,b42e679227a5ffd8bedaf5018b2996a1e3500de7,2025-08-14T18:10:21Z,web-flow,User,,human_account,,no,,,b42e679227a5ffd8bedaf5018b2996a1e3500de7,nornagon-openai,web-flow,2026-08-30T17:15:53.079178+00:00
10,openai/codex,pull_request,2481,pull_commit,committed,544980c00881a8d40a9a4b43aaf7d983c8e17893,2025-08-14T18:51:13Z,web-flow,User,,human_account,,no,,,544980c00881a8d40a9a4b43aaf7d983c8e17893,dylan-hurd-oai,web-flow,2026-08-30T17:15:53.079178+00:00
10,openai/codex,pull_request,2481,pull_commit,committed,475ba134790833ac8b0b766af7da0d8043ec79fd,2025-08-14T19:30:41Z,web-flow,User,,human_account,,no,,,475ba134790833ac8b0b766af7da0d8043ec79fd,nornagon-openai,web-flow,2026-08-30T17:15:53.079178+00:00
10,openai/codex,pull_request,2481,pull_commit,committed,b62c2d95527c8b388fd0e541d920dedec5745175,2025-08-14T20:01:15Z,web-flow,User,,human_account,,no,,,b62c2d95527c8b388fd0e541d920dedec5745175,aibrahim-oai,web-flow,2026-08-30T17:15:53.079178+00:00
10,openai/codex,pull_request,2481,pull_commit,committed,8f11652458e0efc6e0a3969c087370ed958d3861,2025-08-14T20:29:58Z,web-flow,User,,human_account,,no,,,8f11652458e0efc6e0a3969c087370ed958d3861,bolinfest,web-flow,2026-08-30T17:15:53.079178+00:00
10,openai/codex,pull_request,2481,pull_commit,committed,c25f3ea53e39978b988173934c26fcd6cd1754b8,2025-08-14T20:57:15Z,web-flow,User,,human_account,,no,,,c25f3ea53e39978b988173934c26fcd6cd1754b8,bolinfest,web-flow,2026-08-30T17:15:53.079178+00:00
10,openai/codex,pull_request,2481,pull_commit,committed,fd2b059504855e24cdc6e31b5f5493698f3c42fb,2025-08-14T20:58:51Z,web-flow,User,,human_account,,no,,,fd2b059504855e24cdc6e31b5f5493698f3c42fb,nornagon-openai,web-flow,2026-08-30T17:15:53.079178+00:00
10,openai/codex,pull_request,2481,pull_commit,committed,20cd61e2a464684f8d1ff8d83d7ec95d5fe52d72,2025-08-14T20:59:47Z,web-flow,User,,human_account,,no,,,20cd61e2a464684f8d1ff8d83d7ec95d5fe52d72,nornagon-openai,web-flow,2026-08-30T17:15:53.079178+00:00
10,openai/codex,pull_request,2481,pull_commit,committed,7038827bf436e0cb2ebb9e7d4489ea66db0d6774,2025-08-14T21:08:29Z,web-flow,User,,human_account,,no,,,7038827bf436e0cb2ebb9e7d4489ea66db0d6774,nornagon-openai,web-flow,2026-08-30T17:15:53.079178+00:00
10,openai/codex,pull_request,2481,pull_commit,committed,992e81d9b525446660169ee6e7321ebc13c023fd,2025-08-14T21:23:06Z,web-flow,User,,human_account,,no,,,992e81d9b525446660169ee6e7321ebc13c023fd,davidhao3300,web-flow,2026-08-30T17:15:53.079178+00:00
10,openai/codex,pull_request,2481,pull_commit,committed,a8c7f5391c852913dba4b179f0a9125f9de12688,2025-08-14T21:48:38Z,web-flow,User,,human_account,,no,,,a8c7f5391c852913dba4b179f0a9125f9de12688,bolinfest,web-flow,2026-08-30T17:15:53.079178+00:00
10,openai/codex,pull_request,2481,pull_commit,committed,2ecca79663849f527f3b75706f416d289269cd55,2025-08-14T22:47:48Z,web-flow,User,,human_account,,no,,,2ecca79663849f527f3b75706f416d289269cd55,bolinfest,web-flow,2026-08-30T17:15:53.079178+00:00
10,openai/codex,pull_request,2481,pull_commit,committed,6a0f709cff9af480045adc9700c85039fd4c88f0,2025-08-14T23:09:12Z,web-flow,User,,human_account,,no,,,6a0f709cff9af480045adc9700c85039fd4c88f0,bolinfest,web-flow,2026-08-30T17:15:53.079178+00:00
10,openai/codex,pull_request,2481,pull_commit,committed,235987843c3d6647c0819c1071f9b9f064673e9c,2025-08-14T23:32:45Z,web-flow,User,,human_account,,no,,,235987843c3d6647c0819c1071f9b9f064673e9c,nornagon-openai,web-flow,2026-08-30T17:15:53.079178+00:00
10,openai/codex,pull_request,2481,pull_commit,committed,333803ed04efe657f9117b5018e8e952dd54fd0d,2025-08-15T00:00:19Z,web-flow,User,,human_account,,no,,,333803ed04efe657f9117b5018e8e952dd54fd0d,bolinfest,web-flow,2026-08-30T17:15:53.079178+00:00
10,openai/codex,pull_request,2481,pull_commit,committed,afc377bae545398b0d41f9dcc7e541b191a8960e,2025-08-15T00:01:19Z,web-flow,User,,human_account,,no,,,afc377bae545398b0d41f9dcc7e541b191a8960e,nornagon-openai,web-flow,2026-08-30T17:15:53.079178+00:00
10,openai/codex,pull_request,2481,pull_commit,committed,e9b597cfa3c78a239c914ad1ff0ff2c6f5e3310a,2025-08-15T00:11:26Z,web-flow,User,,human_account,,no,,,e9b597cfa3c78a239c914ad1ff0ff2c6f5e3310a,easong-openai,web-flow,2026-08-30T17:15:53.079178+00:00
10,openai/codex,pull_request,2481,pull_commit,committed,c26d42ab69dd17c9ac2732aff8fc84aea8099c34,2025-08-15T00:12:41Z,web-flow,User,,human_account,,no,,,c26d42ab69dd17c9ac2732aff8fc84aea8099c34,wpt-oai,web-flow,2026-08-30T17:15:53.079178+00:00
10,openai/codex,pull_request,2481,pull_commit,committed,dd63d61a5927683195fd03f6689dfd1304d4d882,2025-08-15T00:44:10Z,web-flow,User,,human_account,,no,,,dd63d61a5927683195fd03f6689dfd1304d4d882,bolinfest,web-flow,2026-08-30T17:15:53.079178+00:00
10,openai/codex,pull_request,2481,pull_commit,committed,8bdb4521c96b386d299052263b0cd7d58b431bf1,2025-08-15T00:51:32Z,web-flow,User,,human_account,,no,,,8bdb4521c96b386d299052263b0cd7d58b431bf1,nornagon-openai,web-flow,2026-08-30T17:15:53.079178+00:00
10,openai/codex,pull_request,2481,pull_commit,committed,a0754244379ff337c698e133ad563e098896ca78,2025-08-15T00:59:01Z,web-flow,User,,human_account,,no,,,a0754244379ff337c698e133ad563e098896ca78,wpt-oai,web-flow,2026-08-30T17:15:53.079178+00:00
10,openai/codex,pull_request,2481,pull_commit,committed,d0b907d3992dd73d40a4ba1f6d78e9c51c0ec324,2025-08-15T02:14:46Z,web-flow,User,,human_account,,no,,,d0b907d3992dd73d40a4ba1f6d78e9c51c0ec324,easong-openai,web-flow,2026-08-30T17:15:53.079178+00:00
10,openai/codex,pull_request,2481,pull_commit,committed,76df07350ac505e2b813e3be88a26c4409760d0a,2025-08-15T02:42:14Z,web-flow,User,,human_account,,no,,,76df07350ac505e2b813e3be88a26c4409760d0a,pakrym-oai,web-flow,2026-08-30T17:15:53.079178+00:00
10,openai/codex,pull_request,2481,pull_commit,committed,5552688621340c7042a9240a9bedc864242c5ee7,2025-08-15T02:49:42Z,web-flow,User,,human_account,,no,,,5552688621340c7042a9240a9bedc864242c5ee7,pakrym-oai,web-flow,2026-08-30T17:15:53.079178+00:00
10,openai/codex,pull_request,2481,pull_commit,committed,917e29803b367e8276501be2b7ad910ad4ca125e,2025-08-15T05:06:42Z,web-flow,User,,human_account,,no,,,917e29803b367e8276501be2b7ad910ad4ca125e,nornagon-openai,web-flow,2026-08-30T17:15:53.079178+00:00
10,openai/codex,pull_request,2481,pull_commit,committed,6df8e353146c4cc2f2b0841c465dd85c35a5cae0,2025-08-15T15:55:53Z,web-flow,User,,human_account,,no,,,6df8e353146c4cc2f2b0841c465dd85c35a5cae0,dylan-hurd-oai,web-flow,2026-08-30T17:15:53.079178+00:00
10,openai/codex,pull_request,2481,pull_commit,committed,26c8373821607d41dce50ec4c6a4717053d3c062,2025-08-15T16:06:15Z,web-flow,User,,human_account,,no,,,26c8373821607d41dce50ec4c6a4717053d3c062,bolinfest,web-flow,2026-08-30T17:15:53.079178+00:00
10,openai/codex,pull_request,2481,pull_commit,committed,6730592433e8bdb549b4168e6fa5579e5bafe489,2025-08-15T16:14:44Z,web-flow,User,,human_account,,no,,,6730592433e8bdb549b4168e6fa5579e5bafe489,bolinfest,web-flow,2026-08-30T17:15:53.079178+00:00
10,openai/codex,pull_request,2481,pull_commit,committed,265fd89e3141a6a0cce5f69c8f0e5edefd240c6e,2025-08-15T16:17:20Z,web-flow,User,,human_account,,no,,,265fd89e3141a6a0cce5f69c8f0e5edefd240c6e,bolinfest,web-flow,2026-08-30T17:15:53.079178+00:00
10,openai/codex,pull_request,2481,pull_commit,committed,45d6c74682d37032543713c577ad70c33075feb0,2025-08-15T16:32:45Z,web-flow,User,,human_account,,no,,,45d6c74682d37032543713c577ad70c33075feb0,nornagon-openai,web-flow,2026-08-30T17:15:53.079178+00:00
10,openai/codex,pull_request,2481,pull_commit,committed,13ed67cfc1602cb0ca8a41161fba16a511b05217,2025-08-15T16:40:02Z,web-flow,User,,human_account,,no,,,13ed67cfc1602cb0ca8a41161fba16a511b05217,bolinfest,web-flow,2026-08-30T17:15:53.079178+00:00
10,openai/codex,pull_request,2481,pull_commit,committed,17aa394ae7eee0fbfc037ddd24e461b7d430cd32,2025-08-15T16:56:05Z,web-flow,User,,human_account,,no,,,17aa394ae7eee0fbfc037ddd24e461b7d430cd32,bolinfest,web-flow,2026-08-30T17:15:53.079178+00:00
10,openai/codex,pull_request,2481,pull_commit,committed,eda50d8372c9b6ddf40d676d4b792d915241e5fb,2025-08-15T17:05:58Z,web-flow,User,,human_account,,no,,,eda50d8372c9b6ddf40d676d4b792d915241e5fb,bolinfest,web-flow,2026-08-30T17:15:53.079178+00:00
10,openai/codex,pull_request,2481,pull_commit,committed,7c26c8e091851957d58da7b82f390a3de9bc7e80,2025-08-15T17:55:44Z,web-flow,User,,human_account,,no,,,7c26c8e091851957d58da7b82f390a3de9bc7e80,nornagon-openai,web-flow,2026-08-30T17:15:53.079178+00:00
10,openai/codex,pull_request,2481,pull_commit,committed,d262244725282e30a6b8537c257a73394d74461a,2025-08-15T19:44:40Z,web-flow,User,,human_account,,no,,,d262244725282e30a6b8537c257a73394d74461a,bolinfest,web-flow,2026-08-30T17:15:53.079178+00:00
10,openai/codex,pull_request,2481,pull_commit,committed,dcfdd2faf51f00a60ca294db8c2aa82f07abf750,2025-08-15T19:59:52Z,web-flow,User,,human_account,,no,,,dcfdd2faf51f00a60ca294db8c2aa82f07abf750,seratch,web-flow,2026-08-30T17:15:53.079178+00:00
10,openai/codex,pull_request,2481,pull_commit,committed,c1156a878b1e45353554e2ed19ae94ac1c83c33f,2025-08-15T20:01:27Z,web-flow,User,,human_account,,no,,,c1156a878b1e45353554e2ed19ae94ac1c83c33f,pakrym-oai,web-flow,2026-08-30T17:15:53.079178+00:00
10,openai/codex,pull_request,2481,pull_commit,committed,1ad8ae2579fd9e1db4b549150f5ec9c3905b9900,2025-08-15T20:25:48Z,web-flow,User,,human_account,,no,,,1ad8ae2579fd9e1db4b549150f5ec9c3905b9900,nornagon-openai,web-flow,2026-08-30T17:15:53.079178+00:00
10,openai/codex,pull_request,2481,pull_commit,committed,b31c5033a9c1509af445a2b0effcced0850d914d,2025-08-15T20:54:47Z,web-flow,User,,human_account,,no,,,b31c5033a9c1509af445a2b0effcced0850d914d,Brooooooklyn,web-flow,2026-08-30T17:15:53.079178+00:00
10,openai/codex,pull_request,2481,pull_commit,committed,379106d3ebaf8df006ee4916d9003a7985390701,2025-08-15T21:47:36Z,web-flow,User,,human_account,,no,,,379106d3ebaf8df006ee4916d9003a7985390701,bolinfest,web-flow,2026-08-30T17:15:53.079178+00:00
10,openai/codex,pull_request,2481,pull_commit,committed,d3078b9adcfd3c7b44be3a68da5ce3bb216f18e1,2025-08-15T22:32:41Z,web-flow,User,,human_account,,no,,,d3078b9adcfd3c7b44be3a68da5ce3bb216f18e1,aibrahim-oai,web-flow,2026-08-30T17:15:53.079178+00:00
10,openai/codex,pull_request,2481,pull_commit,committed,7a80d3c96cf0297dad7d7882ab21ca13826b13e1,2025-08-16T02:37:10Z,web-flow,User,,human_account,,no,,,7a80d3c96cf0297dad7d7882ab21ca13826b13e1,nornagon-openai,web-flow,2026-08-30T17:15:53.079178+00:00
10,openai/codex,pull_request,2481,pull_commit,committed,1930ee720ac4c8873d68c1b046de055755369332,2025-08-16T06:35:01Z,web-flow,User,,human_account,,no,,,1930ee720ac4c8873d68c1b046de055755369332,etraut-openai,web-flow,2026-08-30T17:15:53.079178+00:00
10,openai/codex,pull_request,2481,pull_commit,committed,350b00d54b91a84a3b240e7ad9ac46300b009f21,2025-08-17T17:03:52Z,web-flow,User,,human_account,,no,,,350b00d54b91a84a3b240e7ad9ac46300b009f21,etraut-openai,web-flow,2026-08-30T17:15:53.079178+00:00
10,openai/codex,pull_request,2481,pull_commit,committed,71cae06e6643b4adf644d9769208c3c5fcd1f2be,2025-08-17T19:32:56Z,web-flow,User,,human_account,,no,,,71cae06e6643b4adf644d9769208c3c5fcd1f2be,bolinfest,web-flow,2026-08-30T17:15:53.079178+00:00
10,openai/codex,pull_request,2481,pull_commit,committed,b581498882377e4066fd7a31baee963108290167,2025-08-18T04:40:31Z,web-flow,User,,human_account,,no,,,b581498882377e4066fd7a31baee963108290167,bolinfest,web-flow,2026-08-30T17:15:53.079178+00:00
10,openai/codex,pull_request,2481,pull_commit,committed,a2697546688c8988d7300b4baefff9df56f18c95,2025-08-18T07:29:18Z,web-flow,User,,human_account,,no,,,a2697546688c8988d7300b4baefff9df56f18c95,bolinfest,web-flow,2026-08-30T17:15:53.079178+00:00
10,openai/codex,pull_request,2481,pull_commit,committed,5bce369c4d24d8b408260969ff4832d0819dced4,2025-08-18T15:26:29Z,web-flow,User,,human_account,,no,,,5bce369c4d24d8b408260969ff4832d0819dced4,ae-openai,web-flow,2026-08-30T17:15:53.079178+00:00
10,openai/codex,pull_request,2481,pull_commit,committed,be6a4faa45c5042b12b981fb8253bd50ae1a7a04,2025-08-18T15:33:17Z,web-flow,User,,human_account,,no,,,be6a4faa45c5042b12b981fb8253bd50ae1a7a04,dependabot[bot],web-flow,2026-08-30T17:15:53.079178+00:00
10,openai/codex,pull_request,2481,pull_commit,committed,da69d50c6046712a7c3996cc5a15fb9ecf6cb282,2025-08-18T16:02:25Z,web-flow,User,,human_account,,no,,,da69d50c6046712a7c3996cc5a15fb9ecf6cb282,ae-openai,web-flow,2026-08-30T17:15:53.079178+00:00
10,openai/codex,pull_request,2481,pull_commit,committed,712bfa04acb57206aa5df554a6855a0cd14dc9a6,2025-08-18T16:36:57Z,web-flow,User,,human_account,,no,,,712bfa04acb57206aa5df554a6855a0cd14dc9a6,bolinfest,web-flow,2026-08-30T17:15:53.079178+00:00
10,openai/codex,pull_request,2481,pull_commit,committed,a4f76bd75a287540806f6b33f7a458704a381ffa,2025-08-18T16:38:47Z,web-flow,User,,human_account,,no,,,a4f76bd75a287540806f6b33f7a458704a381ffa,bolinfest,web-flow,2026-08-30T17:15:53.079178+00:00
10,openai/codex,pull_request,2481,pull_commit,committed,c9963b52e9c39d5026618c482e9e171d9aeb8b09,2025-08-18T18:50:17Z,web-flow,User,,human_account,,no,,,c9963b52e9c39d5026618c482e9e171d9aeb8b09,aibrahim-oai,web-flow,2026-08-30T17:15:53.079178+00:00
10,openai/codex,pull_request,2481,pull_commit,committed,c283f9f6ce350eac608d48e958c5de51380e9403,2025-08-18T19:59:19Z,web-flow,User,,human_account,,no,,,c283f9f6ce350eac608d48e958c5de51380e9403,aibrahim-oai,web-flow,2026-08-30T17:15:53.079178+00:00
10,openai/codex,pull_request,2481,pull_commit,committed,fc6cfd5ecc946299a6f3011d966e1c0e0f5a380e,2025-08-18T20:08:53Z,web-flow,User,,human_account,,no,,,fc6cfd5ecc946299a6f3011d966e1c0e0f5a380e,bolinfest,web-flow,2026-08-30T17:15:53.079178+00:00
10,openai/codex,pull_request,2481,pull_commit,committed,ecb388045c5d542de3b124c3fc255a78e74c2a84,2025-08-18T21:28:09Z,web-flow,User,,human_account,,no,,,ecb388045c5d542de3b124c3fc255a78e74c2a84,aibrahim-oai,web-flow,2026-08-30T17:15:53.079178+00:00
10,openai/codex,pull_request,2481,pull_commit,committed,db30a6f5d86650ae7c5a3d40975c7c4e9daf98af,2025-08-18T23:00:29Z,web-flow,User,,human_account,,no,,,db30a6f5d86650ae7c5a3d40975c7c4e9daf98af,seratch,web-flow,2026-08-30T17:15:53.079178+00:00
10,openai/codex,pull_request,2481,pull_commit,committed,f9d3dde478d768dca306ea4bc488fb71838c8115,2025-08-18T23:01:58Z,web-flow,User,,human_account,,no,,,f9d3dde478d768dca306ea4bc488fb71838c8115,dependabot[bot],web-flow,2026-08-30T17:15:53.079178+00:00
10,openai/codex,pull_request,2481,pull_commit,committed,52f0b95102622aef4bc6955663aff29e0b585b7a,2025-08-18T23:17:29Z,web-flow,User,,human_account,,no,,,52f0b95102622aef4bc6955663aff29e0b585b7a,dependabot[bot],web-flow,2026-08-30T17:15:53.079178+00:00
10,openai/codex,pull_request,2481,pull_commit,committed,37e5b087a7f7faeec09f8be4c1153ae28bf91279,2025-08-18T23:37:07Z,web-flow,User,,human_account,,no,,,37e5b087a7f7faeec09f8be4c1153ae28bf91279,bolinfest,web-flow,2026-08-30T17:15:53.079178+00:00
10,openai/codex,pull_request,2481,pull_commit,committed,6e8c055fd50e9b88f00b77891cde185ed23c2676,2025-08-19T00:23:40Z,web-flow,User,,human_account,,no,,,6e8c055fd50e9b88f00b77891cde185ed23c2676,bolinfest,web-flow,2026-08-30T17:15:53.079178+00:00
10,openai/codex,pull_request,2481,pull_commit,committed,38b84ffd43136bb06f3f2fef5ff75e4e10e86d5d,2025-08-19T00:29:50Z,web-flow,User,,human_account,,no,,,38b84ffd43136bb06f3f2fef5ff75e4e10e86d5d,dependabot[bot],web-flow,2026-08-30T17:15:53.079178+00:00
10,openai/codex,pull_request,2481,pull_commit,committed,d58df2828683763ec59249e34d507afd3765add5,2025-08-19T00:32:03Z,web-flow,User,,human_account,,no,,,d58df2828683763ec59249e34d507afd3765add5,bolinfest,web-flow,2026-08-30T17:15:53.079178+00:00
10,openai/codex,pull_request,2481,pull_commit,committed,5b1989f4d781e497e62b20cdc4cee8a568d0e0e7,2025-08-19T00:43:19Z,web-flow,User,,human_account,,no,,,5b1989f4d781e497e62b20cdc4cee8a568d0e0e7,UnownPlain,web-flow,2026-08-30T17:15:53.079178+00:00
10,openai/codex,pull_request,2481,pull_commit,committed,7f216341657d2080c22b2618dbac854e2228f9a6,2025-08-19T00:49:13Z,web-flow,User,,human_account,,no,,,7f216341657d2080c22b2618dbac854e2228f9a6,bolinfest,web-flow,2026-08-30T17:15:53.079178+00:00
10,openai/codex,pull_request,2481,pull_commit,committed,d5b42ba1ac89cbe7f694a28e3a6e6adb33bf0cdd,2025-08-19T00:57:04Z,web-flow,User,,human_account,,no,,,d5b42ba1ac89cbe7f694a28e3a6e6adb33bf0cdd,bolinfest,web-flow,2026-08-30T17:15:53.079178+00:00
10,openai/codex,pull_request,2481,pull_commit,committed,146985f3ff3d3ec62c656f234874c3caefbf26a4,2025-08-19T01:05:44Z,web-flow,User,,human_account,,no,,,146985f3ff3d3ec62c656f234874c3caefbf26a4,bolinfest,web-flow,2026-08-30T17:15:53.079178+00:00
10,openai/codex,pull_request,2481,pull_commit,committed,2aad3a13b832f6ffe6a841ac340812f1f9da5035,2025-08-19T01:15:50Z,web-flow,User,,human_account,,no,,,2aad3a13b832f6ffe6a841ac340812f1f9da5035,bolinfest,web-flow,2026-08-30T17:15:53.079178+00:00
10,openai/codex,pull_request,2481,pull_commit,committed,f49c934cd08ee2157dce3c9fbe70f4541bba116d,2025-08-19T01:46:51Z,web-flow,User,,human_account,,no,,,f49c934cd08ee2157dce3c9fbe70f4541bba116d,dependabot[bot],web-flow,2026-08-30T17:15:53.079178+00:00
10,openai/codex,pull_request,2481,pull_commit,committed,97f995a749a2cd8b4edf68d59edf6d18f4363825,2025-08-19T03:22:48Z,web-flow,User,,human_account,,no,,,97f995a749a2cd8b4edf68d59edf6d18f4363825,aibrahim-oai,web-flow,2026-08-30T17:15:53.079178+00:00
10,openai/codex,pull_request,2481,pull_commit,committed,096bca2fa26d9155c61b3327ff8ff65090687a1b,2025-08-19T15:20:32Z,web-flow,User,,human_account,,no,,,096bca2fa26d9155c61b3327ff8ff65090687a1b,ae-openai,web-flow,2026-08-30T17:15:53.079178+00:00
10,openai/codex,pull_request,2481,pull_commit,committed,e7e5fe91c8e4d80935d1f554cf100c4417b0f03d,2025-08-19T16:00:31Z,web-flow,User,,human_account,,no,,,e7e5fe91c8e4d80935d1f554cf100c4417b0f03d,dylan-hurd-oai,web-flow,2026-08-30T17:15:53.079178+00:00
10,openai/codex,pull_request,2481,pull_commit,committed,16f11a89d8c08105f54fa35b3915e9543b9a728f,2025-08-19T16:34:52Z,web-flow,User,,human_account,,no,,,16f11a89d8c08105f54fa35b3915e9543b9a728f,seratch,web-flow,2026-08-30T17:15:53.079178+00:00
10,openai/codex,pull_request,2481,pull_commit,committed,7b4313bf311e221b8b52d7168d51928cca8b931b,2025-08-19T17:27:26Z,web-flow,User,,human_account,,no,,,7b4313bf311e221b8b52d7168d51928cca8b931b,hansemannn,web-flow,2026-08-30T17:15:53.079178+00:00
10,openai/codex,pull_request,2481,pull_commit,committed,9d3124c6b7745a4ee3e81157e3a7c7de028c08d2,2025-08-19T17:27:50Z,web-flow,User,,human_account,,no,,,9d3124c6b7745a4ee3e81157e3a7c7de028c08d2,edverma,web-flow,2026-08-30T17:15:53.079178+00:00
10,openai/codex,pull_request,2481,pull_commit,committed,8f544153a7d1aa2fa8580810f58ed98db91cf24e,2025-08-19T17:28:52Z,web-flow,User,,human_account,,no,,,8f544153a7d1aa2fa8580810f58ed98db91cf24e,dependabot[bot],web-flow,2026-08-30T17:15:53.079178+00:00
10,openai/codex,pull_request,2481,pull_commit,committed,169e7951b834cc5c230e3770e2893f53ab7854cd,2025-08-19T23:45:32Z,dedrisian-oai,User,,human_account,,no,,,169e7951b834cc5c230e3770e2893f53ab7854cd,dedrisian-oai,dedrisian-oai,2026-08-30T17:15:53.079178+00:00
10,openai/codex,pull_request,2481,pull_commit,committed,6439e0f944fa0b85d5643a0a6dc864c1c8343722,2025-08-19T23:58:22Z,dedrisian-oai,User,,human_account,,no,,,6439e0f944fa0b85d5643a0a6dc864c1c8343722,dedrisian-oai,dedrisian-oai,2026-08-30T17:15:53.079178+00:00
10,openai/codex,pull_request,2481,pull_commit,committed,248abec937df906378fdbdf4753cb17be96a7663,2025-08-20T01:24:55Z,dedrisian-oai,User,,human_account,,no,,,248abec937df906378fdbdf4753cb17be96a7663,dedrisian-oai,dedrisian-oai,2026-08-30T17:15:53.079178+00:00
10,openai/codex,pull_request,2481,pull_commit,committed,afe7c087f680974c7aa47a8fd6f3468978501c8d,2025-08-20T01:26:58Z,dedrisian-oai,User,,human_account,,no,,,afe7c087f680974c7aa47a8fd6f3468978501c8d,dedrisian-oai,dedrisian-oai,2026-08-30T17:15:53.079178+00:00
10,openai/codex,pull_request,2481,pull_commit,committed,2273d1830281cc7af996f3370d3c41aa7fef7fb9,2025-08-20T01:26:59Z,dedrisian-oai,User,,human_account,,no,,,2273d1830281cc7af996f3370d3c41aa7fef7fb9,dedrisian-oai,dedrisian-oai,2026-08-30T17:15:53.079178+00:00
10,openai/codex,pull_request,2481,pull_commit,committed,a5df629f6934b16929fd4b591c1c48b21e66f04c,2025-08-20T01:26:59Z,dedrisian-oai,User,,human_account,,no,,,a5df629f6934b16929fd4b591c1c48b21e66f04c,dedrisian-oai,dedrisian-oai,2026-08-30T17:15:53.079178+00:00
10,openai/codex,pull_request,2481,pull_commit,committed,a10146c26d4272dec437ab7831f566efada0d173,2025-08-20T01:26:59Z,dedrisian-oai,User,,human_account,,no,,,a10146c26d4272dec437ab7831f566efada0d173,dedrisian-oai,dedrisian-oai,2026-08-30T17:15:53.079178+00:00
10,openai/codex,pull_request,2481,pull_commit,committed,359f228287aae3d8a195e0f28669d75cc986857f,2025-08-20T01:35:58Z,web-flow,User,,human_account,,no,,,359f228287aae3d8a195e0f28669d75cc986857f,dedrisian-oai,web-flow,2026-08-30T17:15:53.079178+00:00
10,openai/codex,pull_request,26286,pull_commit,committed,de3ce0862816bade1be27c499e904f8cf6fdc47c,2026-06-04T01:29:46Z,winston-openai,User,,human_account,,no,,,de3ce0862816bade1be27c499e904f8cf6fdc47c,winston-openai,winston-openai,2026-08-30T17:15:54.454081+00:00
10,openai/codex,pull_request,26286,pull_commit,committed,9f9257e9cdb95f73ac6bba7e85cc64f007b6b191,2026-06-04T01:55:52Z,winston-openai,User,,human_account,,no,,,9f9257e9cdb95f73ac6bba7e85cc64f007b6b191,winston-openai,winston-openai,2026-08-30T17:15:54.454081+00:00
10,openai/codex,pull_request,26286,pull_commit,committed,b468d853354d7b317f8f91d7da012eb5d006dc51,2026-06-04T01:56:27Z,winston-openai,User,,human_account,,no,,,b468d853354d7b317f8f91d7da012eb5d006dc51,winston-openai,winston-openai,2026-08-30T17:15:54.454081+00:00
10,openai/codex,pull_request,26286,pull_commit,committed,c9014ad029f8febe5735f042a0cd5094868d7108,2026-06-04T02:26:44Z,winston-openai,User,,human_account,,no,,,c9014ad029f8febe5735f042a0cd5094868d7108,winston-openai,winston-openai,2026-08-30T17:15:54.454081+00:00
10,openai/codex,pull_request,26286,pull_commit,committed,14d16d2dd4041d9658e217d11242efcc1f10e1f8,2026-06-04T02:53:12Z,winston-openai,User,,human_account,,no,,,14d16d2dd4041d9658e217d11242efcc1f10e1f8,winston-openai,winston-openai,2026-08-30T17:15:54.454081+00:00
10,openai/codex,pull_request,26286,pull_commit,committed,fb6ce7fef9984fad3441c94242cef631fef17931,2026-06-04T02:58:12Z,winston-openai,User,,human_account,,no,,,fb6ce7fef9984fad3441c94242cef631fef17931,winston-openai,winston-openai,2026-08-30T17:15:54.454081+00:00
10,openai/codex,pull_request,26286,pull_commit,committed,f4f971624e37563bae19676633c597baa4a3bb2c,2026-06-04T05:20:01Z,winston-openai,User,,human_account,,no,,,f4f971624e37563bae19676633c597baa4a3bb2c,winston-openai,winston-openai,2026-08-30T17:15:54.454081+00:00
10,openai/codex,pull_request,26286,pull_commit,committed,460f10012abf922b4debfc88b1cbb5a634c998f1,2026-06-04T05:20:16Z,winston-openai,User,,human_account,,no,,,460f10012abf922b4debfc88b1cbb5a634c998f1,winston-openai,winston-openai,2026-08-30T17:15:54.454081+00:00
10,openai/codex,pull_request,26286,pull_commit,committed,338aa0ab3880765e21b79142acc2a946a81cddb0,2026-06-04T05:30:13Z,winston-openai,User,,human_account,,no,,,338aa0ab3880765e21b79142acc2a946a81cddb0,winston-openai,winston-openai,2026-08-30T17:15:54.454081+00:00
10,openai/codex,pull_request,26286,pull_commit,committed,7a3610fc2faeb6bf16822e467ed7a356430ad03e,2026-06-04T10:47:28Z,winston-openai,User,,human_account,,no,,,7a3610fc2faeb6bf16822e467ed7a356430ad03e,winston-openai,winston-openai,2026-08-30T17:15:54.454081+00:00
10,openai/codex,pull_request,26286,pull_commit,committed,438686dc0f8c2936acc02303539e1005f5e72faa,2026-06-04T10:50:51Z,winston-openai,User,,human_account,,no,,,438686dc0f8c2936acc02303539e1005f5e72faa,winston-openai,winston-openai,2026-08-30T17:15:54.454081+00:00
10,openai/codex,pull_request,22198,pull_commit,committed,7f013f1cf6f5b8761bbe5399206bae373580787c,2026-05-11T19:40:51Z,mzeng-openai,User,,human_account,,no,,,7f013f1cf6f5b8761bbe5399206bae373580787c,mzeng-openai,mzeng-openai,2026-08-30T17:15:54.900363+00:00
10,openai/codex,pull_request,22198,pull_commit,committed,18937d89e2abf125d2470fc9ef2f2bf05af98864,2026-05-11T20:26:31Z,mzeng-openai,User,,human_account,,no,,,18937d89e2abf125d2470fc9ef2f2bf05af98864,mzeng-openai,mzeng-openai,2026-08-30T17:15:54.900363+00:00
10,openai/codex,pull_request,22198,pull_commit,committed,08fe67db303c5d1f3de5d30a57d211662231724e,2026-05-11T23:20:52Z,mzeng-openai,User,,human_account,,no,,,08fe67db303c5d1f3de5d30a57d211662231724e,mzeng-openai,mzeng-openai,2026-08-30T17:15:54.900363+00:00
10,openai/codex,pull_request,22198,pull_commit,committed,93de3fd4fd7e27e65b8881c6a0cff5dbf24d95ab,2026-05-11T23:35:42Z,web-flow,User,,human_account,,no,,,93de3fd4fd7e27e65b8881c6a0cff5dbf24d95ab,mzeng-openai,web-flow,2026-08-30T17:15:54.900363+00:00
10,openai/codex,pull_request,40961,pull_commit,committed,7f823973633472ec75b9ab86342e01561f78dd42,2026-08-26T19:38:42Z,dank-openai,User,,human_account,,no,,,7f823973633472ec75b9ab86342e01561f78dd42,dank-openai,,2026-08-30T17:15:55.380821+00:00
10,openai/codex,pull_request,28122,pull_commit,committed,a2a917b071ce164777333349163005720c8c5e7f,2026-06-14T05:27:09Z,anp-oai,User,,human_account,,no,,,a2a917b071ce164777333349163005720c8c5e7f,anp-oai,anp-oai,2026-08-30T17:15:55.900575+00:00
10,openai/codex,pull_request,28122,pull_commit,committed,019ff65142c38263fd685f9692670aeeb560c5c6,2026-06-14T05:27:09Z,anp-oai,User,,human_account,,no,,,019ff65142c38263fd685f9692670aeeb560c5c6,anp-oai,anp-oai,2026-08-30T17:15:55.900575+00:00
10,openai/codex,pull_request,28122,pull_commit,committed,5bada3f2a4f18a252cd65d89f461d3ff3c9f4b1f,2026-06-14T05:27:09Z,anp-oai,User,,human_account,,no,,,5bada3f2a4f18a252cd65d89f461d3ff3c9f4b1f,anp-oai,anp-oai,2026-08-30T17:15:55.900575+00:00
10,openai/codex,pull_request,28122,pull_commit,committed,2a8b87ed44215e4bf0bcce6b778038874c720b51,2026-06-14T05:27:09Z,anp-oai,User,,human_account,,no,,,2a8b87ed44215e4bf0bcce6b778038874c720b51,anp-oai,anp-oai,2026-08-30T17:15:55.900575+00:00
10,openai/codex,pull_request,28122,pull_commit,committed,310ccf29f684a7a19ae65ea790bd465cfe74cb2a,2026-06-14T05:27:09Z,anp-oai,User,,human_account,,no,,,310ccf29f684a7a19ae65ea790bd465cfe74cb2a,anp-oai,anp-oai,2026-08-30T17:15:55.900575+00:00
10,openai/codex,pull_request,28122,pull_commit,committed,763357aaa79a5fb13f84a5013deb2ff284a67bd4,2026-06-14T05:27:09Z,anp-oai,User,,human_account,,no,,,763357aaa79a5fb13f84a5013deb2ff284a67bd4,anp-oai,anp-oai,2026-08-30T17:15:55.900575+00:00
10,openai/codex,pull_request,28122,pull_commit,committed,ce4102787545b9131e32619e43ed89dc0ad13f12,2026-06-14T05:27:09Z,anp-oai,User,,human_account,,no,,,ce4102787545b9131e32619e43ed89dc0ad13f12,anp-oai,anp-oai,2026-08-30T17:15:55.900575+00:00
10,openai/codex,pull_request,28122,pull_commit,committed,4f6dd50b0eb01f3548c7b1403017e74c8697ef51,2026-06-14T05:27:09Z,anp-oai,User,,human_account,,no,,,4f6dd50b0eb01f3548c7b1403017e74c8697ef51,anp-oai,anp-oai,2026-08-30T17:15:55.900575+00:00
10,openai/codex,pull_request,28122,pull_commit,committed,f4db0780fc9ef2063e29847f851759c5bd97dbe1,2026-06-14T05:31:28Z,anp-oai,User,,human_account,,no,,,f4db0780fc9ef2063e29847f851759c5bd97dbe1,anp-oai,anp-oai,2026-08-30T17:15:55.900575+00:00
10,openai/codex,pull_request,28122,pull_commit,committed,25644e0ec49ebf371ab45c8ae73b3cb8fd78607e,2026-06-14T05:41:42Z,anp-oai,User,,human_account,,no,,,25644e0ec49ebf371ab45c8ae73b3cb8fd78607e,anp-oai,anp-oai,2026-08-30T17:15:55.900575+00:00
10,openai/codex,pull_request,28122,pull_commit,committed,18004b9322a89dd9efc40aea3f88643cdfc55eed,2026-06-14T05:49:31Z,anp-oai,User,,human_account,,no,,,18004b9322a89dd9efc40aea3f88643cdfc55eed,anp-oai,anp-oai,2026-08-30T17:15:55.900575+00:00
10,openai/codex,pull_request,28122,pull_commit,committed,716e9e32e934a3f7b868a1bc7a327524594dc81e,2026-06-14T05:56:50Z,anp-oai,User,,human_account,,no,,,716e9e32e934a3f7b868a1bc7a327524594dc81e,anp-oai,anp-oai,2026-08-30T17:15:55.900575+00:00
10,openai/codex,pull_request,28122,pull_commit,committed,1a7dbd5b4ff43cdf230f8b7062e6c1618ed458dc,2026-06-14T05:59:36Z,anp-oai,User,,human_account,,no,,,1a7dbd5b4ff43cdf230f8b7062e6c1618ed458dc,anp-oai,anp-oai,2026-08-30T17:15:55.900575+00:00
10,openai/codex,pull_request,30676,pull_commit,committed,680058260e229fbb0dd5a0e94128a8e0c99bf22b,2026-07-07T04:01:31Z,apanasenko-oai,User,,human_account,,no,,,680058260e229fbb0dd5a0e94128a8e0c99bf22b,apanasenko-oai,apanasenko-oai,2026-08-30T17:15:56.357136+00:00
10,openai/codex,pull_request,29026,pull_commit,committed,2cae3a1cac87f7b632052a1a43243f5ba205ea90,2026-06-19T02:10:56Z,xl-openai,User,,human_account,,no,,,2cae3a1cac87f7b632052a1a43243f5ba205ea90,xl-openai,xl-openai,2026-08-30T17:15:56.873055+00:00
10,openai/codex,pull_request,29026,pull_commit,committed,317578257fc3e86893047613eb7b3079c821307e,2026-06-19T02:56:51Z,xl-openai,User,,human_account,,no,,,317578257fc3e86893047613eb7b3079c821307e,xl-openai,xl-openai,2026-08-30T17:15:56.873055+00:00
10,openai/codex,pull_request,29026,pull_commit,committed,eb7186aba60ccc52159093373e28c282b38d9b65,2026-06-19T03:06:33Z,xl-openai,User,,human_account,,no,,,eb7186aba60ccc52159093373e28c282b38d9b65,xl-openai,xl-openai,2026-08-30T17:15:56.873055+00:00
10,openai/codex,pull_request,35670,pull_commit,committed,fd41e813cb5939029acab29cb5f2fb8ac8d8286d,2026-07-27T21:12:00Z,iceweasel-oai,User,,human_account,,no,,,fd41e813cb5939029acab29cb5f2fb8ac8d8286d,iceweasel-oai,,2026-08-30T17:15:57.381000+00:00
22,n8n-io/n8n,pull_request,9903,pull_commit,committed,18e453b4f542d51185f6be3e41ec25fdd164b987,2024-07-01T14:47:09Z,ivov,User,,human_account,,no,,,18e453b4f542d51185f6be3e41ec25fdd164b987,ivov,ivov,2026-08-30T17:15:57.861246+00:00
22,n8n-io/n8n,pull_request,9903,pull_commit,committed,a02a72148b7022ddf16b61fa925964c633b2cc13,2024-07-01T15:10:08Z,ivov,User,,human_account,,no,,,a02a72148b7022ddf16b61fa925964c633b2cc13,ivov,ivov,2026-08-30T17:15:57.861246+00:00
22,n8n-io/n8n,pull_request,9903,pull_commit,committed,7ed7c36a6f2a77ca857cf0c6b5db12e3488964ed,2024-07-01T15:24:56Z,ivov,User,,human_account,,no,,,7ed7c36a6f2a77ca857cf0c6b5db12e3488964ed,ivov,ivov,2026-08-30T17:15:57.861246+00:00
22,n8n-io/n8n,pull_request,9903,pull_commit,committed,274cff9d31aaa3aab30db0f481d529a8df60c2a8,2024-07-01T15:38:28Z,ivov,User,,human_account,,no,,,274cff9d31aaa3aab30db0f481d529a8df60c2a8,ivov,ivov,2026-08-30T17:15:57.861246+00:00
22,n8n-io/n8n,pull_request,9903,pull_commit,committed,e6ac65c3ab56ecaf4f447a4c2f787c82df7efd3c,2024-07-02T07:16:34Z,ivov,User,,human_account,,no,,,e6ac65c3ab56ecaf4f447a4c2f787c82df7efd3c,ivov,ivov,2026-08-30T17:15:57.861246+00:00
22,n8n-io/n8n,pull_request,9903,pull_commit,committed,165342237e72cbe6d8e3be9fca349da6ca88f470,2024-07-02T07:17:21Z,ivov,User,,human_account,,no,,,165342237e72cbe6d8e3be9fca349da6ca88f470,ivov,ivov,2026-08-30T17:15:57.861246+00:00
22,n8n-io/n8n,pull_request,9830,pull_commit,committed,4999b7e40194cab5e4ce9af638f2dbb9d7e317e5,2024-06-18T08:24:32Z,alexgrozav,User,,human_account,,no,,,4999b7e40194cab5e4ce9af638f2dbb9d7e317e5,alexgrozav,alexgrozav,2026-08-30T17:15:58.813517+00:00
22,n8n-io/n8n,pull_request,9830,pull_commit,committed,b804821636cbb15a541e8cab93012307bbc14c29,2024-06-20T14:46:15Z,alexgrozav,User,,human_account,,no,,,b804821636cbb15a541e8cab93012307bbc14c29,alexgrozav,alexgrozav,2026-08-30T17:15:58.813517+00:00
22,n8n-io/n8n,pull_request,9830,pull_commit,committed,4eb33123fb9335910a21ec6fb433ab1e458aaa79,2024-06-20T14:47:18Z,alexgrozav,User,,human_account,,no,,,4eb33123fb9335910a21ec6fb433ab1e458aaa79,alexgrozav,alexgrozav,2026-08-30T17:15:58.813517+00:00
22,n8n-io/n8n,pull_request,9830,pull_commit,committed,d5e156f8973dcb7cb785accd436e29774469902a,2024-06-21T07:48:08Z,alexgrozav,User,,human_account,,no,,,d5e156f8973dcb7cb785accd436e29774469902a,alexgrozav,alexgrozav,2026-08-30T17:15:58.813517+00:00
22,n8n-io/n8n,pull_request,9830,pull_commit,committed,6248f13b319c99c2432ecc5c837513b6f6dc4561,2024-06-21T07:49:27Z,alexgrozav,User,,human_account,,no,,,6248f13b319c99c2432ecc5c837513b6f6dc4561,alexgrozav,alexgrozav,2026-08-30T17:15:58.813517+00:00
22,n8n-io/n8n,pull_request,9830,pull_commit,committed,918681825f18f7ef8ccc23c41a1bc19a54d22430,2024-06-21T11:32:56Z,alexgrozav,User,,human_account,,no,,,918681825f18f7ef8ccc23c41a1bc19a54d22430,alexgrozav,alexgrozav,2026-08-30T17:15:58.813517+00:00
22,n8n-io/n8n,pull_request,9830,pull_commit,committed,ed99b8ad30ac2e7141d055a93a9985bdeaa1b592,2024-06-21T11:35:51Z,alexgrozav,User,,human_account,,no,,,ed99b8ad30ac2e7141d055a93a9985bdeaa1b592,alexgrozav,alexgrozav,2026-08-30T17:15:58.813517+00:00
22,n8n-io/n8n,pull_request,9830,pull_commit,committed,8faf7f5933ab230b06b9b6f8110a17c67ae59ce0,2024-06-24T08:44:42Z,alexgrozav,User,,human_account,,no,,,8faf7f5933ab230b06b9b6f8110a17c67ae59ce0,alexgrozav,alexgrozav,2026-08-30T17:15:58.813517+00:00
22,n8n-io/n8n,pull_request,9830,pull_commit,committed,efc640af5d8e71d4cb2b7e6c2b6b14ac9a9fdfce,2024-06-24T09:06:04Z,alexgrozav,User,,human_account,,no,,,efc640af5d8e71d4cb2b7e6c2b6b14ac9a9fdfce,alexgrozav,alexgrozav,2026-08-30T17:15:58.813517+00:00
22,n8n-io/n8n,pull_request,9830,pull_commit,committed,23deaf4fe90a7af44a3a4bf0a38bfa949ed7a7ed,2024-06-24T10:21:54Z,alexgrozav,User,,human_account,,no,,,23deaf4fe90a7af44a3a4bf0a38bfa949ed7a7ed,alexgrozav,alexgrozav,2026-08-30T17:15:58.813517+00:00
22,n8n-io/n8n,pull_request,9830,pull_commit,committed,4bcf206355a31a19d463f1e53c62fc4fa011e7d4,2024-06-24T16:27:42Z,alexgrozav,User,,human_account,,no,,,4bcf206355a31a19d463f1e53c62fc4fa011e7d4,alexgrozav,alexgrozav,2026-08-30T17:15:58.813517+00:00
22,n8n-io/n8n,pull_request,9830,pull_commit,committed,83321998af2c2cbffc5fa4239ae4b3711f63694c,2024-06-25T08:01:29Z,alexgrozav,User,,human_account,,no,,,83321998af2c2cbffc5fa4239ae4b3711f63694c,alexgrozav,alexgrozav,2026-08-30T17:15:58.813517+00:00
22,n8n-io/n8n,pull_request,9830,pull_commit,committed,7205948c2c4a5a9bc50f5f80e4d87f82dcb99f89,2024-06-25T08:11:12Z,alexgrozav,User,,human_account,,no,,,7205948c2c4a5a9bc50f5f80e4d87f82dcb99f89,alexgrozav,alexgrozav,2026-08-30T17:15:58.813517+00:00
22,n8n-io/n8n,pull_request,9514,pull_commit,committed,aa39c141f71d7bcd8558408679ad155de5ff9510,2024-05-27T09:38:28Z,cstuncsik,User,,human_account,,no,,,aa39c141f71d7bcd8558408679ad155de5ff9510,cstuncsik,cstuncsik,2026-08-30T17:15:59.288911+00:00
22,n8n-io/n8n,pull_request,10105,pull_commit,committed,424c89713a15ce7f10cedba968a0fe130a813afa,2024-07-19T08:37:50Z,ivov,User,,human_account,,no,,,424c89713a15ce7f10cedba968a0fe130a813afa,ivov,ivov,2026-08-30T17:15:59.798526+00:00
22,n8n-io/n8n,pull_request,10105,pull_commit,committed,0849fd6b6dc43440efceed9ba6647395ded07980,2024-07-19T08:41:27Z,ivov,User,,human_account,,no,,,0849fd6b6dc43440efceed9ba6647395ded07980,ivov,ivov,2026-08-30T17:15:59.798526+00:00
22,n8n-io/n8n,pull_request,9821,pull_commit,committed,7d6fda84777e01b20827bc16802eaa3f45182af6,2024-06-20T14:15:59Z,netroy,User,,human_account,,no,,,7d6fda84777e01b20827bc16802eaa3f45182af6,netroy,netroy,2026-08-30T17:16:00.300139+00:00
22,n8n-io/n8n,pull_request,9376,pull_commit,committed,6b6554b25905de68e15f7f14ec10ccb08a91cfe1,2024-05-13T13:32:11Z,despairblue,User,,human_account,,no,,,6b6554b25905de68e15f7f14ec10ccb08a91cfe1,despairblue,despairblue,2026-08-30T17:16:00.816828+00:00
22,n8n-io/n8n,pull_request,9376,pull_commit,committed,249215cdcff7d370361a7680782c9e8802d71944,2024-05-13T13:58:15Z,despairblue,User,,human_account,,no,,,249215cdcff7d370361a7680782c9e8802d71944,despairblue,despairblue,2026-08-30T17:16:00.816828+00:00
22,n8n-io/n8n,pull_request,9376,pull_commit,committed,0f8e40c7714df69fcb81b0274dd3d1e8a85c4925,2024-05-13T14:21:43Z,despairblue,User,,human_account,,no,,,0f8e40c7714df69fcb81b0274dd3d1e8a85c4925,despairblue,despairblue,2026-08-30T17:16:00.816828+00:00
22,n8n-io/n8n,pull_request,9836,pull_commit,committed,a483eabb8d015b2cb46d4910c07bf5f0bc1192c1,2024-06-21T15:17:48Z,elsmr,User,,human_account,,no,,,a483eabb8d015b2cb46d4910c07bf5f0bc1192c1,elsmr,elsmr,2026-08-30T17:16:01.349046+00:00
22,n8n-io/n8n,pull_request,9836,pull_commit,committed,209f97557e5ffabdd7abdde6e90932613480d784,2024-06-21T15:43:01Z,elsmr,User,,human_account,,no,,,209f97557e5ffabdd7abdde6e90932613480d784,elsmr,elsmr,2026-08-30T17:16:01.349046+00:00
22,n8n-io/n8n,pull_request,9836,pull_commit,committed,2e1baf571b853c83af59a2ef94d60c3cde027b8f,2024-06-24T15:23:01Z,elsmr,User,,human_account,,no,,,2e1baf571b853c83af59a2ef94d60c3cde027b8f,elsmr,elsmr,2026-08-30T17:16:01.349046+00:00
22,n8n-io/n8n,pull_request,9836,pull_commit,committed,42a99f69183f172cb463536b5e0cdf76a0ddeecb,2024-06-24T15:24:18Z,elsmr,User,,human_account,,no,,,42a99f69183f172cb463536b5e0cdf76a0ddeecb,elsmr,elsmr,2026-08-30T17:16:01.349046+00:00
22,n8n-io/n8n,pull_request,9836,pull_commit,committed,256611b5bb6932ba7a6048da4f22eabaf999f69f,2024-06-24T16:42:26Z,web-flow,User,,human_account,,no,,,256611b5bb6932ba7a6048da4f22eabaf999f69f,elsmr,web-flow,2026-08-30T17:16:01.349046+00:00
22,n8n-io/n8n,pull_request,10118,pull_commit,committed,17e2b4c958a0bfa49f36728a5feb1d86ed337841,2024-07-19T12:25:56Z,jeanpaul,User,,human_account,,no,,,17e2b4c958a0bfa49f36728a5feb1d86ed337841,jeanpaul,jeanpaul,2026-08-30T17:16:02.289307+00:00
22,n8n-io/n8n,pull_request,9898,pull_commit,committed,714b2d0992d7f2ab0f2b4e5d6b19e3ab869ec264,2024-07-01T10:24:43Z,web-flow,User,,human_account,,no,,,714b2d0992d7f2ab0f2b4e5d6b19e3ab869ec264,netroy,web-flow,2026-08-30T17:16:02.749364+00:00
22,n8n-io/n8n,pull_request,10457,pull_commit,committed,ac7f69f8452737adc65ab3c69fbe21ec4c6f56fd,2024-08-16T12:41:03Z,michael-radency,User,,human_account,,no,,,ac7f69f8452737adc65ab3c69fbe21ec4c6f56fd,michael-radency,michael-radency,2026-08-30T17:16:03.288194+00:00
22,n8n-io/n8n,pull_request,10457,pull_commit,committed,22ad72e0f02f195c1f06e2df29bcc7d2e2b14ac3,2024-08-16T14:00:16Z,ShireenMissi,User,,human_account,,no,,,22ad72e0f02f195c1f06e2df29bcc7d2e2b14ac3,ShireenMissi,ShireenMissi,2026-08-30T17:16:03.288194+00:00
22,n8n-io/n8n,pull_request,10560,pull_commit,committed,6c558bbef51977fcd145a23220be1dd16fd68325,2024-08-26T16:20:22Z,netroy,User,,human_account,,no,,,6c558bbef51977fcd145a23220be1dd16fd68325,netroy,netroy,2026-08-30T17:16:03.753613+00:00
22,n8n-io/n8n,pull_request,10560,pull_commit,committed,8769ee4745ebe7868aa8a4f4ba374ff9d713c021,2024-08-26T17:00:14Z,netroy,User,,human_account,,no,,,8769ee4745ebe7868aa8a4f4ba374ff9d713c021,netroy,netroy,2026-08-30T17:16:03.753613+00:00
22,n8n-io/n8n,pull_request,10560,pull_commit,committed,4821fa22ce25a76bd0bfa2ca5ef4d04a6189a5a5,2024-08-27T11:19:14Z,netroy,User,,human_account,,no,,,4821fa22ce25a76bd0bfa2ca5ef4d04a6189a5a5,netroy,netroy,2026-08-30T17:16:03.753613+00:00
22,n8n-io/n8n,pull_request,10560,pull_commit,committed,709a4345b4d2708f473a8630826c9ebab3b0235a,2024-08-27T11:20:35Z,netroy,User,,human_account,,no,,,709a4345b4d2708f473a8630826c9ebab3b0235a,netroy,netroy,2026-08-30T17:16:03.753613+00:00
22,n8n-io/n8n,pull_request,10560,pull_commit,committed,09bfd3be0162fc28f50d103cedaffdb9e97de7cf,2024-08-27T11:22:35Z,netroy,User,,human_account,,no,,,09bfd3be0162fc28f50d103cedaffdb9e97de7cf,netroy,netroy,2026-08-30T17:16:03.753613+00:00
22,n8n-io/n8n,pull_request,10560,pull_commit,committed,691a8d99c631db10b364f011dc33c93c4290e36c,2024-08-27T11:23:39Z,netroy,User,,human_account,,no,,,691a8d99c631db10b364f011dc33c93c4290e36c,netroy,netroy,2026-08-30T17:16:03.753613+00:00
22,n8n-io/n8n,pull_request,10560,pull_commit,committed,a8eceecfeb6a2d38bfe86a114b945f3cfe8f19d4,2024-08-27T11:27:45Z,netroy,User,,human_account,,no,,,a8eceecfeb6a2d38bfe86a114b945f3cfe8f19d4,netroy,netroy,2026-08-30T17:16:03.753613+00:00
22,n8n-io/n8n,pull_request,10516,pull_commit,committed,f247902cddd76117c3e91e98eca4f6b56c165e91,2024-08-22T13:21:17Z,burivuhster,User,,human_account,,no,,,f247902cddd76117c3e91e98eca4f6b56c165e91,burivuhster,burivuhster,2026-08-30T17:16:04.288172+00:00
22,n8n-io/n8n,pull_request,10516,pull_commit,committed,4458c18431ce6a028f6829be39ce7c81ec367a83,2024-08-23T10:24:51Z,burivuhster,User,,human_account,,no,,,4458c18431ce6a028f6829be39ce7c81ec367a83,burivuhster,burivuhster,2026-08-30T17:16:04.288172+00:00
22,n8n-io/n8n,pull_request,9947,pull_commit,committed,aa06f351ed150d8d59a5a061e2bbd0d7ab4edc76,2024-07-04T18:42:53Z,netroy,User,,human_account,,no,,,aa06f351ed150d8d59a5a061e2bbd0d7ab4edc76,netroy,netroy,2026-08-30T17:16:04.733926+00:00
22,n8n-io/n8n,pull_request,9501,pull_commit,committed,8c03544d8130e9a4f7e91cd4a88835271312ffb8,2024-05-23T14:43:59Z,netroy,User,,human_account,,no,,,8c03544d8130e9a4f7e91cd4a88835271312ffb8,netroy,netroy,2026-08-30T17:16:05.234902+00:00
22,n8n-io/n8n,pull_request,9501,pull_commit,committed,2e70ae43ab9dcb7b52545b3c534d927a93934363,2024-05-24T08:47:28Z,netroy,User,,human_account,,no,,,2e70ae43ab9dcb7b52545b3c534d927a93934363,netroy,netroy,2026-08-30T17:16:05.234902+00:00
22,n8n-io/n8n,pull_request,9501,pull_commit,committed,a40067f98d6de1f1d61e90ddf456185e48adc9a8,2024-05-24T08:50:23Z,netroy,User,,human_account,,no,,,a40067f98d6de1f1d61e90ddf456185e48adc9a8,netroy,netroy,2026-08-30T17:16:05.234902+00:00
22,n8n-io/n8n,pull_request,9697,pull_commit,committed,3c19967e052699fca1dcb97ace1d452ebb584db8,2024-06-11T08:10:44Z,ivov,User,,human_account,,no,,,3c19967e052699fca1dcb97ace1d452ebb584db8,ivov,ivov,2026-08-30T17:16:05.674259+00:00
22,n8n-io/n8n,pull_request,9752,pull_commit,committed,dca2709557c62bdca2a57c7a1f414d51c0196498,2024-06-14T12:07:39Z,tomi,User,,human_account,,no,,,dca2709557c62bdca2a57c7a1f414d51c0196498,tomi,tomi,2026-08-30T17:16:06.125854+00:00
22,n8n-io/n8n,pull_request,9752,pull_commit,committed,1f3e1de7ed27e033109316059a75585ab07cd4aa,2024-06-14T14:40:26Z,tomi,User,,human_account,,no,,,1f3e1de7ed27e033109316059a75585ab07cd4aa,tomi,tomi,2026-08-30T17:16:06.125854+00:00
22,n8n-io/n8n,pull_request,9752,pull_commit,committed,351aaf2750840356bd39f263a41093742d1a0388,2024-06-17T05:55:42Z,tomi,User,,human_account,,no,,,351aaf2750840356bd39f263a41093742d1a0388,tomi,tomi,2026-08-30T17:16:06.125854+00:00
22,n8n-io/n8n,pull_request,9752,pull_commit,committed,607fe928222812c6b25ce2a2320265c6f1db757c,2024-06-17T07:26:34Z,tomi,User,,human_account,,no,,,607fe928222812c6b25ce2a2320265c6f1db757c,tomi,tomi,2026-08-30T17:16:06.125854+00:00
22,n8n-io/n8n,pull_request,10191,pull_commit,committed,0732b7ecd4314bf189b9aff3575b8de72d8adcbd,2024-07-25T13:32:48Z,ivov,User,,human_account,,no,,,0732b7ecd4314bf189b9aff3575b8de72d8adcbd,ivov,ivov,2026-08-30T17:16:07.067873+00:00
22,n8n-io/n8n,pull_request,10191,pull_commit,committed,32bd77623ce13d784c66b19f19e7dacd5748b9da,2024-07-25T16:53:36Z,ivov,User,,human_account,,no,,,32bd77623ce13d784c66b19f19e7dacd5748b9da,ivov,ivov,2026-08-30T17:16:07.067873+00:00
22,n8n-io/n8n,pull_request,10191,pull_commit,committed,dd0e717fcb7c19f3a8bf9f0a2bbb92f453102097,2024-07-25T16:55:25Z,ivov,User,,human_account,,no,,,dd0e717fcb7c19f3a8bf9f0a2bbb92f453102097,ivov,ivov,2026-08-30T17:16:07.067873+00:00
22,n8n-io/n8n,pull_request,9378,pull_commit,committed,0ec330f3474a7cb7fac77ae5191b976f180953d5,2024-05-13T13:57:36Z,Joffcom,User,,human_account,,no,,,0ec330f3474a7cb7fac77ae5191b976f180953d5,Joffcom,Joffcom,2026-08-30T17:16:07.584618+00:00
22,n8n-io/n8n,pull_request,9561,pull_commit,committed,884b28952fc0d91976f419002cfabe2791e0717e,2024-05-31T07:01:52Z,tomi,User,,human_account,,no,,,884b28952fc0d91976f419002cfabe2791e0717e,tomi,tomi,2026-08-30T17:16:08.028487+00:00
22,n8n-io/n8n,pull_request,9561,pull_commit,committed,fdac96a4c28268218a4cdce6ec95d4561d4d2d81,2024-05-31T07:01:56Z,tomi,User,,human_account,,no,,,fdac96a4c28268218a4cdce6ec95d4561d4d2d81,tomi,tomi,2026-08-30T17:16:08.028487+00:00
22,n8n-io/n8n,pull_request,9561,pull_commit,committed,e9a5a756213ec6163ec5d0a7db710d6cbce8560f,2024-05-31T07:02:01Z,tomi,User,,human_account,,no,,,e9a5a756213ec6163ec5d0a7db710d6cbce8560f,tomi,tomi,2026-08-30T17:16:08.028487+00:00
22,n8n-io/n8n,pull_request,9561,pull_commit,committed,c3631c4abbf9d6a0e0333a7f96729a28dd8bc5c0,2024-05-31T07:02:01Z,tomi,User,,human_account,,no,,,c3631c4abbf9d6a0e0333a7f96729a28dd8bc5c0,tomi,tomi,2026-08-30T17:16:08.028487+00:00
22,n8n-io/n8n,pull_request,9894,pull_commit,committed,a7927217c8f961bc46c3b8452c242c1ac56f9641,2024-07-01T07:29:46Z,netroy,User,,human_account,,no,,,a7927217c8f961bc46c3b8452c242c1ac56f9641,netroy,netroy,2026-08-30T17:16:08.510485+00:00
22,n8n-io/n8n,pull_request,9894,pull_commit,committed,88ae33da5ed60e06ebe2589ff9c2611d3698459e,2024-07-01T08:16:10Z,web-flow,User,,human_account,,no,,,88ae33da5ed60e06ebe2589ff9c2611d3698459e,netroy,web-flow,2026-08-30T17:16:08.510485+00:00
22,n8n-io/n8n,pull_request,9894,pull_commit,committed,05b1c296bfcad5c41b380739125662d50ec8dea8,2024-07-01T09:47:15Z,web-flow,User,,human_account,,no,,,05b1c296bfcad5c41b380739125662d50ec8dea8,netroy,web-flow,2026-08-30T17:16:08.510485+00:00
22,n8n-io/n8n,pull_request,9894,pull_commit,committed,8e760fc6cea524daa943298b5e7bbe1ddf570637,2024-07-01T09:48:48Z,netroy,User,,human_account,,no,,,8e760fc6cea524daa943298b5e7bbe1ddf570637,netroy,netroy,2026-08-30T17:16:08.510485+00:00
22,n8n-io/n8n,pull_request,9556,pull_commit,committed,1510ae1078dbf53cf12fd64de001e0aa59b34b1d,2024-05-30T14:38:29Z,tomi,User,,human_account,,no,,,1510ae1078dbf53cf12fd64de001e0aa59b34b1d,tomi,tomi,2026-08-30T17:16:08.988229+00:00
22,n8n-io/n8n,pull_request,10439,pull_commit,committed,fa9a3e14d7c1e2993793ea99b6aa77302dfbf0ca,2024-08-15T12:19:28Z,mutdmour,User,,human_account,,no,,,fa9a3e14d7c1e2993793ea99b6aa77302dfbf0ca,mutdmour,mutdmour,2026-08-30T17:16:09.526436+00:00
22,n8n-io/n8n,pull_request,10439,pull_commit,committed,fd84d1dd9db220808400567e8308fe3aac51f707,2024-08-15T12:21:22Z,mutdmour,User,,human_account,,no,,,fd84d1dd9db220808400567e8308fe3aac51f707,mutdmour,mutdmour,2026-08-30T17:16:09.526436+00:00
22,n8n-io/n8n,pull_request,10439,pull_commit,committed,d79e2fa11f4e52f58b6a3849ccb1e1d449672a4f,2024-08-15T12:29:33Z,mutdmour,User,,human_account,,no,,,d79e2fa11f4e52f58b6a3849ccb1e1d449672a4f,mutdmour,mutdmour,2026-08-30T17:16:09.526436+00:00
22,n8n-io/n8n,pull_request,10439,pull_commit,committed,5fc20e17f8b1a95c8882674b71ebfd1eaa9635e6,2024-08-15T12:30:42Z,mutdmour,User,,human_account,,no,,,5fc20e17f8b1a95c8882674b71ebfd1eaa9635e6,mutdmour,mutdmour,2026-08-30T17:16:09.526436+00:00
22,n8n-io/n8n,pull_request,10439,pull_commit,committed,f0d98b9ae924a94e9ae4180581efb5a4cde43fbb,2024-08-15T13:01:27Z,mutdmour,User,,human_account,,no,,,f0d98b9ae924a94e9ae4180581efb5a4cde43fbb,mutdmour,mutdmour,2026-08-30T17:16:09.526436+00:00
22,n8n-io/n8n,pull_request,9995,pull_commit,committed,ef2ecae67a0c83dd4e53c84bc69962cb68cc80fe,2024-07-09T16:34:05Z,mutdmour,User,,human_account,,no,,,ef2ecae67a0c83dd4e53c84bc69962cb68cc80fe,mutdmour,mutdmour,2026-08-30T17:16:09.996978+00:00
22,n8n-io/n8n,pull_request,9995,pull_commit,committed,bee38b68868e9a1db7ad656cdd0681ecb0a4df2c,2024-07-10T08:56:36Z,mutdmour,User,,human_account,,no,,,bee38b68868e9a1db7ad656cdd0681ecb0a4df2c,mutdmour,mutdmour,2026-08-30T17:16:09.996978+00:00
22,n8n-io/n8n,pull_request,9995,pull_commit,committed,3cb05eb9f786a0da329e55bebb06ab9029e90ad3,2024-07-10T09:02:58Z,mutdmour,User,,human_account,,no,,,3cb05eb9f786a0da329e55bebb06ab9029e90ad3,mutdmour,mutdmour,2026-08-30T17:16:09.996978+00:00
22,n8n-io/n8n,pull_request,9995,pull_commit,committed,8839b8047e2cf4b87952c3e2d3da7704d86e4d66,2024-07-10T12:15:05Z,mutdmour,User,,human_account,,no,,,8839b8047e2cf4b87952c3e2d3da7704d86e4d66,mutdmour,mutdmour,2026-08-30T17:16:09.996978+00:00
22,n8n-io/n8n,pull_request,9995,pull_commit,committed,487bb73b9ec0e7e9a2f0cd9c891d5086a689a1be,2024-07-10T12:45:15Z,mutdmour,User,,human_account,,no,,,487bb73b9ec0e7e9a2f0cd9c891d5086a689a1be,mutdmour,mutdmour,2026-08-30T17:16:09.996978+00:00
22,n8n-io/n8n,pull_request,9995,pull_commit,committed,4dcc7c985a734ed6b47978e207496f87044ba8a8,2024-07-10T14:14:07Z,mutdmour,User,,human_account,,no,,,4dcc7c985a734ed6b47978e207496f87044ba8a8,mutdmour,mutdmour,2026-08-30T17:16:09.996978+00:00
22,n8n-io/n8n,pull_request,9995,pull_commit,committed,fe219c50fa6e7671b21412529440418574d1b34e,2024-07-10T15:29:22Z,mutdmour,User,,human_account,,no,,,fe219c50fa6e7671b21412529440418574d1b34e,mutdmour,mutdmour,2026-08-30T17:16:09.996978+00:00
22,n8n-io/n8n,pull_request,9995,pull_commit,committed,d9ccb5382f0aa2a3e3babe30bf4588eb2a4c97a6,2024-07-10T15:47:34Z,mutdmour,User,,human_account,,no,,,d9ccb5382f0aa2a3e3babe30bf4588eb2a4c97a6,mutdmour,mutdmour,2026-08-30T17:16:09.996978+00:00
22,n8n-io/n8n,pull_request,9995,pull_commit,committed,74f46309dca6082e21bd1137a8c147dd6cc97e5f,2024-07-10T15:50:50Z,mutdmour,User,,human_account,,no,,,74f46309dca6082e21bd1137a8c147dd6cc97e5f,mutdmour,mutdmour,2026-08-30T17:16:09.996978+00:00
22,n8n-io/n8n,pull_request,9995,pull_commit,committed,821b5a079e62a2fdb92424cbada8d9db7152a091,2024-07-10T18:37:53Z,mutdmour,User,,human_account,,no,,,821b5a079e62a2fdb92424cbada8d9db7152a091,mutdmour,mutdmour,2026-08-30T17:16:09.996978+00:00
22,n8n-io/n8n,pull_request,9995,pull_commit,committed,64b1c52861dae4b2d0d4f432b224391543dbb586,2024-07-10T20:17:30Z,mutdmour,User,,human_account,,no,,,64b1c52861dae4b2d0d4f432b224391543dbb586,mutdmour,mutdmour,2026-08-30T17:16:09.996978+00:00
22,n8n-io/n8n,pull_request,9995,pull_commit,committed,916036031c451f31ce5a70ee633678c98376e6f5,2024-07-11T09:23:59Z,mutdmour,User,,human_account,,no,,,916036031c451f31ce5a70ee633678c98376e6f5,mutdmour,mutdmour,2026-08-30T17:16:09.996978+00:00
22,n8n-io/n8n,pull_request,9995,pull_commit,committed,271b628aa03c01bc2f39f4058594701eeeb7d972,2024-07-11T10:54:08Z,mutdmour,User,,human_account,,no,,,271b628aa03c01bc2f39f4058594701eeeb7d972,mutdmour,mutdmour,2026-08-30T17:16:09.996978+00:00
22,n8n-io/n8n,pull_request,9995,pull_commit,committed,9f79f3e2290a2adef17a483580d3123b28d6a565,2024-07-11T12:08:56Z,mutdmour,User,,human_account,,no,,,9f79f3e2290a2adef17a483580d3123b28d6a565,mutdmour,mutdmour,2026-08-30T17:16:09.996978+00:00
22,n8n-io/n8n,pull_request,9995,pull_commit,committed,48660ace730b846b22f28b8395e5476c9059524d,2024-07-11T12:27:31Z,mutdmour,User,,human_account,,no,,,48660ace730b846b22f28b8395e5476c9059524d,mutdmour,mutdmour,2026-08-30T17:16:09.996978+00:00
22,n8n-io/n8n,pull_request,9995,pull_commit,committed,ca7d26435412c488a3ff28f5ff25b2c2a23e4ac7,2024-07-11T17:23:17Z,mutdmour,User,,human_account,,no,,,ca7d26435412c488a3ff28f5ff25b2c2a23e4ac7,mutdmour,mutdmour,2026-08-30T17:16:09.996978+00:00
22,n8n-io/n8n,pull_request,9995,pull_commit,committed,5ca2cf90ea083c3f6c0759dbb99b3ee43858d84c,2024-07-11T17:52:48Z,mutdmour,User,,human_account,,no,,,5ca2cf90ea083c3f6c0759dbb99b3ee43858d84c,mutdmour,mutdmour,2026-08-30T17:16:09.996978+00:00
22,n8n-io/n8n,pull_request,9995,pull_commit,committed,c4d55c228f705133066f18926b672963217789b4,2024-07-12T09:35:37Z,mutdmour,User,,human_account,,no,,,c4d55c228f705133066f18926b672963217789b4,mutdmour,mutdmour,2026-08-30T17:16:09.996978+00:00
22,n8n-io/n8n,pull_request,9995,pull_commit,committed,b2096f6f66b42176ddc8e06fa850d2305e5bce21,2024-07-12T09:40:07Z,mutdmour,User,,human_account,,no,,,b2096f6f66b42176ddc8e06fa850d2305e5bce21,mutdmour,mutdmour,2026-08-30T17:16:09.996978+00:00
22,n8n-io/n8n,pull_request,9995,pull_commit,committed,7f62b8abdaba7ef782bf2976e9548142b09b25b1,2024-07-12T10:26:44Z,mutdmour,User,,human_account,,no,,,7f62b8abdaba7ef782bf2976e9548142b09b25b1,mutdmour,mutdmour,2026-08-30T17:16:09.996978+00:00
22,n8n-io/n8n,pull_request,9995,pull_commit,committed,995792363880ccdf48c4fcbc5edec6b02e8b8e84,2024-07-12T10:28:04Z,mutdmour,User,,human_account,,no,,,995792363880ccdf48c4fcbc5edec6b02e8b8e84,mutdmour,mutdmour,2026-08-30T17:16:09.996978+00:00
22,n8n-io/n8n,pull_request,9995,pull_commit,committed,59d6bae50584b21bbca2ab1891892d431e735bc8,2024-07-12T12:13:40Z,mutdmour,User,,human_account,,no,,,59d6bae50584b21bbca2ab1891892d431e735bc8,mutdmour,mutdmour,2026-08-30T17:16:09.996978+00:00
22,n8n-io/n8n,pull_request,9995,pull_commit,committed,7f22c7c717b2d4594fce1e1ddc9dc46175e7ea93,2024-07-12T12:15:51Z,mutdmour,User,,human_account,,no,,,7f22c7c717b2d4594fce1e1ddc9dc46175e7ea93,mutdmour,mutdmour,2026-08-30T17:16:09.996978+00:00
22,n8n-io/n8n,pull_request,9995,pull_commit,committed,80a8f753557e8eb4b697aa7b260683f515b76624,2024-07-12T13:04:00Z,mutdmour,User,,human_account,,no,,,80a8f753557e8eb4b697aa7b260683f515b76624,mutdmour,mutdmour,2026-08-30T17:16:09.996978+00:00
22,n8n-io/n8n,pull_request,9995,pull_commit,committed,fafc03f0b716633f8a6426071d5182b41626f012,2024-07-12T13:22:48Z,mutdmour,User,,human_account,,no,,,fafc03f0b716633f8a6426071d5182b41626f012,mutdmour,mutdmour,2026-08-30T17:16:09.996978+00:00
22,n8n-io/n8n,pull_request,9995,pull_commit,committed,79c1c5a11bb51a5411968e24cb7dba2f2946c83a,2024-07-12T13:59:37Z,mutdmour,User,,human_account,,no,,,79c1c5a11bb51a5411968e24cb7dba2f2946c83a,mutdmour,mutdmour,2026-08-30T17:16:09.996978+00:00
22,n8n-io/n8n,pull_request,9995,pull_commit,committed,47b428cf893c545f6fc601aeb75f372e26b01d53,2024-07-12T15:43:16Z,mutdmour,User,,human_account,,no,,,47b428cf893c545f6fc601aeb75f372e26b01d53,mutdmour,mutdmour,2026-08-30T17:16:09.996978+00:00
22,n8n-io/n8n,pull_request,9995,pull_commit,committed,844debbf4ec2f9cdc1a88ec11a399c3ea4bb5219,2024-07-12T15:44:43Z,mutdmour,User,,human_account,,no,,,844debbf4ec2f9cdc1a88ec11a399c3ea4bb5219,mutdmour,mutdmour,2026-08-30T17:16:09.996978+00:00
22,n8n-io/n8n,pull_request,9995,pull_commit,committed,3d941d35c941d6ad9f219cfeaaa68d63e8b9cf40,2024-07-15T08:09:47Z,mutdmour,User,,human_account,,no,,,3d941d35c941d6ad9f219cfeaaa68d63e8b9cf40,mutdmour,mutdmour,2026-08-30T17:16:09.996978+00:00
22,n8n-io/n8n,pull_request,9995,pull_commit,committed,73127d93906e8c43dca2635f81d8f901582fa53e,2024-07-15T11:06:12Z,mutdmour,User,,human_account,,no,,,73127d93906e8c43dca2635f81d8f901582fa53e,mutdmour,mutdmour,2026-08-30T17:16:09.996978+00:00
22,n8n-io/n8n,pull_request,9995,pull_commit,committed,046b9d6b83b92c6bced39b22d6992d747560ed16,2024-07-15T11:58:28Z,mutdmour,User,,human_account,,no,,,046b9d6b83b92c6bced39b22d6992d747560ed16,mutdmour,mutdmour,2026-08-30T17:16:09.996978+00:00
22,n8n-io/n8n,pull_request,9995,pull_commit,committed,c5b8bb614eded5470d8794b620066d21ca7993cd,2024-07-15T15:46:04Z,mutdmour,User,,human_account,,no,,,c5b8bb614eded5470d8794b620066d21ca7993cd,mutdmour,mutdmour,2026-08-30T17:16:09.996978+00:00
22,n8n-io/n8n,pull_request,9995,pull_commit,committed,7f9c56c4f77e0cf40157dd05244fa522755bf32c,2024-07-15T16:03:23Z,mutdmour,User,,human_account,,no,,,7f9c56c4f77e0cf40157dd05244fa522755bf32c,mutdmour,mutdmour,2026-08-30T17:16:09.996978+00:00
22,n8n-io/n8n,pull_request,9995,pull_commit,committed,0c356f47bf27e1b8317a5eee497462cf4e6b1ba5,2024-07-16T08:00:36Z,mutdmour,User,,human_account,,no,,,0c356f47bf27e1b8317a5eee497462cf4e6b1ba5,mutdmour,mutdmour,2026-08-30T17:16:09.996978+00:00
22,n8n-io/n8n,pull_request,9995,pull_commit,committed,8d3a810041a70776a9024833f76959205181a047,2024-07-16T08:11:58Z,mutdmour,User,,human_account,,no,,,8d3a810041a70776a9024833f76959205181a047,mutdmour,mutdmour,2026-08-30T17:16:09.996978+00:00
22,n8n-io/n8n,pull_request,9995,pull_commit,committed,6e24a32b4479b73fd9852a5622345653743124c5,2024-07-16T10:11:14Z,mutdmour,User,,human_account,,no,,,6e24a32b4479b73fd9852a5622345653743124c5,mutdmour,mutdmour,2026-08-30T17:16:09.996978+00:00
22,n8n-io/n8n,pull_request,9995,pull_commit,committed,9047e4c9bd9a598ca7604dfd716d292bab6dfd05,2024-07-16T11:26:09Z,mutdmour,User,,human_account,,no,,,9047e4c9bd9a598ca7604dfd716d292bab6dfd05,mutdmour,mutdmour,2026-08-30T17:16:09.996978+00:00
22,n8n-io/n8n,pull_request,9995,pull_commit,committed,b1c6662a789a5618420a5da759af718d94899eac,2024-07-16T11:30:56Z,mutdmour,User,,human_account,,no,,,b1c6662a789a5618420a5da759af718d94899eac,mutdmour,mutdmour,2026-08-30T17:16:09.996978+00:00
22,n8n-io/n8n,pull_request,9995,pull_commit,committed,0740ece3c02d32d934b58fbf8c6279fe8df08d5c,2024-07-17T06:03:17Z,web-flow,User,,human_account,,no,,,0740ece3c02d32d934b58fbf8c6279fe8df08d5c,RicardoE105,web-flow,2026-08-30T17:16:09.996978+00:00
22,n8n-io/n8n,pull_request,9995,pull_commit,committed,3bb3999d7c5954d59989492088dfc2f78f26468c,2024-07-17T06:12:30Z,mutdmour,User,,human_account,,no,,,3bb3999d7c5954d59989492088dfc2f78f26468c,mutdmour,mutdmour,2026-08-30T17:16:09.996978+00:00
22,n8n-io/n8n,pull_request,9995,pull_commit,committed,fd69a0e95f422a70ea24e2be6ff9b73f288f928e,2024-07-17T06:15:02Z,mutdmour,User,,human_account,,no,,,fd69a0e95f422a70ea24e2be6ff9b73f288f928e,mutdmour,mutdmour,2026-08-30T17:16:09.996978+00:00
22,n8n-io/n8n,pull_request,9995,pull_commit,committed,1b55b34babdaa84bdb94ef07ae5ac1114f18c8ee,2024-07-17T06:18:18Z,mutdmour,User,,human_account,,no,,,1b55b34babdaa84bdb94ef07ae5ac1114f18c8ee,mutdmour,mutdmour,2026-08-30T17:16:09.996978+00:00
22,n8n-io/n8n,pull_request,9995,pull_commit,committed,daf7e4ef2d551c16b30984b3c48e1f90b4893227,2024-07-17T06:35:34Z,mutdmour,User,,human_account,,no,,,daf7e4ef2d551c16b30984b3c48e1f90b4893227,mutdmour,mutdmour,2026-08-30T17:16:09.996978+00:00
22,n8n-io/n8n,pull_request,9995,pull_commit,committed,9c58d6cdc4feceebd9fa1303b741e28021b3e4a0,2024-07-17T08:29:50Z,mutdmour,User,,human_account,,no,,,9c58d6cdc4feceebd9fa1303b741e28021b3e4a0,mutdmour,mutdmour,2026-08-30T17:16:09.996978+00:00
22,n8n-io/n8n,pull_request,9995,pull_commit,committed,0cde5d6fae796deaefeb70da50afc605ace2c2ce,2024-07-17T09:03:29Z,mutdmour,User,,human_account,,no,,,0cde5d6fae796deaefeb70da50afc605ace2c2ce,mutdmour,mutdmour,2026-08-30T17:16:09.996978+00:00
22,n8n-io/n8n,pull_request,9995,pull_commit,committed,c25f35ef5a8c50e80d45955d38c628ac92e63be5,2024-07-17T13:13:36Z,mutdmour,User,,human_account,,no,,,c25f35ef5a8c50e80d45955d38c628ac92e63be5,mutdmour,mutdmour,2026-08-30T17:16:09.996978+00:00
22,n8n-io/n8n,pull_request,9995,pull_commit,committed,5f004f686355ae25c8d29fba8070f08da86f4696,2024-07-17T15:21:29Z,mutdmour,User,,human_account,,no,,,5f004f686355ae25c8d29fba8070f08da86f4696,mutdmour,mutdmour,2026-08-30T17:16:09.996978+00:00
22,n8n-io/n8n,pull_request,9995,pull_commit,committed,265d8931dfc25e79fa04417cbd03ac18181d1422,2024-07-17T15:33:27Z,mutdmour,User,,human_account,,no,,,265d8931dfc25e79fa04417cbd03ac18181d1422,mutdmour,mutdmour,2026-08-30T17:16:09.996978+00:00
22,n8n-io/n8n,pull_request,9995,pull_commit,committed,80b339caad0be6077e15359753b3cb86f2717b73,2024-07-17T15:47:43Z,mutdmour,User,,human_account,,no,,,80b339caad0be6077e15359753b3cb86f2717b73,mutdmour,mutdmour,2026-08-30T17:16:09.996978+00:00
22,n8n-io/n8n,pull_request,9995,pull_commit,committed,b11de1b0b4af87d7d1f6f174c40765766a8aea16,2024-07-17T15:57:55Z,mutdmour,User,,human_account,,no,,,b11de1b0b4af87d7d1f6f174c40765766a8aea16,mutdmour,mutdmour,2026-08-30T17:16:09.996978+00:00
22,n8n-io/n8n,pull_request,9995,pull_commit,committed,b634cd2226119b0922a4a6aee91587e68dc45abd,2024-07-17T16:02:00Z,mutdmour,User,,human_account,,no,,,b634cd2226119b0922a4a6aee91587e68dc45abd,mutdmour,mutdmour,2026-08-30T17:16:09.996978+00:00
22,n8n-io/n8n,pull_request,9995,pull_commit,committed,63732f885fd866e51353606f51bedb4dd7af4a07,2024-07-17T16:12:38Z,mutdmour,User,,human_account,,no,,,63732f885fd866e51353606f51bedb4dd7af4a07,mutdmour,mutdmour,2026-08-30T17:16:09.996978+00:00
22,n8n-io/n8n,pull_request,9995,pull_commit,committed,333e2be1ed83747f2a5ed0866bc748ea0c1bbb31,2024-07-17T16:16:11Z,mutdmour,User,,human_account,,no,,,333e2be1ed83747f2a5ed0866bc748ea0c1bbb31,mutdmour,mutdmour,2026-08-30T17:16:09.996978+00:00
22,n8n-io/n8n,pull_request,9995,pull_commit,committed,00283c23ddf3aec423b393a22ce2a29d6c9322a8,2024-07-17T16:25:32Z,mutdmour,User,,human_account,,no,,,00283c23ddf3aec423b393a22ce2a29d6c9322a8,mutdmour,mutdmour,2026-08-30T17:16:09.996978+00:00
22,n8n-io/n8n,pull_request,9995,pull_commit,committed,d410cd111adf9f8184dc43d50c68d26746eaa9f2,2024-07-17T16:33:43Z,mutdmour,User,,human_account,,no,,,d410cd111adf9f8184dc43d50c68d26746eaa9f2,mutdmour,mutdmour,2026-08-30T17:16:09.996978+00:00
22,n8n-io/n8n,pull_request,9995,pull_commit,committed,a1d89779f67abdb93f55044e463b058cad93c85d,2024-07-18T10:36:21Z,mutdmour,User,,human_account,,no,,,a1d89779f67abdb93f55044e463b058cad93c85d,mutdmour,mutdmour,2026-08-30T17:16:09.996978+00:00
22,n8n-io/n8n,pull_request,9995,pull_commit,committed,bf5c05fd4da4a82e8fa4b2d797442198ca23bd04,2024-07-18T12:35:16Z,mutdmour,User,,human_account,,no,,,bf5c05fd4da4a82e8fa4b2d797442198ca23bd04,mutdmour,mutdmour,2026-08-30T17:16:09.996978+00:00
22,n8n-io/n8n,pull_request,9995,pull_commit,committed,1a1d280878a66966ecdfc0134ea93764e02f735b,2024-07-19T09:34:01Z,mutdmour,User,,human_account,,no,,,1a1d280878a66966ecdfc0134ea93764e02f735b,mutdmour,mutdmour,2026-08-30T17:16:09.996978+00:00
22,n8n-io/n8n,pull_request,9995,pull_commit,committed,4f8895c54dcc493a0a41b930ffb2e1dfb48b071e,2024-07-19T13:02:18Z,mutdmour,User,,human_account,,no,,,4f8895c54dcc493a0a41b930ffb2e1dfb48b071e,mutdmour,mutdmour,2026-08-30T17:16:09.996978+00:00
22,n8n-io/n8n,pull_request,9995,pull_commit,committed,4980b8b37fe587fa8787301e79e8edeaeb7707c0,2024-07-19T14:59:04Z,mutdmour,User,,human_account,,no,,,4980b8b37fe587fa8787301e79e8edeaeb7707c0,mutdmour,mutdmour,2026-08-30T17:16:09.996978+00:00
22,n8n-io/n8n,pull_request,9995,pull_commit,committed,56398da3103bc2d378b05fe3fd1d7cfc814191b8,2024-07-19T15:27:52Z,mutdmour,User,,human_account,,no,,,56398da3103bc2d378b05fe3fd1d7cfc814191b8,mutdmour,mutdmour,2026-08-30T17:16:09.996978+00:00
22,n8n-io/n8n,pull_request,9995,pull_commit,committed,b10e893e182a3986a142f7a473623f6671c1e0a6,2024-07-19T15:38:40Z,mutdmour,User,,human_account,,no,,,b10e893e182a3986a142f7a473623f6671c1e0a6,mutdmour,mutdmour,2026-08-30T17:16:09.996978+00:00
22,n8n-io/n8n,pull_request,9995,pull_commit,committed,f3000b85c25eee2e05d9224cb99648331f507aff,2024-07-19T15:56:17Z,mutdmour,User,,human_account,,no,,,f3000b85c25eee2e05d9224cb99648331f507aff,mutdmour,mutdmour,2026-08-30T17:16:09.996978+00:00
22,n8n-io/n8n,pull_request,9995,pull_commit,committed,c527fb4f68ca54c0ba5dd339a6561e01a4f2ff61,2024-07-19T16:22:56Z,mutdmour,User,,human_account,,no,,,c527fb4f68ca54c0ba5dd339a6561e01a4f2ff61,mutdmour,mutdmour,2026-08-30T17:16:09.996978+00:00
22,n8n-io/n8n,pull_request,9995,pull_commit,committed,934ad68c8b60f74caec7ff6267bc089c6c06d82e,2024-07-20T06:42:42Z,mutdmour,User,,human_account,,no,,,934ad68c8b60f74caec7ff6267bc089c6c06d82e,mutdmour,mutdmour,2026-08-30T17:16:09.996978+00:00
22,n8n-io/n8n,pull_request,9995,pull_commit,committed,e58c2436a420c94556f0a7396708a598666e6c5e,2024-07-20T06:45:52Z,mutdmour,User,,human_account,,no,,,e58c2436a420c94556f0a7396708a598666e6c5e,mutdmour,mutdmour,2026-08-30T17:16:09.996978+00:00
22,n8n-io/n8n,pull_request,9995,pull_commit,committed,a551ecec78150df95fb275074c0b9ea799276a41,2024-07-20T07:19:39Z,mutdmour,User,,human_account,,no,,,a551ecec78150df95fb275074c0b9ea799276a41,mutdmour,mutdmour,2026-08-30T17:16:09.996978+00:00
22,n8n-io/n8n,pull_request,9995,pull_commit,committed,1a9ee6ae01634fe1eed1eff5c663d9144f45f1b4,2024-07-20T07:38:51Z,mutdmour,User,,human_account,,no,,,1a9ee6ae01634fe1eed1eff5c663d9144f45f1b4,mutdmour,mutdmour,2026-08-30T17:16:09.996978+00:00
22,n8n-io/n8n,pull_request,9995,pull_commit,committed,e26b4e97813f2127a52c9c1d8faa0d8dda5ce08a,2024-07-22T10:52:59Z,mutdmour,User,,human_account,,no,,,e26b4e97813f2127a52c9c1d8faa0d8dda5ce08a,mutdmour,mutdmour,2026-08-30T17:16:09.996978+00:00
22,n8n-io/n8n,pull_request,9995,pull_commit,committed,fc26fbcc5d5436dabeafdc226e5a7a4cdcfde0a3,2024-07-22T12:11:09Z,mutdmour,User,,human_account,,no,,,fc26fbcc5d5436dabeafdc226e5a7a4cdcfde0a3,mutdmour,mutdmour,2026-08-30T17:16:09.996978+00:00
22,n8n-io/n8n,pull_request,9995,pull_commit,committed,0509838d660ebf7b4ceecf9ce8c2392e8b0e36bf,2024-07-23T14:29:21Z,mutdmour,User,,human_account,,no,,,0509838d660ebf7b4ceecf9ce8c2392e8b0e36bf,mutdmour,mutdmour,2026-08-30T17:16:09.996978+00:00
22,n8n-io/n8n,pull_request,9995,pull_commit,committed,a91f35490fc3c8a5a1ae8165f1eb0da18e5ee41b,2024-07-23T15:39:01Z,mutdmour,User,,human_account,,no,,,a91f35490fc3c8a5a1ae8165f1eb0da18e5ee41b,mutdmour,mutdmour,2026-08-30T17:16:09.996978+00:00
22,n8n-io/n8n,pull_request,9995,pull_commit,committed,b73cdb577a2a09cc5a1958cf6c574d79f54bfa24,2024-07-23T16:12:01Z,mutdmour,User,,human_account,,no,,,b73cdb577a2a09cc5a1958cf6c574d79f54bfa24,mutdmour,mutdmour,2026-08-30T17:16:09.996978+00:00
22,n8n-io/n8n,pull_request,9995,pull_commit,committed,290edd034d4e0d9256f24efef8aaedf5883390ea,2024-07-23T16:42:00Z,mutdmour,User,,human_account,,no,,,290edd034d4e0d9256f24efef8aaedf5883390ea,mutdmour,mutdmour,2026-08-30T17:16:09.996978+00:00
22,n8n-io/n8n,pull_request,9995,pull_commit,committed,8a160cba8010e71f6243e17e1bdcba5f57123d5d,2024-07-23T19:00:28Z,mutdmour,User,,human_account,,no,,,8a160cba8010e71f6243e17e1bdcba5f57123d5d,mutdmour,mutdmour,2026-08-30T17:16:09.996978+00:00
22,n8n-io/n8n,pull_request,9995,pull_commit,committed,ca84d1c757ac2ce0aa4d7e357f46c26f7050dabc,2024-07-23T19:50:00Z,mutdmour,User,,human_account,,no,,,ca84d1c757ac2ce0aa4d7e357f46c26f7050dabc,mutdmour,mutdmour,2026-08-30T17:16:09.996978+00:00
22,n8n-io/n8n,pull_request,9995,pull_commit,committed,f141d36af9fd8b4404a0cf9740b1a3ef949f7714,2024-07-24T07:24:21Z,mutdmour,User,,human_account,,no,,,f141d36af9fd8b4404a0cf9740b1a3ef949f7714,mutdmour,mutdmour,2026-08-30T17:16:09.996978+00:00
22,n8n-io/n8n,pull_request,9995,pull_commit,committed,0f6aff4b97abe68ea430f3ed811201ec72600a0e,2024-07-24T08:07:39Z,mutdmour,User,,human_account,,no,,,0f6aff4b97abe68ea430f3ed811201ec72600a0e,mutdmour,mutdmour,2026-08-30T17:16:09.996978+00:00
22,n8n-io/n8n,pull_request,9995,pull_commit,committed,635cd011fd3ebc10e83949e0b15930946a03135d,2024-07-24T08:09:45Z,mutdmour,User,,human_account,,no,,,635cd011fd3ebc10e83949e0b15930946a03135d,mutdmour,mutdmour,2026-08-30T17:16:09.996978+00:00
22,n8n-io/n8n,pull_request,9995,pull_commit,committed,95240e21cdfdaeec7d46f376348c674fc034ac25,2024-07-24T09:29:59Z,mutdmour,User,,human_account,,no,,,95240e21cdfdaeec7d46f376348c674fc034ac25,mutdmour,mutdmour,2026-08-30T17:16:09.996978+00:00
22,n8n-io/n8n,pull_request,9995,pull_commit,committed,77b4d076df7cbcf5b064f5bdf7b74ae81a2ca89f,2024-07-24T10:15:25Z,mutdmour,User,,human_account,,no,,,77b4d076df7cbcf5b064f5bdf7b74ae81a2ca89f,mutdmour,mutdmour,2026-08-30T17:16:09.996978+00:00
22,n8n-io/n8n,pull_request,9995,pull_commit,committed,9dfbd0f98abaad272e695eda52329bce21b10777,2024-07-24T10:20:45Z,mutdmour,User,,human_account,,no,,,9dfbd0f98abaad272e695eda52329bce21b10777,mutdmour,mutdmour,2026-08-30T17:16:09.996978+00:00
22,n8n-io/n8n,pull_request,9995,pull_commit,committed,c32438ffab795e2d6be066c50c356ef793a15b8e,2024-07-24T10:39:43Z,mutdmour,User,,human_account,,no,,,c32438ffab795e2d6be066c50c356ef793a15b8e,mutdmour,mutdmour,2026-08-30T17:16:09.996978+00:00
22,n8n-io/n8n,pull_request,9995,pull_commit,committed,2f2135818b5bf6f880dd3396a6fc4bf5507a7889,2024-07-24T10:56:13Z,mutdmour,User,,human_account,,no,,,2f2135818b5bf6f880dd3396a6fc4bf5507a7889,mutdmour,mutdmour,2026-08-30T17:16:09.996978+00:00
22,n8n-io/n8n,pull_request,9995,pull_commit,committed,1d2d4932df6dd67f2343e9939cbfe120b3f34ae0,2024-07-24T11:16:27Z,mutdmour,User,,human_account,,no,,,1d2d4932df6dd67f2343e9939cbfe120b3f34ae0,mutdmour,mutdmour,2026-08-30T17:16:09.996978+00:00
22,n8n-io/n8n,pull_request,9995,pull_commit,committed,6b316ccebef2df3fd35b320d11bf2700904fda92,2024-07-24T11:47:07Z,mutdmour,User,,human_account,,no,,,6b316ccebef2df3fd35b320d11bf2700904fda92,mutdmour,mutdmour,2026-08-30T17:16:09.996978+00:00
22,n8n-io/n8n,pull_request,9995,pull_commit,committed,72e379dd1cbb55da588976dd5551acacbdc4194d,2024-07-25T06:56:19Z,mutdmour,User,,human_account,,no,,,72e379dd1cbb55da588976dd5551acacbdc4194d,mutdmour,mutdmour,2026-08-30T17:16:09.996978+00:00
22,n8n-io/n8n,pull_request,9995,pull_commit,committed,121883c85f2cd84fdd10a435666b23af6fbb3d18,2024-07-25T06:58:36Z,mutdmour,User,,human_account,,no,,,121883c85f2cd84fdd10a435666b23af6fbb3d18,mutdmour,mutdmour,2026-08-30T17:16:09.996978+00:00
22,n8n-io/n8n,pull_request,9995,pull_commit,committed,b0ec085272f75f782645808283471f8ca041eab2,2024-07-25T07:25:32Z,mutdmour,User,,human_account,,no,,,b0ec085272f75f782645808283471f8ca041eab2,mutdmour,mutdmour,2026-08-30T17:16:09.996978+00:00
22,n8n-io/n8n,pull_request,9995,pull_commit,committed,7878f456fcba992e731dadb9857eb73988e026df,2024-07-25T15:31:57Z,mutdmour,User,,human_account,,no,,,7878f456fcba992e731dadb9857eb73988e026df,mutdmour,mutdmour,2026-08-30T17:16:09.996978+00:00
22,n8n-io/n8n,pull_request,9995,pull_commit,committed,66810f1a452765e43f1e247f933b56993a9863ef,2024-07-25T15:49:00Z,mutdmour,User,,human_account,,no,,,66810f1a452765e43f1e247f933b56993a9863ef,mutdmour,mutdmour,2026-08-30T17:16:09.996978+00:00
22,n8n-io/n8n,pull_request,9995,pull_commit,committed,ec4d9f5427647877e3ed0b4c9b2c89c10ef17ec0,2024-07-25T15:49:32Z,mutdmour,User,,human_account,,no,,,ec4d9f5427647877e3ed0b4c9b2c89c10ef17ec0,mutdmour,mutdmour,2026-08-30T17:16:09.996978+00:00
22,n8n-io/n8n,pull_request,9995,pull_commit,committed,56f17ddc66109b956578c587f94af8c5f0b96b5d,2024-07-25T15:54:23Z,mutdmour,User,,human_account,,no,,,56f17ddc66109b956578c587f94af8c5f0b96b5d,mutdmour,mutdmour,2026-08-30T17:16:09.996978+00:00
22,n8n-io/n8n,pull_request,9995,pull_commit,committed,7d3f480c424abead76f7708eb41e4f512d057308,2024-07-25T16:00:53Z,mutdmour,User,,human_account,,no,,,7d3f480c424abead76f7708eb41e4f512d057308,mutdmour,mutdmour,2026-08-30T17:16:09.996978+00:00
22,n8n-io/n8n,pull_request,9995,pull_commit,committed,8bf3cb6e2a53f7b052713ce43ec16db11ff79383,2024-07-25T16:09:57Z,mutdmour,User,,human_account,,no,,,8bf3cb6e2a53f7b052713ce43ec16db11ff79383,mutdmour,mutdmour,2026-08-30T17:16:09.996978+00:00
22,n8n-io/n8n,pull_request,9995,pull_commit,committed,ef24b2397c965e89e8ad52aebd8b64a1fabf2f29,2024-07-25T16:48:54Z,mutdmour,User,,human_account,,no,,,ef24b2397c965e89e8ad52aebd8b64a1fabf2f29,mutdmour,mutdmour,2026-08-30T17:16:09.996978+00:00
22,n8n-io/n8n,pull_request,9995,pull_commit,committed,5d41f103c7035fdfaad5f399c17394d5d7ee2183,2024-07-25T16:50:56Z,mutdmour,User,,human_account,,no,,,5d41f103c7035fdfaad5f399c17394d5d7ee2183,mutdmour,mutdmour,2026-08-30T17:16:09.996978+00:00
22,n8n-io/n8n,pull_request,9995,pull_commit,committed,ec28369b070096760e7b453dd19a2a886fbac725,2024-07-25T16:55:09Z,mutdmour,User,,human_account,,no,,,ec28369b070096760e7b453dd19a2a886fbac725,mutdmour,mutdmour,2026-08-30T17:16:09.996978+00:00
22,n8n-io/n8n,pull_request,9995,pull_commit,committed,3a812a98f1918f4069f1dca02409057ca1a7803e,2024-07-25T18:16:32Z,mutdmour,User,,human_account,,no,,,3a812a98f1918f4069f1dca02409057ca1a7803e,mutdmour,mutdmour,2026-08-30T17:16:09.996978+00:00
22,n8n-io/n8n,pull_request,9995,pull_commit,committed,fb9f71221aee4b549d31deeed0ddee9199bc3609,2024-07-25T18:17:52Z,mutdmour,User,,human_account,,no,,,fb9f71221aee4b549d31deeed0ddee9199bc3609,mutdmour,mutdmour,2026-08-30T17:16:09.996978+00:00
22,n8n-io/n8n,pull_request,9995,pull_commit,committed,bf5663bbd743bbafd027740d5e4234117723c927,2024-07-25T18:32:09Z,mutdmour,User,,human_account,,no,,,bf5663bbd743bbafd027740d5e4234117723c927,mutdmour,mutdmour,2026-08-30T17:16:09.996978+00:00
22,n8n-io/n8n,pull_request,9995,pull_commit,committed,9a1b89230780de9498c545511f676e0a979a0189,2024-07-25T18:55:37Z,mutdmour,User,,human_account,,no,,,9a1b89230780de9498c545511f676e0a979a0189,mutdmour,mutdmour,2026-08-30T17:16:09.996978+00:00
22,n8n-io/n8n,pull_request,9995,pull_commit,committed,777a4ecd0b87d417f4bb3cce88eefbaf7baa1a8d,2024-07-25T18:57:15Z,mutdmour,User,,human_account,,no,,,777a4ecd0b87d417f4bb3cce88eefbaf7baa1a8d,mutdmour,mutdmour,2026-08-30T17:16:09.996978+00:00
22,n8n-io/n8n,pull_request,9995,pull_commit,committed,2aa36956f8ee11592a2d732de2ee5b88930076d2,2024-07-25T19:09:49Z,mutdmour,User,,human_account,,no,,,2aa36956f8ee11592a2d732de2ee5b88930076d2,mutdmour,mutdmour,2026-08-30T17:16:09.996978+00:00
22,n8n-io/n8n,pull_request,9995,pull_commit,committed,717ef6ba0c37b0ad94cf631158253e7b8e7394d5,2024-07-25T19:10:34Z,mutdmour,User,,human_account,,no,,,717ef6ba0c37b0ad94cf631158253e7b8e7394d5,mutdmour,mutdmour,2026-08-30T17:16:09.996978+00:00
22,n8n-io/n8n,pull_request,9995,pull_commit,committed,3c13372c4f81147656dc224f651291de6d6dc31d,2024-07-25T19:12:06Z,mutdmour,User,,human_account,,no,,,3c13372c4f81147656dc224f651291de6d6dc31d,mutdmour,mutdmour,2026-08-30T17:16:09.996978+00:00
22,n8n-io/n8n,pull_request,9995,pull_commit,committed,9b76ac3e6140e888029e6cefcca14f0db4acf7db,2024-07-25T19:14:10Z,mutdmour,User,,human_account,,no,,,9b76ac3e6140e888029e6cefcca14f0db4acf7db,mutdmour,mutdmour,2026-08-30T17:16:09.996978+00:00
22,n8n-io/n8n,pull_request,9995,pull_commit,committed,bb9253e8b8c6cee8c197848123d41d0edbb100ff,2024-07-25T19:17:23Z,mutdmour,User,,human_account,,no,,,bb9253e8b8c6cee8c197848123d41d0edbb100ff,mutdmour,mutdmour,2026-08-30T17:16:09.996978+00:00
22,n8n-io/n8n,pull_request,9995,pull_commit,committed,ae7c5ce5965a2d0abc4ff61d8fb76cf8b36dda55,2024-07-25T19:21:01Z,mutdmour,User,,human_account,,no,,,ae7c5ce5965a2d0abc4ff61d8fb76cf8b36dda55,mutdmour,mutdmour,2026-08-30T17:16:09.996978+00:00
22,n8n-io/n8n,pull_request,9995,pull_commit,committed,87229bffbc52c07b562cbbac3ec7dc762369d2bd,2024-07-25T19:21:31Z,RicardoE105,User,,human_account,,no,,,87229bffbc52c07b562cbbac3ec7dc762369d2bd,RicardoE105,RicardoE105,2026-08-30T17:16:09.996978+00:00
22,n8n-io/n8n,pull_request,9995,pull_commit,committed,d19177fa346f64c2043fc57b8c7f0318af96cf60,2024-07-25T19:34:20Z,mutdmour,User,,human_account,,no,,,d19177fa346f64c2043fc57b8c7f0318af96cf60,mutdmour,mutdmour,2026-08-30T17:16:09.996978+00:00
22,n8n-io/n8n,pull_request,9995,pull_commit,committed,4cae156a1fe3bf0785fde6050c854d93ffc6e381,2024-07-25T19:34:30Z,mutdmour,User,,human_account,,no,,,4cae156a1fe3bf0785fde6050c854d93ffc6e381,mutdmour,mutdmour,2026-08-30T17:16:09.996978+00:00
22,n8n-io/n8n,pull_request,9995,pull_commit,committed,30ec59af9f7f62681acf975a1e98dc0301430fb5,2024-07-25T19:55:19Z,mutdmour,User,,human_account,,no,,,30ec59af9f7f62681acf975a1e98dc0301430fb5,mutdmour,mutdmour,2026-08-30T17:16:09.996978+00:00
22,n8n-io/n8n,pull_request,9995,pull_commit,committed,9c05c360f7e44857c7b8b0615d69c47e6a9c4e8a,2024-07-25T20:01:06Z,mutdmour,User,,human_account,,no,,,9c05c360f7e44857c7b8b0615d69c47e6a9c4e8a,mutdmour,mutdmour,2026-08-30T17:16:09.996978+00:00
22,n8n-io/n8n,pull_request,9995,pull_commit,committed,92275d061358cde1c25fee6d38056ba1f7c8fb83,2024-07-25T20:03:08Z,mutdmour,User,,human_account,,no,,,92275d061358cde1c25fee6d38056ba1f7c8fb83,mutdmour,mutdmour,2026-08-30T17:16:09.996978+00:00
22,n8n-io/n8n,pull_request,9995,pull_commit,committed,9ab34fb3172191627bffd3b9518636746d5d7660,2024-07-25T20:05:15Z,mutdmour,User,,human_account,,no,,,9ab34fb3172191627bffd3b9518636746d5d7660,mutdmour,mutdmour,2026-08-30T17:16:09.996978+00:00
22,n8n-io/n8n,pull_request,9995,pull_commit,committed,fe9ec9c4f75c90399d83a65b82ffb05e5610798f,2024-07-25T20:09:40Z,mutdmour,User,,human_account,,no,,,fe9ec9c4f75c90399d83a65b82ffb05e5610798f,mutdmour,mutdmour,2026-08-30T17:16:09.996978+00:00
22,n8n-io/n8n,pull_request,9995,pull_commit,committed,a05871a783403ea77c08a6d5e29f4bdfcf878203,2024-07-25T20:10:44Z,mutdmour,User,,human_account,,no,,,a05871a783403ea77c08a6d5e29f4bdfcf878203,mutdmour,mutdmour,2026-08-30T17:16:09.996978+00:00
22,n8n-io/n8n,pull_request,9995,pull_commit,committed,ace657c19f1d63892e189393552c2c07d4676c06,2024-07-25T20:15:30Z,mutdmour,User,,human_account,,no,,,ace657c19f1d63892e189393552c2c07d4676c06,mutdmour,mutdmour,2026-08-30T17:16:09.996978+00:00
22,n8n-io/n8n,pull_request,9995,pull_commit,committed,9b896bdf960e9a49eeb68fbaab020265ec1b81e7,2024-07-26T12:22:05Z,MiloradFilipovic,User,,human_account,,no,,,9b896bdf960e9a49eeb68fbaab020265ec1b81e7,MiloradFilipovic,MiloradFilipovic,2026-08-30T17:16:09.996978+00:00
22,n8n-io/n8n,pull_request,9995,pull_commit,committed,c0ff350b660a99e099ffa79e3bbeff7d9674e53d,2024-07-26T12:41:18Z,MiloradFilipovic,User,,human_account,,no,,,c0ff350b660a99e099ffa79e3bbeff7d9674e53d,MiloradFilipovic,MiloradFilipovic,2026-08-30T17:16:09.996978+00:00
22,n8n-io/n8n,pull_request,9995,pull_commit,committed,1efecaa304b1108810abeb65e316ffe459bf4b38,2024-07-29T08:22:09Z,MiloradFilipovic,User,,human_account,,no,,,1efecaa304b1108810abeb65e316ffe459bf4b38,MiloradFilipovic,MiloradFilipovic,2026-08-30T17:16:09.996978+00:00
22,n8n-io/n8n,pull_request,9995,pull_commit,committed,496780d3eb4e4faef763778d70404bbd1dd0cfac,2024-07-29T08:26:46Z,MiloradFilipovic,User,,human_account,,no,,,496780d3eb4e4faef763778d70404bbd1dd0cfac,MiloradFilipovic,MiloradFilipovic,2026-08-30T17:16:09.996978+00:00
22,n8n-io/n8n,pull_request,9995,pull_commit,committed,949219f06ac7963de617a986604f8c2bd93643c3,2024-07-29T08:27:52Z,MiloradFilipovic,User,,human_account,,no,,,949219f06ac7963de617a986604f8c2bd93643c3,MiloradFilipovic,MiloradFilipovic,2026-08-30T17:16:09.996978+00:00
22,n8n-io/n8n,pull_request,9995,pull_commit,committed,107857c12f3fc9c5bae44435360ebb9168fad990,2024-07-29T09:27:53Z,MiloradFilipovic,User,,human_account,,no,,,107857c12f3fc9c5bae44435360ebb9168fad990,MiloradFilipovic,MiloradFilipovic,2026-08-30T17:16:09.996978+00:00
22,n8n-io/n8n,pull_request,9995,pull_commit,committed,13c22e6b0ffec6f85c00ff5056381626601edc76,2024-07-29T09:37:23Z,MiloradFilipovic,User,,human_account,,no,,,13c22e6b0ffec6f85c00ff5056381626601edc76,MiloradFilipovic,MiloradFilipovic,2026-08-30T17:16:09.996978+00:00
22,n8n-io/n8n,pull_request,9995,pull_commit,committed,0798b3de026f9271f0882d7b16722acfb8956a66,2024-07-29T09:52:16Z,MiloradFilipovic,User,,human_account,,no,,,0798b3de026f9271f0882d7b16722acfb8956a66,MiloradFilipovic,MiloradFilipovic,2026-08-30T17:16:09.996978+00:00
22,n8n-io/n8n,pull_request,9995,pull_commit,committed,9bebc4f6ef34e27409d8517d966132fb528ed110,2024-07-29T10:14:23Z,MiloradFilipovic,User,,human_account,,no,,,9bebc4f6ef34e27409d8517d966132fb528ed110,MiloradFilipovic,MiloradFilipovic,2026-08-30T17:16:09.996978+00:00
22,n8n-io/n8n,pull_request,9995,pull_commit,committed,c82cbb163def680f23f7ee963324d92740e122da,2024-07-29T12:28:58Z,MiloradFilipovic,User,,human_account,,no,,,c82cbb163def680f23f7ee963324d92740e122da,MiloradFilipovic,MiloradFilipovic,2026-08-30T17:16:09.996978+00:00
22,n8n-io/n8n,pull_request,9995,pull_commit,committed,67e637c1b60b33ec623f5908883270ab07108f37,2024-07-29T12:52:33Z,MiloradFilipovic,User,,human_account,,no,,,67e637c1b60b33ec623f5908883270ab07108f37,MiloradFilipovic,MiloradFilipovic,2026-08-30T17:16:09.996978+00:00
22,n8n-io/n8n,pull_request,9995,pull_commit,committed,4c24b73000c107ff1e8b66c767f99a5bb6eb4155,2024-07-29T15:14:10Z,MiloradFilipovic,User,,human_account,,no,,,4c24b73000c107ff1e8b66c767f99a5bb6eb4155,MiloradFilipovic,MiloradFilipovic,2026-08-30T17:16:09.996978+00:00
22,n8n-io/n8n,pull_request,9995,pull_commit,committed,bde612ed42f88f36460403dd05623e7df0bb7594,2024-07-30T07:11:05Z,MiloradFilipovic,User,,human_account,,no,,,bde612ed42f88f36460403dd05623e7df0bb7594,MiloradFilipovic,MiloradFilipovic,2026-08-30T17:16:09.996978+00:00
22,n8n-io/n8n,pull_request,9995,pull_commit,committed,b20f5a6268ad65d987e654d2f18cdde4e795de1e,2024-07-30T07:11:28Z,MiloradFilipovic,User,,human_account,,no,,,b20f5a6268ad65d987e654d2f18cdde4e795de1e,MiloradFilipovic,MiloradFilipovic,2026-08-30T17:16:09.996978+00:00
22,n8n-io/n8n,pull_request,9995,pull_commit,committed,b14f4533e9b52824ba3b0a7912abf7e38fbc476a,2024-07-30T13:23:00Z,MiloradFilipovic,User,,human_account,,no,,,b14f4533e9b52824ba3b0a7912abf7e38fbc476a,MiloradFilipovic,MiloradFilipovic,2026-08-30T17:16:09.996978+00:00
22,n8n-io/n8n,pull_request,9995,pull_commit,committed,b97b0e425c38778a6e81f31f58d26267cbcf7478,2024-07-30T16:28:18Z,RicardoE105,User,,human_account,,no,,,b97b0e425c38778a6e81f31f58d26267cbcf7478,RicardoE105,RicardoE105,2026-08-30T17:16:09.996978+00:00
22,n8n-io/n8n,pull_request,9995,pull_commit,committed,660df7d4d73b8cee3ddc945c3ed1f2b7dbd25a9c,2024-07-30T16:32:32Z,RicardoE105,User,,human_account,,no,,,660df7d4d73b8cee3ddc945c3ed1f2b7dbd25a9c,RicardoE105,RicardoE105,2026-08-30T17:16:09.996978+00:00
22,n8n-io/n8n,pull_request,9995,pull_commit,committed,d1c64e7c82ab22f8572e175a6d5d370ed274ab9b,2024-07-30T16:36:33Z,web-flow,User,,human_account,,no,,,d1c64e7c82ab22f8572e175a6d5d370ed274ab9b,RicardoE105,web-flow,2026-08-30T17:16:09.996978+00:00
22,n8n-io/n8n,pull_request,9995,pull_commit,committed,369cf06764e8b20101da480c082d17b879cb40c8,2024-07-30T18:47:16Z,RicardoE105,User,,human_account,,no,,,369cf06764e8b20101da480c082d17b879cb40c8,RicardoE105,RicardoE105,2026-08-30T17:16:09.996978+00:00
22,n8n-io/n8n,pull_request,9995,pull_commit,committed,0c04e76b828f2f9bd97af842d4218845c5e0ba64,2024-07-30T19:39:50Z,RicardoE105,User,,human_account,,no,,,0c04e76b828f2f9bd97af842d4218845c5e0ba64,RicardoE105,RicardoE105,2026-08-30T17:16:09.996978+00:00
22,n8n-io/n8n,pull_request,9995,pull_commit,committed,d4fb138da670868f6fb429fcfd3943b871d91e3f,2024-07-31T00:11:27Z,RicardoE105,User,,human_account,,no,,,d4fb138da670868f6fb429fcfd3943b871d91e3f,RicardoE105,RicardoE105,2026-08-30T17:16:09.996978+00:00
22,n8n-io/n8n,pull_request,9995,pull_commit,committed,33f6fb8ec124d9c23a70d9c44c56a1558cef1bc0,2024-07-31T06:55:48Z,MiloradFilipovic,User,,human_account,,no,,,33f6fb8ec124d9c23a70d9c44c56a1558cef1bc0,MiloradFilipovic,MiloradFilipovic,2026-08-30T17:16:09.996978+00:00
22,n8n-io/n8n,pull_request,9995,pull_commit,committed,0bad965251dbdf2bcf7d47a181351df5349d3ab3,2024-07-31T08:44:40Z,MiloradFilipovic,User,,human_account,,no,,,0bad965251dbdf2bcf7d47a181351df5349d3ab3,MiloradFilipovic,MiloradFilipovic,2026-08-30T17:16:09.996978+00:00
22,n8n-io/n8n,pull_request,9995,pull_commit,committed,c9eccd2e8295d6d8fef26ddfd9bf7cd7013ed269,2024-07-31T09:02:42Z,MiloradFilipovic,User,,human_account,,no,,,c9eccd2e8295d6d8fef26ddfd9bf7cd7013ed269,MiloradFilipovic,MiloradFilipovic,2026-08-30T17:16:09.996978+00:00
22,n8n-io/n8n,pull_request,9995,pull_commit,committed,b3bbf7ac33b634e51083fa6518f61fe85e26d3b4,2024-07-31T16:55:26Z,RicardoE105,User,,human_account,,no,,,b3bbf7ac33b634e51083fa6518f61fe85e26d3b4,RicardoE105,RicardoE105,2026-08-30T17:16:09.996978+00:00
22,n8n-io/n8n,pull_request,9995,pull_commit,committed,87f301c91ab117235f8f6267c7d494a9a76e4fc4,2024-07-31T16:56:04Z,RicardoE105,User,,human_account,,no,,,87f301c91ab117235f8f6267c7d494a9a76e4fc4,RicardoE105,RicardoE105,2026-08-30T17:16:09.996978+00:00
22,n8n-io/n8n,pull_request,9995,pull_commit,committed,b977dd7cd8fb77d0eb4a19ea1f9e108b6726da03,2024-07-31T23:17:23Z,RicardoE105,User,,human_account,,no,,,b977dd7cd8fb77d0eb4a19ea1f9e108b6726da03,RicardoE105,RicardoE105,2026-08-30T17:16:09.996978+00:00
22,n8n-io/n8n,pull_request,9995,pull_commit,committed,a2408bbedb96512b27fed583625dd1ab45e0cfb2,2024-08-01T06:53:19Z,MiloradFilipovic,User,,human_account,,no,,,a2408bbedb96512b27fed583625dd1ab45e0cfb2,MiloradFilipovic,MiloradFilipovic,2026-08-30T17:16:09.996978+00:00
22,n8n-io/n8n,pull_request,9995,pull_commit,committed,ff1b13d1cf7d1ccf441529930afba40433fcc6b7,2024-08-01T07:45:46Z,MiloradFilipovic,User,,human_account,,no,,,ff1b13d1cf7d1ccf441529930afba40433fcc6b7,MiloradFilipovic,MiloradFilipovic,2026-08-30T17:16:09.996978+00:00
22,n8n-io/n8n,pull_request,9995,pull_commit,committed,3d4a42294e272017fd11b13263167303172d632f,2024-08-01T08:01:03Z,MiloradFilipovic,User,,human_account,,no,,,3d4a42294e272017fd11b13263167303172d632f,MiloradFilipovic,MiloradFilipovic,2026-08-30T17:16:09.996978+00:00
22,n8n-io/n8n,pull_request,9995,pull_commit,committed,eadcc5aa6ae69678277b80b31b2a5f0555d05c09,2024-08-01T08:20:45Z,MiloradFilipovic,User,,human_account,,no,,,eadcc5aa6ae69678277b80b31b2a5f0555d05c09,MiloradFilipovic,MiloradFilipovic,2026-08-30T17:16:09.996978+00:00
22,n8n-io/n8n,pull_request,9995,pull_commit,committed,d7faf9dddb98670f75e3a82431f467fc0484801a,2024-08-01T12:11:40Z,MiloradFilipovic,User,,human_account,,no,,,d7faf9dddb98670f75e3a82431f467fc0484801a,MiloradFilipovic,MiloradFilipovic,2026-08-30T17:16:09.996978+00:00
22,n8n-io/n8n,pull_request,9995,pull_commit,committed,c65ab512d0a539fd4f14c0f5eba20d78bb8ac0f7,2024-08-01T12:17:57Z,MiloradFilipovic,User,,human_account,,no,,,c65ab512d0a539fd4f14c0f5eba20d78bb8ac0f7,MiloradFilipovic,MiloradFilipovic,2026-08-30T17:16:09.996978+00:00
22,n8n-io/n8n,pull_request,9995,pull_commit,committed,9b6fa8e974533c2e1fc991cb593482bc02b46f0b,2024-08-01T12:44:04Z,MiloradFilipovic,User,,human_account,,no,,,9b6fa8e974533c2e1fc991cb593482bc02b46f0b,MiloradFilipovic,MiloradFilipovic,2026-08-30T17:16:09.996978+00:00
22,n8n-io/n8n,pull_request,9995,pull_commit,committed,ff30bf2729be93de775c28022fd642f9857b9c29,2024-08-01T13:26:28Z,MiloradFilipovic,User,,human_account,,no,,,ff30bf2729be93de775c28022fd642f9857b9c29,MiloradFilipovic,MiloradFilipovic,2026-08-30T17:16:09.996978+00:00
22,n8n-io/n8n,pull_request,9995,pull_commit,committed,66cec8abdddaf1f0ab1127616c5c263b3506a16f,2024-08-02T09:01:26Z,MiloradFilipovic,User,,human_account,,no,,,66cec8abdddaf1f0ab1127616c5c263b3506a16f,MiloradFilipovic,MiloradFilipovic,2026-08-30T17:16:09.996978+00:00
22,n8n-io/n8n,pull_request,9995,pull_commit,committed,59d2af50a209e0b3d939fa6d3c5f47080943ba5d,2024-08-02T13:13:26Z,MiloradFilipovic,User,,human_account,,no,,,59d2af50a209e0b3d939fa6d3c5f47080943ba5d,MiloradFilipovic,MiloradFilipovic,2026-08-30T17:16:09.996978+00:00
22,n8n-io/n8n,pull_request,9995,pull_commit,committed,21ba59d5325e093dc475681f941f2bed8087fa75,2024-08-02T14:52:56Z,MiloradFilipovic,User,,human_account,,no,,,21ba59d5325e093dc475681f941f2bed8087fa75,MiloradFilipovic,MiloradFilipovic,2026-08-30T17:16:09.996978+00:00
22,n8n-io/n8n,pull_request,9995,pull_commit,committed,1bbbc81243b6dca061d947483045dbdf28cc1731,2024-08-02T14:54:36Z,MiloradFilipovic,User,,human_account,,no,,,1bbbc81243b6dca061d947483045dbdf28cc1731,MiloradFilipovic,MiloradFilipovic,2026-08-30T17:16:09.996978+00:00
22,n8n-io/n8n,pull_request,9995,pull_commit,committed,827606e7cbbf2a8a03b538e39abdcadceba6d52b,2024-08-04T12:52:14Z,MiloradFilipovic,User,,human_account,,no,,,827606e7cbbf2a8a03b538e39abdcadceba6d52b,MiloradFilipovic,MiloradFilipovic,2026-08-30T17:16:09.996978+00:00
22,n8n-io/n8n,pull_request,9995,pull_commit,committed,a572adf74ebcc7f8565a3aafc0efc25feb690807,2024-08-05T12:25:39Z,MiloradFilipovic,User,,human_account,,no,,,a572adf74ebcc7f8565a3aafc0efc25feb690807,MiloradFilipovic,MiloradFilipovic,2026-08-30T17:16:09.996978+00:00
22,n8n-io/n8n,pull_request,9995,pull_commit,committed,ff0a970e011986553d9fa6e08d5bef5dd5e5cd84,2024-08-05T13:25:08Z,MiloradFilipovic,User,,human_account,,no,,,ff0a970e011986553d9fa6e08d5bef5dd5e5cd84,MiloradFilipovic,MiloradFilipovic,2026-08-30T17:16:09.996978+00:00
22,n8n-io/n8n,pull_request,9995,pull_commit,committed,66892c395f229e9c4bc1b226653bd6d964e8220a,2024-08-05T14:44:05Z,MiloradFilipovic,User,,human_account,,no,,,66892c395f229e9c4bc1b226653bd6d964e8220a,MiloradFilipovic,MiloradFilipovic,2026-08-30T17:16:09.996978+00:00
22,n8n-io/n8n,pull_request,9995,pull_commit,committed,1d5c867325b1bcf79e0e202238597eead2ed77df,2024-08-05T20:27:36Z,RicardoE105,User,,human_account,,no,,,1d5c867325b1bcf79e0e202238597eead2ed77df,RicardoE105,RicardoE105,2026-08-30T17:16:09.996978+00:00
22,n8n-io/n8n,pull_request,9995,pull_commit,committed,aec4e116babbe80c55858938607a169798cfe0b0,2024-08-05T21:34:13Z,RicardoE105,User,,human_account,,no,,,aec4e116babbe80c55858938607a169798cfe0b0,RicardoE105,RicardoE105,2026-08-30T17:16:09.996978+00:00
22,n8n-io/n8n,pull_request,9995,pull_commit,committed,12c4d181af7707b6b6723973d09caf334b642cab,2024-08-06T07:35:18Z,MiloradFilipovic,User,,human_account,,no,,,12c4d181af7707b6b6723973d09caf334b642cab,MiloradFilipovic,MiloradFilipovic,2026-08-30T17:16:09.996978+00:00
22,n8n-io/n8n,pull_request,9995,pull_commit,committed,a6651677a36b5c76ce427b0502e02a5a6538d84f,2024-08-06T07:54:22Z,MiloradFilipovic,User,,human_account,,no,,,a6651677a36b5c76ce427b0502e02a5a6538d84f,MiloradFilipovic,MiloradFilipovic,2026-08-30T17:16:09.996978+00:00
22,n8n-io/n8n,pull_request,9995,pull_commit,committed,6fb55a48b760de156db069a6f308ceeefd0fd18c,2024-08-06T08:24:13Z,MiloradFilipovic,User,,human_account,,no,,,6fb55a48b760de156db069a6f308ceeefd0fd18c,MiloradFilipovic,MiloradFilipovic,2026-08-30T17:16:09.996978+00:00
22,n8n-io/n8n,pull_request,9995,pull_commit,committed,3aeb87bf2eb5ce4228e553d1b898c57d13eab755,2024-08-06T08:53:50Z,mutdmour,User,,human_account,,no,,,3aeb87bf2eb5ce4228e553d1b898c57d13eab755,mutdmour,mutdmour,2026-08-30T17:16:09.996978+00:00
22,n8n-io/n8n,pull_request,9995,pull_commit,committed,9e641ed96246c764f6ca097eba702dc02a5d9741,2024-08-06T12:09:38Z,MiloradFilipovic,User,,human_account,,no,,,9e641ed96246c764f6ca097eba702dc02a5d9741,MiloradFilipovic,MiloradFilipovic,2026-08-30T17:16:09.996978+00:00
22,n8n-io/n8n,pull_request,9995,pull_commit,committed,695e5e32226161af76ab5d28e6572253a403ce80,2024-08-06T14:41:58Z,MiloradFilipovic,User,,human_account,,no,,,695e5e32226161af76ab5d28e6572253a403ce80,MiloradFilipovic,MiloradFilipovic,2026-08-30T17:16:09.996978+00:00
22,n8n-io/n8n,pull_request,9995,pull_commit,committed,8c4bf4b8dfd39281c8367dfd48b993225c94bfeb,2024-08-06T15:20:19Z,mutdmour,User,,human_account,,no,,,8c4bf4b8dfd39281c8367dfd48b993225c94bfeb,mutdmour,mutdmour,2026-08-30T17:16:09.996978+00:00
22,n8n-io/n8n,pull_request,9995,pull_commit,committed,b275889bb8a4ef2c15323679b3fa04a95b82027b,2024-08-06T15:34:44Z,mutdmour,User,,human_account,,no,,,b275889bb8a4ef2c15323679b3fa04a95b82027b,mutdmour,mutdmour,2026-08-30T17:16:09.996978+00:00
22,n8n-io/n8n,pull_request,9995,pull_commit,committed,5a4b93fe4bed1fc76abea03ed6888d47bdbcd3a0,2024-08-07T10:26:43Z,mutdmour,User,,human_account,,no,,,5a4b93fe4bed1fc76abea03ed6888d47bdbcd3a0,mutdmour,mutdmour,2026-08-30T17:16:09.996978+00:00
22,n8n-io/n8n,pull_request,9995,pull_commit,committed,626d57bde4b46df4e841e1880929557b14b9aa86,2024-08-07T12:25:54Z,MiloradFilipovic,User,,human_account,,no,,,626d57bde4b46df4e841e1880929557b14b9aa86,MiloradFilipovic,MiloradFilipovic,2026-08-30T17:16:09.996978+00:00
22,n8n-io/n8n,pull_request,9995,pull_commit,committed,cb8144bdddcf92029d08b1530906de9405adf78f,2024-08-07T12:41:11Z,MiloradFilipovic,User,,human_account,,no,,,cb8144bdddcf92029d08b1530906de9405adf78f,MiloradFilipovic,MiloradFilipovic,2026-08-30T17:16:09.996978+00:00
22,n8n-io/n8n,pull_request,9995,pull_commit,committed,a2b082e96a1b7eb3cde386121bfb313b469a0d6a,2024-08-08T09:38:58Z,mutdmour,User,,human_account,,no,,,a2b082e96a1b7eb3cde386121bfb313b469a0d6a,mutdmour,mutdmour,2026-08-30T17:16:09.996978+00:00
22,n8n-io/n8n,pull_request,9995,pull_commit,committed,d9ea858b4d766bf7b007ec51d24ad3af7548fb55,2024-08-08T10:30:07Z,MiloradFilipovic,User,,human_account,,no,,,d9ea858b4d766bf7b007ec51d24ad3af7548fb55,MiloradFilipovic,MiloradFilipovic,2026-08-30T17:16:09.996978+00:00
22,n8n-io/n8n,pull_request,9995,pull_commit,committed,7b983e1d66811614ddecc5238759eaea7fc2aedf,2024-08-08T14:48:14Z,mutdmour,User,,human_account,,no,,,7b983e1d66811614ddecc5238759eaea7fc2aedf,mutdmour,mutdmour,2026-08-30T17:16:09.996978+00:00
22,n8n-io/n8n,pull_request,9995,pull_commit,committed,32b89ac1ade1af7accb313f38eb37bd37bb99c46,2024-08-08T15:24:33Z,mutdmour,User,,human_account,,no,,,32b89ac1ade1af7accb313f38eb37bd37bb99c46,mutdmour,mutdmour,2026-08-30T17:16:09.996978+00:00
22,n8n-io/n8n,pull_request,9995,pull_commit,committed,f4972bce01785764cfaef7c2ed48fb87093bd286,2024-08-08T15:33:09Z,mutdmour,User,,human_account,,no,,,f4972bce01785764cfaef7c2ed48fb87093bd286,mutdmour,mutdmour,2026-08-30T17:16:09.996978+00:00
22,n8n-io/n8n,pull_request,9995,pull_commit,committed,a4dfe5a74392bc2f620331e2ae9932d68400d665,2024-08-08T15:46:05Z,MiloradFilipovic,User,,human_account,,no,,,a4dfe5a74392bc2f620331e2ae9932d68400d665,MiloradFilipovic,MiloradFilipovic,2026-08-30T17:16:09.996978+00:00
22,n8n-io/n8n,pull_request,9995,pull_commit,committed,8b7bfe975c3148b4ae55623147ac425994ffa2af,2024-08-08T15:54:42Z,mutdmour,User,,human_account,,no,,,8b7bfe975c3148b4ae55623147ac425994ffa2af,mutdmour,mutdmour,2026-08-30T17:16:09.996978+00:00
22,n8n-io/n8n,pull_request,9995,pull_commit,committed,bfeb3325e11eb839eb37485c9f7a20ba437a9be9,2024-08-08T15:55:28Z,mutdmour,User,,human_account,,no,,,bfeb3325e11eb839eb37485c9f7a20ba437a9be9,mutdmour,mutdmour,2026-08-30T17:16:09.996978+00:00
22,n8n-io/n8n,pull_request,9995,pull_commit,committed,6a92ce9f35a40ada3bb9a7a442b7f3fec4a191fb,2024-08-08T15:59:34Z,MiloradFilipovic,User,,human_account,,no,,,6a92ce9f35a40ada3bb9a7a442b7f3fec4a191fb,MiloradFilipovic,MiloradFilipovic,2026-08-30T17:16:09.996978+00:00
22,n8n-io/n8n,pull_request,9995,pull_commit,committed,2ea5b0c51a5e2bc85982229edfc348913e4f693f,2024-08-08T16:14:22Z,MiloradFilipovic,User,,human_account,,no,,,2ea5b0c51a5e2bc85982229edfc348913e4f693f,MiloradFilipovic,MiloradFilipovic,2026-08-30T17:16:09.996978+00:00
22,n8n-io/n8n,pull_request,9995,pull_commit,committed,3e24993cd3ab3a5e8212558bf0ead6716ed6b3dc,2024-08-09T07:42:08Z,MiloradFilipovic,User,,human_account,,no,,,3e24993cd3ab3a5e8212558bf0ead6716ed6b3dc,MiloradFilipovic,MiloradFilipovic,2026-08-30T17:16:09.996978+00:00
22,n8n-io/n8n,pull_request,9995,pull_commit,committed,785a566eeccf2e65e09257839791307e60fca4bb,2024-08-09T09:43:27Z,MiloradFilipovic,User,,human_account,,no,,,785a566eeccf2e65e09257839791307e60fca4bb,MiloradFilipovic,MiloradFilipovic,2026-08-30T17:16:09.996978+00:00
22,n8n-io/n8n,pull_request,9995,pull_commit,committed,451f98369992ca668473d36024d620a75a3e7775,2024-08-09T13:46:10Z,MiloradFilipovic,User,,human_account,,no,,,451f98369992ca668473d36024d620a75a3e7775,MiloradFilipovic,MiloradFilipovic,2026-08-30T17:16:09.996978+00:00
22,n8n-io/n8n,pull_request,9995,pull_commit,committed,badcb54d65adf87eed35aab6c440a8633469a4d8,2024-08-09T14:44:45Z,MiloradFilipovic,User,,human_account,,no,,,badcb54d65adf87eed35aab6c440a8633469a4d8,MiloradFilipovic,MiloradFilipovic,2026-08-30T17:16:09.996978+00:00
22,n8n-io/n8n,pull_request,9995,pull_commit,committed,d442e9a1cbf69510c5f560c7331f7b0cfa7c7cdc,2024-08-11T19:37:52Z,MiloradFilipovic,User,,human_account,,no,,,d442e9a1cbf69510c5f560c7331f7b0cfa7c7cdc,MiloradFilipovic,MiloradFilipovic,2026-08-30T17:16:09.996978+00:00
22,n8n-io/n8n,pull_request,9995,pull_commit,committed,b02e7ea97805630f74c6408e116ad924005afe75,2024-08-12T07:45:42Z,MiloradFilipovic,User,,human_account,,no,,,b02e7ea97805630f74c6408e116ad924005afe75,MiloradFilipovic,MiloradFilipovic,2026-08-30T17:16:09.996978+00:00
22,n8n-io/n8n,pull_request,9995,pull_commit,committed,6af90ae3ec8be9dbe46bbab4f54166f722cecdbe,2024-08-12T08:41:52Z,MiloradFilipovic,User,,human_account,,no,,,6af90ae3ec8be9dbe46bbab4f54166f722cecdbe,MiloradFilipovic,MiloradFilipovic,2026-08-30T17:16:09.996978+00:00
22,n8n-io/n8n,pull_request,9995,pull_commit,committed,6b71f736309c822b03b23c60d1eb2f90be4ae166,2024-08-12T09:45:32Z,MiloradFilipovic,User,,human_account,,no,,,6b71f736309c822b03b23c60d1eb2f90be4ae166,MiloradFilipovic,MiloradFilipovic,2026-08-30T17:16:09.996978+00:00
22,n8n-io/n8n,pull_request,9995,pull_commit,committed,6db943eb24931cad282f7e1069bb02ce3b4f7b83,2024-08-12T10:12:02Z,MiloradFilipovic,User,,human_account,,no,,,6db943eb24931cad282f7e1069bb02ce3b4f7b83,MiloradFilipovic,MiloradFilipovic,2026-08-30T17:16:09.996978+00:00
22,n8n-io/n8n,pull_request,9995,pull_commit,committed,e41ddf36d9476d4addcc8d44fcf968d3d5ffadcb,2024-08-12T11:22:21Z,MiloradFilipovic,User,,human_account,,no,,,e41ddf36d9476d4addcc8d44fcf968d3d5ffadcb,MiloradFilipovic,MiloradFilipovic,2026-08-30T17:16:09.996978+00:00
22,n8n-io/n8n,pull_request,9995,pull_commit,committed,ece709e64eba7de58783033778e00b859a442be6,2024-08-12T11:30:30Z,MiloradFilipovic,User,,human_account,,no,,,ece709e64eba7de58783033778e00b859a442be6,MiloradFilipovic,MiloradFilipovic,2026-08-30T17:16:09.996978+00:00
22,n8n-io/n8n,pull_request,9995,pull_commit,committed,bd116e93687478db170a0d996185173bfdfec700,2024-08-12T11:52:48Z,MiloradFilipovic,User,,human_account,,no,,,bd116e93687478db170a0d996185173bfdfec700,MiloradFilipovic,MiloradFilipovic,2026-08-30T17:16:09.996978+00:00
22,n8n-io/n8n,pull_request,9995,pull_commit,committed,f69e9f6b4166fccc4020f16be94b317cef8cd62f,2024-08-13T07:07:40Z,MiloradFilipovic,User,,human_account,,no,,,f69e9f6b4166fccc4020f16be94b317cef8cd62f,MiloradFilipovic,MiloradFilipovic,2026-08-30T17:16:09.996978+00:00
22,n8n-io/n8n,pull_request,9995,pull_commit,committed,96043a3ebcc0efc88e7b305f5e83a4be59322e0d,2024-08-13T09:53:03Z,MiloradFilipovic,User,,human_account,,no,,,96043a3ebcc0efc88e7b305f5e83a4be59322e0d,MiloradFilipovic,MiloradFilipovic,2026-08-30T17:16:09.996978+00:00
22,n8n-io/n8n,pull_request,9995,pull_commit,committed,042926a99fadaf1c8ced6c913b7d7793b626bff4,2024-08-13T10:06:21Z,MiloradFilipovic,User,,human_account,,no,,,042926a99fadaf1c8ced6c913b7d7793b626bff4,MiloradFilipovic,MiloradFilipovic,2026-08-30T17:16:09.996978+00:00
22,n8n-io/n8n,pull_request,9995,pull_commit,committed,b9b58d0702657427403d7deefbe4e34eb79eb1b9,2024-08-13T10:18:06Z,MiloradFilipovic,User,,human_account,,no,,,b9b58d0702657427403d7deefbe4e34eb79eb1b9,MiloradFilipovic,MiloradFilipovic,2026-08-30T17:16:09.996978+00:00
22,n8n-io/n8n,pull_request,9995,pull_commit,committed,c7e9a148c8241185b51e4d570c979973bd73fc89,2024-08-13T11:05:07Z,mutdmour,User,,human_account,,no,,,c7e9a148c8241185b51e4d570c979973bd73fc89,mutdmour,mutdmour,2026-08-30T17:16:09.996978+00:00
22,n8n-io/n8n,pull_request,9995,pull_commit,committed,382875f91fdd8f314653f27122a05e6f1ec7ace2,2024-08-13T12:33:31Z,MiloradFilipovic,User,,human_account,,no,,,382875f91fdd8f314653f27122a05e6f1ec7ace2,MiloradFilipovic,MiloradFilipovic,2026-08-30T17:16:09.996978+00:00
22,n8n-io/n8n,pull_request,9995,pull_commit,committed,5e8081b661784bd0fe5b247ce976537c56ba62cb,2024-08-13T15:31:55Z,mutdmour,User,,human_account,,no,,,5e8081b661784bd0fe5b247ce976537c56ba62cb,mutdmour,mutdmour,2026-08-30T17:16:09.996978+00:00
22,n8n-io/n8n,pull_request,9995,pull_commit,committed,2b9ca67bfcd1e9678ec528f580395f26dc109dcc,2024-08-14T07:42:27Z,MiloradFilipovic,User,,human_account,,no,,,2b9ca67bfcd1e9678ec528f580395f26dc109dcc,MiloradFilipovic,MiloradFilipovic,2026-08-30T17:16:09.996978+00:00
22,n8n-io/n8n,pull_request,9995,pull_commit,committed,ec617b5fec8c78fd479f07e3c0a998cf449453b9,2024-08-14T08:36:34Z,mutdmour,User,,human_account,,no,,,ec617b5fec8c78fd479f07e3c0a998cf449453b9,mutdmour,mutdmour,2026-08-30T17:16:09.996978+00:00
22,n8n-io/n8n,pull_request,9995,pull_commit,committed,cb312cc6cb15bbe991dbe27eecbe0d0e36024471,2024-08-14T08:37:35Z,mutdmour,User,,human_account,,no,,,cb312cc6cb15bbe991dbe27eecbe0d0e36024471,mutdmour,mutdmour,2026-08-30T17:16:09.996978+00:00
22,n8n-io/n8n,pull_request,9995,pull_commit,committed,a413db5b5d094d39c16f6d290bbc470984b040fb,2024-08-14T10:02:50Z,web-flow,User,,human_account,,no,,,a413db5b5d094d39c16f6d290bbc470984b040fb,mutdmour,web-flow,2026-08-30T17:16:09.996978+00:00
22,n8n-io/n8n,pull_request,9995,pull_commit,committed,b6a7f4a63d76df880089e0994199ec11a3c128a2,2024-08-14T10:06:22Z,mutdmour,User,,human_account,,no,,,b6a7f4a63d76df880089e0994199ec11a3c128a2,mutdmour,mutdmour,2026-08-30T17:16:09.996978+00:00
22,n8n-io/n8n,pull_request,9995,pull_commit,committed,b7d09d899a4b391a335f23bfaa56ae2515d5384f,2024-08-14T10:30:46Z,mutdmour,User,,human_account,,no,,,b7d09d899a4b391a335f23bfaa56ae2515d5384f,mutdmour,mutdmour,2026-08-30T17:16:09.996978+00:00
22,n8n-io/n8n,pull_request,9995,pull_commit,committed,f785950534052c2de52a8485783f9e5b9ece7567,2024-08-14T10:36:28Z,mutdmour,User,,human_account,,no,,,f785950534052c2de52a8485783f9e5b9ece7567,mutdmour,mutdmour,2026-08-30T17:16:09.996978+00:00
22,n8n-io/n8n,pull_request,9995,pull_commit,committed,76e65971b70adc75391caa15397c7e423ccbead0,2024-08-14T10:58:20Z,mutdmour,User,,human_account,,no,,,76e65971b70adc75391caa15397c7e423ccbead0,mutdmour,mutdmour,2026-08-30T17:16:09.996978+00:00
22,n8n-io/n8n,pull_request,9995,pull_commit,committed,dccb6d1f0488708b3af9269768798c82709c963a,2024-08-14T11:08:29Z,mutdmour,User,,human_account,,no,,,dccb6d1f0488708b3af9269768798c82709c963a,mutdmour,mutdmour,2026-08-30T17:16:09.996978+00:00
22,n8n-io/n8n,pull_request,9995,pull_commit,committed,e878aacc61504d0ac2b8bd351be8983719826644,2024-08-14T12:07:47Z,mutdmour,User,,human_account,,no,,,e878aacc61504d0ac2b8bd351be8983719826644,mutdmour,mutdmour,2026-08-30T17:16:09.996978+00:00
22,n8n-io/n8n,pull_request,9995,pull_commit,committed,cc028249d6ba70e2f8e2e1138a6da70cf2e40069,2024-08-14T12:08:59Z,mutdmour,User,,human_account,,no,,,cc028249d6ba70e2f8e2e1138a6da70cf2e40069,mutdmour,mutdmour,2026-08-30T17:16:09.996978+00:00
22,n8n-io/n8n,pull_request,9995,pull_commit,committed,422d9afb8274db7417bedbd236c1bda9d6f3ddbb,2024-08-14T12:15:26Z,MiloradFilipovic,User,,human_account,,no,,,422d9afb8274db7417bedbd236c1bda9d6f3ddbb,MiloradFilipovic,MiloradFilipovic,2026-08-30T17:16:09.996978+00:00
22,n8n-io/n8n,pull_request,10382,pull_commit,committed,9f837f61e143fd78174457afcc9b25d5ccfecc3a,2024-08-13T13:08:19Z,,,,unknown,,no,,,9f837f61e143fd78174457afcc9b25d5ccfecc3a,,,2026-08-30T17:16:11.608023+00:00
22,n8n-io/n8n,pull_request,10382,pull_commit,committed,81324f7b84b548820b55239ad7cd1210c48b5f3a,2024-08-13T14:22:35Z,,,,unknown,,no,,,81324f7b84b548820b55239ad7cd1210c48b5f3a,,,2026-08-30T17:16:11.608023+00:00
22,n8n-io/n8n,pull_request,10382,pull_commit,committed,2df261480dc92b5b595f2e01bc9cec6038cade2b,2024-08-13T15:14:47Z,netroy,User,,human_account,,no,,,2df261480dc92b5b595f2e01bc9cec6038cade2b,netroy,netroy,2026-08-30T17:16:11.608023+00:00
22,n8n-io/n8n,pull_request,10382,pull_commit,committed,2c674211d461bafe63e7c1b52e5082feece9a31b,2024-08-13T15:15:49Z,netroy,User,,human_account,,no,,,2c674211d461bafe63e7c1b52e5082feece9a31b,netroy,netroy,2026-08-30T17:16:11.608023+00:00
22,n8n-io/n8n,pull_request,18220,pull_commit,committed,2e46d7be1a53479f62a8caed93e170c4b295177e,2025-08-11T14:49:00Z,github-actions[bot],Bot,,automation_bot,,no,,,2e46d7be1a53479f62a8caed93e170c4b295177e,r00gm,github-actions[bot],2026-08-30T17:16:12.449294+00:00
22,n8n-io/n8n,pull_request,18011,pull_commit,committed,ea78005ec97b48cd326eb07eab99e936ba0ad8d1,2025-08-14T11:50:27Z,dariacodes,User,,human_account,,no,,,ea78005ec97b48cd326eb07eab99e936ba0ad8d1,dariacodes,dariacodes,2026-08-30T17:16:12.891358+00:00
22,n8n-io/n8n,pull_request,18011,pull_commit,committed,17d40387cea623915bce89f0cc46a7f9b5b25dd2,2025-08-14T12:05:13Z,dariacodes,User,,human_account,,no,,,17d40387cea623915bce89f0cc46a7f9b5b25dd2,CharlieKolb,dariacodes,2026-08-30T17:16:12.891358+00:00
22,n8n-io/n8n,pull_request,18011,pull_commit,committed,941c2853579d2bd3af14ce330d350a61797be623,2025-08-14T13:23:07Z,dariacodes,User,,human_account,,no,,,941c2853579d2bd3af14ce330d350a61797be623,dariacodes,dariacodes,2026-08-30T17:16:12.891358+00:00
22,n8n-io/n8n,pull_request,18045,pull_commit,committed,8322f90b9694e835264c0a0a91c553e3d8e7ec2c,2025-08-06T10:49:56Z,dariacodes,User,,human_account,,no,,,8322f90b9694e835264c0a0a91c553e3d8e7ec2c,dariacodes,dariacodes,2026-08-30T17:16:13.343859+00:00
22,n8n-io/n8n,pull_request,18045,pull_commit,committed,2c72338c99adec4c8243da96d073a54acacc6669,2025-08-06T12:13:31Z,dariacodes,User,,human_account,,no,,,2c72338c99adec4c8243da96d073a54acacc6669,dariacodes,dariacodes,2026-08-30T17:16:13.343859+00:00
22,n8n-io/n8n,pull_request,18045,pull_commit,committed,97840c89a8fe477f1b0d11a3cfb018a3f6ed02a0,2025-08-06T12:54:09Z,dariacodes,User,,human_account,,no,,,97840c89a8fe477f1b0d11a3cfb018a3f6ed02a0,dariacodes,dariacodes,2026-08-30T17:16:13.343859+00:00
22,n8n-io/n8n,pull_request,18045,pull_commit,committed,4777c027e2c764de96b59ee633fd1ef1c105ff78,2025-08-06T13:10:18Z,dariacodes,User,,human_account,,no,,,4777c027e2c764de96b59ee633fd1ef1c105ff78,dariacodes,dariacodes,2026-08-30T17:16:13.343859+00:00
22,n8n-io/n8n,pull_request,18045,pull_commit,committed,2b42f641598b8d03e521c2a8ea3d7c6598bcc61f,2025-08-06T13:25:51Z,dariacodes,User,,human_account,,no,,,2b42f641598b8d03e521c2a8ea3d7c6598bcc61f,dariacodes,dariacodes,2026-08-30T17:16:13.343859+00:00
22,n8n-io/n8n,pull_request,18045,pull_commit,committed,f11eac64ca98c96021a86ec29f43ab95a2b14684,2025-08-06T13:34:17Z,dariacodes,User,,human_account,,no,,,f11eac64ca98c96021a86ec29f43ab95a2b14684,dariacodes,dariacodes,2026-08-30T17:16:13.343859+00:00
22,n8n-io/n8n,pull_request,18045,pull_commit,committed,93e994a2447f30868d59325b04510110b6b088b7,2025-08-06T13:53:13Z,dariacodes,User,,human_account,,no,,,93e994a2447f30868d59325b04510110b6b088b7,dariacodes,dariacodes,2026-08-30T17:16:13.343859+00:00
22,n8n-io/n8n,pull_request,18045,pull_commit,committed,9f61129fd9239e4ca60181ac1f0191d713a2e52e,2025-08-07T14:33:47Z,dariacodes,User,,human_account,,no,,,9f61129fd9239e4ca60181ac1f0191d713a2e52e,dariacodes,dariacodes,2026-08-30T17:16:13.343859+00:00
22,n8n-io/n8n,pull_request,18045,pull_commit,committed,b28ff236dbfcd186c1073d2dddb4ac863d3b15f9,2025-08-07T14:41:30Z,dariacodes,User,,human_account,,no,,,b28ff236dbfcd186c1073d2dddb4ac863d3b15f9,dariacodes,dariacodes,2026-08-30T17:16:13.343859+00:00
22,n8n-io/n8n,pull_request,18045,pull_commit,committed,111e18b127c7b334e359a95f7ad759fb2b944acd,2025-08-07T14:48:21Z,dariacodes,User,,human_account,,no,,,111e18b127c7b334e359a95f7ad759fb2b944acd,dariacodes,dariacodes,2026-08-30T17:16:13.343859+00:00
22,n8n-io/n8n,pull_request,18045,pull_commit,committed,f443bc0cf266b0b9f93dc38343d9c5373c5c26e3,2025-08-07T14:53:07Z,dariacodes,User,,human_account,,no,,,f443bc0cf266b0b9f93dc38343d9c5373c5c26e3,dariacodes,dariacodes,2026-08-30T17:16:13.343859+00:00
22,n8n-io/n8n,pull_request,18045,pull_commit,committed,b71a785deab5f6d98e47bff1599e6404d3d973e2,2025-08-07T15:00:51Z,dariacodes,User,,human_account,,no,,,b71a785deab5f6d98e47bff1599e6404d3d973e2,dariacodes,dariacodes,2026-08-30T17:16:13.343859+00:00
22,n8n-io/n8n,pull_request,18045,pull_commit,committed,a03ab38d109b0b2694cd40011653aacb6ae563ba,2025-08-08T13:30:32Z,dariacodes,User,,human_account,,no,,,a03ab38d109b0b2694cd40011653aacb6ae563ba,dariacodes,dariacodes,2026-08-30T17:16:13.343859+00:00
22,n8n-io/n8n,pull_request,18045,pull_commit,committed,1ea909e5895c7f87186799e661ad57ddb245223e,2025-08-08T13:44:47Z,dariacodes,User,,human_account,,no,,,1ea909e5895c7f87186799e661ad57ddb245223e,dariacodes,dariacodes,2026-08-30T17:16:13.343859+00:00
22,n8n-io/n8n,pull_request,18045,pull_commit,committed,c8d7dddc85f8e93a075270ae75d2c5491b1649e8,2025-08-11T07:52:43Z,dariacodes,User,,human_account,,no,,,c8d7dddc85f8e93a075270ae75d2c5491b1649e8,dariacodes,dariacodes,2026-08-30T17:16:13.343859+00:00
22,n8n-io/n8n,pull_request,18045,pull_commit,committed,110f9ef0538f4db962a1cbc4c3f7e74f3e039ed7,2025-08-11T08:02:57Z,dariacodes,User,,human_account,,no,,,110f9ef0538f4db962a1cbc4c3f7e74f3e039ed7,dariacodes,dariacodes,2026-08-30T17:16:13.343859+00:00
22,n8n-io/n8n,pull_request,18045,pull_commit,committed,93263789a5af146b07df0c8148caedc0900081e7,2025-08-11T13:54:08Z,dariacodes,User,,human_account,,no,,,93263789a5af146b07df0c8148caedc0900081e7,dariacodes,dariacodes,2026-08-30T17:16:13.343859+00:00
22,n8n-io/n8n,pull_request,18045,pull_commit,committed,19baa75ebd45ad9c8a0141bc580943c8351cd55c,2025-08-11T14:09:58Z,dariacodes,User,,human_account,,no,,,19baa75ebd45ad9c8a0141bc580943c8351cd55c,dariacodes,dariacodes,2026-08-30T17:16:13.343859+00:00
22,n8n-io/n8n,pull_request,18045,pull_commit,committed,4d7456bc868069cdddcd97bd6891c3e2a8ae47d7,2025-08-11T14:24:26Z,dariacodes,User,,human_account,,no,,,4d7456bc868069cdddcd97bd6891c3e2a8ae47d7,dariacodes,dariacodes,2026-08-30T17:16:13.343859+00:00
22,n8n-io/n8n,pull_request,15527,pull_commit,committed,1d394f7630822418b00525ebcfd235a1f3786219,2025-06-03T10:02:36Z,guillaumejacquart,User,,human_account,,no,,,1d394f7630822418b00525ebcfd235a1f3786219,guillaumejacquart,guillaumejacquart,2026-08-30T17:16:13.847445+00:00
22,n8n-io/n8n,pull_request,15527,pull_commit,committed,1f39348e90432b169cfde23b92db8ee2db3be85e,2025-06-03T10:02:36Z,guillaumejacquart,User,,human_account,,no,,,1f39348e90432b169cfde23b92db8ee2db3be85e,guillaumejacquart,guillaumejacquart,2026-08-30T17:16:13.847445+00:00
22,n8n-io/n8n,pull_request,18399,pull_commit,committed,e6b28dbec7947d9e5d2feef049d5b841cd33adaa,2025-08-15T09:59:46Z,ivov,User,,human_account,,no,,,e6b28dbec7947d9e5d2feef049d5b841cd33adaa,ivov,ivov,2026-08-30T17:16:14.282466+00:00
22,n8n-io/n8n,pull_request,18399,pull_commit,committed,a1a58d1fb81ee8b37b1bb75d3f7fd84f74937559,2025-08-15T11:41:25Z,ivov,User,,human_account,,no,,,a1a58d1fb81ee8b37b1bb75d3f7fd84f74937559,ivov,ivov,2026-08-30T17:16:14.282466+00:00
22,n8n-io/n8n,pull_request,17278,pull_commit,committed,a1bdd5e71ad762083f59c769fe4e88a5fb7e8509,2025-07-14T01:00:39Z,callmeATHUL,User,,human_account,,no,,,a1bdd5e71ad762083f59c769fe4e88a5fb7e8509,callmeATHUL,callmeATHUL,2026-08-30T17:16:14.743052+00:00
22,n8n-io/n8n,pull_request,17278,pull_commit,committed,4d8a874bd96c853759d0aa61c59db8b7a95230cf,2025-07-14T01:26:04Z,callmeATHUL,User,,human_account,,no,,,4d8a874bd96c853759d0aa61c59db8b7a95230cf,callmeATHUL,callmeATHUL,2026-08-30T17:16:14.743052+00:00
22,n8n-io/n8n,pull_request,17278,pull_commit,committed,c03e678446da4e18736e250982c63c5b0c1fb679,2025-07-14T01:29:56Z,callmeATHUL,User,,human_account,,no,,,c03e678446da4e18736e250982c63c5b0c1fb679,callmeATHUL,callmeATHUL,2026-08-30T17:16:14.743052+00:00
22,n8n-io/n8n,pull_request,17278,pull_commit,committed,e56ce4c621c77dc7469ef19c1130f2eef336f231,2025-07-14T01:33:12Z,callmeATHUL,User,,human_account,,no,,,e56ce4c621c77dc7469ef19c1130f2eef336f231,callmeATHUL,callmeATHUL,2026-08-30T17:16:14.743052+00:00
22,n8n-io/n8n,pull_request,17278,pull_commit,committed,f6886a18113b57033ff5520fe94508e53e98bbf3,2025-07-14T01:33:49Z,callmeATHUL,User,,human_account,,no,,,f6886a18113b57033ff5520fe94508e53e98bbf3,callmeATHUL,callmeATHUL,2026-08-30T17:16:14.743052+00:00
22,n8n-io/n8n,pull_request,17278,pull_commit,committed,f85f8875c94d5caab2b8396262ba99a2514d845b,2025-07-14T01:37:21Z,callmeATHUL,User,,human_account,,no,,,f85f8875c94d5caab2b8396262ba99a2514d845b,callmeATHUL,callmeATHUL,2026-08-30T17:16:14.743052+00:00
22,n8n-io/n8n,pull_request,17278,pull_commit,committed,b0abaeb98962c8b38a0a67e4e0a2553380cfad8a,2025-07-14T01:49:25Z,callmeATHUL,User,,human_account,,no,,,b0abaeb98962c8b38a0a67e4e0a2553380cfad8a,callmeATHUL,callmeATHUL,2026-08-30T17:16:14.743052+00:00
22,n8n-io/n8n,pull_request,17278,pull_commit,committed,a37eda815ad5c56ad97ac6d3cc4ae9d1a5abdcdf,2025-07-14T01:57:56Z,callmeATHUL,User,,human_account,,no,,,a37eda815ad5c56ad97ac6d3cc4ae9d1a5abdcdf,callmeATHUL,callmeATHUL,2026-08-30T17:16:14.743052+00:00
22,n8n-io/n8n,pull_request,17278,pull_commit,committed,55e56efbc259458d61d729b4d83da2da58b8c84a,2025-07-14T02:02:30Z,callmeATHUL,User,,human_account,,no,,,55e56efbc259458d61d729b4d83da2da58b8c84a,callmeATHUL,callmeATHUL,2026-08-30T17:16:14.743052+00:00
22,n8n-io/n8n,pull_request,17278,pull_commit,committed,f6648139381a0c009ba3e0d8f67f56b90055baf4,2025-07-14T02:08:42Z,callmeATHUL,User,,human_account,,no,,,f6648139381a0c009ba3e0d8f67f56b90055baf4,callmeATHUL,callmeATHUL,2026-08-30T17:16:14.743052+00:00
22,n8n-io/n8n,pull_request,17278,pull_commit,committed,44dd917d094da5225252b2c3e80b794cf41b4877,2025-07-14T02:15:25Z,callmeATHUL,User,,human_account,,no,,,44dd917d094da5225252b2c3e80b794cf41b4877,callmeATHUL,callmeATHUL,2026-08-30T17:16:14.743052+00:00
22,n8n-io/n8n,pull_request,17525,pull_commit,committed,ea2a57e72e4bd15f263c4ac6cc8c91c48e641df3,2025-07-26T15:09:50Z,shortstacked,User,,human_account,,no,,,ea2a57e72e4bd15f263c4ac6cc8c91c48e641df3,shortstacked,shortstacked,2026-08-30T17:16:15.270818+00:00
22,n8n-io/n8n,pull_request,16359,pull_commit,committed,958058b517b9e3699743a872c1f2b610abce083e,2025-04-04T00:30:56Z,domdomegg,User,,human_account,,no,,,958058b517b9e3699743a872c1f2b610abce083e,domdomegg,domdomegg,2026-08-30T17:16:15.782214+00:00
22,n8n-io/n8n,pull_request,16359,pull_commit,committed,da63aa070996005662adbab385718a7ea350e029,2025-04-04T00:46:50Z,domdomegg,User,,human_account,,no,,,da63aa070996005662adbab385718a7ea350e029,domdomegg,domdomegg,2026-08-30T17:16:15.782214+00:00
22,n8n-io/n8n,pull_request,16359,pull_commit,committed,52a0f5b2871ed106303800d3a1fb1a1c8aff1f40,2025-06-16T10:15:19Z,web-flow,User,,human_account,,no,,,52a0f5b2871ed106303800d3a1fb1a1c8aff1f40,domdomegg,web-flow,2026-08-30T17:16:15.782214+00:00
22,n8n-io/n8n,pull_request,16359,pull_commit,committed,c076e92b1fb7f1cbc57ae040673f120b1873938b,2025-06-16T10:20:19Z,web-flow,User,,human_account,,no,,,c076e92b1fb7f1cbc57ae040673f120b1873938b,domdomegg,web-flow,2026-08-30T17:16:15.782214+00:00
22,n8n-io/n8n,pull_request,16359,pull_commit,committed,d765ea5c9302384c0adc6aff227fdbef2d2d62a7,2025-06-20T16:33:47Z,domdomegg,User,,human_account,,no,,,d765ea5c9302384c0adc6aff227fdbef2d2d62a7,domdomegg,domdomegg,2026-08-30T17:16:15.782214+00:00
22,n8n-io/n8n,pull_request,16359,pull_commit,committed,3a854d8febe27498e89c0cbb743a809116872b8b,2025-12-19T14:10:35Z,web-flow,User,,human_account,,no,,,3a854d8febe27498e89c0cbb743a809116872b8b,ShireenMissi,web-flow,2026-08-30T17:16:15.782214+00:00
22,n8n-io/n8n,pull_request,17226,pull_commit,committed,c6d3a22dbe0b35a5a343fa20baac028d9794c8dc,2025-08-13T07:15:18Z,afitzek,User,,human_account,,no,,,c6d3a22dbe0b35a5a343fa20baac028d9794c8dc,afitzek,afitzek,2026-08-30T17:16:16.289077+00:00
22,n8n-io/n8n,pull_request,16748,pull_commit,committed,1456001bc0fc7fec6b92269191ff5ead19b9e8da,2025-02-14T18:37:29Z,cesars-gh,User,,human_account,,no,,,1456001bc0fc7fec6b92269191ff5ead19b9e8da,cesars-gh,cesars-gh,2026-08-30T17:16:17.285321+00:00
22,n8n-io/n8n,pull_request,16748,pull_commit,committed,449eb71252125a7ff7e3543e814c254cb0e992bd,2025-02-14T19:31:20Z,cesars-gh,User,,human_account,,no,,,449eb71252125a7ff7e3543e814c254cb0e992bd,cesars-gh,cesars-gh,2026-08-30T17:16:17.285321+00:00
22,n8n-io/n8n,pull_request,16748,pull_commit,committed,6b78c263ec34051168462a4fc47266064a1b7bae,2025-02-18T22:58:53Z,cesars-gh,User,,human_account,,no,,,6b78c263ec34051168462a4fc47266064a1b7bae,cesars-gh,cesars-gh,2026-08-30T17:16:17.285321+00:00
22,n8n-io/n8n,pull_request,16748,pull_commit,committed,1b951b1260ee4a8a6e4ec5c411f781c44af1ce3b,2025-02-19T00:04:24Z,cesars-gh,User,,human_account,,no,,,1b951b1260ee4a8a6e4ec5c411f781c44af1ce3b,cesars-gh,cesars-gh,2026-08-30T17:16:17.285321+00:00
22,n8n-io/n8n,pull_request,16748,pull_commit,committed,6b8fa50ab755ed3a98247649943fc5bc437478d1,2025-02-19T19:26:28Z,cesars-gh,User,,human_account,,no,,,6b8fa50ab755ed3a98247649943fc5bc437478d1,cesars-gh,cesars-gh,2026-08-30T17:16:17.285321+00:00
22,n8n-io/n8n,pull_request,16748,pull_commit,committed,31077440b1edcb63e1568446f15d04961315270d,2025-02-20T15:19:37Z,web-flow,User,,human_account,,no,,,31077440b1edcb63e1568446f15d04961315270d,cesars-gh,web-flow,2026-08-30T17:16:17.285321+00:00
22,n8n-io/n8n,pull_request,16748,pull_commit,committed,d31e730f393036fd7a812f1f01e671fbda4e2deb,2025-02-22T03:03:18Z,cesars-gh,User,,human_account,,no,,,d31e730f393036fd7a812f1f01e671fbda4e2deb,cesars-gh,cesars-gh,2026-08-30T17:16:17.285321+00:00
22,n8n-io/n8n,pull_request,16748,pull_commit,committed,a340a2757a34ffe0e22485d698ac4b453ee7c845,2025-02-25T17:54:06Z,cesars-gh,User,,human_account,,no,,,a340a2757a34ffe0e22485d698ac4b453ee7c845,cesars-gh,cesars-gh,2026-08-30T17:16:17.285321+00:00
22,n8n-io/n8n,pull_request,16748,pull_commit,committed,c4c5674fce6e0aaafa72e5a190d67fd0855da394,2025-02-26T18:15:25Z,web-flow,User,,human_account,,no,,,c4c5674fce6e0aaafa72e5a190d67fd0855da394,cesars-gh,web-flow,2026-08-30T17:16:17.285321+00:00
22,n8n-io/n8n,pull_request,16748,pull_commit,committed,f33a232908967de6c006629881a31725763e1809,2025-02-26T22:17:04Z,web-flow,User,,human_account,,no,,,f33a232908967de6c006629881a31725763e1809,cesars-gh,web-flow,2026-08-30T17:16:17.285321+00:00
22,n8n-io/n8n,pull_request,16748,pull_commit,committed,f23b226b2dc645540ce3bae80758ea7da50f8e1d,2025-02-27T18:30:23Z,web-flow,User,,human_account,,no,,,f23b226b2dc645540ce3bae80758ea7da50f8e1d,cesars-gh,web-flow,2026-08-30T17:16:17.285321+00:00
22,n8n-io/n8n,pull_request,16748,pull_commit,committed,f75a90179c98a385c642f50cbfeefe61e60b0925,2025-03-04T17:59:17Z,web-flow,User,,human_account,,no,,,f75a90179c98a385c642f50cbfeefe61e60b0925,cesars-gh,web-flow,2026-08-30T17:16:17.285321+00:00
22,n8n-io/n8n,pull_request,16748,pull_commit,committed,0c657c1810961669de985c5a857ff0c2e3d7714f,2025-03-06T19:50:48Z,web-flow,User,,human_account,,no,,,0c657c1810961669de985c5a857ff0c2e3d7714f,cesars-gh,web-flow,2026-08-30T17:16:17.285321+00:00
22,n8n-io/n8n,pull_request,16748,pull_commit,committed,a191b4525d2744a74776db6ebe924c66f4eb6ff1,2025-03-10T23:09:29Z,web-flow,User,,human_account,,no,,,a191b4525d2744a74776db6ebe924c66f4eb6ff1,cesars-gh,web-flow,2026-08-30T17:16:17.285321+00:00
22,n8n-io/n8n,pull_request,16748,pull_commit,committed,d978044a64ba3ee262adaa4a55b9b00b359ff988,2025-03-18T17:43:32Z,web-flow,User,,human_account,,no,,,d978044a64ba3ee262adaa4a55b9b00b359ff988,cesars-gh,web-flow,2026-08-30T17:16:17.285321+00:00
22,n8n-io/n8n,pull_request,16748,pull_commit,committed,f050cf6aef7d5a6b29946c44119771d48e0cef14,2025-03-25T12:54:30Z,web-flow,User,,human_account,,no,,,f050cf6aef7d5a6b29946c44119771d48e0cef14,cesars-gh,web-flow,2026-08-30T17:16:17.285321+00:00
22,n8n-io/n8n,pull_request,16748,pull_commit,committed,199ebd969aaa77351b75e7c47788b097e680972f,2025-03-26T18:31:08Z,web-flow,User,,human_account,,no,,,199ebd969aaa77351b75e7c47788b097e680972f,cesars-gh,web-flow,2026-08-30T17:16:17.285321+00:00
22,n8n-io/n8n,pull_request,16748,pull_commit,committed,123436791e041f81140097a0ba685d7147533035,2025-03-27T12:10:07Z,web-flow,User,,human_account,,no,,,123436791e041f81140097a0ba685d7147533035,cesars-gh,web-flow,2026-08-30T17:16:17.285321+00:00
22,n8n-io/n8n,pull_request,16748,pull_commit,committed,8605089ced2aa01128482faf5d7413ceda948204,2025-03-31T15:00:03Z,web-flow,User,,human_account,,no,,,8605089ced2aa01128482faf5d7413ceda948204,cesars-gh,web-flow,2026-08-30T17:16:17.285321+00:00
22,n8n-io/n8n,pull_request,16748,pull_commit,committed,7cfea914b8b1d49b6a90e0d686f62c7bc698a39d,2025-04-01T12:31:01Z,web-flow,User,,human_account,,no,,,7cfea914b8b1d49b6a90e0d686f62c7bc698a39d,cesars-gh,web-flow,2026-08-30T17:16:17.285321+00:00
22,n8n-io/n8n,pull_request,16748,pull_commit,committed,5b5640e4e9e11405d4907cc411b65c40fef03319,2025-04-01T17:05:38Z,web-flow,User,,human_account,,no,,,5b5640e4e9e11405d4907cc411b65c40fef03319,cesars-gh,web-flow,2026-08-30T17:16:17.285321+00:00
22,n8n-io/n8n,pull_request,16748,pull_commit,committed,4556229897b069af8ebbcdfbb561dc1db84017d8,2025-04-04T13:41:37Z,web-flow,User,,human_account,,no,,,4556229897b069af8ebbcdfbb561dc1db84017d8,cesars-gh,web-flow,2026-08-30T17:16:17.285321+00:00
22,n8n-io/n8n,pull_request,16748,pull_commit,committed,add006c53b0f6f04d64e6cfeca468eaae365a787,2025-04-07T13:36:21Z,web-flow,User,,human_account,,no,,,add006c53b0f6f04d64e6cfeca468eaae365a787,cesars-gh,web-flow,2026-08-30T17:16:17.285321+00:00
22,n8n-io/n8n,pull_request,16748,pull_commit,committed,c48e4deeead9a83ae35a007fc6fcba387da3394e,2025-04-14T10:43:12Z,web-flow,User,,human_account,,no,,,c48e4deeead9a83ae35a007fc6fcba387da3394e,cesars-gh,web-flow,2026-08-30T17:16:17.285321+00:00
22,n8n-io/n8n,pull_request,16748,pull_commit,committed,66794af063cf108214fcead46b7e089d8294d1dc,2025-04-22T15:53:45Z,web-flow,User,,human_account,,no,,,66794af063cf108214fcead46b7e089d8294d1dc,cesars-gh,web-flow,2026-08-30T17:16:17.285321+00:00
22,n8n-io/n8n,pull_request,16748,pull_commit,committed,c0362b09e20118f70c3eac1b10a3154d79246d04,2025-05-02T16:16:36Z,web-flow,User,,human_account,,no,,,c0362b09e20118f70c3eac1b10a3154d79246d04,cesars-gh,web-flow,2026-08-30T17:16:17.285321+00:00
22,n8n-io/n8n,pull_request,16748,pull_commit,committed,443a13fe052effb87c30fcf438838bfefb56546b,2025-05-02T16:17:44Z,web-flow,User,,human_account,,no,,,443a13fe052effb87c30fcf438838bfefb56546b,cesars-gh,web-flow,2026-08-30T17:16:17.285321+00:00
22,n8n-io/n8n,pull_request,16748,pull_commit,committed,e7f3d74f0f854eafd0e5f97fce336223e26da62d,2025-05-04T18:14:53Z,web-flow,User,,human_account,,no,,,e7f3d74f0f854eafd0e5f97fce336223e26da62d,cesars-gh,web-flow,2026-08-30T17:16:17.285321+00:00
22,n8n-io/n8n,pull_request,16748,pull_commit,committed,455c279c4fc436cf910e8967d8f61a4496a41554,2025-05-08T12:13:45Z,web-flow,User,,human_account,,no,,,455c279c4fc436cf910e8967d8f61a4496a41554,cesars-gh,web-flow,2026-08-30T17:16:17.285321+00:00
22,n8n-io/n8n,pull_request,16748,pull_commit,committed,83f796b56496216e97c0a437fd1f906f781e0367,2025-05-13T16:05:48Z,web-flow,User,,human_account,,no,,,83f796b56496216e97c0a437fd1f906f781e0367,cesars-gh,web-flow,2026-08-30T17:16:17.285321+00:00
22,n8n-io/n8n,pull_request,16748,pull_commit,committed,767668ca082ada0c9f7867ee65860e800c503d2b,2025-05-13T16:31:07Z,web-flow,User,,human_account,,no,,,767668ca082ada0c9f7867ee65860e800c503d2b,cesars-gh,web-flow,2026-08-30T17:16:17.285321+00:00
22,n8n-io/n8n,pull_request,16748,pull_commit,committed,2a76db9c55efc8e76d791c345f76dfcfb1b65545,2025-05-20T19:30:25Z,web-flow,User,,human_account,,no,,,2a76db9c55efc8e76d791c345f76dfcfb1b65545,cesars-gh,web-flow,2026-08-30T17:16:17.285321+00:00
22,n8n-io/n8n,pull_request,16748,pull_commit,committed,3b955461a3c0e781941603087e86a467ef5b7ebc,2025-05-20T19:30:53Z,web-flow,User,,human_account,,no,,,3b955461a3c0e781941603087e86a467ef5b7ebc,cesars-gh,web-flow,2026-08-30T17:16:17.285321+00:00
22,n8n-io/n8n,pull_request,16748,pull_commit,committed,35d8928aeb976a2aafe938270fd4271466cc14f3,2025-05-28T10:19:28Z,web-flow,User,,human_account,,no,,,35d8928aeb976a2aafe938270fd4271466cc14f3,cesars-gh,web-flow,2026-08-30T17:16:17.285321+00:00
22,n8n-io/n8n,pull_request,16748,pull_commit,committed,65ffbd7b3a879a5a7777e1112d8ffda93f6d9bbd,2025-06-13T14:11:30Z,web-flow,User,,human_account,,no,,,65ffbd7b3a879a5a7777e1112d8ffda93f6d9bbd,cesars-gh,web-flow,2026-08-30T17:16:17.285321+00:00
22,n8n-io/n8n,pull_request,16748,pull_commit,committed,48a5090387a3fb828c469f5a353d7fbdfc12b489,2025-06-18T18:07:19Z,web-flow,User,,human_account,,no,,,48a5090387a3fb828c469f5a353d7fbdfc12b489,cesars-gh,web-flow,2026-08-30T17:16:17.285321+00:00
22,n8n-io/n8n,pull_request,16748,pull_commit,committed,dbeac940c636fb39bee3fe3043021db28f770d9e,2025-06-22T14:36:10Z,web-flow,User,,human_account,,no,,,dbeac940c636fb39bee3fe3043021db28f770d9e,cesars-gh,web-flow,2026-08-30T17:16:17.285321+00:00
22,n8n-io/n8n,pull_request,16748,pull_commit,committed,c5a7cb47ccd834a7c86bdfff1fec0b7f291ff792,2025-06-26T21:09:33Z,web-flow,User,,human_account,,no,,,c5a7cb47ccd834a7c86bdfff1fec0b7f291ff792,cesars-gh,web-flow,2026-08-30T17:16:17.285321+00:00
22,n8n-io/n8n,pull_request,16748,pull_commit,committed,180da79e08597e3c55923d0699da4871a2e91276,2025-06-26T21:09:58Z,web-flow,User,,human_account,,no,,,180da79e08597e3c55923d0699da4871a2e91276,cesars-gh,web-flow,2026-08-30T17:16:17.285321+00:00
22,n8n-io/n8n,pull_request,16748,pull_commit,committed,6da8a0d04e7887389dfa7dc8ec93b50217a58c47,2025-06-30T21:38:44Z,web-flow,User,,human_account,,no,,,6da8a0d04e7887389dfa7dc8ec93b50217a58c47,cesars-gh,web-flow,2026-08-30T17:16:17.285321+00:00
22,n8n-io/n8n,pull_request,16748,pull_commit,committed,28787dcd1530fbc983ddf98b66d3254dde480fad,2025-06-30T21:39:41Z,web-flow,User,,human_account,,no,,,28787dcd1530fbc983ddf98b66d3254dde480fad,cesars-gh,web-flow,2026-08-30T17:16:17.285321+00:00
22,n8n-io/n8n,pull_request,17646,pull_commit,committed,b541abadf5e9fe80991f8981365c5c9dbe10d5f8,2025-07-24T17:18:35Z,web-flow,User,,human_account,,no,,,b541abadf5e9fe80991f8981365c5c9dbe10d5f8,olganja2025,web-flow,2026-08-30T17:16:18.539578+00:00
22,n8n-io/n8n,pull_request,15299,pull_commit,committed,5a88bf27ad4588a810f4151efbaa2f388c66ecaa,2025-05-12T06:38:49Z,autologie,User,,human_account,,no,,,5a88bf27ad4588a810f4151efbaa2f388c66ecaa,autologie,autologie,2026-08-30T17:16:19.095167+00:00
22,n8n-io/n8n,pull_request,15299,pull_commit,committed,6e51c100f57f073d0f7d803bbe7c19d5c285cb42,2025-05-12T06:54:58Z,autologie,User,,human_account,,no,,,6e51c100f57f073d0f7d803bbe7c19d5c285cb42,autologie,autologie,2026-08-30T17:16:19.095167+00:00
22,n8n-io/n8n,pull_request,18088,pull_commit,committed,2d4ec6e3f675067010a506b969104587307fea4a,2025-08-07T09:38:30Z,jeanpaul,User,,human_account,,no,,,2d4ec6e3f675067010a506b969104587307fea4a,jeanpaul,jeanpaul,2026-08-30T17:16:19.560083+00:00
22,n8n-io/n8n,pull_request,18088,pull_commit,committed,8547860f9d31dbe84168eadd7437d099fa2e76e8,2025-08-07T12:57:20Z,jeanpaul,User,,human_account,,no,,,8547860f9d31dbe84168eadd7437d099fa2e76e8,jeanpaul,jeanpaul,2026-08-30T17:16:19.560083+00:00
22,n8n-io/n8n,pull_request,18088,pull_commit,committed,780940ef9f69125630da69b0dcc52f8180df0277,2025-08-07T13:03:33Z,jeanpaul,User,,human_account,,no,,,780940ef9f69125630da69b0dcc52f8180df0277,jeanpaul,jeanpaul,2026-08-30T17:16:19.560083+00:00
22,n8n-io/n8n,pull_request,18088,pull_commit,committed,15af8b9fab1a5e101f43aca6349c423976af8d5c,2025-08-07T13:11:08Z,jeanpaul,User,,human_account,,no,,,15af8b9fab1a5e101f43aca6349c423976af8d5c,jeanpaul,jeanpaul,2026-08-30T17:16:19.560083+00:00
22,n8n-io/n8n,pull_request,18088,pull_commit,committed,c0c03588f127e0eaac843bce1d0857d271cbff06,2025-08-07T14:06:35Z,jeanpaul,User,,human_account,,no,,,c0c03588f127e0eaac843bce1d0857d271cbff06,jeanpaul,jeanpaul,2026-08-30T17:16:19.560083+00:00
22,n8n-io/n8n,pull_request,18088,pull_commit,committed,d5bccad93ef9792f786608da48a7447357f6f358,2025-08-07T14:13:38Z,jeanpaul,User,,human_account,,no,,,d5bccad93ef9792f786608da48a7447357f6f358,jeanpaul,jeanpaul,2026-08-30T17:16:19.560083+00:00
22,n8n-io/n8n,pull_request,18088,pull_commit,committed,43a60f24cbb58ed08fb9a8d9be870301ea160288,2025-08-07T14:15:49Z,jeanpaul,User,,human_account,,no,,,43a60f24cbb58ed08fb9a8d9be870301ea160288,jeanpaul,jeanpaul,2026-08-30T17:16:19.560083+00:00
22,n8n-io/n8n,pull_request,18088,pull_commit,committed,584f172516105f1daae4a1cd3431bc4f6f68b816,2025-08-08T09:42:46Z,jeanpaul,User,,human_account,,no,,,584f172516105f1daae4a1cd3431bc4f6f68b816,jeanpaul,jeanpaul,2026-08-30T17:16:19.560083+00:00
22,n8n-io/n8n,pull_request,17103,pull_commit,committed,40240dfa25c619fee2500a589edf6ac2815ff995,2025-07-08T09:06:29Z,ivov,User,,human_account,,no,,,40240dfa25c619fee2500a589edf6ac2815ff995,ivov,ivov,2026-08-30T17:16:20.074001+00:00
22,n8n-io/n8n,pull_request,16763,pull_commit,committed,96a9a278a2185c4fd6e4ebac96ed44cdab81c606,2025-06-27T08:47:07Z,CharlieKolb,User,,human_account,,no,,,96a9a278a2185c4fd6e4ebac96ed44cdab81c606,CharlieKolb,CharlieKolb,2026-08-30T17:16:20.523629+00:00
22,n8n-io/n8n,pull_request,16763,pull_commit,committed,8924278161093f36c5306371918e5195616d6028,2025-06-27T09:10:52Z,CharlieKolb,User,,human_account,,no,,,8924278161093f36c5306371918e5195616d6028,CharlieKolb,CharlieKolb,2026-08-30T17:16:20.523629+00:00
22,n8n-io/n8n,pull_request,18473,pull_commit,committed,e6e701adac2047fa4b35f84d398de178baad7aaa,2025-08-18T07:58:03Z,romeobalta,User,,human_account,,no,,,e6e701adac2047fa4b35f84d398de178baad7aaa,romeobalta,romeobalta,2026-08-30T17:16:20.976517+00:00
22,n8n-io/n8n,pull_request,15540,pull_commit,committed,abb3a436396725025247f19179bac85c6a221a96,2025-05-20T11:20:25Z,elsmr,User,,human_account,,no,,,abb3a436396725025247f19179bac85c6a221a96,elsmr,elsmr,2026-08-30T17:16:21.426294+00:00
22,n8n-io/n8n,pull_request,15540,pull_commit,committed,62d9c7e2e0012804f9b30d7334c82ecbddb3238b,2025-05-23T12:34:01Z,elsmr,User,,human_account,,no,,,62d9c7e2e0012804f9b30d7334c82ecbddb3238b,elsmr,elsmr,2026-08-30T17:16:21.426294+00:00
22,n8n-io/n8n,pull_request,31141,pull_commit,committed,2a9c08273f0c434e4db99e61c2452a0d4da45fcc,2026-05-26T12:35:22Z,aalises,User,,human_account,,no,,,2a9c08273f0c434e4db99e61c2452a0d4da45fcc,aalises,aalises,2026-08-30T17:16:21.865376+00:00
22,n8n-io/n8n,pull_request,31141,pull_commit,committed,a92b6822b6324cc2f4a5c24392bdc82d1239b7a4,2026-05-26T14:07:29Z,web-flow,User,,human_account,,no,,,a92b6822b6324cc2f4a5c24392bdc82d1239b7a4,aalises,web-flow,2026-08-30T17:16:21.865376+00:00
22,n8n-io/n8n,pull_request,33712,pull_commit,committed,95730827758f4ad57f587a383c05fd2f903f391a,2026-07-06T22:51:50Z,riqwan,User,,human_account,,no,,,95730827758f4ad57f587a383c05fd2f903f391a,riqwan,riqwan,2026-08-30T17:16:22.313315+00:00
22,n8n-io/n8n,pull_request,33712,pull_commit,committed,d51281581376e8be65d46b71e9192319de3b0c47,2026-07-06T23:21:10Z,riqwan,User,,human_account,,no,,,d51281581376e8be65d46b71e9192319de3b0c47,riqwan,riqwan,2026-08-30T17:16:22.313315+00:00
22,n8n-io/n8n,pull_request,33712,pull_commit,committed,0e2873793d3226899367e0e2f848571fa952d907,2026-07-07T07:12:36Z,riqwan,User,,human_account,,no,,,0e2873793d3226899367e0e2f848571fa952d907,riqwan,riqwan,2026-08-30T17:16:22.313315+00:00
22,n8n-io/n8n,pull_request,33712,pull_commit,committed,e92c1c70c73ccfd5e08abe7026ca96b143b682d4,2026-07-07T07:16:15Z,web-flow,User,,human_account,,no,,,e92c1c70c73ccfd5e08abe7026ca96b143b682d4,riqwan,web-flow,2026-08-30T17:16:22.313315+00:00
22,n8n-io/n8n,pull_request,36417,pull_commit,committed,a69d60ef21415a68246ce146e9ad63258c9ebfbe,2026-08-17T13:27:00Z,SamWooler,User,,human_account,,no,,,a69d60ef21415a68246ce146e9ad63258c9ebfbe,SamWooler,SamWooler,2026-08-30T17:16:22.781371+00:00
22,n8n-io/n8n,pull_request,36417,pull_commit,committed,71e490aa1c6503ca6aa2a317f99a2ee17c09741f,2026-08-17T13:27:00Z,SamWooler,User,,human_account,,no,,,71e490aa1c6503ca6aa2a317f99a2ee17c09741f,SamWooler,SamWooler,2026-08-30T17:16:22.781371+00:00
22,n8n-io/n8n,pull_request,36417,pull_commit,committed,48f2b31ae3c55420470456e83e9dabbefe8a010a,2026-08-18T07:55:55Z,web-flow,User,,human_account,,no,,,48f2b31ae3c55420470456e83e9dabbefe8a010a,SamWooler,web-flow,2026-08-30T17:16:22.781371+00:00
22,n8n-io/n8n,pull_request,33324,pull_commit,committed,c8c4f2c2bacf81e07c0656c68b588e8f4a81b857,2026-06-30T23:01:42Z,web-flow,User,,human_account,,no,,,c8c4f2c2bacf81e07c0656c68b588e8f4a81b857,aikido-autofix[bot],web-flow,2026-08-30T17:16:23.231968+00:00
22,n8n-io/n8n,pull_request,29713,pull_commit,committed,6a739d8fcca940b7b7183f5dbc244eb8e8f49384,2026-05-04T15:42:53Z,github-actions[bot],Bot,,automation_bot,,no,,,6a739d8fcca940b7b7183f5dbc244eb8e8f49384,ivov,github-actions[bot],2026-08-30T17:16:23.688537+00:00
22,n8n-io/n8n,pull_request,31805,pull_commit,committed,204cf2e34752ce6a2dc5530fd9b7a02cac2de1cd,2026-06-05T09:13:41Z,n8n-cat-bot[bot],Bot,,automation_bot,,no,,,204cf2e34752ce6a2dc5530fd9b7a02cac2de1cd,n8n-cat-bot[bot],n8n-cat-bot[bot],2026-08-30T17:16:24.146534+00:00
22,n8n-io/n8n,pull_request,33589,pull_commit,committed,0981c0bf96030648502e7ad69754444a52f4c853,2026-07-04T08:17:39Z,adityajha77,User,,human_account,,no,,,0981c0bf96030648502e7ad69754444a52f4c853,adityajha77,adityajha77,2026-08-30T17:16:24.582869+00:00
22,n8n-io/n8n,pull_request,33589,pull_commit,committed,34711110446b6787c34946a1fb4f6aa412577c5e,2026-07-08T04:25:36Z,michael-radency,User,,human_account,,no,,,34711110446b6787c34946a1fb4f6aa412577c5e,michael-radency,michael-radency,2026-08-30T17:16:24.582869+00:00
22,n8n-io/n8n,pull_request,33589,pull_commit,committed,f012ed3dd4d95774a5e68282519265b3d90f7c85,2026-07-08T05:06:13Z,michael-radency,User,,human_account,,no,,,f012ed3dd4d95774a5e68282519265b3d90f7c85,michael-radency,michael-radency,2026-08-30T17:16:24.582869+00:00
22,n8n-io/n8n,pull_request,32691,pull_commit,committed,2f705ddeb8d6ed4f8444b848b445c1bbba112144,2026-06-20T08:03:32Z,n8n-cat-bot[bot],Bot,,automation_bot,,no,,,2f705ddeb8d6ed4f8444b848b445c1bbba112144,n8n-cat-bot[bot],n8n-cat-bot[bot],2026-08-30T17:16:25.072502+00:00
22,n8n-io/n8n,pull_request,32691,pull_commit,committed,1ea7bdf6528842a52793feee7bfad179b90e4e72,2026-06-20T08:54:12Z,n8n-cat-bot[bot],Bot,,automation_bot,,no,,,1ea7bdf6528842a52793feee7bfad179b90e4e72,n8n-cat-bot[bot],n8n-cat-bot[bot],2026-08-30T17:16:25.072502+00:00
22,n8n-io/n8n,pull_request,32691,pull_commit,committed,62514f372b683eeb23144ac5f268384acb3f1f1d,2026-06-20T13:41:21Z,n8n-cat-bot[bot],Bot,,automation_bot,,no,,,62514f372b683eeb23144ac5f268384acb3f1f1d,n8n-cat-bot[bot],n8n-cat-bot[bot],2026-08-30T17:16:25.072502+00:00
22,n8n-io/n8n,pull_request,35274,pull_commit,committed,dfe812632ee1cada565a9495b002da5df09e63ee,2026-07-30T13:33:56Z,JoseBra,User,,human_account,,no,,,dfe812632ee1cada565a9495b002da5df09e63ee,JoseBra,JoseBra,2026-08-30T17:16:25.519711+00:00
22,n8n-io/n8n,pull_request,35274,pull_commit,committed,65aba7c77c0e360d52370dafedb9274b73ba8d51,2026-07-30T15:06:06Z,JoseBra,User,,human_account,,no,,,65aba7c77c0e360d52370dafedb9274b73ba8d51,JoseBra,JoseBra,2026-08-30T17:16:25.519711+00:00
22,n8n-io/n8n,pull_request,35274,pull_commit,committed,897cc6d93fd65c3d531e662cf3d6ed2d819230a3,2026-07-30T15:46:00Z,JoseBra,User,,human_account,,no,,,897cc6d93fd65c3d531e662cf3d6ed2d819230a3,JoseBra,JoseBra,2026-08-30T17:16:25.519711+00:00
22,n8n-io/n8n,pull_request,35274,pull_commit,committed,674e67fe707d71b45c0d3e7ad3ce0db956750608,2026-07-30T15:55:35Z,JoseBra,User,,human_account,,no,,,674e67fe707d71b45c0d3e7ad3ce0db956750608,JoseBra,JoseBra,2026-08-30T17:16:25.519711+00:00
22,n8n-io/n8n,pull_request,35274,pull_commit,committed,7b93bfe982e628caa052e00267913a76b54706f0,2026-07-30T17:18:34Z,JoseBra,User,,human_account,,no,,,7b93bfe982e628caa052e00267913a76b54706f0,JoseBra,JoseBra,2026-08-30T17:16:25.519711+00:00
22,n8n-io/n8n,pull_request,35274,pull_commit,committed,4a89c79b7469d13bc64ff32d4b51940a55d109ec,2026-07-30T17:36:14Z,JoseBra,User,,human_account,,no,,,4a89c79b7469d13bc64ff32d4b51940a55d109ec,JoseBra,JoseBra,2026-08-30T17:16:25.519711+00:00
22,n8n-io/n8n,pull_request,32487,pull_commit,committed,ffde20bbc751b478e0613dde1c033741d7dacbff,2026-06-17T10:33:04Z,yehorkardash,User,,human_account,,no,,,ffde20bbc751b478e0613dde1c033741d7dacbff,yehorkardash,yehorkardash,2026-08-30T17:16:26.087726+00:00
22,n8n-io/n8n,pull_request,32487,pull_commit,committed,ef291343491fb662043ab1d433121c979c46f206,2026-06-17T10:47:58Z,yehorkardash,User,,human_account,,no,,,ef291343491fb662043ab1d433121c979c46f206,yehorkardash,yehorkardash,2026-08-30T17:16:26.087726+00:00
22,n8n-io/n8n,pull_request,32487,pull_commit,committed,def6e5125f9f71dcebd6e20c29a52d5d34bdc028,2026-06-17T11:25:16Z,yehorkardash,User,,human_account,,no,,,def6e5125f9f71dcebd6e20c29a52d5d34bdc028,yehorkardash,yehorkardash,2026-08-30T17:16:26.087726+00:00
22,n8n-io/n8n,pull_request,32487,pull_commit,committed,982ca019393ff9e501c37973c79676cbbbbeea97,2026-06-17T12:04:16Z,yehorkardash,User,,human_account,,no,,,982ca019393ff9e501c37973c79676cbbbbeea97,yehorkardash,yehorkardash,2026-08-30T17:16:26.087726+00:00
22,n8n-io/n8n,pull_request,32487,pull_commit,committed,0cc93211b1040a1c36a4396a231e89065231cb76,2026-06-17T12:18:18Z,yehorkardash,User,,human_account,,no,,,0cc93211b1040a1c36a4396a231e89065231cb76,yehorkardash,yehorkardash,2026-08-30T17:16:26.087726+00:00
22,n8n-io/n8n,pull_request,32487,pull_commit,committed,a541bb49e75b24beebade2b198922859345e38a0,2026-06-17T12:40:37Z,web-flow,User,,human_account,,no,,,a541bb49e75b24beebade2b198922859345e38a0,yehorkardash,web-flow,2026-08-30T17:16:26.087726+00:00
22,n8n-io/n8n,pull_request,35108,pull_commit,committed,d9f9c7b473c5c1f025421c5a9f07b07c889df1f0,2026-07-28T14:08:00Z,alexgrozav,User,,human_account,,no,,,d9f9c7b473c5c1f025421c5a9f07b07c889df1f0,alexgrozav,alexgrozav,2026-08-30T17:16:26.585227+00:00
22,n8n-io/n8n,pull_request,35108,pull_commit,committed,fb29f9bead998c0ac2132945578af4c8df4fdea6,2026-07-28T14:32:30Z,alexgrozav,User,,human_account,,no,,,fb29f9bead998c0ac2132945578af4c8df4fdea6,alexgrozav,alexgrozav,2026-08-30T17:16:26.585227+00:00
22,n8n-io/n8n,pull_request,35108,pull_commit,committed,ec0603fe50f8a403c660522c892fb4ed4c6c018a,2026-07-28T14:54:52Z,alexgrozav,User,,human_account,,no,,,ec0603fe50f8a403c660522c892fb4ed4c6c018a,alexgrozav,alexgrozav,2026-08-30T17:16:26.585227+00:00
22,n8n-io/n8n,pull_request,35108,pull_commit,committed,7d89244a3d7baba4ec0dcd8a4f1eea160436d1dd,2026-07-28T15:05:21Z,alexgrozav,User,,human_account,,no,,,7d89244a3d7baba4ec0dcd8a4f1eea160436d1dd,alexgrozav,alexgrozav,2026-08-30T17:16:26.585227+00:00
22,n8n-io/n8n,pull_request,35108,pull_commit,committed,7e1b38b71fb8fbf7cc4261707eaa38f011515e10,2026-07-28T15:06:11Z,alexgrozav,User,,human_account,,no,,,7e1b38b71fb8fbf7cc4261707eaa38f011515e10,alexgrozav,alexgrozav,2026-08-30T17:16:26.585227+00:00
22,n8n-io/n8n,pull_request,35108,pull_commit,committed,f4ec834af894f1dec34b4b3257e17823a2cbf9cf,2026-07-28T15:11:02Z,alexgrozav,User,,human_account,,no,,,f4ec834af894f1dec34b4b3257e17823a2cbf9cf,alexgrozav,alexgrozav,2026-08-30T17:16:26.585227+00:00
22,n8n-io/n8n,pull_request,35108,pull_commit,committed,7af25a4e0d8a9da0ad1bc467905d4695f5eb3b25,2026-07-28T15:19:33Z,alexgrozav,User,,human_account,,no,,,7af25a4e0d8a9da0ad1bc467905d4695f5eb3b25,alexgrozav,alexgrozav,2026-08-30T17:16:26.585227+00:00
22,n8n-io/n8n,pull_request,35108,pull_commit,committed,6d7d8c031389d4a6c8fe96fad10b13e777c3e6d5,2026-07-28T15:24:16Z,alexgrozav,User,,human_account,,no,,,6d7d8c031389d4a6c8fe96fad10b13e777c3e6d5,alexgrozav,alexgrozav,2026-08-30T17:16:26.585227+00:00
22,n8n-io/n8n,pull_request,35108,pull_commit,committed,5f0e3092053c2351e17534f206969586a31dd77d,2026-07-28T15:28:12Z,alexgrozav,User,,human_account,,no,,,5f0e3092053c2351e17534f206969586a31dd77d,alexgrozav,alexgrozav,2026-08-30T17:16:26.585227+00:00
22,n8n-io/n8n,pull_request,35108,pull_commit,committed,cc600923a55550b55cbc3d2d599c7d80ce29c892,2026-07-28T15:40:36Z,web-flow,User,,human_account,,no,,,cc600923a55550b55cbc3d2d599c7d80ce29c892,alexgrozav,web-flow,2026-08-30T17:16:26.585227+00:00
22,n8n-io/n8n,pull_request,36476,pull_commit,committed,f23f6553f0f421b90165fa5476484211cbe5ee5d,2026-08-18T06:49:09Z,kgrhartlage,User,,human_account,,no,,,f23f6553f0f421b90165fa5476484211cbe5ee5d,kgrhartlage,kgrhartlage,2026-08-30T17:16:27.576726+00:00
22,n8n-io/n8n,pull_request,36476,pull_commit,committed,7e2acad998e2b4287eae3cc3aab93da29cfb3048,2026-08-18T08:34:04Z,kgrhartlage,User,,human_account,,no,,,7e2acad998e2b4287eae3cc3aab93da29cfb3048,kgrhartlage,kgrhartlage,2026-08-30T17:16:27.576726+00:00
22,n8n-io/n8n,pull_request,36476,pull_commit,committed,33329c76b3a4165b1d6f43888923f40fded2ef98,2026-08-18T11:07:30Z,kgrhartlage,User,,human_account,,no,,,33329c76b3a4165b1d6f43888923f40fded2ef98,kgrhartlage,kgrhartlage,2026-08-30T17:16:27.576726+00:00
22,n8n-io/n8n,pull_request,36476,pull_commit,committed,bf7e9dc605b8f16745ef5d2ac56ed04bb52fe191,2026-08-18T13:38:13Z,kgrhartlage,User,,human_account,,no,,,bf7e9dc605b8f16745ef5d2ac56ed04bb52fe191,kgrhartlage,kgrhartlage,2026-08-30T17:16:27.576726+00:00
22,n8n-io/n8n,pull_request,36476,pull_commit,committed,245a13325f88a2da5841d14697531d73e781a9d3,2026-08-18T13:52:26Z,kgrhartlage,User,,human_account,,no,,,245a13325f88a2da5841d14697531d73e781a9d3,kgrhartlage,kgrhartlage,2026-08-30T17:16:27.576726+00:00
22,n8n-io/n8n,pull_request,31381,pull_commit,committed,e284ca79674b48411c0b6c3c057a833b76550c5d,2026-05-29T14:14:23Z,BerniWittmann,User,,human_account,,no,,,e284ca79674b48411c0b6c3c057a833b76550c5d,BerniWittmann,BerniWittmann,2026-08-30T17:16:28.046002+00:00
22,n8n-io/n8n,pull_request,31381,pull_commit,committed,7ce2b2f0946102515fe6d0b2d5995cd1c9d58ec3,2026-06-03T06:44:29Z,web-flow,User,,human_account,,no,,,7ce2b2f0946102515fe6d0b2d5995cd1c9d58ec3,BerniWittmann,web-flow,2026-08-30T17:16:28.046002+00:00
22,n8n-io/n8n,pull_request,31381,pull_commit,committed,e31954a7c08fccd6f9c74e58e7f7b957433f0591,2026-06-03T07:56:09Z,web-flow,User,,human_account,,no,,,e31954a7c08fccd6f9c74e58e7f7b957433f0591,elsmr,web-flow,2026-08-30T17:16:28.046002+00:00
22,n8n-io/n8n,pull_request,31381,pull_commit,committed,fc3875fb78db321aea90897c64f9497363eea711,2026-06-04T07:14:47Z,BerniWittmann,User,,human_account,,no,,,fc3875fb78db321aea90897c64f9497363eea711,BerniWittmann,BerniWittmann,2026-08-30T17:16:28.046002+00:00
22,n8n-io/n8n,pull_request,31381,pull_commit,committed,4daa18e4c6fb3ae7fb1e358278f562186738b3cb,2026-06-04T08:10:46Z,elsmr,User,,human_account,,no,,,4daa18e4c6fb3ae7fb1e358278f562186738b3cb,elsmr,elsmr,2026-08-30T17:16:28.046002+00:00
22,n8n-io/n8n,pull_request,34117,pull_commit,committed,9ff576a53cb6dab8526928f7ccaa07196dbc185e,2026-07-14T07:00:57Z,github-actions[bot],Bot,,automation_bot,,no,,,9ff576a53cb6dab8526928f7ccaa07196dbc185e,n8n-release-helper[bot],github-actions[bot],2026-08-30T17:16:28.616781+00:00
22,n8n-io/n8n,pull_request,33071,pull_commit,committed,8730a756dec06d5eae27b138356f203cf8427cc0,2026-06-30T14:16:07Z,guillaumejacquart,User,,human_account,,no,,,8730a756dec06d5eae27b138356f203cf8427cc0,guillaumejacquart,guillaumejacquart,2026-08-30T17:16:29.145817+00:00
22,n8n-io/n8n,pull_request,30403,pull_commit,committed,d4e047667b2af95d9f629f861a268f3825a92853,2026-05-13T12:35:59Z,alielkhateeb,User,,human_account,,no,,,d4e047667b2af95d9f629f861a268f3825a92853,alielkhateeb,alielkhateeb,2026-08-30T17:16:29.590901+00:00
22,n8n-io/n8n,pull_request,30403,pull_commit,committed,0138f577031004b5c476213833ec30f2cfe3880f,2026-05-13T12:36:00Z,alielkhateeb,User,,human_account,,no,,,0138f577031004b5c476213833ec30f2cfe3880f,alielkhateeb,alielkhateeb,2026-08-30T17:16:29.590901+00:00
22,n8n-io/n8n,pull_request,30403,pull_commit,committed,07349b3916e6e64e59940632f4df58a53c3df098,2026-05-13T12:36:00Z,alielkhateeb,User,,human_account,,no,,,07349b3916e6e64e59940632f4df58a53c3df098,alielkhateeb,alielkhateeb,2026-08-30T17:16:29.590901+00:00
22,n8n-io/n8n,pull_request,29901,pull_commit,committed,96969b1c9b8e8efa15611669a722b9217467bbc7,2026-05-06T13:39:05Z,github-actions[bot],Bot,,automation_bot,,no,,,96969b1c9b8e8efa15611669a722b9217467bbc7,afitzek,github-actions[bot],2026-08-30T17:16:30.113924+00:00
22,n8n-io/n8n,pull_request,32856,pull_commit,committed,d6ae9d7dc856495b3c007810c0c8e23ee04a93dd,2026-06-23T13:08:00Z,MarcL,User,,human_account,,no,,,d6ae9d7dc856495b3c007810c0c8e23ee04a93dd,MarcL,MarcL,2026-08-30T17:16:30.561058+00:00
22,n8n-io/n8n,pull_request,31366,pull_commit,committed,c7cef365ebfa9063ba3bd410e493ee74997e6365,2026-05-29T10:55:40Z,tomi,User,,human_account,,no,,,c7cef365ebfa9063ba3bd410e493ee74997e6365,tomi,tomi,2026-08-30T17:16:31.014387+00:00
22,n8n-io/n8n,pull_request,31366,pull_commit,committed,1d70d449d383da622002f3f836687deb62945be8,2026-05-29T11:20:36Z,tomi,User,,human_account,,no,,,1d70d449d383da622002f3f836687deb62945be8,tomi,tomi,2026-08-30T17:16:31.014387+00:00
22,n8n-io/n8n,pull_request,31366,pull_commit,committed,92341e7e234273e479cb804ccdde46aa124b7611,2026-05-29T12:20:53Z,tomi,User,,human_account,,no,,,92341e7e234273e479cb804ccdde46aa124b7611,tomi,tomi,2026-08-30T17:16:31.014387+00:00
22,n8n-io/n8n,pull_request,31366,pull_commit,committed,b91ffa13293c6a34ace6b7e3b81070c273ab96bb,2026-05-29T12:26:25Z,tomi,User,,human_account,,no,,,b91ffa13293c6a34ace6b7e3b81070c273ab96bb,tomi,tomi,2026-08-30T17:16:31.014387+00:00
22,n8n-io/n8n,pull_request,31366,pull_commit,committed,110c2dc9bbfd9fcee44eae97c8193173c5adfac9,2026-05-29T12:31:18Z,tomi,User,,human_account,,no,,,110c2dc9bbfd9fcee44eae97c8193173c5adfac9,tomi,tomi,2026-08-30T17:16:31.014387+00:00
22,n8n-io/n8n,pull_request,31366,pull_commit,committed,705dd14ce3af6d1dc1d0b1b20d90404407be9608,2026-06-01T11:14:23Z,tomi,User,,human_account,,no,,,705dd14ce3af6d1dc1d0b1b20d90404407be9608,tomi,tomi,2026-08-30T17:16:31.014387+00:00
22,n8n-io/n8n,pull_request,31366,pull_commit,committed,a23b4d4bcb9a2b5f1c9f4491ddebfacc613d7a6b,2026-06-01T11:20:39Z,tomi,User,,human_account,,no,,,a23b4d4bcb9a2b5f1c9f4491ddebfacc613d7a6b,tomi,tomi,2026-08-30T17:16:31.014387+00:00
22,n8n-io/n8n,pull_request,31366,pull_commit,committed,01413f74f75b5142afec2ce63ec5d95109c99a76,2026-06-01T11:21:27Z,tomi,User,,human_account,,no,,,01413f74f75b5142afec2ce63ec5d95109c99a76,tomi,tomi,2026-08-30T17:16:31.014387+00:00
22,n8n-io/n8n,pull_request,31366,pull_commit,committed,1d8b9e8310a2f0eb7ddd286d550185a65129fa2d,2026-06-01T12:14:58Z,tomi,User,,human_account,,no,,,1d8b9e8310a2f0eb7ddd286d550185a65129fa2d,tomi,tomi,2026-08-30T17:16:31.014387+00:00
22,n8n-io/n8n,pull_request,30058,pull_commit,committed,2edb2ccfd019d0a72b2a9acf91edf22ad07e1fed,2026-05-08T05:42:11Z,Matsuuu,User,,human_account,,no,,,2edb2ccfd019d0a72b2a9acf91edf22ad07e1fed,Matsuuu,Matsuuu,2026-08-30T17:16:31.452681+00:00
22,n8n-io/n8n,pull_request,34753,pull_commit,committed,e2097743587ea9a25e28d760de52e24e3e94a8c8,2026-07-22T23:14:13Z,web-flow,User,,human_account,,no,,,e2097743587ea9a25e28d760de52e24e3e94a8c8,aikido-autofix[bot],web-flow,2026-08-30T17:16:31.919570+00:00
22,n8n-io/n8n,pull_request,34753,pull_commit,committed,8ba62b27f65eac05f8c69d2bc0b976cf62b3f87d,2026-07-23T12:42:24Z,shortstacked,User,,human_account,,no,,,8ba62b27f65eac05f8c69d2bc0b976cf62b3f87d,shortstacked,shortstacked,2026-08-30T17:16:31.919570+00:00
22,n8n-io/n8n,pull_request,36913,pull_commit,committed,74f059539a8d1cb4a8abe509ba3dba050dfd75a6,2026-08-24T10:45:39Z,kgrhartlage,User,,human_account,,no,,,74f059539a8d1cb4a8abe509ba3dba050dfd75a6,kgrhartlage,kgrhartlage,2026-08-30T17:16:32.412663+00:00
22,n8n-io/n8n,pull_request,36913,pull_commit,committed,df1a707c41ab32c52ab7e78f92672521c50c8b13,2026-08-25T08:29:20Z,kgrhartlage,User,,human_account,,no,,,df1a707c41ab32c52ab7e78f92672521c50c8b13,kgrhartlage,kgrhartlage,2026-08-30T17:16:32.412663+00:00
22,n8n-io/n8n,pull_request,36913,pull_commit,committed,4e46e2d5269a61fe8cbcff3c22765a3201addc7b,2026-08-25T08:40:06Z,kgrhartlage,User,,human_account,,no,,,4e46e2d5269a61fe8cbcff3c22765a3201addc7b,kgrhartlage,kgrhartlage,2026-08-30T17:16:32.412663+00:00
22,n8n-io/n8n,pull_request,36913,pull_commit,committed,b39ce779cce1e4bd0938ff7c35e71ca80ce71e0f,2026-08-25T09:05:52Z,kgrhartlage,User,,human_account,,no,,,b39ce779cce1e4bd0938ff7c35e71ca80ce71e0f,kgrhartlage,kgrhartlage,2026-08-30T17:16:32.412663+00:00
22,n8n-io/n8n,pull_request,36913,pull_commit,committed,82e97ea4748a45713ec14c724f08bd1444d160a2,2026-08-25T09:07:51Z,kgrhartlage,User,,human_account,,no,,,82e97ea4748a45713ec14c724f08bd1444d160a2,kgrhartlage,kgrhartlage,2026-08-30T17:16:32.412663+00:00
22,n8n-io/n8n,pull_request,36913,pull_commit,committed,d64a7b22456ed8afdd9566d996f2dcb31f1e8143,2026-08-25T12:51:05Z,kgrhartlage,User,,human_account,,no,,,d64a7b22456ed8afdd9566d996f2dcb31f1e8143,kgrhartlage,kgrhartlage,2026-08-30T17:16:32.412663+00:00
22,n8n-io/n8n,pull_request,36913,pull_commit,committed,62b26819340d763e468789453f7803b30a4dbc7a,2026-08-25T13:05:19Z,web-flow,User,,human_account,,no,,,62b26819340d763e468789453f7803b30a4dbc7a,kgrhartlage,web-flow,2026-08-30T17:16:32.412663+00:00
22,n8n-io/n8n,pull_request,32133,pull_commit,committed,cc1da4cc83dd97b0a9591e82cd3d2711cbd244dd,2026-06-11T10:36:49Z,despairblue,User,,human_account,,no,,,cc1da4cc83dd97b0a9591e82cd3d2711cbd244dd,despairblue,despairblue,2026-08-30T17:16:32.909422+00:00
22,n8n-io/n8n,pull_request,32133,pull_commit,committed,fa882a05bc6d234ed37038d0af7b72b321e5a0c9,2026-06-11T10:47:54Z,despairblue,User,,human_account,,no,,,fa882a05bc6d234ed37038d0af7b72b321e5a0c9,despairblue,despairblue,2026-08-30T17:16:32.909422+00:00
22,n8n-io/n8n,pull_request,33820,pull_commit,committed,8b0b88c836f080a5ba11a5159fa1570999e7c415,2026-07-08T10:02:47Z,BerniWittmann,User,,human_account,,no,,,8b0b88c836f080a5ba11a5159fa1570999e7c415,BerniWittmann,BerniWittmann,2026-08-30T17:16:33.367926+00:00
22,n8n-io/n8n,pull_request,33820,pull_commit,committed,608cd26a0db4dffed119cab2821978de5a6fa9ee,2026-07-08T10:35:35Z,BerniWittmann,User,,human_account,,no,,,608cd26a0db4dffed119cab2821978de5a6fa9ee,BerniWittmann,BerniWittmann,2026-08-30T17:16:33.367926+00:00
22,n8n-io/n8n,pull_request,30852,pull_commit,committed,2082268647e463174073f90de8d01e8cc113ef41,2026-05-20T23:23:32Z,web-flow,User,,human_account,,no,,,2082268647e463174073f90de8d01e8cc113ef41,aikido-autofix[bot],web-flow,2026-08-30T17:16:33.898335+00:00
22,n8n-io/n8n,pull_request,30852,pull_commit,committed,73f30702e63b61ff0bd393c6f88eb456b61ba49c,2026-05-21T12:27:25Z,web-flow,User,,human_account,,no,,,73f30702e63b61ff0bd393c6f88eb456b61ba49c,shortstacked,web-flow,2026-08-30T17:16:33.898335+00:00
22,n8n-io/n8n,pull_request,30852,pull_commit,committed,ab266ab816d87e31bb72a7867dfb814b55a9abda,2026-05-21T17:17:21Z,shortstacked,User,,human_account,,no,,,ab266ab816d87e31bb72a7867dfb814b55a9abda,shortstacked,shortstacked,2026-08-30T17:16:33.898335+00:00
22,n8n-io/n8n,pull_request,34249,pull_commit,committed,90ef9486f7e8f70b614bf458b9aa5aa751527a18,2026-07-15T12:51:54Z,konstantintieber,User,,human_account,,no,,,90ef9486f7e8f70b614bf458b9aa5aa751527a18,konstantintieber,konstantintieber,2026-08-30T17:16:34.861678+00:00
25,coder/coder,pull_request,13391,pull_commit,committed,602a82b4d63cb65a749de9f49608088db97c4212,2024-05-29T12:29:31Z,web-flow,User,,human_account,,no,,,602a82b4d63cb65a749de9f49608088db97c4212,mattvollmer,web-flow,2026-08-30T17:16:35.336659+00:00
25,coder/coder,pull_request,13262,pull_commit,committed,1c9d9665ed4f9b2d910c8ed4c72aa686c25ceb70,2024-05-13T16:59:41Z,BrunoQuaresma,User,,human_account,,no,,,1c9d9665ed4f9b2d910c8ed4c72aa686c25ceb70,BrunoQuaresma,BrunoQuaresma,2026-08-30T17:16:35.801544+00:00
25,coder/coder,pull_request,13170,pull_commit,committed,1a21674264bfe03d680c11016b856ede692a3e11,2024-05-06T10:30:06Z,mafredri,User,,human_account,,no,,,1a21674264bfe03d680c11016b856ede692a3e11,mafredri,mafredri,2026-08-30T17:16:36.320308+00:00
25,coder/coder,pull_request,13893,pull_commit,committed,820666435f68c8d1799439f19edad8448274515a,2024-07-15T11:27:48Z,web-flow,User,,human_account,,no,,,820666435f68c8d1799439f19edad8448274515a,dependabot[bot],web-flow,2026-08-30T17:16:36.825075+00:00
25,coder/coder,pull_request,13365,pull_commit,committed,7d69335b4a8d880dbedad2b78f18ae0682a04ccd,2024-05-31T16:46:01Z,Emyrk,User,,human_account,,no,,,7d69335b4a8d880dbedad2b78f18ae0682a04ccd,Emyrk,Emyrk,2026-08-30T17:16:37.362486+00:00
25,coder/coder,pull_request,13365,pull_commit,committed,b005cdc1dbceda8c5c2736d0f1c7e6133bcd4f80,2024-05-31T16:46:01Z,Emyrk,User,,human_account,,no,,,b005cdc1dbceda8c5c2736d0f1c7e6133bcd4f80,Emyrk,Emyrk,2026-08-30T17:16:37.362486+00:00
25,coder/coder,pull_request,13365,pull_commit,committed,677855a0ab164b09b23e66187561d9d36f504925,2024-05-31T16:46:01Z,Emyrk,User,,human_account,,no,,,677855a0ab164b09b23e66187561d9d36f504925,Emyrk,Emyrk,2026-08-30T17:16:37.362486+00:00
25,coder/coder,pull_request,13365,pull_commit,committed,57723a6773ae6ad8dc324705972620b8d2f6474f,2024-05-31T16:46:01Z,Emyrk,User,,human_account,,no,,,57723a6773ae6ad8dc324705972620b8d2f6474f,Emyrk,Emyrk,2026-08-30T17:16:37.362486+00:00
25,coder/coder,pull_request,13365,pull_commit,committed,fbd8cf351200e555c19972b2ee1be85e75557016,2024-05-31T16:46:01Z,Emyrk,User,,human_account,,no,,,fbd8cf351200e555c19972b2ee1be85e75557016,Emyrk,Emyrk,2026-08-30T17:16:37.362486+00:00
25,coder/coder,pull_request,13365,pull_commit,committed,2bc99cdac1b7df50043bb51c032fad7334b41648,2024-05-31T16:46:01Z,Emyrk,User,,human_account,,no,,,2bc99cdac1b7df50043bb51c032fad7334b41648,Emyrk,Emyrk,2026-08-30T17:16:37.362486+00:00
25,coder/coder,pull_request,13365,pull_commit,committed,da0107c3cb2bdd19de050ccfa6f0d15eb94eac58,2024-05-31T16:46:01Z,Emyrk,User,,human_account,,no,,,da0107c3cb2bdd19de050ccfa6f0d15eb94eac58,Emyrk,Emyrk,2026-08-30T17:16:37.362486+00:00
25,coder/coder,pull_request,13365,pull_commit,committed,ce841f99cc43596eca66b18b2fa673300ddc552c,2024-05-31T16:46:01Z,Emyrk,User,,human_account,,no,,,ce841f99cc43596eca66b18b2fa673300ddc552c,Emyrk,Emyrk,2026-08-30T17:16:37.362486+00:00
25,coder/coder,pull_request,13365,pull_commit,committed,e5082ae40f2f493410b517548c1b4e7aa9562b99,2024-05-31T16:46:01Z,Emyrk,User,,human_account,,no,,,e5082ae40f2f493410b517548c1b4e7aa9562b99,Emyrk,Emyrk,2026-08-30T17:16:37.362486+00:00
25,coder/coder,pull_request,14432,pull_commit,committed,a8d0495fefd1b6bea95b3f103c8bda8e6f1fb50b,2024-08-29T14:05:45Z,Emyrk,User,,human_account,,no,,,a8d0495fefd1b6bea95b3f103c8bda8e6f1fb50b,Emyrk,Emyrk,2026-08-30T17:16:37.817833+00:00
25,coder/coder,pull_request,14432,pull_commit,committed,d788be77e2d09a01fd2b36c772b1db1326091d60,2024-08-29T14:05:45Z,Emyrk,User,,human_account,,no,,,d788be77e2d09a01fd2b36c772b1db1326091d60,Emyrk,Emyrk,2026-08-30T17:16:37.817833+00:00
25,coder/coder,pull_request,14432,pull_commit,committed,f596da131ccc1dd93c113b0c5d147c343ccf0685,2024-08-29T14:05:45Z,Emyrk,User,,human_account,,no,,,f596da131ccc1dd93c113b0c5d147c343ccf0685,Emyrk,Emyrk,2026-08-30T17:16:37.817833+00:00
25,coder/coder,pull_request,14432,pull_commit,committed,d42772c2b52642cf6638d5d604a6fd14d93750d9,2024-08-29T14:05:45Z,Emyrk,User,,human_account,,no,,,d42772c2b52642cf6638d5d604a6fd14d93750d9,Emyrk,Emyrk,2026-08-30T17:16:37.817833+00:00
25,coder/coder,pull_request,14432,pull_commit,committed,7d3ec1466c99078fe0d52fa5b005f23757966b9d,2024-08-29T14:05:45Z,Emyrk,User,,human_account,,no,,,7d3ec1466c99078fe0d52fa5b005f23757966b9d,Emyrk,Emyrk,2026-08-30T17:16:37.817833+00:00
25,coder/coder,pull_request,14432,pull_commit,committed,9287fb975d2fc5761f0ff4c48c07b7a0163ff5a5,2024-08-29T14:05:45Z,Emyrk,User,,human_account,,no,,,9287fb975d2fc5761f0ff4c48c07b7a0163ff5a5,Emyrk,Emyrk,2026-08-30T17:16:37.817833+00:00
25,coder/coder,pull_request,14432,pull_commit,committed,9c12b18ab37de207b26dd4ee156bee69be2d5356,2024-08-29T14:05:45Z,Emyrk,User,,human_account,,no,,,9c12b18ab37de207b26dd4ee156bee69be2d5356,Emyrk,Emyrk,2026-08-30T17:16:37.817833+00:00
25,coder/coder,pull_request,14432,pull_commit,committed,210239f1f41079cd8bc43edf0945f75d8ff38f71,2024-08-29T14:05:45Z,Emyrk,User,,human_account,,no,,,210239f1f41079cd8bc43edf0945f75d8ff38f71,Emyrk,Emyrk,2026-08-30T17:16:37.817833+00:00
25,coder/coder,pull_request,14432,pull_commit,committed,94e05e703157352df9756e4bf1a1c58f0b9d637d,2024-08-29T14:05:45Z,Emyrk,User,,human_account,,no,,,94e05e703157352df9756e4bf1a1c58f0b9d637d,Emyrk,Emyrk,2026-08-30T17:16:37.817833+00:00
25,coder/coder,pull_request,14432,pull_commit,committed,e2badf410a589a05dea36f69b2950269beb7aece,2024-08-29T14:05:45Z,Emyrk,User,,human_account,,no,,,e2badf410a589a05dea36f69b2950269beb7aece,Emyrk,Emyrk,2026-08-30T17:16:37.817833+00:00
25,coder/coder,pull_request,14432,pull_commit,committed,eb7e2c5bfc6e4069e28d2510324f13c2fc51600d,2024-08-29T14:05:45Z,Emyrk,User,,human_account,,no,,,eb7e2c5bfc6e4069e28d2510324f13c2fc51600d,Emyrk,Emyrk,2026-08-30T17:16:37.817833+00:00
25,coder/coder,pull_request,14432,pull_commit,committed,951a7240622b4791be013bfc86a6588d3138cb44,2024-08-29T14:05:45Z,Emyrk,User,,human_account,,no,,,951a7240622b4791be013bfc86a6588d3138cb44,Emyrk,Emyrk,2026-08-30T17:16:37.817833+00:00
25,coder/coder,pull_request,14432,pull_commit,committed,8350ccafb6544e8fa5911c98887657d5dd3226e8,2024-08-29T14:05:45Z,Emyrk,User,,human_account,,no,,,8350ccafb6544e8fa5911c98887657d5dd3226e8,Emyrk,Emyrk,2026-08-30T17:16:37.817833+00:00
25,coder/coder,pull_request,14432,pull_commit,committed,d5bf63aa412bf25c941ad00670e4e0e5873ca942,2024-08-29T14:05:45Z,Emyrk,User,,human_account,,no,,,d5bf63aa412bf25c941ad00670e4e0e5873ca942,Emyrk,Emyrk,2026-08-30T17:16:37.817833+00:00
25,coder/coder,pull_request,14432,pull_commit,committed,b3144c0904ee91788d718cdeabf7aad163427f85,2024-08-29T14:05:45Z,Emyrk,User,,human_account,,no,,,b3144c0904ee91788d718cdeabf7aad163427f85,Emyrk,Emyrk,2026-08-30T17:16:37.817833+00:00
25,coder/coder,pull_request,14432,pull_commit,committed,72b501e952561de977346ef52dcf4ed8d0832ce6,2024-08-29T14:05:45Z,Emyrk,User,,human_account,,no,,,72b501e952561de977346ef52dcf4ed8d0832ce6,Emyrk,Emyrk,2026-08-30T17:16:37.817833+00:00
25,coder/coder,pull_request,14432,pull_commit,committed,521623057de96e98ee7594eddbd909fca1e590fc,2024-08-29T14:05:45Z,Emyrk,User,,human_account,,no,,,521623057de96e98ee7594eddbd909fca1e590fc,Emyrk,Emyrk,2026-08-30T17:16:37.817833+00:00
25,coder/coder,pull_request,14432,pull_commit,committed,e73919e5d3f8e7e27e0fd0b3eb1d2a74110bb551,2024-08-29T14:05:45Z,Emyrk,User,,human_account,,no,,,e73919e5d3f8e7e27e0fd0b3eb1d2a74110bb551,Emyrk,Emyrk,2026-08-30T17:16:37.817833+00:00
25,coder/coder,pull_request,14432,pull_commit,committed,e37d476a6018cd0dc5ddf4ca6a6ce0cca31721ff,2024-08-29T14:05:45Z,Emyrk,User,,human_account,,no,,,e37d476a6018cd0dc5ddf4ca6a6ce0cca31721ff,Emyrk,Emyrk,2026-08-30T17:16:37.817833+00:00
25,coder/coder,pull_request,14432,pull_commit,committed,a8647ce57c387596490779309efaf3d57a15b912,2024-08-29T14:05:45Z,Emyrk,User,,human_account,,no,,,a8647ce57c387596490779309efaf3d57a15b912,Emyrk,Emyrk,2026-08-30T17:16:37.817833+00:00
25,coder/coder,pull_request,14432,pull_commit,committed,02812e471eaac46eb37f566f3834713aac9e47ba,2024-08-29T14:05:45Z,Emyrk,User,,human_account,,no,,,02812e471eaac46eb37f566f3834713aac9e47ba,Emyrk,Emyrk,2026-08-30T17:16:37.817833+00:00
25,coder/coder,pull_request,14432,pull_commit,committed,e18bc8f43f20512159fa336d1260fa3a23d4d920,2024-08-29T14:05:45Z,Emyrk,User,,human_account,,no,,,e18bc8f43f20512159fa336d1260fa3a23d4d920,Emyrk,Emyrk,2026-08-30T17:16:37.817833+00:00
25,coder/coder,pull_request,14432,pull_commit,committed,35160086df2075f2516b97d7c60cde11993d2271,2024-08-29T14:06:57Z,Emyrk,User,,human_account,,no,,,35160086df2075f2516b97d7c60cde11993d2271,Emyrk,Emyrk,2026-08-30T17:16:37.817833+00:00
25,coder/coder,pull_request,13643,pull_commit,committed,e8e214e306fbbee72bc31bbc5c1e2b62e65a17ab,2024-06-24T11:10:01Z,web-flow,User,,human_account,,no,,,e8e214e306fbbee72bc31bbc5c1e2b62e65a17ab,dependabot[bot],web-flow,2026-08-30T17:16:38.368388+00:00
25,coder/coder,pull_request,13175,pull_commit,committed,80e352a67007e6946c404135e99948f69f7a702c,2024-05-06T11:37:12Z,web-flow,User,,human_account,,no,,,80e352a67007e6946c404135e99948f69f7a702c,dependabot[bot],web-flow,2026-08-30T17:16:38.921392+00:00
25,coder/coder,pull_request,13372,pull_commit,committed,0d5df70e701cba5c31828cfc4b28ff2c189408a8,2024-05-28T20:06:14Z,web-flow,User,,human_account,,no,,,0d5df70e701cba5c31828cfc4b28ff2c189408a8,dependabot[bot],web-flow,2026-08-30T17:16:39.406767+00:00
25,coder/coder,pull_request,14118,pull_commit,committed,9a5490a055eb8825f9841155cc26d9970f8d535d,2024-08-02T14:14:13Z,BrunoQuaresma,User,,human_account,,no,,,9a5490a055eb8825f9841155cc26d9970f8d535d,BrunoQuaresma,BrunoQuaresma,2026-08-30T17:16:39.868573+00:00
25,coder/coder,pull_request,14118,pull_commit,committed,16397facc34d612beb4fed618fe7b8a28f3dda3a,2024-08-02T23:22:36Z,,,,unknown,,no,,,16397facc34d612beb4fed618fe7b8a28f3dda3a,,,2026-08-30T17:16:39.868573+00:00
25,coder/coder,pull_request,14386,pull_commit,committed,b7996115689eda04b0478b73c962ddaf3b47e231,2024-08-21T18:20:04Z,stirby,User,,human_account,,no,,,b7996115689eda04b0478b73c962ddaf3b47e231,stirby,stirby,2026-08-30T17:16:40.390138+00:00
25,coder/coder,pull_request,14173,pull_commit,committed,592d444630393ef0888e68365869ef4f5ce8238a,2024-08-05T18:34:17Z,Emyrk,User,,human_account,,no,,,592d444630393ef0888e68365869ef4f5ce8238a,Emyrk,Emyrk,2026-08-30T17:16:40.900570+00:00
25,coder/coder,pull_request,14173,pull_commit,committed,5926e7bd85d89fc4774355bb6285571c17d94b36,2024-08-07T16:04:27Z,web-flow,User,,human_account,,no,,,5926e7bd85d89fc4774355bb6285571c17d94b36,Emyrk,web-flow,2026-08-30T17:16:40.900570+00:00
25,coder/coder,pull_request,13494,pull_commit,committed,05ce32c032eb9a8aee81ab4746b647e58e173d4d,2024-06-07T15:11:36Z,Emyrk,User,,human_account,,no,,,05ce32c032eb9a8aee81ab4746b647e58e173d4d,Emyrk,Emyrk,2026-08-30T17:16:41.361692+00:00
25,coder/coder,pull_request,13494,pull_commit,committed,91cc834f9eb1d8122c4f1a2ea4a8b40cb99912d0,2024-06-07T15:11:36Z,Emyrk,User,,human_account,,no,,,91cc834f9eb1d8122c4f1a2ea4a8b40cb99912d0,Emyrk,Emyrk,2026-08-30T17:16:41.361692+00:00
25,coder/coder,pull_request,13494,pull_commit,committed,be6deceb32ff354788b49c5a854d7e1d26252899,2024-06-07T15:11:36Z,Emyrk,User,,human_account,,no,,,be6deceb32ff354788b49c5a854d7e1d26252899,Emyrk,Emyrk,2026-08-30T17:16:41.361692+00:00
25,coder/coder,pull_request,13494,pull_commit,committed,1c9fd5273348a8b7b8dfcbcbf2f9ee3fa401762c,2024-06-07T15:12:11Z,Emyrk,User,,human_account,,no,,,1c9fd5273348a8b7b8dfcbcbf2f9ee3fa401762c,Emyrk,Emyrk,2026-08-30T17:16:41.361692+00:00
25,coder/coder,pull_request,13494,pull_commit,committed,fa6c36ef7cdea20a02d906daecc012f5a3083f27,2024-06-07T16:17:23Z,Emyrk,User,,human_account,,no,,,fa6c36ef7cdea20a02d906daecc012f5a3083f27,Emyrk,Emyrk,2026-08-30T17:16:41.361692+00:00
25,coder/coder,pull_request,13494,pull_commit,committed,4a8d5c44d82699d723598a4fe463653130ff7a76,2024-06-07T16:19:06Z,Emyrk,User,,human_account,,no,,,4a8d5c44d82699d723598a4fe463653130ff7a76,Emyrk,Emyrk,2026-08-30T17:16:41.361692+00:00
25,coder/coder,pull_request,14383,pull_commit,committed,d8e6672a75fea91f791387ec281237fe7a27199e,2024-08-22T21:15:10Z,Emyrk,User,,human_account,,no,,,d8e6672a75fea91f791387ec281237fe7a27199e,Emyrk,Emyrk,2026-08-30T17:16:41.886839+00:00
25,coder/coder,pull_request,14383,pull_commit,committed,ba45f5ee410b332be4ea22bebb0daac355905f91,2024-08-22T21:15:10Z,Emyrk,User,,human_account,,no,,,ba45f5ee410b332be4ea22bebb0daac355905f91,Emyrk,Emyrk,2026-08-30T17:16:41.886839+00:00
25,coder/coder,pull_request,14383,pull_commit,committed,fa0409485cd2092b6e0f9d02540eefc4e9d0b8c1,2024-08-22T21:15:10Z,Emyrk,User,,human_account,,no,,,fa0409485cd2092b6e0f9d02540eefc4e9d0b8c1,Emyrk,Emyrk,2026-08-30T17:16:41.886839+00:00
25,coder/coder,pull_request,14383,pull_commit,committed,0070ccabe7d70fa41533870a766986c4486a3fa9,2024-08-22T21:15:10Z,Emyrk,User,,human_account,,no,,,0070ccabe7d70fa41533870a766986c4486a3fa9,Emyrk,Emyrk,2026-08-30T17:16:41.886839+00:00
25,coder/coder,pull_request,14383,pull_commit,committed,5d0d2baf71db24196ab2a2104a2ada7d0df60f70,2024-08-22T21:15:10Z,Emyrk,User,,human_account,,no,,,5d0d2baf71db24196ab2a2104a2ada7d0df60f70,Emyrk,Emyrk,2026-08-30T17:16:41.886839+00:00
25,coder/coder,pull_request,14383,pull_commit,committed,6dc62a5528b65a3b535065c27acf11ed634699a8,2024-08-22T21:15:10Z,Emyrk,User,,human_account,,no,,,6dc62a5528b65a3b535065c27acf11ed634699a8,Emyrk,Emyrk,2026-08-30T17:16:41.886839+00:00
25,coder/coder,pull_request,14383,pull_commit,committed,cb6281313a1f3809ff453a87b56b266b321b43af,2024-08-22T21:15:11Z,Emyrk,User,,human_account,,no,,,cb6281313a1f3809ff453a87b56b266b321b43af,Emyrk,Emyrk,2026-08-30T17:16:41.886839+00:00
25,coder/coder,pull_request,14383,pull_commit,committed,a8fcd4274708c905993f396acafa3c81654e1b9c,2024-08-22T21:15:11Z,Emyrk,User,,human_account,,no,,,a8fcd4274708c905993f396acafa3c81654e1b9c,Emyrk,Emyrk,2026-08-30T17:16:41.886839+00:00
25,coder/coder,pull_request,14383,pull_commit,committed,e68f18d4fce1d4cfc35d4964ca603bf2f3075e56,2024-08-22T21:16:02Z,Emyrk,User,,human_account,,no,,,e68f18d4fce1d4cfc35d4964ca603bf2f3075e56,Emyrk,Emyrk,2026-08-30T17:16:41.886839+00:00
25,coder/coder,pull_request,14383,pull_commit,committed,4c93b3ba3caccffa30b2864fd3f4d7def086d879,2024-08-23T20:58:18Z,web-flow,User,,human_account,,no,,,4c93b3ba3caccffa30b2864fd3f4d7def086d879,Emyrk,web-flow,2026-08-30T17:16:41.886839+00:00
25,coder/coder,pull_request,13135,pull_commit,committed,19629c1dcc4afe75c71bc11c16dd27f317b666f2,2024-05-02T22:23:05Z,Emyrk,User,,human_account,,no,,,19629c1dcc4afe75c71bc11c16dd27f317b666f2,Emyrk,Emyrk,2026-08-30T17:16:42.443941+00:00
25,coder/coder,pull_request,13135,pull_commit,committed,860a28b9df314940a36f56715f41651d92c2db43,2024-05-02T22:25:53Z,Emyrk,User,,human_account,,no,,,860a28b9df314940a36f56715f41651d92c2db43,Emyrk,Emyrk,2026-08-30T17:16:42.443941+00:00
25,coder/coder,pull_request,13135,pull_commit,committed,afd1b71e125d1fc9543fb8db89e1957f84c9290e,2024-05-02T22:28:12Z,Emyrk,User,,human_account,,no,,,afd1b71e125d1fc9543fb8db89e1957f84c9290e,Emyrk,Emyrk,2026-08-30T17:16:42.443941+00:00
25,coder/coder,pull_request,13135,pull_commit,committed,c65d49c554783f6f35b15cfe8936129c958fe1fb,2024-05-02T22:52:03Z,Emyrk,User,,human_account,,no,,,c65d49c554783f6f35b15cfe8936129c958fe1fb,Emyrk,Emyrk,2026-08-30T17:16:42.443941+00:00
25,coder/coder,pull_request,13135,pull_commit,committed,d6f15b3d69d3e732e3f40b7ee4633263ca3b5074,2024-05-02T23:06:16Z,Emyrk,User,,human_account,,no,,,d6f15b3d69d3e732e3f40b7ee4633263ca3b5074,Emyrk,Emyrk,2026-08-30T17:16:42.443941+00:00
25,coder/coder,pull_request,13246,pull_commit,committed,674c4c04bfa51aa32c109f690caa40c3a61e7ede,2024-05-11T08:22:46Z,web-flow,User,,human_account,,no,,,674c4c04bfa51aa32c109f690caa40c3a61e7ede,matifali,web-flow,2026-08-30T17:16:42.980589+00:00
25,coder/coder,pull_request,13947,pull_commit,committed,6eb7c5d6048af007f793c581354bacb33e24cf90,2024-07-19T13:11:04Z,web-flow,User,,human_account,,no,,,6eb7c5d6048af007f793c581354bacb33e24cf90,matifali,web-flow,2026-08-30T17:16:43.460566+00:00
25,coder/coder,pull_request,18788,pull_commit,committed,0499962f79e9331be0bf808a743c83094d6f9f54,2025-07-09T09:16:19Z,spikecurtis,User,,human_account,,no,,,0499962f79e9331be0bf808a743c83094d6f9f54,spikecurtis,spikecurtis,2026-08-30T17:16:43.989562+00:00
25,coder/coder,pull_request,18019,pull_commit,committed,d6e00c3dd4df9bdccfbad27289fac3d7d3b6de9b,2025-05-23T20:03:57Z,buenos-nachos,User,,human_account,,no,,,d6e00c3dd4df9bdccfbad27289fac3d7d3b6de9b,buenos-nachos,buenos-nachos,2026-08-30T17:16:44.481771+00:00
25,coder/coder,pull_request,18019,pull_commit,committed,43d0ca8ec095b4cfe21aa50bbd49b886aa747e6d,2025-05-23T20:25:25Z,buenos-nachos,User,,human_account,,no,,,43d0ca8ec095b4cfe21aa50bbd49b886aa747e6d,buenos-nachos,buenos-nachos,2026-08-30T17:16:44.481771+00:00
25,coder/coder,pull_request,18019,pull_commit,committed,727bdddaa30c38a83809022acd3de393962d09c2,2025-05-23T20:30:10Z,buenos-nachos,User,,human_account,,no,,,727bdddaa30c38a83809022acd3de393962d09c2,buenos-nachos,buenos-nachos,2026-08-30T17:16:44.481771+00:00
25,coder/coder,pull_request,18019,pull_commit,committed,d46d1444ef0e54e599f721a1273ddc54d2a046ec,2025-05-23T20:31:23Z,buenos-nachos,User,,human_account,,no,,,d46d1444ef0e54e599f721a1273ddc54d2a046ec,buenos-nachos,buenos-nachos,2026-08-30T17:16:44.481771+00:00
25,coder/coder,pull_request,18019,pull_commit,committed,91a6fc12d304bb0aac59c48535fee964fd8ad3f0,2025-05-23T21:04:13Z,buenos-nachos,User,,human_account,,no,,,91a6fc12d304bb0aac59c48535fee964fd8ad3f0,buenos-nachos,buenos-nachos,2026-08-30T17:16:44.481771+00:00
25,coder/coder,pull_request,18019,pull_commit,committed,ecbe7b0466c01cf692a4ffcf73edcf43c1153dfa,2025-05-23T21:06:42Z,buenos-nachos,User,,human_account,,no,,,ecbe7b0466c01cf692a4ffcf73edcf43c1153dfa,buenos-nachos,buenos-nachos,2026-08-30T17:16:44.481771+00:00
25,coder/coder,pull_request,18019,pull_commit,committed,d13bcdc1546aeca343cf243b859a2f376cc40cdd,2025-05-23T21:07:00Z,web-flow,User,,human_account,,no,,,d13bcdc1546aeca343cf243b859a2f376cc40cdd,buenos-nachos,web-flow,2026-08-30T17:16:44.481771+00:00
25,coder/coder,pull_request,18382,pull_commit,committed,84f28f9cab7477cafdd0571290c63eedd02e4c93,2025-06-16T11:55:49Z,web-flow,User,,human_account,,no,,,84f28f9cab7477cafdd0571290c63eedd02e4c93,dependabot[bot],web-flow,2026-08-30T17:16:44.962210+00:00
25,coder/coder,pull_request,19279,pull_commit,committed,0890d844d3321fb9cad5f7e698dad8c13d4caf64,2025-08-15T12:08:05Z,SasSwart,User,,human_account,,no,,,0890d844d3321fb9cad5f7e698dad8c13d4caf64,SasSwart,SasSwart,2026-08-30T17:16:45.497689+00:00
25,coder/coder,pull_request,19279,pull_commit,committed,a94d03eb3d0bdc9083b972698afc395858e8aeb3,2025-08-15T12:08:07Z,SasSwart,User,,human_account,,no,,,a94d03eb3d0bdc9083b972698afc395858e8aeb3,SasSwart,SasSwart,2026-08-30T17:16:45.497689+00:00
25,coder/coder,pull_request,19279,pull_commit,committed,96f0b376e7ba14085fd2649e5a230c3553f420cb,2025-08-15T12:08:39Z,SasSwart,User,,human_account,,no,,,96f0b376e7ba14085fd2649e5a230c3553f420cb,SasSwart,SasSwart,2026-08-30T17:16:45.497689+00:00
25,coder/coder,pull_request,19279,pull_commit,committed,a9e0f1dd44ccecb8869131609db620824c855466,2025-08-15T12:08:41Z,SasSwart,User,,human_account,,no,,,a9e0f1dd44ccecb8869131609db620824c855466,SasSwart,SasSwart,2026-08-30T17:16:45.497689+00:00
25,coder/coder,pull_request,19279,pull_commit,committed,292a1a9b374a0bf2088cf888e5c5a4981d198b6f,2025-08-15T12:08:42Z,SasSwart,User,,human_account,,no,,,292a1a9b374a0bf2088cf888e5c5a4981d198b6f,SasSwart,SasSwart,2026-08-30T17:16:45.497689+00:00
25,coder/coder,pull_request,19279,pull_commit,committed,b40e78f8c55d57133c6fbb0aecc1281d73fd97a5,2025-08-15T12:08:42Z,SasSwart,User,,human_account,,no,,,b40e78f8c55d57133c6fbb0aecc1281d73fd97a5,SasSwart,SasSwart,2026-08-30T17:16:45.497689+00:00
25,coder/coder,pull_request,19279,pull_commit,committed,6fe0dd0b6ccebf8d9a1c129e5f620fa02e34245a,2025-08-15T12:08:42Z,SasSwart,User,,human_account,,no,,,6fe0dd0b6ccebf8d9a1c129e5f620fa02e34245a,SasSwart,SasSwart,2026-08-30T17:16:45.497689+00:00
25,coder/coder,pull_request,19279,pull_commit,committed,735e9375d8b047b268fdd7b658d578bf0d770d25,2025-08-15T12:08:43Z,SasSwart,User,,human_account,,no,,,735e9375d8b047b268fdd7b658d578bf0d770d25,SasSwart,SasSwart,2026-08-30T17:16:45.497689+00:00
25,coder/coder,pull_request,19279,pull_commit,committed,151a03925520e9f6e18eb7ac503cb726365a02e7,2025-08-15T12:08:43Z,SasSwart,User,,human_account,,no,,,151a03925520e9f6e18eb7ac503cb726365a02e7,SasSwart,SasSwart,2026-08-30T17:16:45.497689+00:00
25,coder/coder,pull_request,19279,pull_commit,committed,2c5647f94beb0a5924e3d351ae4609802fd484d7,2025-08-18T13:58:55Z,SasSwart,User,,human_account,,no,,,2c5647f94beb0a5924e3d351ae4609802fd484d7,SasSwart,SasSwart,2026-08-30T17:16:45.497689+00:00
25,coder/coder,pull_request,17851,pull_commit,committed,deb8a423f4d902963cd6ea9d894cee2adf8e7854,2025-05-15T08:30:06Z,dannykopping,User,,human_account,,no,,,deb8a423f4d902963cd6ea9d894cee2adf8e7854,dannykopping,dannykopping,2026-08-30T17:16:46.113441+00:00
25,coder/coder,pull_request,17851,pull_commit,committed,ca314bafc4c75f298c8dd387d7ceac98522112a8,2025-05-15T09:08:33Z,dannykopping,User,,human_account,,no,,,ca314bafc4c75f298c8dd387d7ceac98522112a8,dannykopping,dannykopping,2026-08-30T17:16:46.113441+00:00
25,coder/coder,pull_request,17851,pull_commit,committed,93ce73976b9b0e631f62ce4fd7a0b7846ade3b04,2025-05-15T09:21:17Z,dannykopping,User,,human_account,,no,,,93ce73976b9b0e631f62ce4fd7a0b7846ade3b04,SasSwart,dannykopping,2026-08-30T17:16:46.113441+00:00
25,coder/coder,pull_request,17851,pull_commit,committed,3027bcf78b911489dc0f50952124ed5785cfe187,2025-05-15T09:53:58Z,dannykopping,User,,human_account,,no,,,3027bcf78b911489dc0f50952124ed5785cfe187,dannykopping,dannykopping,2026-08-30T17:16:46.113441+00:00
25,coder/coder,pull_request,17851,pull_commit,committed,fd0a84d3dd28edf0360efe354709d057859e4728,2025-05-15T11:20:43Z,dannykopping,User,,human_account,,no,,,fd0a84d3dd28edf0360efe354709d057859e4728,dannykopping,dannykopping,2026-08-30T17:16:46.113441+00:00
25,coder/coder,pull_request,17851,pull_commit,committed,cef73131fa0e91f44dc7426a81e989a03ad992b2,2025-05-15T11:34:34Z,dannykopping,User,,human_account,,no,,,cef73131fa0e91f44dc7426a81e989a03ad992b2,evgeniy-scherbina,dannykopping,2026-08-30T17:16:46.113441+00:00
25,coder/coder,pull_request,17851,pull_commit,committed,7118b578617a1b77c7d6ed7cb273117a0becdd58,2025-05-15T12:55:24Z,dannykopping,User,,human_account,,no,,,7118b578617a1b77c7d6ed7cb273117a0becdd58,dannykopping,dannykopping,2026-08-30T17:16:46.113441+00:00
25,coder/coder,pull_request,19425,pull_commit,committed,87f94e1e7694b005aa5315330b118b9b0fa1b21f,2025-08-19T18:11:02Z,BrunoQuaresma,User,,human_account,,no,,,87f94e1e7694b005aa5315330b118b9b0fa1b21f,BrunoQuaresma,BrunoQuaresma,2026-08-30T17:16:46.641369+00:00
25,coder/coder,pull_request,19045,pull_commit,committed,6d31272f8ed50ce8ab70299ce966f580c66ad907,2025-07-28T09:10:48Z,ThomasK33,User,,human_account,,no,,,6d31272f8ed50ce8ab70299ce966f580c66ad907,ThomasK33,ThomasK33,2026-08-30T17:16:47.167692+00:00
25,coder/coder,pull_request,17986,pull_commit,committed,f01ff1d6a4550ff4058d7788bd47afc92bbe3c60,2025-05-22T11:22:21Z,matifali,User,,human_account,,no,,,f01ff1d6a4550ff4058d7788bd47afc92bbe3c60,matifali,matifali,2026-08-30T17:16:47.700048+00:00
25,coder/coder,pull_request,18294,pull_commit,committed,b68fb6771b07fb624587334f505c116ecce28427,2025-06-09T20:12:11Z,blink-so[bot],Bot,,automation_bot,,no,,,b68fb6771b07fb624587334f505c116ecce28427,blink-so[bot],blink-so[bot],2026-08-30T17:16:48.204983+00:00
25,coder/coder,pull_request,18294,pull_commit,committed,e2367793f07441fcc3f85f933cba4c9f76727186,2025-06-09T20:14:57Z,blink-so[bot],Bot,,automation_bot,,no,,,e2367793f07441fcc3f85f933cba4c9f76727186,blink-so[bot],blink-so[bot],2026-08-30T17:16:48.204983+00:00
25,coder/coder,pull_request,18735,pull_commit,committed,ba228c92f0d0914856a2c71a85c2d2a0ca0346f9,2025-07-15T05:12:42Z,ethanndickson,User,,human_account,,no,,,ba228c92f0d0914856a2c71a85c2d2a0ca0346f9,ethanndickson,ethanndickson,2026-08-30T17:16:48.736683+00:00
25,coder/coder,pull_request,18008,pull_commit,committed,6fb6800d0d0b4357aabef958c20a3f78295f4b34,2025-05-23T13:43:52Z,evgeniy-scherbina,User,,human_account,,no,,,6fb6800d0d0b4357aabef958c20a3f78295f4b34,evgeniy-scherbina,evgeniy-scherbina,2026-08-30T17:16:49.194242+00:00
25,coder/coder,pull_request,18008,pull_commit,committed,a1a4f2a2a7b1be28b3d93228183ccf6f7df1e618,2025-05-23T15:59:45Z,evgeniy-scherbina,User,,human_account,,no,,,a1a4f2a2a7b1be28b3d93228183ccf6f7df1e618,evgeniy-scherbina,evgeniy-scherbina,2026-08-30T17:16:49.194242+00:00
25,coder/coder,pull_request,18008,pull_commit,committed,26676840a5d970a345a59dd1732d2433b0af4009,2025-05-23T16:45:37Z,evgeniy-scherbina,User,,human_account,,no,,,26676840a5d970a345a59dd1732d2433b0af4009,evgeniy-scherbina,evgeniy-scherbina,2026-08-30T17:16:49.194242+00:00
25,coder/coder,pull_request,18008,pull_commit,committed,6a14a8b2564f7491ce971181b2d330c2a7cfe4d2,2025-05-23T20:26:09Z,evgeniy-scherbina,User,,human_account,,no,,,6a14a8b2564f7491ce971181b2d330c2a7cfe4d2,evgeniy-scherbina,evgeniy-scherbina,2026-08-30T17:16:49.194242+00:00
25,coder/coder,pull_request,18008,pull_commit,committed,0882626f6d04fe11dc349ff37fa4a5b7a626027b,2025-05-23T20:54:21Z,evgeniy-scherbina,User,,human_account,,no,,,0882626f6d04fe11dc349ff37fa4a5b7a626027b,evgeniy-scherbina,evgeniy-scherbina,2026-08-30T17:16:49.194242+00:00
25,coder/coder,pull_request,18008,pull_commit,committed,1c530741d401a105f728a26868f52303bfb5b0c9,2025-05-23T23:04:56Z,evgeniy-scherbina,User,,human_account,,no,,,1c530741d401a105f728a26868f52303bfb5b0c9,evgeniy-scherbina,evgeniy-scherbina,2026-08-30T17:16:49.194242+00:00
25,coder/coder,pull_request,18008,pull_commit,committed,3100e01a3d404cde877088c1dacf7de14193d1da,2025-05-23T23:36:50Z,evgeniy-scherbina,User,,human_account,,no,,,3100e01a3d404cde877088c1dacf7de14193d1da,evgeniy-scherbina,evgeniy-scherbina,2026-08-30T17:16:49.194242+00:00
25,coder/coder,pull_request,18008,pull_commit,committed,80c89fea87f181454af812f3df147f3ad4c42f42,2025-05-26T12:39:58Z,evgeniy-scherbina,User,,human_account,,no,,,80c89fea87f181454af812f3df147f3ad4c42f42,evgeniy-scherbina,evgeniy-scherbina,2026-08-30T17:16:49.194242+00:00
25,coder/coder,pull_request,18008,pull_commit,committed,1b9593b3ae895012f1062fa1c801a4ea4b7fd59f,2025-05-26T13:04:01Z,evgeniy-scherbina,User,,human_account,,no,,,1b9593b3ae895012f1062fa1c801a4ea4b7fd59f,evgeniy-scherbina,evgeniy-scherbina,2026-08-30T17:16:49.194242+00:00
25,coder/coder,pull_request,18008,pull_commit,committed,2a8e11bdc0f4ca4151448e21bd44dde91555c7d2,2025-05-26T13:25:15Z,evgeniy-scherbina,User,,human_account,,no,,,2a8e11bdc0f4ca4151448e21bd44dde91555c7d2,evgeniy-scherbina,evgeniy-scherbina,2026-08-30T17:16:49.194242+00:00
25,coder/coder,pull_request,18008,pull_commit,committed,00a2fcb379a979d3a2e10657dfef161375d71555,2025-05-26T15:27:36Z,web-flow,User,,human_account,,no,,,00a2fcb379a979d3a2e10657dfef161375d71555,evgeniy-scherbina,web-flow,2026-08-30T17:16:49.194242+00:00
25,coder/coder,pull_request,18628,pull_commit,committed,afdb48dd136f7c7a2e817f1378b6521dd5e9ca64,2025-07-15T04:37:44Z,ethanndickson,User,,human_account,,no,,,afdb48dd136f7c7a2e817f1378b6521dd5e9ca64,ethanndickson,ethanndickson,2026-08-30T17:16:49.667480+00:00
25,coder/coder,pull_request,17776,pull_commit,committed,e536d109ceec7b0ef423adbf5c5d387443e46925,2025-05-12T20:05:44Z,BrunoQuaresma,User,,human_account,,no,,,e536d109ceec7b0ef423adbf5c5d387443e46925,BrunoQuaresma,BrunoQuaresma,2026-08-30T17:16:50.108637+00:00
25,coder/coder,pull_request,17776,pull_commit,committed,d3415ecde66aa992ef8cc2b54d7420d54b4b73fe,2025-05-12T20:29:32Z,BrunoQuaresma,User,,human_account,,no,,,d3415ecde66aa992ef8cc2b54d7420d54b4b73fe,BrunoQuaresma,BrunoQuaresma,2026-08-30T17:16:50.108637+00:00
25,coder/coder,pull_request,17884,pull_commit,committed,f5dd10dddc3a5dff3108955b96fb9f87aa773875,2025-05-16T13:06:43Z,web-flow,User,,human_account,,no,,,f5dd10dddc3a5dff3108955b96fb9f87aa773875,matifali,web-flow,2026-08-30T17:16:50.592688+00:00
25,coder/coder,pull_request,18383,pull_commit,committed,9c5dd9f7b08c632ce92568a82682c5d5179fb151,2025-06-16T11:56:27Z,web-flow,User,,human_account,,no,,,9c5dd9f7b08c632ce92568a82682c5d5179fb151,dependabot[bot],web-flow,2026-08-30T17:16:51.136289+00:00
25,coder/coder,pull_request,18230,pull_commit,committed,de2bebeb0572540038a8011a592660789f6a4a51,2025-06-04T14:03:00Z,hugodutka,User,,human_account,,no,,,de2bebeb0572540038a8011a592660789f6a4a51,hugodutka,hugodutka,2026-08-30T17:16:51.594640+00:00
25,coder/coder,pull_request,18135,pull_commit,committed,90c883b0431007878613069daddaf9004e8bebfb,2025-05-30T15:24:11Z,BrunoQuaresma,User,,human_account,,no,,,90c883b0431007878613069daddaf9004e8bebfb,BrunoQuaresma,BrunoQuaresma,2026-08-30T17:16:52.101746+00:00
25,coder/coder,pull_request,18844,pull_commit,committed,ac7af5e9600401892bf04cede5640871763071ae,2025-07-14T10:28:47Z,SasSwart,User,,human_account,,no,,,ac7af5e9600401892bf04cede5640871763071ae,SasSwart,SasSwart,2026-08-30T17:16:52.627679+00:00
25,coder/coder,pull_request,18844,pull_commit,committed,945a675ccdbadae04ce9e02820edc6657e483c85,2025-07-14T10:38:29Z,SasSwart,User,,human_account,,no,,,945a675ccdbadae04ce9e02820edc6657e483c85,SasSwart,SasSwart,2026-08-30T17:16:52.627679+00:00
25,coder/coder,pull_request,18844,pull_commit,committed,1bac1020e6cd36dc26be1cce744794dd04dcfeb8,2025-07-30T12:32:24Z,SasSwart,User,,human_account,,no,,,1bac1020e6cd36dc26be1cce744794dd04dcfeb8,SasSwart,SasSwart,2026-08-30T17:16:52.627679+00:00
25,coder/coder,pull_request,18844,pull_commit,committed,c5ab3b91be411b1da9ef9956de867ea3709ed5a2,2025-07-30T12:46:24Z,SasSwart,User,,human_account,,no,,,c5ab3b91be411b1da9ef9956de867ea3709ed5a2,SasSwart,SasSwart,2026-08-30T17:16:52.627679+00:00
25,coder/coder,pull_request,18844,pull_commit,committed,c86701233536b93ecdd8ab48cee897ebc94028dc,2025-07-30T12:57:18Z,SasSwart,User,,human_account,,no,,,c86701233536b93ecdd8ab48cee897ebc94028dc,SasSwart,SasSwart,2026-08-30T17:16:52.627679+00:00
25,coder/coder,pull_request,18127,pull_commit,committed,ec395ef681977dc11fb873a0e5c03ccf5d222cc6,2025-05-30T12:48:11Z,BrunoQuaresma,User,,human_account,,no,,,ec395ef681977dc11fb873a0e5c03ccf5d222cc6,BrunoQuaresma,BrunoQuaresma,2026-08-30T17:16:53.123994+00:00
25,coder/coder,pull_request,18710,pull_commit,committed,706f7ce6c85145bd1785b2c252dd50c555585579,2025-07-02T10:19:10Z,mafredri,User,,human_account,,no,,,706f7ce6c85145bd1785b2c252dd50c555585579,mafredri,mafredri,2026-08-30T17:16:53.600065+00:00
25,coder/coder,pull_request,18710,pull_commit,committed,ec4743e864d29aadccecba7fd5ed1c9ed2061ac8,2025-07-02T10:35:27Z,mafredri,User,,human_account,,no,,,ec4743e864d29aadccecba7fd5ed1c9ed2061ac8,mafredri,mafredri,2026-08-30T17:16:53.600065+00:00
25,coder/coder,pull_request,17932,pull_commit,committed,2443e191ee00e3f1df511b1fdbc6f30493b86308,2025-05-20T09:27:08Z,DanielleMaywood,User,,human_account,,no,,,2443e191ee00e3f1df511b1fdbc6f30493b86308,DanielleMaywood,DanielleMaywood,2026-08-30T17:16:54.130957+00:00
25,coder/coder,pull_request,17932,pull_commit,committed,908f679c082d434d1e92dbff0ce5d8911220d9b4,2025-05-20T09:35:50Z,DanielleMaywood,User,,human_account,,no,,,908f679c082d434d1e92dbff0ce5d8911220d9b4,DanielleMaywood,DanielleMaywood,2026-08-30T17:16:54.130957+00:00
25,coder/coder,pull_request,18343,pull_commit,committed,dff0649186470c013291103aa1d6e6cbdc68a793,2025-06-12T16:30:18Z,hugodutka,User,,human_account,,no,,,dff0649186470c013291103aa1d6e6cbdc68a793,hugodutka,hugodutka,2026-08-30T17:16:54.584799+00:00
25,coder/coder,pull_request,25653,pull_commit,committed,aca5daf981593ec8f172ff643b80cd688dc05659,2026-05-25T15:30:26Z,johnstcn,User,,human_account,,no,,,aca5daf981593ec8f172ff643b80cd688dc05659,johnstcn,johnstcn,2026-08-30T17:16:55.091011+00:00
25,coder/coder,pull_request,26878,pull_commit,committed,9bf1cca1a38e024028f9bc007cfc6ab14a1becaa,2026-06-30T15:46:55Z,jeremyruppel,User,,human_account,,no,,,9bf1cca1a38e024028f9bc007cfc6ab14a1becaa,jeremyruppel,jeremyruppel,2026-08-30T17:16:55.565264+00:00
25,coder/coder,pull_request,26878,pull_commit,committed,64e52e1020bb0270b961e092137a436eca1643d1,2026-06-30T15:51:26Z,jeremyruppel,User,,human_account,,no,,,64e52e1020bb0270b961e092137a436eca1643d1,jeremyruppel,jeremyruppel,2026-08-30T17:16:55.565264+00:00
25,coder/coder,pull_request,25800,pull_commit,committed,e577b248f611131f608adc6dd194160fabb3986d,2026-05-29T09:35:35Z,johnstcn,User,,human_account,,no,,,e577b248f611131f608adc6dd194160fabb3986d,johnstcn,johnstcn,2026-08-30T17:16:56.000326+00:00
25,coder/coder,pull_request,25800,pull_commit,committed,eaa5e9d375cc9b57a3f4395ab7edb85c866ae37e,2026-05-29T09:35:36Z,johnstcn,User,,human_account,,no,,,eaa5e9d375cc9b57a3f4395ab7edb85c866ae37e,johnstcn,johnstcn,2026-08-30T17:16:56.000326+00:00
25,coder/coder,pull_request,25800,pull_commit,committed,a9c6faf688f1eaf8c966932d46562e77fc9dccd3,2026-05-29T09:35:36Z,johnstcn,User,,human_account,,no,,,a9c6faf688f1eaf8c966932d46562e77fc9dccd3,johnstcn,johnstcn,2026-08-30T17:16:56.000326+00:00
25,coder/coder,pull_request,25800,pull_commit,committed,6d8952859d79f9813bda5a2d4940905757822571,2026-05-29T09:35:36Z,johnstcn,User,,human_account,,no,,,6d8952859d79f9813bda5a2d4940905757822571,johnstcn,johnstcn,2026-08-30T17:16:56.000326+00:00
25,coder/coder,pull_request,25800,pull_commit,committed,1150c6be2152fdfabe1b1963928e1b9781331481,2026-05-29T09:35:36Z,johnstcn,User,,human_account,,no,,,1150c6be2152fdfabe1b1963928e1b9781331481,johnstcn,johnstcn,2026-08-30T17:16:56.000326+00:00
25,coder/coder,pull_request,25800,pull_commit,committed,ebf3c1c83df74dc577f59c62bf6101cd0c65ff63,2026-05-29T09:35:36Z,johnstcn,User,,human_account,,no,,,ebf3c1c83df74dc577f59c62bf6101cd0c65ff63,johnstcn,johnstcn,2026-08-30T17:16:56.000326+00:00
25,coder/coder,pull_request,25800,pull_commit,committed,d75fcbb3d2a5d5f046ca7ebc3523fe5191123231,2026-05-29T09:35:36Z,johnstcn,User,,human_account,,no,,,d75fcbb3d2a5d5f046ca7ebc3523fe5191123231,johnstcn,johnstcn,2026-08-30T17:16:56.000326+00:00
25,coder/coder,pull_request,25800,pull_commit,committed,f51be114ef7bd663766437980506a50f8c4daf7b,2026-05-29T09:35:36Z,johnstcn,User,,human_account,,no,,,f51be114ef7bd663766437980506a50f8c4daf7b,johnstcn,johnstcn,2026-08-30T17:16:56.000326+00:00
25,coder/coder,pull_request,25800,pull_commit,committed,9c4ccbdb54254d819d97e5ec44edb4d518ef446c,2026-05-29T10:32:19Z,johnstcn,User,,human_account,,no,,,9c4ccbdb54254d819d97e5ec44edb4d518ef446c,johnstcn,johnstcn,2026-08-30T17:16:56.000326+00:00
25,coder/coder,pull_request,25800,pull_commit,committed,69939f71470537367400532e9425742c76146fbd,2026-05-29T10:34:32Z,johnstcn,User,,human_account,,no,,,69939f71470537367400532e9425742c76146fbd,johnstcn,johnstcn,2026-08-30T17:16:56.000326+00:00
25,coder/coder,pull_request,25800,pull_commit,committed,99d3214c0def9252feed9d9b42e9a7e7201ecf1b,2026-05-29T11:02:26Z,johnstcn,User,,human_account,,no,,,99d3214c0def9252feed9d9b42e9a7e7201ecf1b,johnstcn,johnstcn,2026-08-30T17:16:56.000326+00:00
25,coder/coder,pull_request,25800,pull_commit,committed,acd69e9b92247acbfa16355732380b3994cca8bf,2026-05-29T11:35:37Z,johnstcn,User,,human_account,,no,,,acd69e9b92247acbfa16355732380b3994cca8bf,johnstcn,johnstcn,2026-08-30T17:16:56.000326+00:00
25,coder/coder,pull_request,25800,pull_commit,committed,0033a8d7452503f7d2013ec08fad38b920fedce2,2026-05-29T11:50:46Z,johnstcn,User,,human_account,,no,,,0033a8d7452503f7d2013ec08fad38b920fedce2,johnstcn,johnstcn,2026-08-30T17:16:56.000326+00:00
25,coder/coder,pull_request,25800,pull_commit,committed,e102cfcbc674b55b9b8ad06c41d1b7d4739eab78,2026-05-29T12:02:21Z,johnstcn,User,,human_account,,no,,,e102cfcbc674b55b9b8ad06c41d1b7d4739eab78,johnstcn,johnstcn,2026-08-30T17:16:56.000326+00:00
25,coder/coder,pull_request,26569,pull_commit,committed,fe6ad2baf85d310736d7f567ab9ca5f460ef36d2,2026-06-24T07:53:36Z,ssncferreira,User,,human_account,,no,,,fe6ad2baf85d310736d7f567ab9ca5f460ef36d2,ssncferreira,ssncferreira,2026-08-30T17:16:56.473753+00:00
25,coder/coder,pull_request,28535,pull_commit,committed,dbc85f5fcade8b8e8e95ddccd2413ed21e3b7e9f,2026-08-25T06:48:07Z,jakehwll,User,,human_account,,no,,,dbc85f5fcade8b8e8e95ddccd2413ed21e3b7e9f,jakehwll,jakehwll,2026-08-30T17:16:56.933131+00:00
25,coder/coder,pull_request,28535,pull_commit,committed,c6c3ad6479073a406d7b2988717b8a1bbca54609,2026-08-26T03:50:35Z,jakehwll,User,,human_account,,no,,,c6c3ad6479073a406d7b2988717b8a1bbca54609,jakehwll,jakehwll,2026-08-30T17:16:56.933131+00:00
25,coder/coder,pull_request,27493,pull_commit,committed,d5ec388ba0f9d98032aa2288c2a817a415e34312,2026-07-24T20:28:19Z,jscottmiller,User,,human_account,,no,,,d5ec388ba0f9d98032aa2288c2a817a415e34312,jscottmiller,jscottmiller,2026-08-30T17:16:57.467563+00:00
25,coder/coder,pull_request,27493,pull_commit,committed,a7ff85d1d98f2af7f961b0286e40820a87ce8f24,2026-07-24T23:50:33Z,jscottmiller,User,,human_account,,no,,,a7ff85d1d98f2af7f961b0286e40820a87ce8f24,jscottmiller,jscottmiller,2026-08-30T17:16:57.467563+00:00
25,coder/coder,pull_request,27493,pull_commit,committed,fd9394858ebe193f0aebf912c9d361423dfcf34c,2026-07-26T18:09:13Z,jscottmiller,User,,human_account,,no,,,fd9394858ebe193f0aebf912c9d361423dfcf34c,jscottmiller,jscottmiller,2026-08-30T17:16:57.467563+00:00
25,coder/coder,pull_request,27493,pull_commit,committed,6e9e36234e4eb22f39a64aff59016ae16d90f9a1,2026-07-26T18:25:04Z,jscottmiller,User,,human_account,,no,,,6e9e36234e4eb22f39a64aff59016ae16d90f9a1,jscottmiller,jscottmiller,2026-08-30T17:16:57.467563+00:00
25,coder/coder,pull_request,26578,pull_commit,committed,537c24c814da110c7d4d8aa4dfee03976d61adf7,2026-06-24T20:07:54Z,evgeniy-scherbina,User,,human_account,,no,,,537c24c814da110c7d4d8aa4dfee03976d61adf7,evgeniy-scherbina,evgeniy-scherbina,2026-08-30T17:16:57.989360+00:00
25,coder/coder,pull_request,26578,pull_commit,committed,afe0834860482072f6c4d5a87d812cbfafb79d0f,2026-06-25T00:19:21Z,evgeniy-scherbina,User,,human_account,,no,,,afe0834860482072f6c4d5a87d812cbfafb79d0f,evgeniy-scherbina,evgeniy-scherbina,2026-08-30T17:16:57.989360+00:00
25,coder/coder,pull_request,28650,pull_commit,committed,e3f7b12027378e4ee3cfd63f0a627b44ae3f2ac0,2026-08-26T17:10:11Z,github-actions[bot],Bot,,automation_bot,,no,,,e3f7b12027378e4ee3cfd63f0a627b44ae3f2ac0,github-actions[bot],github-actions[bot],2026-08-30T17:16:58.435054+00:00
25,coder/coder,pull_request,28029,pull_commit,committed,705c0f53eeda766512a41c124e33bbcf622c3b03,2026-08-11T15:45:16Z,web-flow,User,,human_account,,no,,,705c0f53eeda766512a41c124e33bbcf622c3b03,nickvigilante,web-flow,2026-08-30T17:16:58.939335+00:00
25,coder/coder,pull_request,27545,pull_commit,committed,ae1934bcdee23c55c65943a61e3dcfebaa806fbb,2026-07-27T19:27:23Z,mattvollmer,User,,human_account,,no,,,ae1934bcdee23c55c65943a61e3dcfebaa806fbb,mattvollmer,mattvollmer,2026-08-30T17:16:59.407312+00:00
25,coder/coder,pull_request,27545,pull_commit,committed,388fe9c9354342124b7cfc913936e64dc73ad4bd,2026-07-27T19:47:15Z,mattvollmer,User,,human_account,,no,,,388fe9c9354342124b7cfc913936e64dc73ad4bd,mattvollmer,mattvollmer,2026-08-30T17:16:59.407312+00:00
25,coder/coder,pull_request,27545,pull_commit,committed,eda24925812e09d6b48042529d02d682a307ab74,2026-07-27T20:18:15Z,mattvollmer,User,,human_account,,no,,,eda24925812e09d6b48042529d02d682a307ab74,mattvollmer,mattvollmer,2026-08-30T17:16:59.407312+00:00
25,coder/coder,pull_request,27545,pull_commit,committed,286917bfb53013adb0c890531b564e7e2c6c1169,2026-07-27T20:29:38Z,mattvollmer,User,,human_account,,no,,,286917bfb53013adb0c890531b564e7e2c6c1169,mattvollmer,mattvollmer,2026-08-30T17:16:59.407312+00:00
25,coder/coder,pull_request,27545,pull_commit,committed,dedde49b72959bec632c7527979291a887d0dbab,2026-07-28T17:36:25Z,mattvollmer,User,,human_account,,no,,,dedde49b72959bec632c7527979291a887d0dbab,mattvollmer,mattvollmer,2026-08-30T17:16:59.407312+00:00
25,coder/coder,pull_request,28153,pull_commit,committed,a9fcb2971e28808ee7ab3ff5e34b0812c492d6ba,2026-08-13T20:10:29Z,aqandrew,User,,human_account,,no,,,a9fcb2971e28808ee7ab3ff5e34b0812c492d6ba,aqandrew,aqandrew,2026-08-30T17:16:59.852565+00:00
25,coder/coder,pull_request,28153,pull_commit,committed,a65912c34c8d229a135b6d11db5217f2ddd251bc,2026-08-13T20:28:36Z,aqandrew,User,,human_account,,no,,,a65912c34c8d229a135b6d11db5217f2ddd251bc,aqandrew,aqandrew,2026-08-30T17:16:59.852565+00:00
25,coder/coder,pull_request,27923,pull_commit,committed,9690f4bc069f9f3567e44e4445367407a35aa4ad,2026-08-10T14:52:58Z,ssncferreira,User,,human_account,,no,,,9690f4bc069f9f3567e44e4445367407a35aa4ad,ssncferreira,ssncferreira,2026-08-30T17:17:00.317853+00:00
25,coder/coder,pull_request,25115,pull_commit,committed,f395c07682b92c74fe399b6d3d19272295ac2b2f,2026-05-11T08:39:54Z,JoshuaVlantis,User,,human_account,,no,,,f395c07682b92c74fe399b6d3d19272295ac2b2f,JoshuaVlantis,JoshuaVlantis,2026-08-30T17:17:00.831863+00:00
25,coder/coder,pull_request,25072,pull_commit,committed,660301407b4994cefbe5657c7977d6c83833a1de,2026-05-15T00:04:17Z,cstyan,User,,human_account,,no,,,660301407b4994cefbe5657c7977d6c83833a1de,cstyan,cstyan,2026-08-30T17:17:01.849670+00:00
25,coder/coder,pull_request,25072,pull_commit,committed,4e13f72d013e190acf9d19cffdc325f305816d23,2026-05-15T00:04:17Z,cstyan,User,,human_account,,no,,,4e13f72d013e190acf9d19cffdc325f305816d23,cstyan,cstyan,2026-08-30T17:17:01.849670+00:00
25,coder/coder,pull_request,25072,pull_commit,committed,436c6c76390052b2be6e3cf28f8ce17acc03e118,2026-05-15T21:20:38Z,cstyan,User,,human_account,,no,,,436c6c76390052b2be6e3cf28f8ce17acc03e118,cstyan,cstyan,2026-08-30T17:17:01.849670+00:00
25,coder/coder,pull_request,26003,pull_commit,committed,92e48cc86422b0382d2370df65d8725924c722ee,2026-06-05T19:34:03Z,Emyrk,User,,human_account,,no,,,92e48cc86422b0382d2370df65d8725924c722ee,Emyrk,Emyrk,2026-08-30T17:17:02.356639+00:00
25,coder/coder,pull_request,26930,pull_commit,committed,232488662d0d280e80adec1b15acabb64d02ac4b,2026-07-01T19:02:51Z,github-actions[bot],Bot,,automation_bot,,no,,,232488662d0d280e80adec1b15acabb64d02ac4b,aslilac,github-actions[bot],2026-08-30T17:17:03.319363+00:00
25,coder/coder,pull_request,25480,pull_commit,committed,0cf9bad99a15d2880fd0f0560b5ecafcbef25ba4,2026-05-19T10:57:06Z,web-flow,User,,human_account,,no,,,0cf9bad99a15d2880fd0f0560b5ecafcbef25ba4,dependabot[bot],web-flow,2026-08-30T17:17:03.833811+00:00
25,coder/coder,pull_request,27068,pull_commit,committed,24b10ecd716097221148f25a467974f32880a5a0,2026-07-08T17:11:02Z,pawbana,User,,human_account,,no,,,24b10ecd716097221148f25a467974f32880a5a0,pawbana,pawbana,2026-08-30T17:17:04.381175+00:00
25,coder/coder,pull_request,27068,pull_commit,committed,f7615ba8bf36ad5d2f5678b17708a6566b83eb72,2026-07-08T17:11:02Z,pawbana,User,,human_account,,no,,,f7615ba8bf36ad5d2f5678b17708a6566b83eb72,pawbana,pawbana,2026-08-30T17:17:04.381175+00:00
25,coder/coder,pull_request,27068,pull_commit,committed,f595203a7118c7ba32d35f35ad8a0e0dbfb4292d,2026-07-08T17:11:02Z,pawbana,User,,human_account,,no,,,f595203a7118c7ba32d35f35ad8a0e0dbfb4292d,pawbana,pawbana,2026-08-30T17:17:04.381175+00:00
25,coder/coder,pull_request,27068,pull_commit,committed,d4c952acea005b689b69101c5e7a652994ca1c15,2026-07-08T17:16:42Z,pawbana,User,,human_account,,no,,,d4c952acea005b689b69101c5e7a652994ca1c15,pawbana,pawbana,2026-08-30T17:17:04.381175+00:00
25,coder/coder,pull_request,27068,pull_commit,committed,1c7baa472e59c79db4dbcff9b0063ee9f1554337,2026-07-09T13:42:38Z,pawbana,User,,human_account,,no,,,1c7baa472e59c79db4dbcff9b0063ee9f1554337,pawbana,pawbana,2026-08-30T17:17:04.381175+00:00
25,coder/coder,pull_request,27749,pull_commit,committed,7ec211d5bc6b7a37b46b57ce8570d4ed59813aab,2026-08-01T11:11:46Z,web-flow,User,,human_account,,no,,,7ec211d5bc6b7a37b46b57ce8570d4ed59813aab,dependabot[bot],web-flow,2026-08-30T17:17:04.894077+00:00
25,coder/coder,pull_request,27014,pull_commit,committed,e4be178a1953a5a62484a4e864de478dfd0d9656,2026-07-06T18:03:13Z,aslilac,User,,human_account,,no,,,e4be178a1953a5a62484a4e864de478dfd0d9656,aslilac,aslilac,2026-08-30T17:17:05.346214+00:00
25,coder/coder,pull_request,26149,pull_commit,committed,235bd49f082ca0a8a3f38af014d23effc3f3e8d2,2026-06-08T22:20:09Z,jscottmiller,User,,human_account,,no,,,235bd49f082ca0a8a3f38af014d23effc3f3e8d2,jscottmiller,jscottmiller,2026-08-30T17:17:05.851076+00:00
25,coder/coder,pull_request,27433,pull_commit,committed,e3a9e70b73da521b939ec76b6015b88fa666573d,2026-07-22T19:30:23Z,evgeniy-scherbina,User,,human_account,,no,,,e3a9e70b73da521b939ec76b6015b88fa666573d,evgeniy-scherbina,evgeniy-scherbina,2026-08-30T17:17:06.378553+00:00
25,coder/coder,pull_request,26606,pull_commit,committed,fa64fab1b55e0c84518d5672f5e38d64466b54a9,2026-06-23T11:03:41Z,web-flow,User,,human_account,,no,,,fa64fab1b55e0c84518d5672f5e38d64466b54a9,dependabot[bot],web-flow,2026-08-30T17:17:06.884498+00:00
25,coder/coder,pull_request,28088,pull_commit,committed,5aea0c0b13d5ef9c9752c6454b781d1f21619a92,2026-08-12T21:41:30Z,nickvigilante,User,,human_account,,no,,,5aea0c0b13d5ef9c9752c6454b781d1f21619a92,nickvigilante,nickvigilante,2026-08-30T17:17:07.358216+00:00
25,coder/coder,pull_request,28517,pull_commit,committed,40f1fe20b9a0eb26c4a8917eaf4d53689b682410,2026-08-24T22:31:24Z,tracyjohnsonux,User,,human_account,,no,,,40f1fe20b9a0eb26c4a8917eaf4d53689b682410,tracyjohnsonux,tracyjohnsonux,2026-08-30T17:17:07.817745+00:00
25,coder/coder,pull_request,28063,pull_commit,committed,536a0bf2f011a65abcc14f74417bc336a8c1924b,2026-08-12T10:50:31Z,DanielleMaywood,User,,human_account,,no,,,536a0bf2f011a65abcc14f74417bc336a8c1924b,DanielleMaywood,DanielleMaywood,2026-08-30T17:17:08.277059+00:00
25,coder/coder,pull_request,28063,pull_commit,committed,64e6939692bd5f51656bb53094c2e76941eeea37,2026-08-12T11:54:50Z,DanielleMaywood,User,,human_account,,no,,,64e6939692bd5f51656bb53094c2e76941eeea37,DanielleMaywood,DanielleMaywood,2026-08-30T17:17:08.277059+00:00
25,coder/coder,pull_request,28063,pull_commit,committed,d55db27a97b644016348de2748d6b1a418de08c8,2026-08-12T12:29:03Z,DanielleMaywood,User,,human_account,,no,,,d55db27a97b644016348de2748d6b1a418de08c8,DanielleMaywood,DanielleMaywood,2026-08-30T17:17:08.277059+00:00
25,coder/coder,pull_request,28063,pull_commit,committed,d6e89c9e5306c3e26235cc2d0debefdd0981f465,2026-08-12T13:03:08Z,DanielleMaywood,User,,human_account,,no,,,d6e89c9e5306c3e26235cc2d0debefdd0981f465,DanielleMaywood,DanielleMaywood,2026-08-30T17:17:08.277059+00:00
25,coder/coder,pull_request,28063,pull_commit,committed,5e34550f4cc24e7f03935929fedb5bb518477c1a,2026-08-12T13:19:02Z,DanielleMaywood,User,,human_account,,no,,,5e34550f4cc24e7f03935929fedb5bb518477c1a,DanielleMaywood,DanielleMaywood,2026-08-30T17:17:08.277059+00:00
25,coder/coder,pull_request,28063,pull_commit,committed,211434515746d43216acb44a817b18605aa20d3a,2026-08-12T14:01:35Z,DanielleMaywood,User,,human_account,,no,,,211434515746d43216acb44a817b18605aa20d3a,DanielleMaywood,DanielleMaywood,2026-08-30T17:17:08.277059+00:00
25,coder/coder,pull_request,26219,pull_commit,committed,982bd56471b99d364bf526b90b2a4cbb04984192,2026-06-10T14:28:51Z,github-actions[bot],Bot,,automation_bot,,no,,,982bd56471b99d364bf526b90b2a4cbb04984192,nickvigilante,github-actions[bot],2026-08-30T17:17:08.783501+00:00
25,coder/coder,pull_request,27112,pull_commit,committed,aad65b93fcb79a1836997e03cfeeba50a43a3a7d,2026-07-08T23:23:44Z,ibetitsmike,User,,human_account,,no,,,aad65b93fcb79a1836997e03cfeeba50a43a3a7d,ibetitsmike,ibetitsmike,2026-08-30T17:17:09.246959+00:00
25,coder/coder,pull_request,27112,pull_commit,committed,09df48689b1ba6d467be4c5c5c4e297f29427afb,2026-07-12T13:42:22Z,ibetitsmike,User,,human_account,,no,,,09df48689b1ba6d467be4c5c5c4e297f29427afb,ibetitsmike,ibetitsmike,2026-08-30T17:17:09.246959+00:00
30,langgenius/dify,pull_request,4158,pull_commit,committed,9eb0521cde1f037821a57b0ccb7f6101fa9eea1f,2024-05-07T10:44:29Z,lawvs,User,,human_account,,no,,,9eb0521cde1f037821a57b0ccb7f6101fa9eea1f,lawvs,lawvs,2026-08-30T17:17:09.777806+00:00
30,langgenius/dify,pull_request,4158,pull_commit,committed,d885478391858a80c6d2d6fc987f173723801642,2024-05-07T10:46:54Z,lawvs,User,,human_account,,no,,,d885478391858a80c6d2d6fc987f173723801642,lawvs,lawvs,2026-08-30T17:17:09.777806+00:00
30,langgenius/dify,pull_request,7590,pull_commit,committed,eb0d471d606a2b6d57c7dafce3acd6886e5e7169,2024-08-23T15:05:21Z,bowenliang123,User,,human_account,,no,,,eb0d471d606a2b6d57c7dafce3acd6886e5e7169,bowenliang123,bowenliang123,2026-08-30T17:17:10.299591+00:00
30,langgenius/dify,pull_request,7179,pull_commit,committed,75ecdf3c7acd48836e99a7567d471bdeef91701b,2024-08-12T02:36:29Z,wlrnet,User,,human_account,,no,,,75ecdf3c7acd48836e99a7567d471bdeef91701b,wlrnet,wlrnet,2026-08-30T17:17:10.854560+00:00
30,langgenius/dify,pull_request,7179,pull_commit,committed,63d21275fa60d10b564000a10a7c0a98bfd50894,2024-08-13T02:57:22Z,wlrnet,User,,human_account,,no,,,63d21275fa60d10b564000a10a7c0a98bfd50894,wlrnet,wlrnet,2026-08-30T17:17:10.854560+00:00
30,langgenius/dify,pull_request,7179,pull_commit,committed,5507e91f30023d195d91d66d5b31d3365572ddcc,2024-08-13T03:33:10Z,wlrnet,User,,human_account,,no,,,5507e91f30023d195d91d66d5b31d3365572ddcc,wlrnet,wlrnet,2026-08-30T17:17:10.854560+00:00
30,langgenius/dify,pull_request,7179,pull_commit,committed,961f4678b8b0c7a4d325fc94e8c74b7501a95471,2024-08-13T03:45:57Z,wlrnet,User,,human_account,,no,,,961f4678b8b0c7a4d325fc94e8c74b7501a95471,wlrnet,wlrnet,2026-08-30T17:17:10.854560+00:00
30,langgenius/dify,pull_request,7179,pull_commit,committed,0d8fef2060de8fc33d978ac7ee5de86f2a91f5d7,2024-08-13T09:33:24Z,crazywoola,User,,human_account,,no,,,0d8fef2060de8fc33d978ac7ee5de86f2a91f5d7,crazywoola,crazywoola,2026-08-30T17:17:10.854560+00:00
30,langgenius/dify,pull_request,6891,pull_commit,committed,b75ea7592bbbd061423f74acd1c05281c2f1f547,2024-08-01T13:30:06Z,bowenliang123,User,,human_account,,no,,,b75ea7592bbbd061423f74acd1c05281c2f1f547,bowenliang123,bowenliang123,2026-08-30T17:17:11.382034+00:00
30,langgenius/dify,pull_request,6891,pull_commit,committed,89ce7a37d11faa70937bbbb47bad7a23503ef0e1,2024-08-01T13:35:58Z,bowenliang123,User,,human_account,,no,,,89ce7a37d11faa70937bbbb47bad7a23503ef0e1,bowenliang123,bowenliang123,2026-08-30T17:17:11.382034+00:00
30,langgenius/dify,pull_request,6891,pull_commit,committed,25860adc16439194d28a2e2dc558a6e54e1439f7,2024-08-02T00:53:19Z,bowenliang123,User,,human_account,,no,,,25860adc16439194d28a2e2dc558a6e54e1439f7,bowenliang123,bowenliang123,2026-08-30T17:17:11.382034+00:00
30,langgenius/dify,pull_request,6237,pull_commit,committed,43fcc01b22f0442ec17b66a18e286fde69f7f521,2024-07-12T06:22:25Z,Tian-Hun,User,,human_account,,no,,,43fcc01b22f0442ec17b66a18e286fde69f7f521,Tian-Hun,Tian-Hun,2026-08-30T17:17:11.841858+00:00
30,langgenius/dify,pull_request,5266,pull_commit,committed,c71742a12e0aadfa869d4ed6d366cd4aebdf36db,2024-06-15T22:45:10Z,chazzhou,User,,human_account,,no,,,c71742a12e0aadfa869d4ed6d366cd4aebdf36db,chazzhou,chazzhou,2026-08-30T17:17:12.389229+00:00
30,langgenius/dify,pull_request,5266,pull_commit,committed,92be70745348e919c8a8b7a3bfa50842236ab5b9,2024-06-15T22:52:45Z,chazzhou,User,,human_account,,no,,,92be70745348e919c8a8b7a3bfa50842236ab5b9,chazzhou,chazzhou,2026-08-30T17:17:12.389229+00:00
30,langgenius/dify,pull_request,4263,pull_commit,committed,ed9e483936ea75fb2ef97c86e5ad23b644a711ed,2024-05-10T09:19:46Z,lawvs,User,,human_account,,no,,,ed9e483936ea75fb2ef97c86e5ad23b644a711ed,lawvs,lawvs,2026-08-30T17:17:12.925017+00:00
30,langgenius/dify,pull_request,4263,pull_commit,committed,d362c9dc2e3a2811a8664c66f2c4749f4d131db3,2024-05-10T09:19:56Z,lawvs,User,,human_account,,no,,,d362c9dc2e3a2811a8664c66f2c4749f4d131db3,lawvs,lawvs,2026-08-30T17:17:12.925017+00:00
30,langgenius/dify,pull_request,5071,pull_commit,committed,f47031c04509854ac00a211a0f1131c646729f49,2024-06-11T06:04:41Z,ugyuji,User,,human_account,,no,,,f47031c04509854ac00a211a0f1131c646729f49,ugyuji,ugyuji,2026-08-30T17:17:13.403748+00:00
30,langgenius/dify,pull_request,5075,pull_commit,committed,746974ca4a9c1b7a7a1b468c5c23498428090729,2024-06-11T07:29:40Z,JzoNgKVO,User,,human_account,,no,,,746974ca4a9c1b7a7a1b468c5c23498428090729,JzoNgKVO,JzoNgKVO,2026-08-30T17:17:13.932693+00:00
30,langgenius/dify,pull_request,5592,pull_commit,committed,0d5f1b8631b569a59225b17e1b75fbcbab009af8,2024-06-25T14:52:56Z,crazywoola,User,,human_account,,no,,,0d5f1b8631b569a59225b17e1b75fbcbab009af8,crazywoola,crazywoola,2026-08-30T17:17:14.493857+00:00
30,langgenius/dify,pull_request,4580,pull_commit,committed,503ab473d38533a2de14955649cb800045afc8a4,2024-05-22T08:12:43Z,gubinjie,User,,human_account,,no,,,503ab473d38533a2de14955649cb800045afc8a4,gubinjie,gubinjie,2026-08-30T17:17:14.924114+00:00
30,langgenius/dify,pull_request,5620,pull_commit,committed,618433a1286c736ba6508c33c8839d868d9d08d9,2024-06-26T06:48:33Z,web-flow,User,,human_account,,no,,,618433a1286c736ba6508c33c8839d868d9d08d9,aixgeek,web-flow,2026-08-30T17:17:15.378377+00:00
30,langgenius/dify,pull_request,5620,pull_commit,committed,61daabeaf3bd9bdcbbc7185bcf14c3921b5a06a3,2024-06-26T06:52:13Z,web-flow,User,,human_account,,no,,,61daabeaf3bd9bdcbbc7185bcf14c3921b5a06a3,aixgeek,web-flow,2026-08-30T17:17:15.378377+00:00
30,langgenius/dify,pull_request,5620,pull_commit,committed,abcdb9df3f226051ce2b0d18d38b719270b346ce,2024-06-26T09:53:56Z,web-flow,User,,human_account,,no,,,abcdb9df3f226051ce2b0d18d38b719270b346ce,aixgeek,web-flow,2026-08-30T17:17:15.378377+00:00
30,langgenius/dify,pull_request,5620,pull_commit,committed,7db4981201259c178ca12d9fec3afa67f01a57f6,2024-07-01T08:35:58Z,web-flow,User,,human_account,,no,,,7db4981201259c178ca12d9fec3afa67f01a57f6,aixgeek,web-flow,2026-08-30T17:17:15.378377+00:00
30,langgenius/dify,pull_request,5620,pull_commit,committed,8facc5c5019033786b6f1d621b15f715392f3e28,2024-07-01T08:36:53Z,web-flow,User,,human_account,,no,,,8facc5c5019033786b6f1d621b15f715392f3e28,aixgeek,web-flow,2026-08-30T17:17:15.378377+00:00
30,langgenius/dify,pull_request,5620,pull_commit,committed,e9554c43a6712e9c6debc121388fc19fc0baa79e,2024-07-01T08:37:15Z,web-flow,User,,human_account,,no,,,e9554c43a6712e9c6debc121388fc19fc0baa79e,aixgeek,web-flow,2026-08-30T17:17:15.378377+00:00
30,langgenius/dify,pull_request,7135,pull_commit,committed,8ec90050e0592ac826233f30383eed49f1924995,2024-08-07T08:54:38Z,ZhouhaoJiang,User,,human_account,,no,,,8ec90050e0592ac826233f30383eed49f1924995,ZhouhaoJiang,ZhouhaoJiang,2026-08-30T17:17:15.933456+00:00
30,langgenius/dify,pull_request,7135,pull_commit,committed,f81031c467640f32fd7452a482489c99d7f61ced,2024-08-07T09:55:58Z,ZhouhaoJiang,User,,human_account,,no,,,f81031c467640f32fd7452a482489c99d7f61ced,ZhouhaoJiang,ZhouhaoJiang,2026-08-30T17:17:15.933456+00:00
30,langgenius/dify,pull_request,7135,pull_commit,committed,507848971ddb5f3223b722a9f33b2d7dc9062383,2024-08-08T02:32:04Z,ZhouhaoJiang,User,,human_account,,no,,,507848971ddb5f3223b722a9f33b2d7dc9062383,ZhouhaoJiang,ZhouhaoJiang,2026-08-30T17:17:15.933456+00:00
30,langgenius/dify,pull_request,7135,pull_commit,committed,41cf1a3a025ef86dca4ee66522d4939c2ff2ec66,2024-08-08T03:16:44Z,ZhouhaoJiang,User,,human_account,,no,,,41cf1a3a025ef86dca4ee66522d4939c2ff2ec66,ZhouhaoJiang,ZhouhaoJiang,2026-08-30T17:17:15.933456+00:00
30,langgenius/dify,pull_request,7135,pull_commit,committed,7eeeb5ec588aa10de4df01ab84fda97847a71a0e,2024-08-09T08:20:04Z,ZhouhaoJiang,User,,human_account,,no,,,7eeeb5ec588aa10de4df01ab84fda97847a71a0e,ZhouhaoJiang,ZhouhaoJiang,2026-08-30T17:17:15.933456+00:00
30,langgenius/dify,pull_request,7135,pull_commit,committed,fc3075a3fab24314ecc1faa4e4c54308d5df25c8,2024-08-09T09:54:49Z,ZhouhaoJiang,User,,human_account,,no,,,fc3075a3fab24314ecc1faa4e4c54308d5df25c8,ZhouhaoJiang,ZhouhaoJiang,2026-08-30T17:17:15.933456+00:00
30,langgenius/dify,pull_request,7135,pull_commit,committed,d05986d7d9ab13fc68c5d3abd478a19101f73e5d,2024-08-09T10:07:39Z,ZhouhaoJiang,User,,human_account,,no,,,d05986d7d9ab13fc68c5d3abd478a19101f73e5d,ZhouhaoJiang,ZhouhaoJiang,2026-08-30T17:17:15.933456+00:00
30,langgenius/dify,pull_request,7135,pull_commit,committed,8bc3a72a77fcb76a48ec841f416d0bf1fb2850f4,2024-08-12T09:47:22Z,ZhouhaoJiang,User,,human_account,,no,,,8bc3a72a77fcb76a48ec841f416d0bf1fb2850f4,ZhouhaoJiang,ZhouhaoJiang,2026-08-30T17:17:15.933456+00:00
30,langgenius/dify,pull_request,7135,pull_commit,committed,54f3a8209fc8800edb1a7c6b263f196b8de312e2,2024-08-12T10:01:41Z,ZhouhaoJiang,User,,human_account,,no,,,54f3a8209fc8800edb1a7c6b263f196b8de312e2,ZhouhaoJiang,ZhouhaoJiang,2026-08-30T17:17:15.933456+00:00
30,langgenius/dify,pull_request,7135,pull_commit,committed,ef1d82977d1502dd4227c3508673a6f8f965da9f,2024-08-14T08:23:32Z,ZhouhaoJiang,User,,human_account,,no,,,ef1d82977d1502dd4227c3508673a6f8f965da9f,ZhouhaoJiang,ZhouhaoJiang,2026-08-30T17:17:15.933456+00:00
30,langgenius/dify,pull_request,7135,pull_commit,committed,248426413ab4ec71ead052804a54c3ae27258482,2024-08-15T09:41:29Z,ZhouhaoJiang,User,,human_account,,no,,,248426413ab4ec71ead052804a54c3ae27258482,ZhouhaoJiang,ZhouhaoJiang,2026-08-30T17:17:15.933456+00:00
30,langgenius/dify,pull_request,6697,pull_commit,committed,a1a328d31292ff7a1cfc25f4ea5f02536a9f0e0d,2024-07-26T02:41:28Z,Kevin9703,User,,human_account,,no,,,a1a328d31292ff7a1cfc25f4ea5f02536a9f0e0d,Kevin9703,Kevin9703,2026-08-30T17:17:16.480127+00:00
30,langgenius/dify,pull_request,7472,pull_commit,committed,1ecf2190279c8a80748f3d4279c07f4e0d5b3a63,2024-08-21T03:00:12Z,,,,unknown,,no,,,1ecf2190279c8a80748f3d4279c07f4e0d5b3a63,,,2026-08-30T17:17:16.969352+00:00
30,langgenius/dify,pull_request,7472,pull_commit,committed,92e96f9fd5c1cadc7ec8d0f0c64ab39af22bf414,2024-08-21T10:35:27Z,web-flow,User,,human_account,,no,,,92e96f9fd5c1cadc7ec8d0f0c64ab39af22bf414,KennFalcon,web-flow,2026-08-30T17:17:16.969352+00:00
30,langgenius/dify,pull_request,7472,pull_commit,committed,18ba0acd5690f8efe9b588101f13c74d0d1fe103,2024-08-21T11:39:41Z,,,,unknown,,no,,,18ba0acd5690f8efe9b588101f13c74d0d1fe103,,,2026-08-30T17:17:16.969352+00:00
30,langgenius/dify,pull_request,7472,pull_commit,committed,0042623a1ca5d6647ed52b1ec7e117f140c9670f,2024-08-21T11:50:04Z,,,,unknown,,no,,,0042623a1ca5d6647ed52b1ec7e117f140c9670f,,,2026-08-30T17:17:16.969352+00:00
30,langgenius/dify,pull_request,7472,pull_commit,committed,c9b74cf73921846a4dc4ee094da3874f0c8a9fd0,2024-08-24T05:41:18Z,wellCh4n,User,,human_account,,no,,,c9b74cf73921846a4dc4ee094da3874f0c8a9fd0,wellCh4n,wellCh4n,2026-08-30T17:17:16.969352+00:00
30,langgenius/dify,pull_request,7472,pull_commit,committed,6e0a8f2e75647ffb158b901290cf408f7add4eab,2024-08-24T05:47:45Z,wellCh4n,User,,human_account,,no,,,6e0a8f2e75647ffb158b901290cf408f7add4eab,wellCh4n,wellCh4n,2026-08-30T17:17:16.969352+00:00
30,langgenius/dify,pull_request,7472,pull_commit,committed,1b4c09ef94a22aed47b9a1a0000121d6f00ffc57,2024-08-24T05:54:32Z,wellCh4n,User,,human_account,,no,,,1b4c09ef94a22aed47b9a1a0000121d6f00ffc57,wellCh4n,wellCh4n,2026-08-30T17:17:16.969352+00:00
30,langgenius/dify,pull_request,7472,pull_commit,committed,e89af965b4995d2e861bfeb35a31c8852b1535d5,2024-08-24T06:01:18Z,wellCh4n,User,,human_account,,no,,,e89af965b4995d2e861bfeb35a31c8852b1535d5,wellCh4n,wellCh4n,2026-08-30T17:17:16.969352+00:00
30,langgenius/dify,pull_request,7472,pull_commit,committed,3c4ec56d595ecd62b6d1037115ba72eec2ca57d9,2024-08-25T10:34:14Z,wellCh4n,User,,human_account,,no,,,3c4ec56d595ecd62b6d1037115ba72eec2ca57d9,wellCh4n,wellCh4n,2026-08-30T17:17:16.969352+00:00
30,langgenius/dify,pull_request,7472,pull_commit,committed,a9a88af309d622cb35e41a03c6cc8308e8384ace,2024-08-25T10:41:34Z,web-flow,User,,human_account,,no,,,a9a88af309d622cb35e41a03c6cc8308e8384ace,wellCh4n,web-flow,2026-08-30T17:17:16.969352+00:00
30,langgenius/dify,pull_request,7472,pull_commit,committed,8f17f1e1cd63803b2fc9e170c525355eda4feeb3,2024-08-25T10:51:18Z,web-flow,User,,human_account,,no,,,8f17f1e1cd63803b2fc9e170c525355eda4feeb3,wellCh4n,web-flow,2026-08-30T17:17:16.969352+00:00
30,langgenius/dify,pull_request,7472,pull_commit,committed,459f627f09a210696d6716bc5856fd0a6af407a5,2024-08-25T10:59:13Z,wellCh4n,User,,human_account,,no,,,459f627f09a210696d6716bc5856fd0a6af407a5,wellCh4n,wellCh4n,2026-08-30T17:17:16.969352+00:00
30,langgenius/dify,pull_request,7472,pull_commit,committed,2f162eaeb071ed1bd996213c3462547c254c30d1,2024-08-25T11:04:14Z,wellCh4n,User,,human_account,,no,,,2f162eaeb071ed1bd996213c3462547c254c30d1,wellCh4n,wellCh4n,2026-08-30T17:17:16.969352+00:00
30,langgenius/dify,pull_request,4924,pull_commit,committed,713d34ffbf0e49f8078f9de8b99ca11b3e578c45,2024-06-04T11:07:38Z,JohnJyong,User,,human_account,,no,,,713d34ffbf0e49f8078f9de8b99ca11b3e578c45,JohnJyong,JohnJyong,2026-08-30T17:17:17.515279+00:00
30,langgenius/dify,pull_request,4924,pull_commit,committed,accb13b3507aea1bd9effe9423a6dff47e659374,2024-06-04T11:49:41Z,JohnJyong,User,,human_account,,no,,,accb13b3507aea1bd9effe9423a6dff47e659374,JohnJyong,JohnJyong,2026-08-30T17:17:17.515279+00:00
30,langgenius/dify,pull_request,7127,pull_commit,committed,4d09cb229e6e832053551be378a773f3f490f15b,2024-08-09T01:45:21Z,ZuzooVn,User,,human_account,,no,,,4d09cb229e6e832053551be378a773f3f490f15b,ZuzooVn,ZuzooVn,2026-08-30T17:17:18.002842+00:00
30,langgenius/dify,pull_request,7127,pull_commit,committed,86d3f41e1989c0a69761ff852dfe4a389c43ae81,2024-08-09T01:56:38Z,ZuzooVn,User,,human_account,,no,,,86d3f41e1989c0a69761ff852dfe4a389c43ae81,ZuzooVn,ZuzooVn,2026-08-30T17:17:18.002842+00:00
30,langgenius/dify,pull_request,7127,pull_commit,committed,367b48888ba693dd819f318ea0ec94dfca4d2437,2024-08-09T02:01:35Z,ZuzooVn,User,,human_account,,no,,,367b48888ba693dd819f318ea0ec94dfca4d2437,ZuzooVn,ZuzooVn,2026-08-30T17:17:18.002842+00:00
30,langgenius/dify,pull_request,24544,pull_commit,committed,ac0eb8009152fb73aefa18fd7482164bb0aa4efd,2025-08-26T07:31:29Z,ZeroZ-lab,User,,human_account,,no,,,ac0eb8009152fb73aefa18fd7482164bb0aa4efd,ZeroZ-lab,ZeroZ-lab,2026-08-30T17:17:18.538568+00:00
30,langgenius/dify,pull_request,21383,pull_commit,committed,0296d8815f49428f00f40024e3a9872591e04c9c,2025-06-23T11:45:20Z,web-flow,User,,human_account,,no,,,0296d8815f49428f00f40024e3a9872591e04c9c,kerwin612,web-flow,2026-08-30T17:17:19.059783+00:00
30,langgenius/dify,pull_request,21383,pull_commit,committed,67d3bfd688a46360feb3c08c91d828c6a132c162,2025-06-23T12:08:20Z,kerwin612,User,,human_account,,no,,,67d3bfd688a46360feb3c08c91d828c6a132c162,kerwin612,kerwin612,2026-08-30T17:17:19.059783+00:00
30,langgenius/dify,pull_request,20352,pull_commit,committed,e28d6fc15f87b81ef3aa7593266680974c7ff32d,2025-05-26T03:19:06Z,tinet-dongfb,User,,human_account,,no,,,e28d6fc15f87b81ef3aa7593266680974c7ff32d,tinet-dongfb,tinet-dongfb,2026-08-30T17:17:20.053433+00:00
30,langgenius/dify,pull_request,20352,pull_commit,committed,34ae11cb052c4a031d2b7a9fe23f7ba3e88a53ec,2025-05-26T06:46:34Z,tinet-dongfb,User,,human_account,,no,,,34ae11cb052c4a031d2b7a9fe23f7ba3e88a53ec,tinet-dongfb,tinet-dongfb,2026-08-30T17:17:20.053433+00:00
30,langgenius/dify,pull_request,20352,pull_commit,committed,22ee1a6e0402cc213e7410d6f603754ead243ce0,2025-05-28T07:02:04Z,tinet-dongfb,User,,human_account,,no,,,22ee1a6e0402cc213e7410d6f603754ead243ce0,tinet-dongfb,tinet-dongfb,2026-08-30T17:17:20.053433+00:00
30,langgenius/dify,pull_request,20352,pull_commit,committed,85f3edf183acba7db288858db06d2faef39fb8ee,2025-05-28T07:33:23Z,tinet-dongfb,User,,human_account,,no,,,85f3edf183acba7db288858db06d2faef39fb8ee,tinet-dongfb,tinet-dongfb,2026-08-30T17:17:20.053433+00:00
30,langgenius/dify,pull_request,20352,pull_commit,committed,fa2f3258a60a6b0e0b9a2a9ebbb7015c32cc02c0,2025-05-28T07:57:53Z,tinet-dongfb,User,,human_account,,no,,,fa2f3258a60a6b0e0b9a2a9ebbb7015c32cc02c0,tinet-dongfb,tinet-dongfb,2026-08-30T17:17:20.053433+00:00
30,langgenius/dify,pull_request,20352,pull_commit,committed,1d9aa5b98c5a8841c4c66e6941f71e14268f7a32,2025-05-29T01:15:08Z,tinet-dongfb,User,,human_account,,no,,,1d9aa5b98c5a8841c4c66e6941f71e14268f7a32,tinet-dongfb,tinet-dongfb,2026-08-30T17:17:20.053433+00:00
30,langgenius/dify,pull_request,20352,pull_commit,committed,cc89df84cc5090946a19f165813d51c66a7530a3,2025-06-04T08:23:27Z,tinet-dongfb,User,,human_account,,no,,,cc89df84cc5090946a19f165813d51c66a7530a3,tinet-dongfb,tinet-dongfb,2026-08-30T17:17:20.053433+00:00
30,langgenius/dify,pull_request,20352,pull_commit,committed,c3cb75b8be6a17761b3721e57e1aa0ba2ef0e6b1,2025-06-13T07:18:30Z,tinet-dongfb,User,,human_account,,no,,,c3cb75b8be6a17761b3721e57e1aa0ba2ef0e6b1,tinet-dongfb,tinet-dongfb,2026-08-30T17:17:20.053433+00:00
30,langgenius/dify,pull_request,20352,pull_commit,committed,bc9dec81d0f137c5c7048e730def2753f39bc145,2025-06-13T07:20:53Z,tinet-dongfb,User,,human_account,,no,,,bc9dec81d0f137c5c7048e730def2753f39bc145,tinet-dongfb,tinet-dongfb,2026-08-30T17:17:20.053433+00:00
30,langgenius/dify,pull_request,20352,pull_commit,committed,c7e56c51e92f3e88a2ebb9179f59cc7cccce2f6a,2025-07-16T03:05:52Z,web-flow,User,,human_account,,no,,,c7e56c51e92f3e88a2ebb9179f59cc7cccce2f6a,crazywoola,web-flow,2026-08-30T17:17:20.053433+00:00
30,langgenius/dify,pull_request,20352,pull_commit,committed,c44f60079d3fab43e521ffd657325497a4926035,2025-08-08T01:47:46Z,web-flow,User,,human_account,,no,,,c44f60079d3fab43e521ffd657325497a4926035,crazywoola,web-flow,2026-08-30T17:17:20.053433+00:00
30,langgenius/dify,pull_request,22472,pull_commit,committed,57ec53fb8ed35d9ba3c31429be42283fb2df2814,2025-07-16T04:10:41Z,WTW0313,User,,human_account,,no,,,57ec53fb8ed35d9ba3c31429be42283fb2df2814,WTW0313,WTW0313,2026-08-30T17:17:20.547040+00:00
30,langgenius/dify,pull_request,21991,pull_commit,committed,c7c65d85fda926f986105b88e59584d71454f2c3,2025-07-07T08:24:17Z,quicksandznzn,User,,human_account,,no,,,c7c65d85fda926f986105b88e59584d71454f2c3,quicksandznzn,quicksandznzn,2026-08-30T17:17:20.977654+00:00
30,langgenius/dify,pull_request,21991,pull_commit,committed,de633a5d62958eb85077a2f6db26da7124669c2e,2025-07-07T08:39:30Z,quicksandznzn,User,,human_account,,no,,,de633a5d62958eb85077a2f6db26da7124669c2e,quicksandznzn,quicksandznzn,2026-08-30T17:17:20.977654+00:00
30,langgenius/dify,pull_request,23899,pull_commit,committed,16c750b8c416ceb0e65a8e8d727c949c42b10651,2025-07-13T04:22:41Z,NeatGuyCoding,User,,human_account,,no,,,16c750b8c416ceb0e65a8e8d727c949c42b10651,NeatGuyCoding,NeatGuyCoding,2026-08-30T17:17:21.557829+00:00
30,langgenius/dify,pull_request,23899,pull_commit,committed,2b0fc364336079ffa9a021ebd10ad956b1abf2ad,2025-07-13T04:56:22Z,NeatGuyCoding,User,,human_account,,no,,,2b0fc364336079ffa9a021ebd10ad956b1abf2ad,NeatGuyCoding,NeatGuyCoding,2026-08-30T17:17:21.557829+00:00
30,langgenius/dify,pull_request,23899,pull_commit,committed,60ae45c4355efdfdf50246d3543274450f39ccf9,2025-07-13T07:30:01Z,NeatGuyCoding,User,,human_account,,no,,,60ae45c4355efdfdf50246d3543274450f39ccf9,NeatGuyCoding,NeatGuyCoding,2026-08-30T17:17:21.557829+00:00
30,langgenius/dify,pull_request,23899,pull_commit,committed,95b3370574ce6636158aacbd6e3231dcfbe629a7,2025-07-13T07:42:52Z,NeatGuyCoding,User,,human_account,,no,,,95b3370574ce6636158aacbd6e3231dcfbe629a7,NeatGuyCoding,NeatGuyCoding,2026-08-30T17:17:21.557829+00:00
30,langgenius/dify,pull_request,23899,pull_commit,committed,699cccaa610c98fa16aa4a99dfee99a223bbeb57,2025-07-13T09:00:37Z,NeatGuyCoding,User,,human_account,,no,,,699cccaa610c98fa16aa4a99dfee99a223bbeb57,NeatGuyCoding,NeatGuyCoding,2026-08-30T17:17:21.557829+00:00
30,langgenius/dify,pull_request,23899,pull_commit,committed,58a74df925233cd0865c7263538eebb55ef8724b,2025-07-13T10:23:07Z,NeatGuyCoding,User,,human_account,,no,,,58a74df925233cd0865c7263538eebb55ef8724b,NeatGuyCoding,NeatGuyCoding,2026-08-30T17:17:21.557829+00:00
30,langgenius/dify,pull_request,23899,pull_commit,committed,972708cdfa4b1db43da9682ca93a7095eb0246c6,2025-07-13T10:23:52Z,NeatGuyCoding,User,,human_account,,no,,,972708cdfa4b1db43da9682ca93a7095eb0246c6,NeatGuyCoding,NeatGuyCoding,2026-08-30T17:17:21.557829+00:00
30,langgenius/dify,pull_request,23899,pull_commit,committed,a24c810df2d99b6ab3435c7032b69248d0718e5b,2025-07-13T11:15:22Z,NeatGuyCoding,User,,human_account,,no,,,a24c810df2d99b6ab3435c7032b69248d0718e5b,NeatGuyCoding,NeatGuyCoding,2026-08-30T17:17:21.557829+00:00
30,langgenius/dify,pull_request,23899,pull_commit,committed,0dbf6b3c15b019272c45259c0c07916651963e94,2025-07-13T14:17:12Z,NeatGuyCoding,User,,human_account,,no,,,0dbf6b3c15b019272c45259c0c07916651963e94,NeatGuyCoding,NeatGuyCoding,2026-08-30T17:17:21.557829+00:00
30,langgenius/dify,pull_request,23899,pull_commit,committed,7c39587ad48e0c3eeb24ad61385edea9f92fb97d,2025-07-14T01:58:18Z,NeatGuyCoding,User,,human_account,,no,,,7c39587ad48e0c3eeb24ad61385edea9f92fb97d,NeatGuyCoding,NeatGuyCoding,2026-08-30T17:17:21.557829+00:00
30,langgenius/dify,pull_request,23899,pull_commit,committed,132b4c45f819837a9e0951ffd10ab748e9ca3054,2025-07-14T01:58:51Z,NeatGuyCoding,User,,human_account,,no,,,132b4c45f819837a9e0951ffd10ab748e9ca3054,NeatGuyCoding,NeatGuyCoding,2026-08-30T17:17:21.557829+00:00
30,langgenius/dify,pull_request,23899,pull_commit,committed,557a25ded62d9983453c2363a0808de262cad07f,2025-07-14T05:48:17Z,NeatGuyCoding,User,,human_account,,no,,,557a25ded62d9983453c2363a0808de262cad07f,NeatGuyCoding,NeatGuyCoding,2026-08-30T17:17:21.557829+00:00
30,langgenius/dify,pull_request,23899,pull_commit,committed,113910fd8350be6382151bb682acc541221cd632,2025-07-14T05:51:21Z,NeatGuyCoding,User,,human_account,,no,,,113910fd8350be6382151bb682acc541221cd632,NeatGuyCoding,NeatGuyCoding,2026-08-30T17:17:21.557829+00:00
30,langgenius/dify,pull_request,23899,pull_commit,committed,067063ac7cdd387c27baff0eaf9d30717d52fe0c,2025-07-14T07:38:58Z,NeatGuyCoding,User,,human_account,,no,,,067063ac7cdd387c27baff0eaf9d30717d52fe0c,NeatGuyCoding,NeatGuyCoding,2026-08-30T17:17:21.557829+00:00
30,langgenius/dify,pull_request,23899,pull_commit,committed,045c5377367c4a836aef360745862e32f0ee7d4f,2025-07-14T09:10:13Z,NeatGuyCoding,User,,human_account,,no,,,045c5377367c4a836aef360745862e32f0ee7d4f,NeatGuyCoding,NeatGuyCoding,2026-08-30T17:17:21.557829+00:00
30,langgenius/dify,pull_request,23899,pull_commit,committed,99833a55ea4c40f2c5870c1197b9955a166a0e13,2025-07-15T10:09:55Z,NeatGuyCoding,User,,human_account,,no,,,99833a55ea4c40f2c5870c1197b9955a166a0e13,NeatGuyCoding,NeatGuyCoding,2026-08-30T17:17:21.557829+00:00
30,langgenius/dify,pull_request,23899,pull_commit,committed,f53377ee0033ff02b057923ea06b59559493782f,2025-07-15T10:11:10Z,NeatGuyCoding,User,,human_account,,no,,,f53377ee0033ff02b057923ea06b59559493782f,NeatGuyCoding,NeatGuyCoding,2026-08-30T17:17:21.557829+00:00
30,langgenius/dify,pull_request,23899,pull_commit,committed,5831cbe1f2b8cf55cf09838dccf5a6aae01fc0f9,2025-07-17T05:49:52Z,NeatGuyCoding,User,,human_account,,no,,,5831cbe1f2b8cf55cf09838dccf5a6aae01fc0f9,NeatGuyCoding,NeatGuyCoding,2026-08-30T17:17:21.557829+00:00
30,langgenius/dify,pull_request,23899,pull_commit,committed,2710d12abcd8629a647b336e5135c2e9a7d9367f,2025-08-07T00:43:01Z,NeatGuyCoding,User,,human_account,,no,,,2710d12abcd8629a647b336e5135c2e9a7d9367f,NeatGuyCoding,NeatGuyCoding,2026-08-30T17:17:21.557829+00:00
30,langgenius/dify,pull_request,23899,pull_commit,committed,532e9f46667d7a59df774c6e6f3f064f96b26158,2025-08-07T00:47:21Z,NeatGuyCoding,User,,human_account,,no,,,532e9f46667d7a59df774c6e6f3f064f96b26158,NeatGuyCoding,NeatGuyCoding,2026-08-30T17:17:21.557829+00:00
30,langgenius/dify,pull_request,23899,pull_commit,committed,f84927b37393095790dafc13dbede5f751ee0e47,2025-08-07T00:48:05Z,NeatGuyCoding,User,,human_account,,no,,,f84927b37393095790dafc13dbede5f751ee0e47,NeatGuyCoding,NeatGuyCoding,2026-08-30T17:17:21.557829+00:00
30,langgenius/dify,pull_request,23899,pull_commit,committed,5469e547860db4d2d7e13ad6e0bd0ed3d94ad478,2025-08-07T00:48:41Z,NeatGuyCoding,User,,human_account,,no,,,5469e547860db4d2d7e13ad6e0bd0ed3d94ad478,NeatGuyCoding,NeatGuyCoding,2026-08-30T17:17:21.557829+00:00
30,langgenius/dify,pull_request,23899,pull_commit,committed,0fa236adc5bf4a910b3ffa7788f7261cc7100668,2025-08-07T01:47:29Z,NeatGuyCoding,User,,human_account,,no,,,0fa236adc5bf4a910b3ffa7788f7261cc7100668,NeatGuyCoding,NeatGuyCoding,2026-08-30T17:17:21.557829+00:00
30,langgenius/dify,pull_request,23899,pull_commit,committed,2724e4a16336dc8945fe6893337935ed3f41c5a9,2025-08-07T04:21:12Z,NeatGuyCoding,User,,human_account,,no,,,2724e4a16336dc8945fe6893337935ed3f41c5a9,NeatGuyCoding,NeatGuyCoding,2026-08-30T17:17:21.557829+00:00
30,langgenius/dify,pull_request,23899,pull_commit,committed,a0547d07d1c672bb50b4f5be694819c4955d80f5,2025-08-07T09:51:03Z,NeatGuyCoding,User,,human_account,,no,,,a0547d07d1c672bb50b4f5be694819c4955d80f5,NeatGuyCoding,NeatGuyCoding,2026-08-30T17:17:21.557829+00:00
30,langgenius/dify,pull_request,23899,pull_commit,committed,4998f18757c4564a4843e39e8b77d067bc836535,2025-08-07T09:56:28Z,NeatGuyCoding,User,,human_account,,no,,,4998f18757c4564a4843e39e8b77d067bc836535,NeatGuyCoding,NeatGuyCoding,2026-08-30T17:17:21.557829+00:00
30,langgenius/dify,pull_request,23899,pull_commit,committed,6e1ef04d84d40bcbc6f3984894738cde834b93b5,2025-08-07T09:56:46Z,NeatGuyCoding,User,,human_account,,no,,,6e1ef04d84d40bcbc6f3984894738cde834b93b5,NeatGuyCoding,NeatGuyCoding,2026-08-30T17:17:21.557829+00:00
30,langgenius/dify,pull_request,23899,pull_commit,committed,42a6182cbaa75cd4b50726dc9c69474e8ac05f38,2025-08-07T11:01:23Z,NeatGuyCoding,User,,human_account,,no,,,42a6182cbaa75cd4b50726dc9c69474e8ac05f38,NeatGuyCoding,NeatGuyCoding,2026-08-30T17:17:21.557829+00:00
30,langgenius/dify,pull_request,23899,pull_commit,committed,50ccaea56b0967ef3b4766dad581967040b1216b,2025-08-11T02:59:07Z,NeatGuyCoding,User,,human_account,,no,,,50ccaea56b0967ef3b4766dad581967040b1216b,NeatGuyCoding,NeatGuyCoding,2026-08-30T17:17:21.557829+00:00
30,langgenius/dify,pull_request,23899,pull_commit,committed,c98d860ac08f543562aa1fb43d6f86fbd0968964,2025-08-11T02:59:31Z,NeatGuyCoding,User,,human_account,,no,,,c98d860ac08f543562aa1fb43d6f86fbd0968964,NeatGuyCoding,NeatGuyCoding,2026-08-30T17:17:21.557829+00:00
30,langgenius/dify,pull_request,23899,pull_commit,committed,956ee231be2c98bf8421f523f6dd4b5d64589b94,2025-08-11T02:59:44Z,NeatGuyCoding,User,,human_account,,no,,,956ee231be2c98bf8421f523f6dd4b5d64589b94,NeatGuyCoding,NeatGuyCoding,2026-08-30T17:17:21.557829+00:00
30,langgenius/dify,pull_request,23320,pull_commit,committed,0f3dbe391a65b19d1fb46dd8b571c23fddd7e731,2025-08-03T02:37:36Z,somethingwentwell,User,,human_account,,no,,,0f3dbe391a65b19d1fb46dd8b571c23fddd7e731,somethingwentwell,somethingwentwell,2026-08-30T17:17:22.783798+00:00
30,langgenius/dify,pull_request,23320,pull_commit,committed,d1e2fbf7c03bb2388e156f9747d99d1573bfa7c4,2025-08-03T03:41:32Z,somethingwentwell,User,,human_account,,no,,,d1e2fbf7c03bb2388e156f9747d99d1573bfa7c4,somethingwentwell,somethingwentwell,2026-08-30T17:17:22.783798+00:00
30,langgenius/dify,pull_request,22856,pull_commit,committed,680bc0fa6864a898cca3a5d4695b82a0812c4d2a,2025-07-23T11:31:26Z,farion1231,User,,human_account,,no,,,680bc0fa6864a898cca3a5d4695b82a0812c4d2a,farion1231,farion1231,2026-08-30T17:17:23.308260+00:00
30,langgenius/dify,pull_request,21185,pull_commit,committed,9f797b889a8ca9f9e1b3ce486bab8235f16d905e,2025-06-18T10:44:04Z,xuzijie1995,User,,human_account,,no,,,9f797b889a8ca9f9e1b3ce486bab8235f16d905e,xuzijie1995,xuzijie1995,2026-08-30T17:17:23.855551+00:00
30,langgenius/dify,pull_request,21185,pull_commit,committed,740ecc2adf39668621481a01cf15affbae927487,2025-06-18T11:05:13Z,xuzijie1995,User,,human_account,,no,,,740ecc2adf39668621481a01cf15affbae927487,xuzijie1995,xuzijie1995,2026-08-30T17:17:23.855551+00:00
30,langgenius/dify,pull_request,23652,pull_commit,committed,16c750b8c416ceb0e65a8e8d727c949c42b10651,2025-07-13T04:22:41Z,NeatGuyCoding,User,,human_account,,no,,,16c750b8c416ceb0e65a8e8d727c949c42b10651,NeatGuyCoding,NeatGuyCoding,2026-08-30T17:17:24.332715+00:00
30,langgenius/dify,pull_request,23652,pull_commit,committed,2b0fc364336079ffa9a021ebd10ad956b1abf2ad,2025-07-13T04:56:22Z,NeatGuyCoding,User,,human_account,,no,,,2b0fc364336079ffa9a021ebd10ad956b1abf2ad,NeatGuyCoding,NeatGuyCoding,2026-08-30T17:17:24.332715+00:00
30,langgenius/dify,pull_request,23652,pull_commit,committed,60ae45c4355efdfdf50246d3543274450f39ccf9,2025-07-13T07:30:01Z,NeatGuyCoding,User,,human_account,,no,,,60ae45c4355efdfdf50246d3543274450f39ccf9,NeatGuyCoding,NeatGuyCoding,2026-08-30T17:17:24.332715+00:00
30,langgenius/dify,pull_request,23652,pull_commit,committed,95b3370574ce6636158aacbd6e3231dcfbe629a7,2025-07-13T07:42:52Z,NeatGuyCoding,User,,human_account,,no,,,95b3370574ce6636158aacbd6e3231dcfbe629a7,NeatGuyCoding,NeatGuyCoding,2026-08-30T17:17:24.332715+00:00
30,langgenius/dify,pull_request,23652,pull_commit,committed,699cccaa610c98fa16aa4a99dfee99a223bbeb57,2025-07-13T09:00:37Z,NeatGuyCoding,User,,human_account,,no,,,699cccaa610c98fa16aa4a99dfee99a223bbeb57,NeatGuyCoding,NeatGuyCoding,2026-08-30T17:17:24.332715+00:00
30,langgenius/dify,pull_request,23652,pull_commit,committed,58a74df925233cd0865c7263538eebb55ef8724b,2025-07-13T10:23:07Z,NeatGuyCoding,User,,human_account,,no,,,58a74df925233cd0865c7263538eebb55ef8724b,NeatGuyCoding,NeatGuyCoding,2026-08-30T17:17:24.332715+00:00
30,langgenius/dify,pull_request,23652,pull_commit,committed,972708cdfa4b1db43da9682ca93a7095eb0246c6,2025-07-13T10:23:52Z,NeatGuyCoding,User,,human_account,,no,,,972708cdfa4b1db43da9682ca93a7095eb0246c6,NeatGuyCoding,NeatGuyCoding,2026-08-30T17:17:24.332715+00:00
30,langgenius/dify,pull_request,23652,pull_commit,committed,a24c810df2d99b6ab3435c7032b69248d0718e5b,2025-07-13T11:15:22Z,NeatGuyCoding,User,,human_account,,no,,,a24c810df2d99b6ab3435c7032b69248d0718e5b,NeatGuyCoding,NeatGuyCoding,2026-08-30T17:17:24.332715+00:00
30,langgenius/dify,pull_request,23652,pull_commit,committed,0dbf6b3c15b019272c45259c0c07916651963e94,2025-07-13T14:17:12Z,NeatGuyCoding,User,,human_account,,no,,,0dbf6b3c15b019272c45259c0c07916651963e94,NeatGuyCoding,NeatGuyCoding,2026-08-30T17:17:24.332715+00:00
30,langgenius/dify,pull_request,23652,pull_commit,committed,7c39587ad48e0c3eeb24ad61385edea9f92fb97d,2025-07-14T01:58:18Z,NeatGuyCoding,User,,human_account,,no,,,7c39587ad48e0c3eeb24ad61385edea9f92fb97d,NeatGuyCoding,NeatGuyCoding,2026-08-30T17:17:24.332715+00:00
30,langgenius/dify,pull_request,23652,pull_commit,committed,132b4c45f819837a9e0951ffd10ab748e9ca3054,2025-07-14T01:58:51Z,NeatGuyCoding,User,,human_account,,no,,,132b4c45f819837a9e0951ffd10ab748e9ca3054,NeatGuyCoding,NeatGuyCoding,2026-08-30T17:17:24.332715+00:00
30,langgenius/dify,pull_request,23652,pull_commit,committed,557a25ded62d9983453c2363a0808de262cad07f,2025-07-14T05:48:17Z,NeatGuyCoding,User,,human_account,,no,,,557a25ded62d9983453c2363a0808de262cad07f,NeatGuyCoding,NeatGuyCoding,2026-08-30T17:17:24.332715+00:00
30,langgenius/dify,pull_request,23652,pull_commit,committed,113910fd8350be6382151bb682acc541221cd632,2025-07-14T05:51:21Z,NeatGuyCoding,User,,human_account,,no,,,113910fd8350be6382151bb682acc541221cd632,NeatGuyCoding,NeatGuyCoding,2026-08-30T17:17:24.332715+00:00
30,langgenius/dify,pull_request,23652,pull_commit,committed,067063ac7cdd387c27baff0eaf9d30717d52fe0c,2025-07-14T07:38:58Z,NeatGuyCoding,User,,human_account,,no,,,067063ac7cdd387c27baff0eaf9d30717d52fe0c,NeatGuyCoding,NeatGuyCoding,2026-08-30T17:17:24.332715+00:00
30,langgenius/dify,pull_request,23652,pull_commit,committed,2710d12abcd8629a647b336e5135c2e9a7d9367f,2025-08-07T00:43:01Z,NeatGuyCoding,User,,human_account,,no,,,2710d12abcd8629a647b336e5135c2e9a7d9367f,NeatGuyCoding,NeatGuyCoding,2026-08-30T17:17:24.332715+00:00
30,langgenius/dify,pull_request,23652,pull_commit,committed,532e9f46667d7a59df774c6e6f3f064f96b26158,2025-08-07T00:47:21Z,NeatGuyCoding,User,,human_account,,no,,,532e9f46667d7a59df774c6e6f3f064f96b26158,NeatGuyCoding,NeatGuyCoding,2026-08-30T17:17:24.332715+00:00
30,langgenius/dify,pull_request,23652,pull_commit,committed,f84927b37393095790dafc13dbede5f751ee0e47,2025-08-07T00:48:05Z,NeatGuyCoding,User,,human_account,,no,,,f84927b37393095790dafc13dbede5f751ee0e47,NeatGuyCoding,NeatGuyCoding,2026-08-30T17:17:24.332715+00:00
30,langgenius/dify,pull_request,22983,pull_commit,committed,19ee965d63bc34f1c2433eccdb51da2ae816bb8c,2025-07-25T14:23:40Z,hyongtao-code,User,,human_account,,no,,,19ee965d63bc34f1c2433eccdb51da2ae816bb8c,hyongtao-code,hyongtao-code,2026-08-30T17:17:24.879080+00:00
30,langgenius/dify,pull_request,22346,pull_commit,committed,6029f24ebebd26ddafc00c150f9c95022db67c3e,2025-07-10T09:46:04Z,zyssyz123,User,,human_account,,no,,,6029f24ebebd26ddafc00c150f9c95022db67c3e,zyssyz123,zyssyz123,2026-08-30T17:17:25.364671+00:00
30,langgenius/dify,pull_request,22346,pull_commit,committed,a8d92e59d2b7e45af6a2e979c9165f9b3f82960f,2025-07-10T09:46:40Z,zyssyz123,User,,human_account,,no,,,a8d92e59d2b7e45af6a2e979c9165f9b3f82960f,zyssyz123,zyssyz123,2026-08-30T17:17:25.364671+00:00
30,langgenius/dify,pull_request,22346,pull_commit,committed,2da10221ef6a09d7f1f81053d35287124d93212c,2025-07-10T10:10:24Z,zyssyz123,User,,human_account,,no,,,2da10221ef6a09d7f1f81053d35287124d93212c,zyssyz123,zyssyz123,2026-08-30T17:17:25.364671+00:00
30,langgenius/dify,pull_request,22346,pull_commit,committed,315e1276e32073a82040f6ce2e812067f028f70f,2025-07-11T03:01:10Z,zyssyz123,User,,human_account,,no,,,315e1276e32073a82040f6ce2e812067f028f70f,zyssyz123,zyssyz123,2026-08-30T17:17:25.364671+00:00
30,langgenius/dify,pull_request,22346,pull_commit,committed,28260accc8fee554be235b29ef2759aea6b39449,2025-07-11T03:17:33Z,zyssyz123,User,,human_account,,no,,,28260accc8fee554be235b29ef2759aea6b39449,zyssyz123,zyssyz123,2026-08-30T17:17:25.364671+00:00
30,langgenius/dify,pull_request,22346,pull_commit,committed,0c999a66d3820f941398b1c1970547ce200f55e9,2025-07-11T03:18:08Z,zyssyz123,User,,human_account,,no,,,0c999a66d3820f941398b1c1970547ce200f55e9,zyssyz123,zyssyz123,2026-08-30T17:17:25.364671+00:00
30,langgenius/dify,pull_request,22346,pull_commit,committed,0decc735d69727dbe3fc956ffb0744f300cd476d,2025-07-11T05:47:49Z,zyssyz123,User,,human_account,,no,,,0decc735d69727dbe3fc956ffb0744f300cd476d,zyssyz123,zyssyz123,2026-08-30T17:17:25.364671+00:00
30,langgenius/dify,pull_request,22346,pull_commit,committed,0da1814c7c17b1a86a9937b2095a9f63c0f55aab,2025-07-11T05:59:57Z,zyssyz123,User,,human_account,,no,,,0da1814c7c17b1a86a9937b2095a9f63c0f55aab,zyssyz123,zyssyz123,2026-08-30T17:17:25.364671+00:00
30,langgenius/dify,pull_request,22346,pull_commit,committed,0a03d11e90abcee910696bfa647ee1a5ec578020,2025-07-11T06:08:33Z,zyssyz123,User,,human_account,,no,,,0a03d11e90abcee910696bfa647ee1a5ec578020,zyssyz123,zyssyz123,2026-08-30T17:17:25.364671+00:00
30,langgenius/dify,pull_request,22346,pull_commit,committed,dcf3cd4016081ba8280b6c0e00122cfd45c2f947,2025-07-11T06:19:35Z,zyssyz123,User,,human_account,,no,,,dcf3cd4016081ba8280b6c0e00122cfd45c2f947,zyssyz123,zyssyz123,2026-08-30T17:17:25.364671+00:00
30,langgenius/dify,pull_request,22346,pull_commit,committed,490c6423d2372977369ea1a8b3fcffc6c6b94262,2025-07-11T08:05:59Z,zyssyz123,User,,human_account,,no,,,490c6423d2372977369ea1a8b3fcffc6c6b94262,zyssyz123,zyssyz123,2026-08-30T17:17:25.364671+00:00
30,langgenius/dify,pull_request,22346,pull_commit,committed,ab2839497540cc008da5a437e349c5c69719fcd2,2025-07-11T08:06:51Z,zyssyz123,User,,human_account,,no,,,ab2839497540cc008da5a437e349c5c69719fcd2,zyssyz123,zyssyz123,2026-08-30T17:17:25.364671+00:00
30,langgenius/dify,pull_request,22346,pull_commit,committed,0385cfae5f22e341d56846f639fa3e5d429044e2,2025-07-11T08:15:42Z,zyssyz123,User,,human_account,,no,,,0385cfae5f22e341d56846f639fa3e5d429044e2,zyssyz123,zyssyz123,2026-08-30T17:17:25.364671+00:00
30,langgenius/dify,pull_request,22346,pull_commit,committed,50340c90a93c87d11c0bbb568c4b0a65fdbc876f,2025-07-11T08:54:29Z,zyssyz123,User,,human_account,,no,,,50340c90a93c87d11c0bbb568c4b0a65fdbc876f,zyssyz123,zyssyz123,2026-08-30T17:17:25.364671+00:00
30,langgenius/dify,pull_request,22346,pull_commit,committed,1f1b453a51bcd91e80cdbf64a466922ab073e283,2025-07-14T01:48:17Z,zyssyz123,User,,human_account,,no,,,1f1b453a51bcd91e80cdbf64a466922ab073e283,zyssyz123,zyssyz123,2026-08-30T17:17:25.364671+00:00
30,langgenius/dify,pull_request,22346,pull_commit,committed,1c238994610da943d62d2de5754bd4fdb3a971fc,2025-07-14T01:57:50Z,zyssyz123,User,,human_account,,no,,,1c238994610da943d62d2de5754bd4fdb3a971fc,zyssyz123,zyssyz123,2026-08-30T17:17:25.364671+00:00
30,langgenius/dify,pull_request,22346,pull_commit,committed,26badcc15f5f85398181047b10eac8439e60daf6,2025-07-14T06:12:28Z,zyssyz123,User,,human_account,,no,,,26badcc15f5f85398181047b10eac8439e60daf6,zyssyz123,zyssyz123,2026-08-30T17:17:25.364671+00:00
30,langgenius/dify,pull_request,22346,pull_commit,committed,cb6490df4a9f4587c722d4a89cdc0fec4136d9a3,2025-07-14T06:12:50Z,zyssyz123,User,,human_account,,no,,,cb6490df4a9f4587c722d4a89cdc0fec4136d9a3,zyssyz123,zyssyz123,2026-08-30T17:17:25.364671+00:00
30,langgenius/dify,pull_request,22346,pull_commit,committed,33cbccdef94c8ded3e42692314807da8312b49ad,2025-07-14T06:52:30Z,zyssyz123,User,,human_account,,no,,,33cbccdef94c8ded3e42692314807da8312b49ad,zyssyz123,zyssyz123,2026-08-30T17:17:25.364671+00:00
30,langgenius/dify,pull_request,22346,pull_commit,committed,62c36ce77386dbf43852f40a1a24b3aa7b140b4e,2025-07-14T06:54:15Z,zyssyz123,User,,human_account,,no,,,62c36ce77386dbf43852f40a1a24b3aa7b140b4e,zyssyz123,zyssyz123,2026-08-30T17:17:25.364671+00:00
30,langgenius/dify,pull_request,22346,pull_commit,committed,ae24e5784f885fd9cecf8f96f4222abcee3bac35,2025-07-14T07:03:25Z,zyssyz123,User,,human_account,,no,,,ae24e5784f885fd9cecf8f96f4222abcee3bac35,zyssyz123,zyssyz123,2026-08-30T17:17:25.364671+00:00
30,langgenius/dify,pull_request,22346,pull_commit,committed,ffcc793060d774cf396fb810847f18ddc9dd2687,2025-07-14T07:03:46Z,zyssyz123,User,,human_account,,no,,,ffcc793060d774cf396fb810847f18ddc9dd2687,zyssyz123,zyssyz123,2026-08-30T17:17:25.364671+00:00
30,langgenius/dify,pull_request,22346,pull_commit,committed,dd9b3b84ffcbe5f9c3096c0e380f5ee74944541a,2025-07-14T07:08:34Z,zyssyz123,User,,human_account,,no,,,dd9b3b84ffcbe5f9c3096c0e380f5ee74944541a,zyssyz123,zyssyz123,2026-08-30T17:17:25.364671+00:00
30,langgenius/dify,pull_request,22346,pull_commit,committed,7c23ecc05558727400ca5425429547ec474c4736,2025-07-14T07:21:54Z,web-flow,User,,human_account,,no,,,7c23ecc05558727400ca5425429547ec474c4736,zyssyz123,web-flow,2026-08-30T17:17:25.364671+00:00
30,langgenius/dify,pull_request,22346,pull_commit,committed,2a98fcb7f8f74af43c111b799805efdbe373937c,2025-07-14T07:26:06Z,zyssyz123,User,,human_account,,no,,,2a98fcb7f8f74af43c111b799805efdbe373937c,zyssyz123,zyssyz123,2026-08-30T17:17:25.364671+00:00
30,langgenius/dify,pull_request,22346,pull_commit,committed,9cf7adb4cbc7fa20da0b4311dcb59c3eac2b5944,2025-07-14T07:49:16Z,zyssyz123,User,,human_account,,no,,,9cf7adb4cbc7fa20da0b4311dcb59c3eac2b5944,zyssyz123,zyssyz123,2026-08-30T17:17:25.364671+00:00
30,langgenius/dify,pull_request,38393,pull_commit,committed,53e422b1c41627692e80b08e73a97e0167378e44,2026-07-03T09:34:59Z,ojasarora77,User,,human_account,,no,,,53e422b1c41627692e80b08e73a97e0167378e44,ojasarora77,ojasarora77,2026-08-30T17:17:25.935308+00:00
30,langgenius/dify,pull_request,38393,pull_commit,committed,35c4f01048738a870e5e8212738c65736e86b8ed,2026-07-03T12:18:05Z,ojasarora77,User,,human_account,,no,,,35c4f01048738a870e5e8212738c65736e86b8ed,ojasarora77,ojasarora77,2026-08-30T17:17:25.935308+00:00
30,langgenius/dify,pull_request,36338,pull_commit,committed,964461c8952a2a612762d634d6ea48b809491f51,2026-05-18T04:34:56Z,guangyang1206,User,,human_account,,no,,,964461c8952a2a612762d634d6ea48b809491f51,guangyang1206,guangyang1206,2026-08-30T17:17:26.471418+00:00
30,langgenius/dify,pull_request,36338,pull_commit,committed,6984074081f9e3646aa797d74623c1016b01e615,2026-06-10T06:55:32Z,web-flow,User,,human_account,,no,,,6984074081f9e3646aa797d74623c1016b01e615,asukaminato0721,web-flow,2026-08-30T17:17:26.471418+00:00
30,langgenius/dify,pull_request,37146,pull_commit,committed,e9d480b1670fa823fd8282e9896f31e25187544a,2026-06-07T19:43:52Z,popsiclelmlm,User,,human_account,,no,,,e9d480b1670fa823fd8282e9896f31e25187544a,popsiclelmlm,popsiclelmlm,2026-08-30T17:17:26.987943+00:00
30,langgenius/dify,pull_request,37146,pull_commit,committed,310e858921e1e40b5188f87204d34e0c101db34f,2026-06-07T19:47:25Z,web-flow,User,,human_account,,no,,,310e858921e1e40b5188f87204d34e0c101db34f,autofix-ci[bot],web-flow,2026-08-30T17:17:26.987943+00:00
30,langgenius/dify,pull_request,37252,pull_commit,committed,bd4548f43ea2dca398742505fcffd70c979a3579,2026-06-09T20:43:33Z,escape0707,User,,human_account,,no,,,bd4548f43ea2dca398742505fcffd70c979a3579,escape0707,escape0707,2026-08-30T17:17:27.552788+00:00
30,langgenius/dify,pull_request,37252,pull_commit,committed,a0993ef829fadaa57fa00fcb57880d61094e92cc,2026-06-09T20:51:01Z,escape0707,User,,human_account,,no,,,a0993ef829fadaa57fa00fcb57880d61094e92cc,escape0707,escape0707,2026-08-30T17:17:27.552788+00:00
30,langgenius/dify,pull_request,37252,pull_commit,committed,51e15840ca034b88bef2b79899a9cf70b00f71ae,2026-06-09T20:51:13Z,escape0707,User,,human_account,,no,,,51e15840ca034b88bef2b79899a9cf70b00f71ae,escape0707,escape0707,2026-08-30T17:17:27.552788+00:00
30,langgenius/dify,pull_request,37252,pull_commit,committed,e1afb71cae70a1c3b3ef070a447f3beef4ddf401,2026-06-09T20:51:24Z,escape0707,User,,human_account,,no,,,e1afb71cae70a1c3b3ef070a447f3beef4ddf401,escape0707,escape0707,2026-08-30T17:17:27.552788+00:00
30,langgenius/dify,pull_request,37252,pull_commit,committed,370973a38ba14770d0d51cbe352c598fbae95956,2026-06-09T20:51:33Z,escape0707,User,,human_account,,no,,,370973a38ba14770d0d51cbe352c598fbae95956,escape0707,escape0707,2026-08-30T17:17:27.552788+00:00
30,langgenius/dify,pull_request,37252,pull_commit,committed,05e2bd44f00b57efa1711022b6ffec1a7420905e,2026-06-09T20:51:42Z,escape0707,User,,human_account,,no,,,05e2bd44f00b57efa1711022b6ffec1a7420905e,escape0707,escape0707,2026-08-30T17:17:27.552788+00:00
30,langgenius/dify,pull_request,37252,pull_commit,committed,d3966d97956e57615147a6d140577355f4c2d85f,2026-06-09T20:51:52Z,escape0707,User,,human_account,,no,,,d3966d97956e57615147a6d140577355f4c2d85f,escape0707,escape0707,2026-08-30T17:17:27.552788+00:00
30,langgenius/dify,pull_request,40753,pull_commit,committed,4e9f2c24edb0188756ae2cf682db676de8ae2eef,2026-08-14T01:18:05Z,GareArc,User,,human_account,,no,,,4e9f2c24edb0188756ae2cf682db676de8ae2eef,GareArc,GareArc,2026-08-30T17:17:28.060745+00:00
30,langgenius/dify,pull_request,39023,pull_commit,committed,4f7535bf2b7aa2d48bd7d23470446c8f2bab38d6,2026-07-15T13:34:48Z,fatelei,User,,human_account,,no,,,4f7535bf2b7aa2d48bd7d23470446c8f2bab38d6,fatelei,fatelei,2026-08-30T17:17:28.520620+00:00
30,langgenius/dify,pull_request,39023,pull_commit,committed,fb100ccc08dd01bd7273a25aa2245c084cd4e068,2026-07-15T23:35:21Z,fatelei,User,,human_account,,no,,,fb100ccc08dd01bd7273a25aa2245c084cd4e068,fatelei,fatelei,2026-08-30T17:17:28.520620+00:00
30,langgenius/dify,pull_request,39023,pull_commit,committed,3a59d266608b7479b9c5f20b653dac338f236437,2026-07-16T00:03:18Z,fatelei,User,,human_account,,no,,,3a59d266608b7479b9c5f20b653dac338f236437,fatelei,fatelei,2026-08-30T17:17:28.520620+00:00
30,langgenius/dify,pull_request,37722,pull_commit,committed,02911a8e89afd25ffeba7bfb082bf3c06576a97c,2026-06-22T02:39:54Z,AlexMultiAgent,User,,human_account,,no,,,02911a8e89afd25ffeba7bfb082bf3c06576a97c,AlexMultiAgent,AlexMultiAgent,2026-08-30T17:17:29.546845+00:00
30,langgenius/dify,pull_request,39254,pull_commit,committed,d9c4cae49395d707bec883fb601c6234ca52f891,2026-08-24T01:20:35Z,web-flow,User,,human_account,,no,,,d9c4cae49395d707bec883fb601c6234ca52f891,dependabot[bot],web-flow,2026-08-30T17:17:30.091424+00:00
30,langgenius/dify,pull_request,39788,pull_commit,committed,346289f616cf1704c2edac94e505ec4cf115b1cd,2026-08-05T02:51:45Z,qielanci,User,,human_account,,no,,,346289f616cf1704c2edac94e505ec4cf115b1cd,qielanci,qielanci,2026-08-30T17:17:30.541672+00:00
30,langgenius/dify,pull_request,39788,pull_commit,committed,7888c81f584bc33d041ba07bfcf471c8b1246312,2026-08-05T02:51:45Z,qielanci,User,,human_account,,no,,,7888c81f584bc33d041ba07bfcf471c8b1246312,qielanci,qielanci,2026-08-30T17:17:30.541672+00:00
30,langgenius/dify,pull_request,39788,pull_commit,committed,4c00dd766fba1d600a0b4048a725c0c4bff8178a,2026-08-05T04:02:49Z,web-flow,User,,human_account,,no,,,4c00dd766fba1d600a0b4048a725c0c4bff8178a,qielanci,web-flow,2026-08-30T17:17:30.541672+00:00
30,langgenius/dify,pull_request,39788,pull_commit,committed,ce82c0c63fe4834e596ea6fee0e15dd90f04abc0,2026-08-05T04:11:27Z,web-flow,User,,human_account,,no,,,ce82c0c63fe4834e596ea6fee0e15dd90f04abc0,qielanci,web-flow,2026-08-30T17:17:30.541672+00:00
30,langgenius/dify,pull_request,38058,pull_commit,committed,83d24eed2358d678a825da988853771bbc182d60,2026-06-27T00:54:51Z,gauravbsinghal,User,,human_account,,no,,,83d24eed2358d678a825da988853771bbc182d60,gauravbsinghal,gauravbsinghal,2026-08-30T17:17:31.089614+00:00
30,langgenius/dify,pull_request,38686,pull_commit,committed,c90886a4593746fceb2d01e577d3993f95fcd680,2026-07-21T03:37:56Z,asukaminato0721,User,,human_account,,no,,,c90886a4593746fceb2d01e577d3993f95fcd680,asukaminato0721,asukaminato0721,2026-08-30T17:17:31.566440+00:00
30,langgenius/dify,pull_request,40668,pull_commit,committed,bde997d17830f1d3fb7e4745a512055c3284b7eb,2026-08-12T16:26:36Z,asukaminato0721,User,,human_account,,no,,,bde997d17830f1d3fb7e4745a512055c3284b7eb,asukaminato0721,asukaminato0721,2026-08-30T17:17:32.075220+00:00
30,langgenius/dify,pull_request,37799,pull_commit,committed,538f5ec3a4af7e4a275046420e89a610e841ab37,2026-06-23T15:38:35Z,VectorPeak,User,,human_account,,no,,,538f5ec3a4af7e4a275046420e89a610e841ab37,VectorPeak,VectorPeak,2026-08-30T17:17:32.543142+00:00
30,langgenius/dify,pull_request,35884,pull_commit,committed,84906caefdceaf911b1e3baca68ef8511d39007d,2026-05-07T09:45:24Z,escape0707,User,,human_account,,no,,,84906caefdceaf911b1e3baca68ef8511d39007d,escape0707,escape0707,2026-08-30T17:17:33.020381+00:00
30,langgenius/dify,pull_request,39110,pull_commit,committed,848208af745a0f521fbfcd418204b4608dc59308,2026-07-16T04:49:09Z,asukaminato0721,User,,human_account,,no,,,848208af745a0f521fbfcd418204b4608dc59308,asukaminato0721,asukaminato0721,2026-08-30T17:17:33.536082+00:00
30,langgenius/dify,pull_request,39110,pull_commit,committed,12880d54b5e03b28d46c03990b17f3e398a021d0,2026-07-16T05:45:50Z,web-flow,User,,human_account,,no,,,12880d54b5e03b28d46c03990b17f3e398a021d0,autofix-ci[bot],web-flow,2026-08-30T17:17:33.536082+00:00
30,langgenius/dify,pull_request,39764,pull_commit,committed,6f6fbfa71467eafd23b9b9f000a33ab585646235,2026-07-29T11:20:40Z,zyssyz123,User,,human_account,,no,,,6f6fbfa71467eafd23b9b9f000a33ab585646235,zyssyz123,zyssyz123,2026-08-30T17:17:34.043284+00:00
30,langgenius/dify,pull_request,39764,pull_commit,committed,43934780095957f3f9c5fe5cb522bebaa817232b,2026-07-29T11:35:07Z,web-flow,User,,human_account,,no,,,43934780095957f3f9c5fe5cb522bebaa817232b,autofix-ci[bot],web-flow,2026-08-30T17:17:34.043284+00:00
30,langgenius/dify,pull_request,39764,pull_commit,committed,ca18198a93c9b993f1d8b9260f04d985b10b176b,2026-07-29T11:39:33Z,zyssyz123,User,,human_account,,no,,,ca18198a93c9b993f1d8b9260f04d985b10b176b,zyssyz123,zyssyz123,2026-08-30T17:17:34.043284+00:00
30,langgenius/dify,pull_request,39764,pull_commit,committed,b0ac4608eea4f7bca6e1dce55505bccbb219f54f,2026-07-29T11:52:58Z,zyssyz123,User,,human_account,,no,,,b0ac4608eea4f7bca6e1dce55505bccbb219f54f,zyssyz123,zyssyz123,2026-08-30T17:17:34.043284+00:00
30,langgenius/dify,pull_request,39776,pull_commit,committed,f396314a20f141ce4c61b798bcc390ab9a0ef01c,2026-07-30T16:19:51Z,cqjjjzr,User,,human_account,,no,,,f396314a20f141ce4c61b798bcc390ab9a0ef01c,cqjjjzr,cqjjjzr,2026-08-30T17:17:34.548803+00:00
30,langgenius/dify,pull_request,39571,pull_commit,committed,da5c1dcbed81083cf7f176ed700cbc702ad422a3,2026-07-25T10:03:57Z,mesrop2008,User,,human_account,,no,,,da5c1dcbed81083cf7f176ed700cbc702ad422a3,mesrop2008,mesrop2008,2026-08-30T17:17:35.038724+00:00
30,langgenius/dify,pull_request,39571,pull_commit,committed,5b1673ed0d299042ea9e8f4f14c21f4e8468da4b,2026-08-10T17:48:57Z,web-flow,User,,human_account,,no,,,5b1673ed0d299042ea9e8f4f14c21f4e8468da4b,mesrop2008,web-flow,2026-08-30T17:17:35.038724+00:00
30,langgenius/dify,pull_request,39571,pull_commit,committed,8b40bd87a920aa24979987ed062f01dce39acc32,2026-08-14T17:32:04Z,web-flow,User,,human_account,,no,,,8b40bd87a920aa24979987ed062f01dce39acc32,mesrop2008,web-flow,2026-08-30T17:17:35.038724+00:00
30,langgenius/dify,pull_request,39571,pull_commit,committed,1e56aa6e17d0ecc687c6cf72098b749f30e9e00b,2026-08-15T11:14:44Z,web-flow,User,,human_account,,no,,,1e56aa6e17d0ecc687c6cf72098b749f30e9e00b,mesrop2008,web-flow,2026-08-30T17:17:35.038724+00:00
30,langgenius/dify,pull_request,35863,pull_commit,committed,01dcc39e91ad2bc8ad09dc8fdcbee936582db992,2026-05-07T02:02:54Z,web-flow,User,,human_account,,no,,,01dcc39e91ad2bc8ad09dc8fdcbee936582db992,dependabot[bot],web-flow,2026-08-30T17:17:35.905127+00:00
30,langgenius/dify,pull_request,36361,pull_commit,committed,bc8392cab4a2364499ac4eaa66c9a4a08d6d5ceb,2026-05-18T22:25:36Z,algojogacor,User,,human_account,,no,,,bc8392cab4a2364499ac4eaa66c9a4a08d6d5ceb,algojogacor,algojogacor,2026-08-30T17:17:36.356379+00:00
30,langgenius/dify,pull_request,36733,pull_commit,committed,51dcaca567a03bc5c45f0443e81d27779cd1eaba,2026-05-27T12:32:15Z,escape0707,User,,human_account,,no,,,51dcaca567a03bc5c45f0443e81d27779cd1eaba,escape0707,escape0707,2026-08-30T17:17:37.306578+00:00
30,langgenius/dify,pull_request,36733,pull_commit,committed,014bd033fcb105dd4a4e20751ae8a365f2181b2a,2026-05-27T12:36:23Z,web-flow,User,,human_account,,no,,,014bd033fcb105dd4a4e20751ae8a365f2181b2a,autofix-ci[bot],web-flow,2026-08-30T17:17:37.306578+00:00
30,langgenius/dify,pull_request,38777,pull_commit,committed,c2969cf20de486541faafede9221ff9d0bfdfdb8,2026-07-10T16:41:19Z,asukaminato0721,User,,human_account,,no,,,c2969cf20de486541faafede9221ff9d0bfdfdb8,asukaminato0721,asukaminato0721,2026-08-30T17:17:37.791431+00:00
30,langgenius/dify,pull_request,38777,pull_commit,committed,dacd3311ed747469eb6b1a3702934982f73f8f80,2026-07-21T11:03:56Z,asukaminato0721,User,,human_account,,no,,,dacd3311ed747469eb6b1a3702934982f73f8f80,asukaminato0721,asukaminato0721,2026-08-30T17:17:37.791431+00:00
30,langgenius/dify,pull_request,38942,pull_commit,committed,83ea8f6276f556a91f2747749d148ba80eaf540c,2026-07-14T09:21:42Z,asukaminato0721,User,,human_account,,no,,,83ea8f6276f556a91f2747749d148ba80eaf540c,asukaminato0721,asukaminato0721,2026-08-30T17:17:38.340582+00:00
30,langgenius/dify,pull_request,38942,pull_commit,committed,8d0ec698203e574201a5eee09164e394b6737910,2026-07-14T09:40:04Z,asukaminato0721,User,,human_account,,no,,,8d0ec698203e574201a5eee09164e394b6737910,asukaminato0721,asukaminato0721,2026-08-30T17:17:38.340582+00:00
30,langgenius/dify,pull_request,38942,pull_commit,committed,c07c5844fcdfc624939c165d059d0a53c190cf83,2026-07-14T09:46:07Z,asukaminato0721,User,,human_account,,no,,,c07c5844fcdfc624939c165d059d0a53c190cf83,asukaminato0721,asukaminato0721,2026-08-30T17:17:38.340582+00:00
30,langgenius/dify,pull_request,37492,pull_commit,committed,7d960f3bccbbf00fd914d7d5818ca0ccd30491e8,2026-06-16T07:17:40Z,zyssyz123,User,,human_account,,no,,,7d960f3bccbbf00fd914d7d5818ca0ccd30491e8,zyssyz123,zyssyz123,2026-08-30T17:17:38.881682+00:00
30,langgenius/dify,pull_request,37492,pull_commit,committed,3aca2b7d580c5fa5222286b5b4563f1be25cca35,2026-06-16T07:17:40Z,zyssyz123,User,,human_account,,no,,,3aca2b7d580c5fa5222286b5b4563f1be25cca35,zyssyz123,zyssyz123,2026-08-30T17:17:38.881682+00:00
38,milvus-io/milvus,pull_request,35373,pull_commit,committed,f79bbd2b3f3e0ee05b1d9fe17c83b6e451026a39,2024-08-08T11:33:31Z,,,,unknown,,no,,,f79bbd2b3f3e0ee05b1d9fe17c83b6e451026a39,,,2026-08-30T17:17:39.348013+00:00
38,milvus-io/milvus,pull_request,33254,pull_commit,committed,9e6e2ffe72130d8ae793392570776993bd615025,2024-05-22T03:34:30Z,SimFG,User,,human_account,,no,,,9e6e2ffe72130d8ae793392570776993bd615025,SimFG,SimFG,2026-08-30T17:17:39.851981+00:00
38,milvus-io/milvus,pull_request,34838,pull_commit,committed,3738f63f11bc3d338906e3e23f644f51fc11a671,2024-07-19T08:40:16Z,xiaocai2333,User,,human_account,,no,,,3738f63f11bc3d338906e3e23f644f51fc11a671,xiaocai2333,xiaocai2333,2026-08-30T17:17:40.417124+00:00
38,milvus-io/milvus,pull_request,34537,pull_commit,committed,35d04468636c52a1e4d7fa4bf5a3e94102287f65,2024-07-09T11:40:19Z,bigsheeper,User,,human_account,,no,,,35d04468636c52a1e4d7fa4bf5a3e94102287f65,bigsheeper,bigsheeper,2026-08-30T17:17:40.881937+00:00
38,milvus-io/milvus,pull_request,34537,pull_commit,committed,d24a5bdcc47de8587e008c5268393ecd3706a52b,2024-07-11T02:02:33Z,bigsheeper,User,,human_account,,no,,,d24a5bdcc47de8587e008c5268393ecd3706a52b,bigsheeper,bigsheeper,2026-08-30T17:17:40.881937+00:00
38,milvus-io/milvus,pull_request,34794,pull_commit,committed,bed06920873fee47625b73cdab6945834dd3de48,2024-07-18T07:45:50Z,wayblink,User,,human_account,,no,,,bed06920873fee47625b73cdab6945834dd3de48,wayblink,wayblink,2026-08-30T17:17:41.347633+00:00
38,milvus-io/milvus,pull_request,33349,pull_commit,committed,7e749988b604a954dc4a20a7ec324f0950cb1290,2024-05-24T03:12:19Z,bigsheeper,User,,human_account,,no,,,7e749988b604a954dc4a20a7ec324f0950cb1290,bigsheeper,bigsheeper,2026-08-30T17:17:41.841316+00:00
38,milvus-io/milvus,pull_request,33349,pull_commit,committed,57c620065f3bb7bd66db344c52a8e97c44db90f9,2024-05-24T03:47:10Z,bigsheeper,User,,human_account,,no,,,57c620065f3bb7bd66db344c52a8e97c44db90f9,bigsheeper,bigsheeper,2026-08-30T17:17:41.841316+00:00
38,milvus-io/milvus,pull_request,33349,pull_commit,committed,f76419dcf7d1aad98dc24326bcee83ba34398d78,2024-05-24T03:53:56Z,bigsheeper,User,,human_account,,no,,,f76419dcf7d1aad98dc24326bcee83ba34398d78,bigsheeper,bigsheeper,2026-08-30T17:17:41.841316+00:00
38,milvus-io/milvus,pull_request,33349,pull_commit,committed,a43c39b7004909ba9ec34405a7f755dc372617ce,2024-05-24T06:15:27Z,bigsheeper,User,,human_account,,no,,,a43c39b7004909ba9ec34405a7f755dc372617ce,bigsheeper,bigsheeper,2026-08-30T17:17:41.841316+00:00
38,milvus-io/milvus,pull_request,33349,pull_commit,committed,c58c2ec40f0ecb5ded70e791c269e21c3c5bcc4b,2024-05-24T08:07:39Z,bigsheeper,User,,human_account,,no,,,c58c2ec40f0ecb5ded70e791c269e21c3c5bcc4b,bigsheeper,bigsheeper,2026-08-30T17:17:41.841316+00:00
38,milvus-io/milvus,pull_request,33349,pull_commit,committed,ceb609b079e760fd38d99fb239518cb712b04ba8,2024-05-28T09:44:15Z,bigsheeper,User,,human_account,,no,,,ceb609b079e760fd38d99fb239518cb712b04ba8,bigsheeper,bigsheeper,2026-08-30T17:17:41.841316+00:00
38,milvus-io/milvus,pull_request,33349,pull_commit,committed,986a581cb8ba156bf8449216b22b384de695ea4e,2024-05-28T09:45:57Z,bigsheeper,User,,human_account,,no,,,986a581cb8ba156bf8449216b22b384de695ea4e,bigsheeper,bigsheeper,2026-08-30T17:17:41.841316+00:00
38,milvus-io/milvus,pull_request,35357,pull_commit,committed,19857ea1b69272bb6fed83bd7e5f9b0f8b36c053,2024-08-07T15:29:25Z,yellow-shine,User,,human_account,,no,,,19857ea1b69272bb6fed83bd7e5f9b0f8b36c053,yellow-shine,yellow-shine,2026-08-30T17:17:42.293148+00:00
38,milvus-io/milvus,pull_request,35081,pull_commit,committed,b33fe22f0152da9915ceaac8d0a60b0ccdd9b54f,2024-07-29T13:32:04Z,,,,unknown,,no,,,b33fe22f0152da9915ceaac8d0a60b0ccdd9b54f,,,2026-08-30T17:17:42.752929+00:00
38,milvus-io/milvus,pull_request,34281,pull_commit,committed,306e92cd4cb5583ca930370e516b5a9a542b8cf6,2024-07-03T04:10:02Z,aoiasd,User,,human_account,,no,,,306e92cd4cb5583ca930370e516b5a9a542b8cf6,aoiasd,aoiasd,2026-08-30T17:17:43.280109+00:00
38,milvus-io/milvus,pull_request,34433,pull_commit,committed,0d80cbd6fa191ce1b83ee857ea3ef353637fdb70,2024-07-04T15:34:20Z,PowderLi,User,,human_account,,no,,,0d80cbd6fa191ce1b83ee857ea3ef353637fdb70,PowderLi,PowderLi,2026-08-30T17:17:43.805120+00:00
38,milvus-io/milvus,pull_request,34433,pull_commit,committed,cbbb070ed0348b2ca3e9caf4f338afbad633a23a,2024-07-04T15:34:26Z,PowderLi,User,,human_account,,no,,,cbbb070ed0348b2ca3e9caf4f338afbad633a23a,PowderLi,PowderLi,2026-08-30T17:17:43.805120+00:00
38,milvus-io/milvus,pull_request,35601,pull_commit,committed,ca6603f87dac49aa43fedff276f966563a40db14,2024-08-20T10:06:07Z,jaime0815,User,,human_account,,no,,,ca6603f87dac49aa43fedff276f966563a40db14,jaime0815,jaime0815,2026-08-30T17:17:44.275296+00:00
38,milvus-io/milvus,pull_request,32824,pull_commit,committed,a9c5c620cc6ec0a8b08ac4ad2560780271cc9662,2024-05-08T07:09:16Z,chyezh,User,,human_account,,no,,,a9c5c620cc6ec0a8b08ac4ad2560780271cc9662,chyezh,chyezh,2026-08-30T17:17:44.745132+00:00
38,milvus-io/milvus,pull_request,35068,pull_commit,committed,4982a7b630eb281f735231cb0a91304702be95ea,2024-07-29T08:49:19Z,bigsheeper,User,,human_account,,no,,,4982a7b630eb281f735231cb0a91304702be95ea,bigsheeper,bigsheeper,2026-08-30T17:17:45.206015+00:00
38,milvus-io/milvus,pull_request,35731,pull_commit,committed,23165c7aa69404dfc42fdbc6983bd96002fdfbae,2024-08-27T06:34:08Z,yellow-shine,User,,human_account,,no,,,23165c7aa69404dfc42fdbc6983bd96002fdfbae,yellow-shine,yellow-shine,2026-08-30T17:17:45.680831+00:00
38,milvus-io/milvus,pull_request,35019,pull_commit,committed,dd834834b40cf76629378ea14e4a1e67132c34f8,2024-07-26T03:28:01Z,xiaocai2333,User,,human_account,,no,,,dd834834b40cf76629378ea14e4a1e67132c34f8,xiaocai2333,xiaocai2333,2026-08-30T17:17:46.225942+00:00
38,milvus-io/milvus,pull_request,33817,pull_commit,committed,9fc721fa6f7903e3e2e62b70153e69a6ab9e2a94,2024-06-13T09:01:57Z,congqixia,User,,human_account,,no,,,9fc721fa6f7903e3e2e62b70153e69a6ab9e2a94,congqixia,congqixia,2026-08-30T17:17:47.193933+00:00
38,milvus-io/milvus,pull_request,35125,pull_commit,committed,52aa0b4f142c055c9da4eab22ed9fc4f246ce31f,2024-08-02T02:23:24Z,wayblink,User,,human_account,,no,,,52aa0b4f142c055c9da4eab22ed9fc4f246ce31f,wayblink,wayblink,2026-08-30T17:17:47.652025+00:00
38,milvus-io/milvus,pull_request,34358,pull_commit,committed,c58fd88a7a1c76562a077ccb47c59b9f17a9a3ba,2024-07-17T02:17:50Z,shaoting-huang,User,,human_account,,no,,,c58fd88a7a1c76562a077ccb47c59b9f17a9a3ba,shaoting-huang,shaoting-huang,2026-08-30T17:17:48.146227+00:00
38,milvus-io/milvus,pull_request,35616,pull_commit,committed,588a83fe65b834f81639d67957a235f6416d5b18,2024-08-21T07:46:31Z,longjiquan,User,,human_account,,no,,,588a83fe65b834f81639d67957a235f6416d5b18,longjiquan,longjiquan,2026-08-30T17:17:48.659688+00:00
38,milvus-io/milvus,pull_request,35616,pull_commit,committed,b8a8dd91dd109dc77a830bb2291c8248066cb52d,2024-08-21T11:44:35Z,longjiquan,User,,human_account,,no,,,b8a8dd91dd109dc77a830bb2291c8248066cb52d,longjiquan,longjiquan,2026-08-30T17:17:48.659688+00:00
38,milvus-io/milvus,pull_request,35616,pull_commit,committed,05c8ee6fbde4daf51a3fcabc0554a4c1f7e5df61,2024-08-21T12:13:25Z,longjiquan,User,,human_account,,no,,,05c8ee6fbde4daf51a3fcabc0554a4c1f7e5df61,longjiquan,longjiquan,2026-08-30T17:17:48.659688+00:00
38,milvus-io/milvus,pull_request,35616,pull_commit,committed,0c30c5cccfd8401a1ad98be8dc4002bfcce96198,2024-08-22T02:29:49Z,longjiquan,User,,human_account,,no,,,0c30c5cccfd8401a1ad98be8dc4002bfcce96198,longjiquan,longjiquan,2026-08-30T17:17:48.659688+00:00
38,milvus-io/milvus,pull_request,35616,pull_commit,committed,d1629a056a6995451ae0516622a34984afef9578,2024-08-22T11:31:01Z,longjiquan,User,,human_account,,no,,,d1629a056a6995451ae0516622a34984afef9578,longjiquan,longjiquan,2026-08-30T17:17:48.659688+00:00
38,milvus-io/milvus,pull_request,35616,pull_commit,committed,0469d475fdaea7f941b0a3becadbd05beb7eb761,2024-08-22T11:31:24Z,longjiquan,User,,human_account,,no,,,0469d475fdaea7f941b0a3becadbd05beb7eb761,longjiquan,longjiquan,2026-08-30T17:17:48.659688+00:00
38,milvus-io/milvus,pull_request,35616,pull_commit,committed,eaa4c3a0d09740e360ccec352871240b38603be5,2024-08-23T06:55:49Z,longjiquan,User,,human_account,,no,,,eaa4c3a0d09740e360ccec352871240b38603be5,longjiquan,longjiquan,2026-08-30T17:17:48.659688+00:00
38,milvus-io/milvus,pull_request,33692,pull_commit,committed,21010282f6532b1eeb894b9cdc4cb450c44e5f2f,2024-06-06T11:43:46Z,,,,unknown,,no,,,21010282f6532b1eeb894b9cdc4cb450c44e5f2f,,,2026-08-30T17:17:49.194878+00:00
38,milvus-io/milvus,pull_request,33519,pull_commit,committed,08a84be72233e8a79eac1ab9a8d0f855c44165ec,2024-05-31T09:55:05Z,bigsheeper,User,,human_account,,no,,,08a84be72233e8a79eac1ab9a8d0f855c44165ec,bigsheeper,bigsheeper,2026-08-30T17:17:49.711822+00:00
38,milvus-io/milvus,pull_request,42082,pull_commit,committed,a52f7f9971c9809a1f9c024eb90417af91911904,2025-05-28T16:13:30Z,chyezh,User,,human_account,,no,,,a52f7f9971c9809a1f9c024eb90417af91911904,chyezh,chyezh,2026-08-30T17:17:50.229936+00:00
38,milvus-io/milvus,pull_request,42082,pull_commit,committed,666790a66ed51e7571b155856c90b32e9c6e95cf,2025-05-29T08:19:42Z,chyezh,User,,human_account,,no,,,666790a66ed51e7571b155856c90b32e9c6e95cf,chyezh,chyezh,2026-08-30T17:17:50.229936+00:00
38,milvus-io/milvus,pull_request,43359,pull_commit,committed,4bb3ecef7d451b34745b0dd0fb0c7adb5b3c30ba,2025-07-16T07:15:36Z,SpadeA-Tang,User,,human_account,,no,,,4bb3ecef7d451b34745b0dd0fb0c7adb5b3c30ba,SpadeA-Tang,SpadeA-Tang,2026-08-30T17:17:50.798563+00:00
38,milvus-io/milvus,pull_request,43359,pull_commit,committed,3accbde32cdff085691f17a5bfd262f3a6bd6825,2025-07-16T07:20:02Z,SpadeA-Tang,User,,human_account,,no,,,3accbde32cdff085691f17a5bfd262f3a6bd6825,SpadeA-Tang,SpadeA-Tang,2026-08-30T17:17:50.798563+00:00
38,milvus-io/milvus,pull_request,43359,pull_commit,committed,60cd3b5a2cdfcd453b206f5922fa97633aaa05c3,2025-07-16T07:22:03Z,SpadeA-Tang,User,,human_account,,no,,,60cd3b5a2cdfcd453b206f5922fa97633aaa05c3,SpadeA-Tang,SpadeA-Tang,2026-08-30T17:17:50.798563+00:00
38,milvus-io/milvus,pull_request,43359,pull_commit,committed,195203543e280deaf02a8309890a3dc7463924d6,2025-07-16T08:05:26Z,SpadeA-Tang,User,,human_account,,no,,,195203543e280deaf02a8309890a3dc7463924d6,SpadeA-Tang,SpadeA-Tang,2026-08-30T17:17:50.798563+00:00
38,milvus-io/milvus,pull_request,43359,pull_commit,committed,fd14f63af73aba6879830639a1e37e9858385360,2025-07-16T09:13:26Z,SpadeA-Tang,User,,human_account,,no,,,fd14f63af73aba6879830639a1e37e9858385360,SpadeA-Tang,SpadeA-Tang,2026-08-30T17:17:50.798563+00:00
38,milvus-io/milvus,pull_request,43359,pull_commit,committed,5401e5ee25efe51fcbb5f84ea97ad967d234e4bb,2025-07-16T09:19:10Z,SpadeA-Tang,User,,human_account,,no,,,5401e5ee25efe51fcbb5f84ea97ad967d234e4bb,SpadeA-Tang,SpadeA-Tang,2026-08-30T17:17:50.798563+00:00
38,milvus-io/milvus,pull_request,43359,pull_commit,committed,8061e36fbb755a7cfb6757ef915e7dab9ce4e0a7,2025-07-16T11:24:13Z,SpadeA-Tang,User,,human_account,,no,,,8061e36fbb755a7cfb6757ef915e7dab9ce4e0a7,SpadeA-Tang,SpadeA-Tang,2026-08-30T17:17:50.798563+00:00
38,milvus-io/milvus,pull_request,43359,pull_commit,committed,c20563eaa0e321f2643d738c363db8951fd462ab,2025-07-16T12:34:02Z,SpadeA-Tang,User,,human_account,,no,,,c20563eaa0e321f2643d738c363db8951fd462ab,SpadeA-Tang,SpadeA-Tang,2026-08-30T17:17:50.798563+00:00
38,milvus-io/milvus,pull_request,43359,pull_commit,committed,b500fc257382be6749e29019f58d3cb838887438,2025-07-17T02:37:57Z,SpadeA-Tang,User,,human_account,,no,,,b500fc257382be6749e29019f58d3cb838887438,SpadeA-Tang,SpadeA-Tang,2026-08-30T17:17:50.798563+00:00
38,milvus-io/milvus,pull_request,43359,pull_commit,committed,2b1a87adf55dd0a4705ea5f0cd05cbec4f1ab2d3,2025-07-25T04:11:56Z,SpadeA-Tang,User,,human_account,,no,,,2b1a87adf55dd0a4705ea5f0cd05cbec4f1ab2d3,SpadeA-Tang,SpadeA-Tang,2026-08-30T17:17:50.798563+00:00
38,milvus-io/milvus,pull_request,43359,pull_commit,committed,c2344c5bdb6d6c81cfc4d0ea84175f8ed9133fdd,2025-07-25T05:31:02Z,SpadeA-Tang,User,,human_account,,no,,,c2344c5bdb6d6c81cfc4d0ea84175f8ed9133fdd,SpadeA-Tang,SpadeA-Tang,2026-08-30T17:17:50.798563+00:00
38,milvus-io/milvus,pull_request,43359,pull_commit,committed,b608a2f77dec83b2149fe3d4574a6c54f7ae0b33,2025-07-25T05:56:47Z,SpadeA-Tang,User,,human_account,,no,,,b608a2f77dec83b2149fe3d4574a6c54f7ae0b33,SpadeA-Tang,SpadeA-Tang,2026-08-30T17:17:50.798563+00:00
38,milvus-io/milvus,pull_request,43359,pull_commit,committed,307822b7d272521d1bfefa0b1032bc76cc88d45e,2025-07-25T06:35:18Z,SpadeA-Tang,User,,human_account,,no,,,307822b7d272521d1bfefa0b1032bc76cc88d45e,SpadeA-Tang,SpadeA-Tang,2026-08-30T17:17:50.798563+00:00
38,milvus-io/milvus,pull_request,43359,pull_commit,committed,12597ed583c4524f43b19e554377158676b5f016,2025-07-25T08:41:04Z,SpadeA-Tang,User,,human_account,,no,,,12597ed583c4524f43b19e554377158676b5f016,SpadeA-Tang,SpadeA-Tang,2026-08-30T17:17:50.798563+00:00
38,milvus-io/milvus,pull_request,43735,pull_commit,committed,8a817893c1b8f6184459f6f60689b3f39d5815e1,2025-08-05T04:28:24Z,xiaocai2333,User,,human_account,,no,,,8a817893c1b8f6184459f6f60689b3f39d5815e1,xiaocai2333,xiaocai2333,2026-08-30T17:17:51.321062+00:00
38,milvus-io/milvus,pull_request,44122,pull_commit,committed,8c3325fdd9da65a3ecb35c18f231d0dfde0899b0,2025-08-28T13:12:35Z,congqixia,User,,human_account,,no,,,8c3325fdd9da65a3ecb35c18f231d0dfde0899b0,congqixia,congqixia,2026-08-30T17:17:51.796308+00:00
38,milvus-io/milvus,pull_request,44068,pull_commit,committed,edba62422beb151aa8252b219f3bca2c83adeb3c,2025-08-26T12:01:15Z,xiaocai2333,User,,human_account,,no,,,edba62422beb151aa8252b219f3bca2c83adeb3c,xiaocai2333,xiaocai2333,2026-08-30T17:17:52.279028+00:00
38,milvus-io/milvus,pull_request,43846,pull_commit,committed,65e7d32ec1e7239383b4553dc1bcc3f8b5a73128,2025-08-28T12:09:38Z,sparknack,User,,human_account,,no,,,65e7d32ec1e7239383b4553dc1bcc3f8b5a73128,sparknack,sparknack,2026-08-30T17:17:52.756296+00:00
38,milvus-io/milvus,pull_request,43846,pull_commit,committed,42af84f319c258591029153709ab1f9d0911d79c,2025-08-28T12:09:39Z,sparknack,User,,human_account,,no,,,42af84f319c258591029153709ab1f9d0911d79c,sparknack,sparknack,2026-08-30T17:17:52.756296+00:00
38,milvus-io/milvus,pull_request,43846,pull_commit,committed,77e3685208a35095d6e65c44688d7c79b7cc5737,2025-08-28T12:09:39Z,sparknack,User,,human_account,,no,,,77e3685208a35095d6e65c44688d7c79b7cc5737,sparknack,sparknack,2026-08-30T17:17:52.756296+00:00
38,milvus-io/milvus,pull_request,43846,pull_commit,committed,99cce633854aeeaa02445b1c8f8b5540cec1b8cc,2025-08-28T12:09:39Z,sparknack,User,,human_account,,no,,,99cce633854aeeaa02445b1c8f8b5540cec1b8cc,sparknack,sparknack,2026-08-30T17:17:52.756296+00:00
38,milvus-io/milvus,pull_request,43846,pull_commit,committed,f21e0cc4273bef7beabc9955a66f3c5d923a3522,2025-08-28T12:09:39Z,sparknack,User,,human_account,,no,,,f21e0cc4273bef7beabc9955a66f3c5d923a3522,sparknack,sparknack,2026-08-30T17:17:52.756296+00:00
38,milvus-io/milvus,pull_request,43846,pull_commit,committed,0a9b2f62773c75228d767ee67db4885ba7168cd2,2025-08-28T12:09:39Z,sparknack,User,,human_account,,no,,,0a9b2f62773c75228d767ee67db4885ba7168cd2,sparknack,sparknack,2026-08-30T17:17:52.756296+00:00
38,milvus-io/milvus,pull_request,43846,pull_commit,committed,06ab4190db07ebe1bffd992b4b5536f54df83c0c,2025-08-28T12:09:39Z,sparknack,User,,human_account,,no,,,06ab4190db07ebe1bffd992b4b5536f54df83c0c,sparknack,sparknack,2026-08-30T17:17:52.756296+00:00
38,milvus-io/milvus,pull_request,43846,pull_commit,committed,8e8afb6f59ee8f4a5254a602a1fbaee380e1b3e7,2025-08-28T12:09:39Z,sparknack,User,,human_account,,no,,,8e8afb6f59ee8f4a5254a602a1fbaee380e1b3e7,sparknack,sparknack,2026-08-30T17:17:52.756296+00:00
38,milvus-io/milvus,pull_request,43846,pull_commit,committed,a4f16b6ea00b706c3b0ff86bcb476ca69e0a485f,2025-08-28T12:09:39Z,sparknack,User,,human_account,,no,,,a4f16b6ea00b706c3b0ff86bcb476ca69e0a485f,sparknack,sparknack,2026-08-30T17:17:52.756296+00:00
38,milvus-io/milvus,pull_request,43846,pull_commit,committed,0d33be68ad8e36df188893a19861257141532e13,2025-08-28T12:09:39Z,sparknack,User,,human_account,,no,,,0d33be68ad8e36df188893a19861257141532e13,sparknack,sparknack,2026-08-30T17:17:52.756296+00:00
38,milvus-io/milvus,pull_request,43846,pull_commit,committed,c9d0fb8125eea6644ac8abbb144057b6f15cd928,2025-08-28T12:10:07Z,sparknack,User,,human_account,,no,,,c9d0fb8125eea6644ac8abbb144057b6f15cd928,sparknack,sparknack,2026-08-30T17:17:52.756296+00:00
38,milvus-io/milvus,pull_request,43846,pull_commit,committed,94c142c55c9c4ba844d81263b417ef757d64fb0d,2025-08-28T12:10:08Z,sparknack,User,,human_account,,no,,,94c142c55c9c4ba844d81263b417ef757d64fb0d,sparknack,sparknack,2026-08-30T17:17:52.756296+00:00
38,milvus-io/milvus,pull_request,43846,pull_commit,committed,2d513ceff802a8b9708ba73e301b978b51332c70,2025-08-28T12:10:08Z,sparknack,User,,human_account,,no,,,2d513ceff802a8b9708ba73e301b978b51332c70,sparknack,sparknack,2026-08-30T17:17:52.756296+00:00
38,milvus-io/milvus,pull_request,43846,pull_commit,committed,d243d397c046bc7a051e6d5d7858398ea7ca2512,2025-08-28T12:10:08Z,sparknack,User,,human_account,,no,,,d243d397c046bc7a051e6d5d7858398ea7ca2512,sparknack,sparknack,2026-08-30T17:17:52.756296+00:00
38,milvus-io/milvus,pull_request,43846,pull_commit,committed,7534df4461ad75ff1f2cef2a3f4b909358db3879,2025-08-28T14:22:03Z,sparknack,User,,human_account,,no,,,7534df4461ad75ff1f2cef2a3f4b909358db3879,sparknack,sparknack,2026-08-30T17:17:52.756296+00:00
38,milvus-io/milvus,pull_request,43249,pull_commit,committed,7bcc2b783ba9763b3602682723ff091622586f7a,2025-07-11T03:34:32Z,weiliu1031,User,,human_account,,no,,,7bcc2b783ba9763b3602682723ff091622586f7a,weiliu1031,weiliu1031,2026-08-30T17:17:53.212337+00:00
38,milvus-io/milvus,pull_request,42853,pull_commit,committed,5fbd5dea2d82b2573e559d57c590af17425ab1c3,2025-06-19T03:51:17Z,zhikunyao,User,,human_account,,no,,,5fbd5dea2d82b2573e559d57c590af17425ab1c3,zhikunyao,zhikunyao,2026-08-30T17:17:53.668573+00:00
38,milvus-io/milvus,pull_request,42853,pull_commit,committed,c706abe6a58d83794137d245fb1b01130d1e8936,2025-06-19T06:23:09Z,zhikunyao,User,,human_account,,no,,,c706abe6a58d83794137d245fb1b01130d1e8936,zhikunyao,zhikunyao,2026-08-30T17:17:53.668573+00:00
38,milvus-io/milvus,pull_request,42853,pull_commit,committed,ee609c4c9e7251608d0dcd48b5ee187184572e97,2025-06-19T07:56:49Z,zhikunyao,User,,human_account,,no,,,ee609c4c9e7251608d0dcd48b5ee187184572e97,zhikunyao,zhikunyao,2026-08-30T17:17:53.668573+00:00
38,milvus-io/milvus,pull_request,42853,pull_commit,committed,e8d2c000130be6399273fe581f5b48633f587ca4,2025-06-24T07:52:36Z,zhikunyao,User,,human_account,,no,,,e8d2c000130be6399273fe581f5b48633f587ca4,zhikunyao,zhikunyao,2026-08-30T17:17:53.668573+00:00
38,milvus-io/milvus,pull_request,42853,pull_commit,committed,758815dd7ee6b618e2b49b3e00c95489394ccd15,2025-06-24T08:17:00Z,zhikunyao,User,,human_account,,no,,,758815dd7ee6b618e2b49b3e00c95489394ccd15,zhikunyao,zhikunyao,2026-08-30T17:17:53.668573+00:00
38,milvus-io/milvus,pull_request,41933,pull_commit,committed,a8add204559b3f73a4ba96c72ccf224b9d98f7a4,2025-05-19T11:17:57Z,Linkwei,User,,human_account,,no,,,a8add204559b3f73a4ba96c72ccf224b9d98f7a4,Linkwei,Linkwei,2026-08-30T17:17:54.187313+00:00
38,milvus-io/milvus,pull_request,43339,pull_commit,committed,5c0e98a8d89f85df6bc4612c97de69a3ef6b04af,2025-07-30T03:02:43Z,weiliu1031,User,,human_account,,no,,,5c0e98a8d89f85df6bc4612c97de69a3ef6b04af,weiliu1031,weiliu1031,2026-08-30T17:17:54.669672+00:00
38,milvus-io/milvus,pull_request,43339,pull_commit,committed,3483c27bb18522070350d3f2a8f3d7d1b175e154,2025-07-30T04:01:37Z,weiliu1031,User,,human_account,,no,,,3483c27bb18522070350d3f2a8f3d7d1b175e154,weiliu1031,weiliu1031,2026-08-30T17:17:54.669672+00:00
38,milvus-io/milvus,pull_request,41845,pull_commit,committed,f260d3a7986a4a9b23d51fff492b2175bfc23c50,2025-05-14T13:51:56Z,web-flow,User,,human_account,,no,,,f260d3a7986a4a9b23d51fff492b2175bfc23c50,XTxxxx,web-flow,2026-08-30T17:17:55.517848+00:00
38,milvus-io/milvus,pull_request,43990,pull_commit,committed,ed5cbfecae3fdbad09ea2410f579e0d245f85441,2025-08-21T08:09:26Z,yanliang567,User,,human_account,,no,,,ed5cbfecae3fdbad09ea2410f579e0d245f85441,yanliang567,yanliang567,2026-08-30T17:17:55.981099+00:00
38,milvus-io/milvus,pull_request,43990,pull_commit,committed,2774ef03f2c78645bc54cb45c635af00349eaaed,2025-08-21T08:14:13Z,yanliang567,User,,human_account,,no,,,2774ef03f2c78645bc54cb45c635af00349eaaed,yanliang567,yanliang567,2026-08-30T17:17:55.981099+00:00
38,milvus-io/milvus,pull_request,43569,pull_commit,committed,777740a6ad3d74b884cb8e371687f0036fc0eeb5,2025-07-29T02:55:43Z,tinswzy,User,,human_account,,no,,,777740a6ad3d74b884cb8e371687f0036fc0eeb5,tinswzy,tinswzy,2026-08-30T17:17:56.954566+00:00
38,milvus-io/milvus,pull_request,43674,pull_commit,committed,1c9465ac3f20c44d53b75b4b5dc5a70bc3620afe,2025-07-31T13:06:42Z,,,,unknown,,no,,,1c9465ac3f20c44d53b75b4b5dc5a70bc3620afe,,,2026-08-30T17:17:57.433463+00:00
38,milvus-io/milvus,pull_request,42911,pull_commit,committed,d2a1c6848f45d3b77f95686589bbee70a89d9838,2025-06-24T08:44:56Z,xiaocai2333,User,,human_account,,no,,,d2a1c6848f45d3b77f95686589bbee70a89d9838,xiaocai2333,xiaocai2333,2026-08-30T17:17:57.973597+00:00
38,milvus-io/milvus,pull_request,50847,pull_commit,committed,ecd2b97c03c91b4689d1939af130b631627724d6,2026-06-27T01:31:10Z,jiaqizho,User,,human_account,,no,,,ecd2b97c03c91b4689d1939af130b631627724d6,jiaqizho,jiaqizho,2026-08-30T17:17:58.510561+00:00
38,milvus-io/milvus,pull_request,50580,pull_commit,committed,f68153cad0ea60e19418b91797a23385967d0aa0,2026-07-03T00:58:04Z,congqixia,User,,human_account,,no,,,f68153cad0ea60e19418b91797a23385967d0aa0,congqixia,congqixia,2026-08-30T17:17:59.011914+00:00
38,milvus-io/milvus,pull_request,50580,pull_commit,committed,7f692cdcdf3e91756414852f12504012c26d21d1,2026-07-03T00:58:04Z,congqixia,User,,human_account,,no,,,7f692cdcdf3e91756414852f12504012c26d21d1,congqixia,congqixia,2026-08-30T17:17:59.011914+00:00
38,milvus-io/milvus,pull_request,50580,pull_commit,committed,927094f733790bb052d27b384ad60a1167cad275,2026-07-03T00:58:04Z,congqixia,User,,human_account,,no,,,927094f733790bb052d27b384ad60a1167cad275,congqixia,congqixia,2026-08-30T17:17:59.011914+00:00
38,milvus-io/milvus,pull_request,50580,pull_commit,committed,d54d9782d67a5c92bc98ec31023be0b1f6959704,2026-07-03T00:58:04Z,congqixia,User,,human_account,,no,,,d54d9782d67a5c92bc98ec31023be0b1f6959704,congqixia,congqixia,2026-08-30T17:17:59.011914+00:00
38,milvus-io/milvus,pull_request,50580,pull_commit,committed,66cf60b083522bba5d63c415fdc5672c02984747,2026-07-03T00:58:04Z,congqixia,User,,human_account,,no,,,66cf60b083522bba5d63c415fdc5672c02984747,congqixia,congqixia,2026-08-30T17:17:59.011914+00:00
38,milvus-io/milvus,pull_request,50580,pull_commit,committed,042e47944bc895c8e1c34d8edd2c76066aeb1cae,2026-07-03T00:58:04Z,congqixia,User,,human_account,,no,,,042e47944bc895c8e1c34d8edd2c76066aeb1cae,congqixia,congqixia,2026-08-30T17:17:59.011914+00:00
38,milvus-io/milvus,pull_request,50580,pull_commit,committed,14c4a204ed5ea62d8cda89b9ac409d70026c953b,2026-07-03T00:58:04Z,congqixia,User,,human_account,,no,,,14c4a204ed5ea62d8cda89b9ac409d70026c953b,congqixia,congqixia,2026-08-30T17:17:59.011914+00:00
38,milvus-io/milvus,pull_request,50580,pull_commit,committed,0be32fdf0cf8388728f7268f1f284f8236bcdcd5,2026-07-04T13:34:08Z,congqixia,User,,human_account,,no,,,0be32fdf0cf8388728f7268f1f284f8236bcdcd5,congqixia,congqixia,2026-08-30T17:17:59.011914+00:00
38,milvus-io/milvus,pull_request,50580,pull_commit,committed,add9a734c58129549303c81452fe59115c5a669e,2026-07-04T17:52:23Z,congqixia,User,,human_account,,no,,,add9a734c58129549303c81452fe59115c5a669e,congqixia,congqixia,2026-08-30T17:17:59.011914+00:00
38,milvus-io/milvus,pull_request,51125,pull_commit,committed,227dab7857bc00bd2f75b2d10d977c04d17786e2,2026-07-09T03:28:48Z,,,,unknown,,no,,,227dab7857bc00bd2f75b2d10d977c04d17786e2,,,2026-08-30T17:17:59.550609+00:00
38,milvus-io/milvus,pull_request,51112,pull_commit,committed,5f44bf70e0c57203f7aac741fba03fc75a328e06,2026-07-07T06:16:53Z,pymilvus-bot,User,,human_account,,no,,,5f44bf70e0c57203f7aac741fba03fc75a328e06,pymilvus-bot,pymilvus-bot,2026-08-30T17:18:00.516989+00:00
38,milvus-io/milvus,pull_request,51690,pull_commit,committed,659675da5e9d3f0c65816e4154ba6a40520a8950,2026-07-22T05:27:21Z,pymilvus-bot,User,,human_account,,no,,,659675da5e9d3f0c65816e4154ba6a40520a8950,pymilvus-bot,pymilvus-bot,2026-08-30T17:18:01.071515+00:00
38,milvus-io/milvus,pull_request,52016,pull_commit,committed,2713b64bd47a1dc78995445c39191b02712b2519,2026-07-29T17:51:31Z,sre-ci-robot,User,,human_account,,no,,,2713b64bd47a1dc78995445c39191b02712b2519,sre-ci-robot,sre-ci-robot,2026-08-30T17:18:01.638501+00:00
38,milvus-io/milvus,pull_request,50058,pull_commit,committed,65c8cd13023db59157b03513cdf6f481f8f7187b,2026-06-02T03:17:52Z,shaoting-huang,User,,human_account,,no,,,65c8cd13023db59157b03513cdf6f481f8f7187b,shaoting-huang,shaoting-huang,2026-08-30T17:18:02.483660+00:00
38,milvus-io/milvus,pull_request,52820,pull_commit,committed,b257133454b0de2cc0b01227d06ed3be30415dc9,2026-08-25T03:36:25Z,marcelo-cjl,User,,human_account,,no,,,b257133454b0de2cc0b01227d06ed3be30415dc9,marcelo-cjl,marcelo-cjl,2026-08-30T17:18:03.029183+00:00
38,milvus-io/milvus,pull_request,49615,pull_commit,committed,05fd84e262b024cd9d1d15642dfad1890d9885cf,2026-05-14T03:56:30Z,jiaqizho,User,,human_account,,no,,,05fd84e262b024cd9d1d15642dfad1890d9885cf,jiaqizho,jiaqizho,2026-08-30T17:18:03.503305+00:00
38,milvus-io/milvus,pull_request,52825,pull_commit,committed,a39020afd45591bf137a05cd9fb38139630438bd,2026-08-25T01:18:22Z,xiaofan-luan,User,,human_account,,no,,,a39020afd45591bf137a05cd9fb38139630438bd,xiaofan-luan,xiaofan-luan,2026-08-30T17:18:04.049509+00:00
38,milvus-io/milvus,pull_request,50399,pull_commit,committed,a26d2ddbe8a7c1a2af7980cd59180b2e566c4b0f,2026-06-09T04:11:32Z,zhengbuqian,User,,human_account,,no,,,a26d2ddbe8a7c1a2af7980cd59180b2e566c4b0f,zhengbuqian,zhengbuqian,2026-08-30T17:18:04.574789+00:00
38,milvus-io/milvus,pull_request,50399,pull_commit,committed,33420868605177d178addeca2c50e2309a5a0762,2026-06-09T12:02:59Z,zhengbuqian,User,,human_account,,no,,,33420868605177d178addeca2c50e2309a5a0762,zhengbuqian,zhengbuqian,2026-08-30T17:18:04.574789+00:00
38,milvus-io/milvus,pull_request,50399,pull_commit,committed,62505f4bb46f3b6bb04c0b89d954eac647ae398c,2026-06-11T09:10:29Z,zhengbuqian,User,,human_account,,no,,,62505f4bb46f3b6bb04c0b89d954eac647ae398c,zhengbuqian,zhengbuqian,2026-08-30T17:18:04.574789+00:00
38,milvus-io/milvus,pull_request,49646,pull_commit,committed,6bdaa9ea25d298526b22bcfa2a4c6a94ea9edb3f,2026-05-09T08:06:28Z,melodyshu,User,,human_account,,no,,,6bdaa9ea25d298526b22bcfa2a4c6a94ea9edb3f,melodyshu,melodyshu,2026-08-30T17:18:05.051786+00:00
38,milvus-io/milvus,pull_request,51023,pull_commit,committed,d35a8a6622d418b415fea643083a7babf081dbdc,2026-07-02T23:38:45Z,czs007,User,,human_account,,no,,,d35a8a6622d418b415fea643083a7babf081dbdc,czs007,czs007,2026-08-30T17:18:05.523426+00:00
38,milvus-io/milvus,pull_request,52545,pull_commit,committed,e703f36c07512b4bb18f91f57d8c5a2adfdfe1fd,2026-08-14T23:00:44Z,czs007,User,,human_account,,no,,,e703f36c07512b4bb18f91f57d8c5a2adfdfe1fd,czs007,czs007,2026-08-30T17:18:06.065842+00:00
38,milvus-io/milvus,pull_request,52545,pull_commit,committed,655ff7a4e4be4576150e4d6342c115b79e41409a,2026-08-14T23:03:21Z,czs007,User,,human_account,,no,,,655ff7a4e4be4576150e4d6342c115b79e41409a,czs007,czs007,2026-08-30T17:18:06.065842+00:00
38,milvus-io/milvus,pull_request,51630,pull_commit,committed,5959ac46dcd7d3f1b12510b5f941805b403cd324,2026-07-20T13:30:09Z,zhengbuqian,User,,human_account,,no,,,5959ac46dcd7d3f1b12510b5f941805b403cd324,zhengbuqian,zhengbuqian,2026-08-30T17:18:06.544394+00:00
38,milvus-io/milvus,pull_request,49774,pull_commit,committed,ac6c058032da8b377ad2e8bf1bcaae565a96987f,2026-05-13T12:39:13Z,congqixia,User,,human_account,,no,,,ac6c058032da8b377ad2e8bf1bcaae565a96987f,congqixia,congqixia,2026-08-30T17:18:07.098073+00:00
38,milvus-io/milvus,pull_request,50791,pull_commit,committed,16177e16184d366da4dcfddb8304b1c7319e3e7b,2026-06-25T08:53:00Z,zhikunyao,User,,human_account,,no,,,16177e16184d366da4dcfddb8304b1c7319e3e7b,zhikunyao,zhikunyao,2026-08-30T17:18:07.640732+00:00
38,milvus-io/milvus,pull_request,51735,pull_commit,committed,d6ba86ee696fb2f161988730ee7b90eed164deec,2026-07-23T05:33:01Z,pymilvus-bot,User,,human_account,,no,,,d6ba86ee696fb2f161988730ee7b90eed164deec,pymilvus-bot,pymilvus-bot,2026-08-30T17:18:08.134922+00:00
38,milvus-io/milvus,pull_request,52520,pull_commit,committed,989661f260f0b5c320ba4304e322d67fe70c1ebc,2026-08-13T21:28:44Z,,,,unknown,,no,,,989661f260f0b5c320ba4304e322d67fe70c1ebc,,,2026-08-30T17:18:08.932823+00:00
38,milvus-io/milvus,pull_request,50559,pull_commit,committed,7dd322c8b6f2e137d25323734b6225e35228b3ff,2026-06-16T07:36:07Z,pymilvus-bot,User,,human_account,,no,,,7dd322c8b6f2e137d25323734b6225e35228b3ff,pymilvus-bot,pymilvus-bot,2026-08-30T17:18:09.408785+00:00
38,milvus-io/milvus,pull_request,51903,pull_commit,committed,3fdb527a52099c2e08bdd5cf85caa1d51a26c87b,2026-07-30T20:45:37Z,jsshin8128,User,,human_account,,no,,,3fdb527a52099c2e08bdd5cf85caa1d51a26c87b,jsshin8128,jsshin8128,2026-08-30T17:18:09.908321+00:00
38,milvus-io/milvus,pull_request,51903,pull_commit,committed,63dde8b6d77b4708eea38a2b6fb90b662e776c73,2026-07-30T20:54:42Z,jsshin8128,User,,human_account,,no,,,63dde8b6d77b4708eea38a2b6fb90b662e776c73,jsshin8128,jsshin8128,2026-08-30T17:18:09.908321+00:00
38,milvus-io/milvus,pull_request,51903,pull_commit,committed,3b8e51954ba06dc0ecef6ed80e1baefe9928cffe,2026-08-01T19:42:16Z,jsshin8128,User,,human_account,,no,,,3b8e51954ba06dc0ecef6ed80e1baefe9928cffe,jsshin8128,jsshin8128,2026-08-30T17:18:09.908321+00:00
38,milvus-io/milvus,pull_request,50299,pull_commit,committed,1703e3594f7328218cc38fc0ea03dc0e4960ee30,2026-06-04T10:06:46Z,CLiqing,User,,human_account,,no,,,1703e3594f7328218cc38fc0ea03dc0e4960ee30,CLiqing,,2026-08-30T17:18:10.473041+00:00
38,milvus-io/milvus,pull_request,50299,pull_commit,committed,50c52bf91931048ff3610f12f54e13efca933127,2026-06-04T10:06:50Z,CLiqing,User,,human_account,,no,,,50c52bf91931048ff3610f12f54e13efca933127,CLiqing,,2026-08-30T17:18:10.473041+00:00
38,milvus-io/milvus,pull_request,50299,pull_commit,committed,6e4e4edfb31f6644ce4511a51cbecfdc294514b7,2026-06-05T08:50:07Z,CLiqing,User,,human_account,,no,,,6e4e4edfb31f6644ce4511a51cbecfdc294514b7,CLiqing,CLiqing,2026-08-30T17:18:10.473041+00:00
38,milvus-io/milvus,pull_request,50430,pull_commit,committed,6860a34dbbadafddc0c22c419f8bb24940b57d45,2026-06-10T06:39:29Z,pymilvus-bot,User,,human_account,,no,,,6860a34dbbadafddc0c22c419f8bb24940b57d45,pymilvus-bot,pymilvus-bot,2026-08-30T17:18:10.940560+00:00
67,langfuse/langfuse,pull_request,1974,pull_commit,committed,478e6a1ca3a2e21488b42ac262737d19dbdaa350,2024-05-03T20:56:49Z,marcklingen,User,,human_account,,no,,,478e6a1ca3a2e21488b42ac262737d19dbdaa350,marcklingen,marcklingen,2026-08-30T17:18:11.434441+00:00
67,langfuse/langfuse,pull_request,1974,pull_commit,committed,48c59778c29f52b49ba13d77dc13f12c6a55948c,2024-05-03T21:12:07Z,marcklingen,User,,human_account,,no,,,48c59778c29f52b49ba13d77dc13f12c6a55948c,marcklingen,marcklingen,2026-08-30T17:18:11.434441+00:00
67,langfuse/langfuse,pull_request,2193,pull_commit,committed,2af165448478cc8466bc00b54d134e246998dc7c,2024-05-30T23:33:12Z,marcklingen,User,,human_account,,no,,,2af165448478cc8466bc00b54d134e246998dc7c,marcklingen,marcklingen,2026-08-30T17:18:11.899859+00:00
67,langfuse/langfuse,pull_request,2637,pull_commit,committed,a66c51326490e6f9d8ec2cf67d6c17d72f95eacc,2024-07-16T12:28:59Z,maxdeichmann,User,,human_account,,no,,,a66c51326490e6f9d8ec2cf67d6c17d72f95eacc,maxdeichmann,maxdeichmann,2026-08-30T17:18:12.414722+00:00
67,langfuse/langfuse,pull_request,2393,pull_commit,committed,652705f63f6538d21d37e3a85bf54bf982242272,2024-06-21T11:34:28Z,maxdeichmann,User,,human_account,,no,,,652705f63f6538d21d37e3a85bf54bf982242272,maxdeichmann,maxdeichmann,2026-08-30T17:18:12.945657+00:00
67,langfuse/langfuse,pull_request,2393,pull_commit,committed,148f79406ec3597f258b107672e2cc9c3199c436,2024-06-21T11:39:47Z,maxdeichmann,User,,human_account,,no,,,148f79406ec3597f258b107672e2cc9c3199c436,maxdeichmann,maxdeichmann,2026-08-30T17:18:12.945657+00:00
67,langfuse/langfuse,pull_request,2393,pull_commit,committed,d94254882ba2924517fce512e34043cd4da6a7ae,2024-06-21T11:40:59Z,maxdeichmann,User,,human_account,,no,,,d94254882ba2924517fce512e34043cd4da6a7ae,maxdeichmann,maxdeichmann,2026-08-30T17:18:12.945657+00:00
67,langfuse/langfuse,pull_request,2393,pull_commit,committed,c15a791174a5f420065d63fd83a0fb7a64b6f3a8,2024-06-21T11:42:44Z,maxdeichmann,User,,human_account,,no,,,c15a791174a5f420065d63fd83a0fb7a64b6f3a8,maxdeichmann,maxdeichmann,2026-08-30T17:18:12.945657+00:00
67,langfuse/langfuse,pull_request,2393,pull_commit,committed,5c9d0f589278be4806fbd5d452a9e2a21f7eb0cb,2024-06-21T11:47:28Z,maxdeichmann,User,,human_account,,no,,,5c9d0f589278be4806fbd5d452a9e2a21f7eb0cb,maxdeichmann,maxdeichmann,2026-08-30T17:18:12.945657+00:00
67,langfuse/langfuse,pull_request,2359,pull_commit,committed,3685105df8c41e85a7acf87766340cc456642e98,2024-06-17T09:47:57Z,marliessophie,User,,human_account,,no,,,3685105df8c41e85a7acf87766340cc456642e98,marliessophie,marliessophie,2026-08-30T17:18:13.382324+00:00
67,langfuse/langfuse,pull_request,2359,pull_commit,committed,a3f0b9a99fd4a3ea1a515372b56244524794d875,2024-06-17T12:46:30Z,marliessophie,User,,human_account,,no,,,a3f0b9a99fd4a3ea1a515372b56244524794d875,marliessophie,marliessophie,2026-08-30T17:18:13.382324+00:00
67,langfuse/langfuse,pull_request,2359,pull_commit,committed,3e27011f0d837efaf3e5c140a48d86ff4fae8451,2024-06-17T12:47:55Z,marliessophie,User,,human_account,,no,,,3e27011f0d837efaf3e5c140a48d86ff4fae8451,marliessophie,marliessophie,2026-08-30T17:18:13.382324+00:00
67,langfuse/langfuse,pull_request,2359,pull_commit,committed,eac396b9ebbfd78f80ef12b9c6ed9c3d926b1ba8,2024-06-17T13:37:44Z,marliessophie,User,,human_account,,no,,,eac396b9ebbfd78f80ef12b9c6ed9c3d926b1ba8,marliessophie,marliessophie,2026-08-30T17:18:13.382324+00:00
67,langfuse/langfuse,pull_request,2359,pull_commit,committed,371b53c24f53a96adfafa85293babe370d190fe6,2024-06-17T13:49:23Z,marliessophie,User,,human_account,,no,,,371b53c24f53a96adfafa85293babe370d190fe6,marliessophie,marliessophie,2026-08-30T17:18:13.382324+00:00
67,langfuse/langfuse,pull_request,2359,pull_commit,committed,f552db1e666580d735c30d21d0623fd6a95e86a1,2024-06-17T14:03:51Z,marliessophie,User,,human_account,,no,,,f552db1e666580d735c30d21d0623fd6a95e86a1,marliessophie,marliessophie,2026-08-30T17:18:13.382324+00:00
67,langfuse/langfuse,pull_request,2359,pull_commit,committed,ca847ebd208b27982315e2326b0838d373eea2d1,2024-06-17T14:29:33Z,marliessophie,User,,human_account,,no,,,ca847ebd208b27982315e2326b0838d373eea2d1,marliessophie,marliessophie,2026-08-30T17:18:13.382324+00:00
67,langfuse/langfuse,pull_request,2359,pull_commit,committed,6944a047cd4779304de77cc6cf75cb7516397e12,2024-06-17T14:31:49Z,marliessophie,User,,human_account,,no,,,6944a047cd4779304de77cc6cf75cb7516397e12,marliessophie,marliessophie,2026-08-30T17:18:13.382324+00:00
67,langfuse/langfuse,pull_request,2359,pull_commit,committed,72b061cdb8b09cba6326003e5789211880e6f5a5,2024-06-17T14:33:01Z,marliessophie,User,,human_account,,no,,,72b061cdb8b09cba6326003e5789211880e6f5a5,marliessophie,marliessophie,2026-08-30T17:18:13.382324+00:00
67,langfuse/langfuse,pull_request,2359,pull_commit,committed,db1dfc62315fb77d291dc2cba569634f5b035b89,2024-06-17T15:10:48Z,marliessophie,User,,human_account,,no,,,db1dfc62315fb77d291dc2cba569634f5b035b89,marliessophie,marliessophie,2026-08-30T17:18:13.382324+00:00
67,langfuse/langfuse,pull_request,2359,pull_commit,committed,25fed237adc6816087805b9dc172b83f855cfdcb,2024-06-17T16:04:35Z,marliessophie,User,,human_account,,no,,,25fed237adc6816087805b9dc172b83f855cfdcb,marliessophie,marliessophie,2026-08-30T17:18:13.382324+00:00
67,langfuse/langfuse,pull_request,2359,pull_commit,committed,d61397c3a9102f1e73677785befe00de10ade032,2024-06-17T16:19:35Z,marliessophie,User,,human_account,,no,,,d61397c3a9102f1e73677785befe00de10ade032,marliessophie,marliessophie,2026-08-30T17:18:13.382324+00:00
67,langfuse/langfuse,pull_request,2359,pull_commit,committed,1cf5e17b62f62d120f69cf79a7d0bd32bcb4e65b,2024-06-17T16:52:18Z,marliessophie,User,,human_account,,no,,,1cf5e17b62f62d120f69cf79a7d0bd32bcb4e65b,marliessophie,marliessophie,2026-08-30T17:18:13.382324+00:00
67,langfuse/langfuse,pull_request,2359,pull_commit,committed,f0f573d48a66848ad5bd688c2affd0b871ebb3eb,2024-06-17T16:57:10Z,marliessophie,User,,human_account,,no,,,f0f573d48a66848ad5bd688c2affd0b871ebb3eb,marliessophie,marliessophie,2026-08-30T17:18:13.382324+00:00
67,langfuse/langfuse,pull_request,1939,pull_commit,committed,9462b69a1da361f41b5e5c8218c95048dd2941d7,2024-05-01T13:45:11Z,maxdeichmann,User,,human_account,,no,,,9462b69a1da361f41b5e5c8218c95048dd2941d7,maxdeichmann,maxdeichmann,2026-08-30T17:18:13.937192+00:00
67,langfuse/langfuse,pull_request,1939,pull_commit,committed,fd7fd3e372115ac6c41887c93111901358ea2157,2024-05-01T13:45:35Z,web-flow,User,,human_account,,no,,,fd7fd3e372115ac6c41887c93111901358ea2157,maxdeichmann,web-flow,2026-08-30T17:18:13.937192+00:00
67,langfuse/langfuse,pull_request,2277,pull_commit,committed,50076d342c29280b02479fe46d8b27265944b612,2024-06-08T16:12:32Z,maxdeichmann,User,,human_account,,no,,,50076d342c29280b02479fe46d8b27265944b612,maxdeichmann,maxdeichmann,2026-08-30T17:18:14.475662+00:00
67,langfuse/langfuse,pull_request,2277,pull_commit,committed,278c397723cf901d32c168878e53c2aa63ef7997,2024-06-08T17:05:42Z,maxdeichmann,User,,human_account,,no,,,278c397723cf901d32c168878e53c2aa63ef7997,maxdeichmann,maxdeichmann,2026-08-30T17:18:14.475662+00:00
67,langfuse/langfuse,pull_request,2277,pull_commit,committed,a4799b77615b0e1001f05b95f0dcfebcf76be9a3,2024-06-08T17:07:34Z,maxdeichmann,User,,human_account,,no,,,a4799b77615b0e1001f05b95f0dcfebcf76be9a3,maxdeichmann,maxdeichmann,2026-08-30T17:18:14.475662+00:00
67,langfuse/langfuse,pull_request,2277,pull_commit,committed,62475b7d535507905addffb703a173a586bf26f4,2024-06-08T17:09:29Z,maxdeichmann,User,,human_account,,no,,,62475b7d535507905addffb703a173a586bf26f4,maxdeichmann,maxdeichmann,2026-08-30T17:18:14.475662+00:00
67,langfuse/langfuse,pull_request,2277,pull_commit,committed,835bc3f3bdd3ce0430135224df5311923ae95ec1,2024-06-08T17:13:57Z,maxdeichmann,User,,human_account,,no,,,835bc3f3bdd3ce0430135224df5311923ae95ec1,maxdeichmann,maxdeichmann,2026-08-30T17:18:14.475662+00:00
67,langfuse/langfuse,pull_request,2277,pull_commit,committed,c8fd21291682555d5af5211fa1bbf2a15bdef8d3,2024-06-08T17:18:14Z,maxdeichmann,User,,human_account,,no,,,c8fd21291682555d5af5211fa1bbf2a15bdef8d3,maxdeichmann,maxdeichmann,2026-08-30T17:18:14.475662+00:00
67,langfuse/langfuse,pull_request,2277,pull_commit,committed,4d9ef2a6f1e50a8ed70b55d1da2f4acb3e5888cb,2024-06-08T17:25:00Z,maxdeichmann,User,,human_account,,no,,,4d9ef2a6f1e50a8ed70b55d1da2f4acb3e5888cb,maxdeichmann,maxdeichmann,2026-08-30T17:18:14.475662+00:00
67,langfuse/langfuse,pull_request,2277,pull_commit,committed,8244b185c009bf4dbe1495571ad6174d16497f8c,2024-06-08T17:32:58Z,maxdeichmann,User,,human_account,,no,,,8244b185c009bf4dbe1495571ad6174d16497f8c,maxdeichmann,maxdeichmann,2026-08-30T17:18:14.475662+00:00
67,langfuse/langfuse,pull_request,2490,pull_commit,committed,cf802ec14c6ce03fb7e3373c982c8ae69717d842,2024-06-30T11:14:53Z,web-flow,User,,human_account,,no,,,cf802ec14c6ce03fb7e3373c982c8ae69717d842,eltociear,web-flow,2026-08-30T17:18:14.980497+00:00
67,langfuse/langfuse,pull_request,2490,pull_commit,committed,a0e5ee5d3896a236764bc170648abec5b5100fac,2024-06-30T14:15:09Z,web-flow,User,,human_account,,no,,,a0e5ee5d3896a236764bc170648abec5b5100fac,eltociear,web-flow,2026-08-30T17:18:14.980497+00:00
67,langfuse/langfuse,pull_request,2490,pull_commit,committed,a06dcdb924b335d7be9debb18578db54fe506658,2024-07-01T08:26:13Z,web-flow,User,,human_account,,no,,,a06dcdb924b335d7be9debb18578db54fe506658,marcklingen,web-flow,2026-08-30T17:18:14.980497+00:00
67,langfuse/langfuse,pull_request,2490,pull_commit,committed,7a928671aec35d3fdf222a1909a3a929918434eb,2024-07-01T20:23:22Z,web-flow,User,,human_account,,no,,,7a928671aec35d3fdf222a1909a3a929918434eb,marcklingen,web-flow,2026-08-30T17:18:14.980497+00:00
67,langfuse/langfuse,pull_request,2236,pull_commit,committed,9608adb1b0ee88a684bb3b788b2f6f9ad9258f0f,2024-06-05T09:16:52Z,marliessophie,User,,human_account,,no,,,9608adb1b0ee88a684bb3b788b2f6f9ad9258f0f,marliessophie,marliessophie,2026-08-30T17:18:15.503448+00:00
67,langfuse/langfuse,pull_request,2091,pull_commit,committed,ea69825b67da57cc36027243c3da09ba95576980,2024-05-17T16:20:40Z,marcklingen,User,,human_account,,no,,,ea69825b67da57cc36027243c3da09ba95576980,marcklingen,marcklingen,2026-08-30T17:18:15.966274+00:00
67,langfuse/langfuse,pull_request,2957,pull_commit,committed,b02e32af8f9d9d15777189d0e7c601e8c688b972,2024-08-16T09:55:58Z,marcklingen,User,,human_account,,no,,,b02e32af8f9d9d15777189d0e7c601e8c688b972,marcklingen,marcklingen,2026-08-30T17:18:16.511238+00:00
67,langfuse/langfuse,pull_request,2957,pull_commit,committed,36a1aa3ddf4facd0a5e72eceb0fec389d624f40b,2024-08-16T10:03:40Z,marcklingen,User,,human_account,,no,,,36a1aa3ddf4facd0a5e72eceb0fec389d624f40b,marcklingen,marcklingen,2026-08-30T17:18:16.511238+00:00
67,langfuse/langfuse,pull_request,2957,pull_commit,committed,e5ba7f5a33958c5853872081a67fe53e0d3ea0d5,2024-08-16T10:03:57Z,web-flow,User,,human_account,,no,,,e5ba7f5a33958c5853872081a67fe53e0d3ea0d5,marcklingen,web-flow,2026-08-30T17:18:16.511238+00:00
67,langfuse/langfuse,pull_request,2957,pull_commit,committed,984b26ecfc28a09988118755463496abbf98c87b,2024-08-16T10:09:36Z,web-flow,User,,human_account,,no,,,984b26ecfc28a09988118755463496abbf98c87b,marcklingen,web-flow,2026-08-30T17:18:16.511238+00:00
67,langfuse/langfuse,pull_request,3057,pull_commit,committed,03562899b4f02956539d24ec9515d907f1db4c96,2024-08-26T22:32:04Z,web-flow,User,,human_account,,no,,,03562899b4f02956539d24ec9515d907f1db4c96,dependabot[bot],web-flow,2026-08-30T17:18:17.027368+00:00
67,langfuse/langfuse,pull_request,2350,pull_commit,committed,f84ad6822ccb1748aa059c4f24c04e345c289a77,2024-06-15T00:58:56Z,marcklingen,User,,human_account,,no,,,f84ad6822ccb1748aa059c4f24c04e345c289a77,marcklingen,marcklingen,2026-08-30T17:18:17.994006+00:00
67,langfuse/langfuse,pull_request,2350,pull_commit,committed,13a7d20caa13b716f66912e291d7c82cc8557d0d,2024-06-15T01:00:23Z,marcklingen,User,,human_account,,no,,,13a7d20caa13b716f66912e291d7c82cc8557d0d,marcklingen,marcklingen,2026-08-30T17:18:17.994006+00:00
67,langfuse/langfuse,pull_request,2350,pull_commit,committed,8458e7c21d2081de4ea470962ca03b2bd1da21be,2024-06-15T01:06:57Z,marcklingen,User,,human_account,,no,,,8458e7c21d2081de4ea470962ca03b2bd1da21be,marcklingen,marcklingen,2026-08-30T17:18:17.994006+00:00
67,langfuse/langfuse,pull_request,2626,pull_commit,committed,57128dc5df56c95af20670c7bf984f137ed346f4,2024-07-15T09:40:20Z,marcklingen,User,,human_account,,no,,,57128dc5df56c95af20670c7bf984f137ed346f4,marcklingen,marcklingen,2026-08-30T17:18:18.512974+00:00
67,langfuse/langfuse,pull_request,2275,pull_commit,committed,a74dd70b86c6f1b2f7f75e790e78591de367e264,2024-06-07T22:21:43Z,web-flow,User,,human_account,,no,,,a74dd70b86c6f1b2f7f75e790e78591de367e264,dependabot[bot],web-flow,2026-08-30T17:18:19.018094+00:00
67,langfuse/langfuse,pull_request,2691,pull_commit,committed,a12b394677e1256475142ae04cc69fe2b36d11b4,2024-07-19T18:52:06Z,marcklingen,User,,human_account,,no,,,a12b394677e1256475142ae04cc69fe2b36d11b4,marcklingen,marcklingen,2026-08-30T17:18:19.477891+00:00
67,langfuse/langfuse,pull_request,2715,pull_commit,committed,0a616bcf7ce9d73616ade314135568efae2e4b5d,2024-07-23T07:33:12Z,marliessophie,User,,human_account,,no,,,0a616bcf7ce9d73616ade314135568efae2e4b5d,marliessophie,marliessophie,2026-08-30T17:18:19.944326+00:00
67,langfuse/langfuse,pull_request,2715,pull_commit,committed,779be3c1b90a81a96065ef5b0887a6aed42667da,2024-07-23T08:48:40Z,marliessophie,User,,human_account,,no,,,779be3c1b90a81a96065ef5b0887a6aed42667da,marliessophie,marliessophie,2026-08-30T17:18:19.944326+00:00
67,langfuse/langfuse,pull_request,2715,pull_commit,committed,c69cf3daa80440a9453c6601592753073a0deb1f,2024-07-23T08:50:10Z,marliessophie,User,,human_account,,no,,,c69cf3daa80440a9453c6601592753073a0deb1f,marliessophie,marliessophie,2026-08-30T17:18:19.944326+00:00
67,langfuse/langfuse,pull_request,2715,pull_commit,committed,9041349ad121d0738d42add988266d319b5fcc0b,2024-07-23T11:44:53Z,web-flow,User,,human_account,,no,,,9041349ad121d0738d42add988266d319b5fcc0b,marliessophie,web-flow,2026-08-30T17:18:19.944326+00:00
67,langfuse/langfuse,pull_request,2526,pull_commit,committed,3ce14b6b39c950551462d70931631f1d15129136,2024-07-02T17:26:32Z,marcklingen,User,,human_account,,no,,,3ce14b6b39c950551462d70931631f1d15129136,marcklingen,marcklingen,2026-08-30T17:18:20.459575+00:00
67,langfuse/langfuse,pull_request,2405,pull_commit,committed,7bc1f0f00b00db76f8dbaff0bf24b8c2114a06ac,2024-06-24T12:58:00Z,web-flow,User,,human_account,,no,,,7bc1f0f00b00db76f8dbaff0bf24b8c2114a06ac,porter-deployment-app[bot],web-flow,2026-08-30T17:18:20.924006+00:00
67,langfuse/langfuse,pull_request,3104,pull_commit,committed,cb00928c851056dfb6d3b4ebf5a0c54cccd70700,2024-08-27T22:41:30Z,web-flow,User,,human_account,,no,,,cb00928c851056dfb6d3b4ebf5a0c54cccd70700,dependabot[bot],web-flow,2026-08-30T17:18:21.366770+00:00
67,langfuse/langfuse,pull_request,2834,pull_commit,committed,dc913f44f64a93c4314e27f1bbcf73a0bfe6a7c9,2024-08-06T14:00:27Z,maxdeichmann,User,,human_account,,no,,,dc913f44f64a93c4314e27f1bbcf73a0bfe6a7c9,maxdeichmann,maxdeichmann,2026-08-30T17:18:22.328517+00:00
67,langfuse/langfuse,pull_request,2834,pull_commit,committed,e4ad50b5001d49b9cd4abd0e8d764d0d6cb9f290,2024-08-06T14:10:42Z,maxdeichmann,User,,human_account,,no,,,e4ad50b5001d49b9cd4abd0e8d764d0d6cb9f290,maxdeichmann,maxdeichmann,2026-08-30T17:18:22.328517+00:00
67,langfuse/langfuse,pull_request,2834,pull_commit,committed,92f606a948d861ac91ebd292ddedc61f2298e75b,2024-08-06T14:30:01Z,maxdeichmann,User,,human_account,,no,,,92f606a948d861ac91ebd292ddedc61f2298e75b,maxdeichmann,maxdeichmann,2026-08-30T17:18:22.328517+00:00
67,langfuse/langfuse,pull_request,2834,pull_commit,committed,ceb2be59cb715e688ba9d5f6f843f1f0cec67e17,2024-08-06T16:23:54Z,web-flow,User,,human_account,,no,,,ceb2be59cb715e688ba9d5f6f843f1f0cec67e17,maxdeichmann,web-flow,2026-08-30T17:18:22.328517+00:00
67,langfuse/langfuse,pull_request,2834,pull_commit,committed,c8be560a903aa195c9906888e8cbd61711e27a03,2024-08-06T21:32:11Z,web-flow,User,,human_account,,no,,,c8be560a903aa195c9906888e8cbd61711e27a03,maxdeichmann,web-flow,2026-08-30T17:18:22.328517+00:00
67,langfuse/langfuse,pull_request,2834,pull_commit,committed,0a3c67f359d12fa2b6a346a062172328ba67c445,2024-08-06T21:40:12Z,maxdeichmann,User,,human_account,,no,,,0a3c67f359d12fa2b6a346a062172328ba67c445,maxdeichmann,maxdeichmann,2026-08-30T17:18:22.328517+00:00
67,langfuse/langfuse,pull_request,2834,pull_commit,committed,0e9a1a4c2dc69424fcc1f51bd2435380aca62c71,2024-08-06T21:40:20Z,maxdeichmann,User,,human_account,,no,,,0e9a1a4c2dc69424fcc1f51bd2435380aca62c71,maxdeichmann,maxdeichmann,2026-08-30T17:18:22.328517+00:00
67,langfuse/langfuse,pull_request,2443,pull_commit,committed,50da695f04537b7c69fb4723ff5061db01e567cd,2024-06-26T13:19:58Z,maxdeichmann,User,,human_account,,no,,,50da695f04537b7c69fb4723ff5061db01e567cd,maxdeichmann,maxdeichmann,2026-08-30T17:18:23.221405+00:00
67,langfuse/langfuse,pull_request,2443,pull_commit,committed,baebf3f8414310354a69b0373fea3ca33a43143a,2024-06-26T13:20:38Z,web-flow,User,,human_account,,no,,,baebf3f8414310354a69b0373fea3ca33a43143a,maxdeichmann,web-flow,2026-08-30T17:18:23.221405+00:00
67,langfuse/langfuse,pull_request,2443,pull_commit,committed,0722c395989e5e8a3261e6d048153a624ecc11ed,2024-06-26T13:21:31Z,maxdeichmann,User,,human_account,,no,,,0722c395989e5e8a3261e6d048153a624ecc11ed,maxdeichmann,maxdeichmann,2026-08-30T17:18:23.221405+00:00
67,langfuse/langfuse,pull_request,2443,pull_commit,committed,af060c11245ddaf91f36234ae3eb239831ad0de8,2024-06-26T13:22:30Z,web-flow,User,,human_account,,no,,,af060c11245ddaf91f36234ae3eb239831ad0de8,maxdeichmann,web-flow,2026-08-30T17:18:23.221405+00:00
67,langfuse/langfuse,pull_request,2325,pull_commit,committed,68d4a8fd9629f13225c1a4a302c74f6b0e75c875,2024-06-12T10:24:40Z,hassiebp,User,,human_account,,no,,,68d4a8fd9629f13225c1a4a302c74f6b0e75c875,hassiebp,hassiebp,2026-08-30T17:18:23.728857+00:00
67,langfuse/langfuse,pull_request,2570,pull_commit,committed,b30f0e97a8d482855da9ca13b8a209a7cd459ffe,2024-07-08T14:36:52Z,marcklingen,User,,human_account,,no,,,b30f0e97a8d482855da9ca13b8a209a7cd459ffe,marcklingen,marcklingen,2026-08-30T17:18:24.173112+00:00
67,langfuse/langfuse,pull_request,8429,pull_commit,committed,251e9158c2aac43c1c192f84f7cfcbe65acbd93d,2025-08-09T09:56:08Z,snyk-bot,User,,human_account,,no,,,251e9158c2aac43c1c192f84f7cfcbe65acbd93d,snyk-bot,snyk-bot,2026-08-30T17:18:24.671173+00:00
67,langfuse/langfuse,pull_request,8399,pull_commit,committed,724b98088c7af2fc757a565e5a8efb42cd423365,2025-08-08T11:26:20Z,Steffen911,User,,human_account,,no,,,724b98088c7af2fc757a565e5a8efb42cd423365,Steffen911,Steffen911,2026-08-30T17:18:25.127449+00:00
67,langfuse/langfuse,pull_request,8399,pull_commit,committed,c6e264c1e1c06c07a77537ab2d99af3432afb4c0,2025-08-08T11:31:31Z,web-flow,User,,human_account,,no,,,c6e264c1e1c06c07a77537ab2d99af3432afb4c0,Steffen911,web-flow,2026-08-30T17:18:25.127449+00:00
67,langfuse/langfuse,pull_request,8399,pull_commit,committed,a36443fe46c9580ee4f4d5bc87b56000775fa269,2025-08-08T11:52:11Z,web-flow,User,,human_account,,no,,,a36443fe46c9580ee4f4d5bc87b56000775fa269,Steffen911,web-flow,2026-08-30T17:18:25.127449+00:00
67,langfuse/langfuse,pull_request,7644,pull_commit,committed,c00ae29b7a01389cbbb9c424c04c8b7f09489648,2025-07-02T00:27:47Z,cursoragent,User,,human_account,,no,,,c00ae29b7a01389cbbb9c424c04c8b7f09489648,cursoragent,cursoragent,2026-08-30T17:18:25.643851+00:00
67,langfuse/langfuse,pull_request,7644,pull_commit,committed,9c00625d3b50f464a918b9a5f702de3c828e5109,2025-07-02T00:41:47Z,cursoragent,User,,human_account,,no,,,9c00625d3b50f464a918b9a5f702de3c828e5109,cursoragent,cursoragent,2026-08-30T17:18:25.643851+00:00
67,langfuse/langfuse,pull_request,7644,pull_commit,committed,b8078cf8cb370e30b7582d4751eaaf534f2a524c,2025-07-02T00:49:02Z,cursoragent,User,,human_account,,no,,,b8078cf8cb370e30b7582d4751eaaf534f2a524c,cursoragent,cursoragent,2026-08-30T17:18:25.643851+00:00
67,langfuse/langfuse,pull_request,7644,pull_commit,committed,d9e11583712fd9ec47df9f07fdbd7d41df56cff6,2025-07-02T14:56:25Z,cursoragent,User,,human_account,,no,,,d9e11583712fd9ec47df9f07fdbd7d41df56cff6,cursoragent,cursoragent,2026-08-30T17:18:25.643851+00:00
67,langfuse/langfuse,pull_request,7644,pull_commit,committed,6829834a3429b509201a640ec379acb27a026fd5,2025-07-03T00:29:33Z,marcklingen,User,,human_account,,no,,,6829834a3429b509201a640ec379acb27a026fd5,marcklingen,marcklingen,2026-08-30T17:18:25.643851+00:00
67,langfuse/langfuse,pull_request,7640,pull_commit,committed,cd7aec19da8bad88af84fe6aa30b4ae42ce3a3ad,2025-07-02T21:41:05Z,cursoragent,User,,human_account,,no,,,cd7aec19da8bad88af84fe6aa30b4ae42ce3a3ad,cursoragent,cursoragent,2026-08-30T17:18:26.154911+00:00
67,langfuse/langfuse,pull_request,7640,pull_commit,committed,24817373d942f85b35c8cb12fc144f51da9ee391,2025-07-02T23:44:37Z,marcklingen,User,,human_account,,no,,,24817373d942f85b35c8cb12fc144f51da9ee391,marcklingen,marcklingen,2026-08-30T17:18:26.154911+00:00
67,langfuse/langfuse,pull_request,7640,pull_commit,committed,9daf43fb227d634f67790ec8ae9fcb1394466c03,2025-07-02T23:59:14Z,marcklingen,User,,human_account,,no,,,9daf43fb227d634f67790ec8ae9fcb1394466c03,marcklingen,marcklingen,2026-08-30T17:18:26.154911+00:00
67,langfuse/langfuse,pull_request,8108,pull_commit,committed,5eb17b693ef0c20d53224406146afa0b6f20138d,2025-07-24T16:08:18Z,maxdeichmann,User,,human_account,,no,,,5eb17b693ef0c20d53224406146afa0b6f20138d,maxdeichmann,maxdeichmann,2026-08-30T17:18:27.138545+00:00
67,langfuse/langfuse,pull_request,8108,pull_commit,committed,733472e59ecfe1f7491391e70f640180ea25b839,2025-07-24T16:09:54Z,web-flow,User,,human_account,,no,,,733472e59ecfe1f7491391e70f640180ea25b839,maxdeichmann,web-flow,2026-08-30T17:18:27.138545+00:00
67,langfuse/langfuse,pull_request,8108,pull_commit,committed,d27368197e9540037abf0d77029172c5536c2268,2025-07-24T16:18:09Z,maxdeichmann,User,,human_account,,no,,,d27368197e9540037abf0d77029172c5536c2268,maxdeichmann,maxdeichmann,2026-08-30T17:18:27.138545+00:00
67,langfuse/langfuse,pull_request,8108,pull_commit,committed,917fff58240b17180b00f2b93d8ac29a82d41b2c,2025-07-24T16:18:19Z,maxdeichmann,User,,human_account,,no,,,917fff58240b17180b00f2b93d8ac29a82d41b2c,maxdeichmann,maxdeichmann,2026-08-30T17:18:27.138545+00:00
67,langfuse/langfuse,pull_request,8108,pull_commit,committed,6773e1e37eff6f8526dd59614964672cc9f0e74a,2025-07-24T16:20:33Z,maxdeichmann,User,,human_account,,no,,,6773e1e37eff6f8526dd59614964672cc9f0e74a,maxdeichmann,maxdeichmann,2026-08-30T17:18:27.138545+00:00
67,langfuse/langfuse,pull_request,8633,pull_commit,committed,07701b3ea320af005f384283a4273af615a0e779,2025-08-20T12:38:03Z,marliessophie,User,,human_account,,no,,,07701b3ea320af005f384283a4273af615a0e779,marliessophie,marliessophie,2026-08-30T17:18:27.600096+00:00
67,langfuse/langfuse,pull_request,7489,pull_commit,committed,3f8516313841f934679c2f7797a1d72704337e71,2025-06-24T19:51:33Z,marcklingen,User,,human_account,,no,,,3f8516313841f934679c2f7797a1d72704337e71,marcklingen,marcklingen,2026-08-30T17:18:28.050568+00:00
67,langfuse/langfuse,pull_request,7687,pull_commit,committed,b9cdb8a8738dd61048992e613be0389864d5bc69,2025-07-04T12:22:14Z,hassiebp,User,,human_account,,no,,,b9cdb8a8738dd61048992e613be0389864d5bc69,hassiebp,hassiebp,2026-08-30T17:18:28.600894+00:00
67,langfuse/langfuse,pull_request,7455,pull_commit,committed,368d5911bd7d8f5c5329629674c2d46d28fbf870,2025-06-09T11:23:57Z,coffee4tw,User,,human_account,,no,,,368d5911bd7d8f5c5329629674c2d46d28fbf870,coffee4tw,coffee4tw,2026-08-30T17:18:29.116069+00:00
67,langfuse/langfuse,pull_request,7455,pull_commit,committed,e684790d432507366a924d1c2ae1031f71116a62,2025-06-09T11:27:00Z,coffee4tw,User,,human_account,,no,,,e684790d432507366a924d1c2ae1031f71116a62,coffee4tw,coffee4tw,2026-08-30T17:18:29.116069+00:00
67,langfuse/langfuse,pull_request,7455,pull_commit,committed,2bcbfebf7adcb662f092b4cf401cce88c204434a,2025-06-09T11:36:41Z,coffee4tw,User,,human_account,,no,,,2bcbfebf7adcb662f092b4cf401cce88c204434a,coffee4tw,coffee4tw,2026-08-30T17:18:29.116069+00:00
67,langfuse/langfuse,pull_request,7455,pull_commit,committed,795c118c8cddeed8a0bf7f60329c48de5adbd708,2025-06-09T12:02:44Z,coffee4tw,User,,human_account,,no,,,795c118c8cddeed8a0bf7f60329c48de5adbd708,coffee4tw,coffee4tw,2026-08-30T17:18:29.116069+00:00
67,langfuse/langfuse,pull_request,7455,pull_commit,committed,f832393c13c92398d0fa06c16f790363d072ce88,2025-06-09T12:59:35Z,coffee4tw,User,,human_account,,no,,,f832393c13c92398d0fa06c16f790363d072ce88,coffee4tw,coffee4tw,2026-08-30T17:18:29.116069+00:00
67,langfuse/langfuse,pull_request,7455,pull_commit,committed,b8dc12a739f242c89c755327496022031368344e,2025-06-09T13:01:40Z,web-flow,User,,human_account,,no,,,b8dc12a739f242c89c755327496022031368344e,coffee4tw,web-flow,2026-08-30T17:18:29.116069+00:00
67,langfuse/langfuse,pull_request,7455,pull_commit,committed,63277b02b4a398c1e340a676c30cd2e4e8653038,2025-06-09T13:09:07Z,coffee4tw,User,,human_account,,no,,,63277b02b4a398c1e340a676c30cd2e4e8653038,coffee4tw,coffee4tw,2026-08-30T17:18:29.116069+00:00
67,langfuse/langfuse,pull_request,7455,pull_commit,committed,939ed73bba2f7f56b6c4ff8871169fbc55903bde,2025-06-12T19:54:42Z,maxdeichmann,User,,human_account,,no,,,939ed73bba2f7f56b6c4ff8871169fbc55903bde,maxdeichmann,maxdeichmann,2026-08-30T17:18:29.116069+00:00
67,langfuse/langfuse,pull_request,7455,pull_commit,committed,a6018aca5bf37c94565761d165ba0c67456560c1,2025-06-12T19:58:02Z,maxdeichmann,User,,human_account,,no,,,a6018aca5bf37c94565761d165ba0c67456560c1,maxdeichmann,maxdeichmann,2026-08-30T17:18:29.116069+00:00
67,langfuse/langfuse,pull_request,7455,pull_commit,committed,23736ede74cfe22909930c132dcd9cbfedfdffbc,2025-06-23T10:55:38Z,web-flow,User,,human_account,,no,,,23736ede74cfe22909930c132dcd9cbfedfdffbc,maxdeichmann,web-flow,2026-08-30T17:18:29.116069+00:00
67,langfuse/langfuse,pull_request,7455,pull_commit,committed,9c08dd4a11bc1c374e8f057275f7c7c721de4b91,2025-06-23T14:27:05Z,coffee4tw,User,,human_account,,no,,,9c08dd4a11bc1c374e8f057275f7c7c721de4b91,coffee4tw,coffee4tw,2026-08-30T17:18:29.116069+00:00
67,langfuse/langfuse,pull_request,7455,pull_commit,committed,04712f6e25dcc375af680e8c09c6dbc1bbfdc855,2025-06-23T14:30:51Z,coffee4tw,User,,human_account,,no,,,04712f6e25dcc375af680e8c09c6dbc1bbfdc855,coffee4tw,coffee4tw,2026-08-30T17:18:29.116069+00:00
67,langfuse/langfuse,pull_request,7455,pull_commit,committed,4ffafb26a707264f73f1a0ac1894a4f828778957,2025-06-23T18:49:27Z,web-flow,User,,human_account,,no,,,4ffafb26a707264f73f1a0ac1894a4f828778957,coffee4tw,web-flow,2026-08-30T17:18:29.116069+00:00
67,langfuse/langfuse,pull_request,7455,pull_commit,committed,2792ee44c673566b8acd0d8942e121f3b032ad81,2025-06-23T19:04:32Z,coffee4tw,User,,human_account,,no,,,2792ee44c673566b8acd0d8942e121f3b032ad81,coffee4tw,coffee4tw,2026-08-30T17:18:29.116069+00:00
67,langfuse/langfuse,pull_request,7455,pull_commit,committed,cca0eb9ba770cc49e64a01a62840ba3711342a5c,2025-06-23T19:07:14Z,web-flow,User,,human_account,,no,,,cca0eb9ba770cc49e64a01a62840ba3711342a5c,maxdeichmann,web-flow,2026-08-30T17:18:29.116069+00:00
67,langfuse/langfuse,pull_request,8328,pull_commit,committed,322f554feedbff45332c95fd070a943ff27c3de9,2025-08-05T22:30:02Z,maxdeichmann,User,,human_account,,no,,,322f554feedbff45332c95fd070a943ff27c3de9,maxdeichmann,maxdeichmann,2026-08-30T17:18:29.649704+00:00
67,langfuse/langfuse,pull_request,8097,pull_commit,committed,349a91585ca6679ebdad2563301528f431bb5092,2025-07-24T12:44:05Z,cursoragent,User,,human_account,,no,,,349a91585ca6679ebdad2563301528f431bb5092,cursoragent,cursoragent,2026-08-30T17:18:30.692408+00:00
67,langfuse/langfuse,pull_request,8097,pull_commit,committed,a19154473e218f61e30aa8b1cf488b93baec4b65,2025-07-24T12:51:15Z,cursoragent,User,,human_account,,no,,,a19154473e218f61e30aa8b1cf488b93baec4b65,cursoragent,cursoragent,2026-08-30T17:18:30.692408+00:00
67,langfuse/langfuse,pull_request,7155,pull_commit,committed,350b66b8ce583040a13165ede1c2b19a80333da9,2025-06-05T11:24:20Z,hassiebp,User,,human_account,,no,,,350b66b8ce583040a13165ede1c2b19a80333da9,hassiebp,hassiebp,2026-08-30T17:18:31.206808+00:00
67,langfuse/langfuse,pull_request,7590,pull_commit,committed,cd5d48edd067a34ea380794f17c5c395096782c0,2025-07-01T08:15:33Z,Steffen911,User,,human_account,,no,,,cd5d48edd067a34ea380794f17c5c395096782c0,Steffen911,Steffen911,2026-08-30T17:18:31.871043+00:00
67,langfuse/langfuse,pull_request,7590,pull_commit,committed,635ca78f65dce899642a57414922b7d980b1aea0,2025-07-01T14:40:00Z,Steffen911,User,,human_account,,no,,,635ca78f65dce899642a57414922b7d980b1aea0,Steffen911,Steffen911,2026-08-30T17:18:31.871043+00:00
67,langfuse/langfuse,pull_request,7590,pull_commit,committed,361c499c0ad4d8edb915fbfc0052dc5d7c2eb47a,2025-07-01T14:40:08Z,web-flow,User,,human_account,,no,,,361c499c0ad4d8edb915fbfc0052dc5d7c2eb47a,Steffen911,web-flow,2026-08-30T17:18:31.871043+00:00
67,langfuse/langfuse,pull_request,7590,pull_commit,committed,7354be7e9b41ec92dcfe5b3429d61f82ebbfcabd,2025-07-01T15:12:42Z,Steffen911,User,,human_account,,no,,,7354be7e9b41ec92dcfe5b3429d61f82ebbfcabd,Steffen911,Steffen911,2026-08-30T17:18:31.871043+00:00
67,langfuse/langfuse,pull_request,7590,pull_commit,committed,292462b436ac31953546972a053f6498ba1a3360,2025-07-01T16:28:06Z,Steffen911,User,,human_account,,no,,,292462b436ac31953546972a053f6498ba1a3360,Steffen911,Steffen911,2026-08-30T17:18:31.871043+00:00
67,langfuse/langfuse,pull_request,7590,pull_commit,committed,744a2d5deca26eee6246e3fd54174dc08368a5c9,2025-07-01T16:28:54Z,Steffen911,User,,human_account,,no,,,744a2d5deca26eee6246e3fd54174dc08368a5c9,Steffen911,Steffen911,2026-08-30T17:18:31.871043+00:00
67,langfuse/langfuse,pull_request,7590,pull_commit,committed,5526041dd59b9621660bd4d9622b3c3f9802e2f3,2025-07-02T09:17:55Z,Steffen911,User,,human_account,,no,,,5526041dd59b9621660bd4d9622b3c3f9802e2f3,Steffen911,Steffen911,2026-08-30T17:18:31.871043+00:00
67,langfuse/langfuse,pull_request,7590,pull_commit,committed,b4f99489393a9dcc73c4eb2bafcb465b7c592f62,2025-07-02T11:26:24Z,Steffen911,User,,human_account,,no,,,b4f99489393a9dcc73c4eb2bafcb465b7c592f62,Steffen911,Steffen911,2026-08-30T17:18:31.871043+00:00
67,langfuse/langfuse,pull_request,7590,pull_commit,committed,4c7913ec4d4a924067198caa9d4218af9a6244b4,2025-07-02T11:39:58Z,web-flow,User,,human_account,,no,,,4c7913ec4d4a924067198caa9d4218af9a6244b4,Steffen911,web-flow,2026-08-30T17:18:31.871043+00:00
67,langfuse/langfuse,pull_request,6930,pull_commit,committed,62b9f0c793054f3557ce591d9d1a70b24b43c747,2025-05-20T12:16:43Z,maxdeichmann,User,,human_account,,no,,,62b9f0c793054f3557ce591d9d1a70b24b43c747,maxdeichmann,maxdeichmann,2026-08-30T17:18:32.386270+00:00
67,langfuse/langfuse,pull_request,6930,pull_commit,committed,43aefb7c43a2be76fd93d47a04c6e62b7269b740,2025-05-20T12:17:13Z,web-flow,User,,human_account,,no,,,43aefb7c43a2be76fd93d47a04c6e62b7269b740,maxdeichmann,web-flow,2026-08-30T17:18:32.386270+00:00
67,langfuse/langfuse,pull_request,8044,pull_commit,committed,edf30ecbadbcd37fe8b47c5e66f5c8acc8800558,2025-07-22T20:33:16Z,maxdeichmann,User,,human_account,,no,,,edf30ecbadbcd37fe8b47c5e66f5c8acc8800558,maxdeichmann,maxdeichmann,2026-08-30T17:18:32.927711+00:00
67,langfuse/langfuse,pull_request,15348,pull_commit,committed,2bc208a79b8e7eca596289924f07636d03b38763,2026-07-23T09:32:05Z,nmtrang29,User,,human_account,,no,,,2bc208a79b8e7eca596289924f07636d03b38763,nmtrang29,nmtrang29,2026-08-30T17:18:33.886101+00:00
67,langfuse/langfuse,pull_request,15348,pull_commit,committed,19710bf06bc73d1a3d8b7b29f89dcf1aebb2b43c,2026-07-27T15:10:13Z,nmtrang29,User,,human_account,,no,,,19710bf06bc73d1a3d8b7b29f89dcf1aebb2b43c,nmtrang29,nmtrang29,2026-08-30T17:18:33.886101+00:00
67,langfuse/langfuse,pull_request,14191,pull_commit,committed,04c33e0ccbd80fe061d73fa2cc35eda4b936e31c,2026-06-11T12:17:20Z,jannikmaierhoefer,User,,human_account,,no,,,04c33e0ccbd80fe061d73fa2cc35eda4b936e31c,jannikmaierhoefer,jannikmaierhoefer,2026-08-30T17:18:34.386255+00:00
67,langfuse/langfuse,pull_request,15470,pull_commit,committed,f59c5d2f664c7f61d004774d877f5e9e356e0839,2026-07-27T08:32:06Z,marliessophie,User,,human_account,,no,,,f59c5d2f664c7f61d004774d877f5e9e356e0839,marliessophie,marliessophie,2026-08-30T17:18:34.920012+00:00
67,langfuse/langfuse,pull_request,15470,pull_commit,committed,ffdd4682a21c70df0119e3146b0c44c99504505b,2026-07-27T08:37:14Z,marliessophie,User,,human_account,,no,,,ffdd4682a21c70df0119e3146b0c44c99504505b,marliessophie,marliessophie,2026-08-30T17:18:34.920012+00:00
67,langfuse/langfuse,pull_request,15470,pull_commit,committed,71021ee990d7fa56921e4966d225297ea4ce7501,2026-07-27T09:59:09Z,marliessophie,User,,human_account,,no,,,71021ee990d7fa56921e4966d225297ea4ce7501,marliessophie,marliessophie,2026-08-30T17:18:34.920012+00:00
67,langfuse/langfuse,pull_request,15470,pull_commit,committed,0d9b723bd6f2ed0aa6edb01f68f66d7d8a77fc3b,2026-07-27T10:01:08Z,marliessophie,User,,human_account,,no,,,0d9b723bd6f2ed0aa6edb01f68f66d7d8a77fc3b,marliessophie,marliessophie,2026-08-30T17:18:34.920012+00:00
67,langfuse/langfuse,pull_request,15470,pull_commit,committed,19de0f40e10a51d1b0351822336d6d1614a3ace5,2026-07-27T10:51:53Z,marliessophie,User,,human_account,,no,,,19de0f40e10a51d1b0351822336d6d1614a3ace5,marliessophie,marliessophie,2026-08-30T17:18:34.920012+00:00
67,langfuse/langfuse,pull_request,15470,pull_commit,committed,3469367020ce84dc764ec56254c7c7a09a8989f6,2026-07-27T10:53:56Z,marliessophie,User,,human_account,,no,,,3469367020ce84dc764ec56254c7c7a09a8989f6,marliessophie,marliessophie,2026-08-30T17:18:34.920012+00:00
67,langfuse/langfuse,pull_request,15470,pull_commit,committed,72c3b8b7644882fa6337356cab903f462cdef20c,2026-07-27T10:58:54Z,marliessophie,User,,human_account,,no,,,72c3b8b7644882fa6337356cab903f462cdef20c,marliessophie,marliessophie,2026-08-30T17:18:34.920012+00:00
67,langfuse/langfuse,pull_request,15470,pull_commit,committed,44ad187be4c4e7fc195f126bf4be059b8f3dc398,2026-07-27T11:24:15Z,marliessophie,User,,human_account,,no,,,44ad187be4c4e7fc195f126bf4be059b8f3dc398,marliessophie,marliessophie,2026-08-30T17:18:34.920012+00:00
67,langfuse/langfuse,pull_request,15470,pull_commit,committed,68bf244dcf952eba04c2b3a3b03910c0cd47fe20,2026-07-27T11:50:43Z,marliessophie,User,,human_account,,no,,,68bf244dcf952eba04c2b3a3b03910c0cd47fe20,marliessophie,marliessophie,2026-08-30T17:18:34.920012+00:00
67,langfuse/langfuse,pull_request,14984,pull_commit,committed,e6fc891192d4b93f2501d77b9c783d2734f6a66f,2026-07-10T13:52:39Z,bezbac,User,,human_account,,no,,,e6fc891192d4b93f2501d77b9c783d2734f6a66f,bezbac,bezbac,2026-08-30T17:18:35.442994+00:00
67,langfuse/langfuse,pull_request,14024,pull_commit,committed,fe4345c6e2d7ae31fb9107240d5ebbe1470dd271,2026-06-03T13:10:11Z,wochinge,User,,human_account,,no,,,fe4345c6e2d7ae31fb9107240d5ebbe1470dd271,wochinge,wochinge,2026-08-30T17:18:35.897457+00:00
67,langfuse/langfuse,pull_request,14024,pull_commit,committed,27bf0fe497bfc436881c56024c4aeb573f869ebf,2026-06-03T13:27:21Z,wochinge,User,,human_account,,no,,,27bf0fe497bfc436881c56024c4aeb573f869ebf,wochinge,wochinge,2026-08-30T17:18:35.897457+00:00
67,langfuse/langfuse,pull_request,16786,pull_commit,committed,47fa8297d90e4b0a77164307f7b189708c243f3a,2026-08-28T15:02:12Z,nkabardin,User,,human_account,,no,,,47fa8297d90e4b0a77164307f7b189708c243f3a,nkabardin,nkabardin,2026-08-30T17:18:36.341387+00:00
67,langfuse/langfuse,pull_request,14248,pull_commit,committed,4b6f6a820416a21ea2f3690d93d6134ef398f8fc,2026-06-15T08:39:06Z,bezbac,User,,human_account,,no,,,4b6f6a820416a21ea2f3690d93d6134ef398f8fc,bezbac,bezbac,2026-08-30T17:18:36.795048+00:00
67,langfuse/langfuse,pull_request,14248,pull_commit,committed,6a5210c4a34705cf525176cc73c76a125eada781,2026-06-15T08:50:10Z,bezbac,User,,human_account,,no,,,6a5210c4a34705cf525176cc73c76a125eada781,bezbac,bezbac,2026-08-30T17:18:36.795048+00:00
67,langfuse/langfuse,pull_request,14248,pull_commit,committed,55eddce655b8f75ddc27088956eb68127f1e0a4e,2026-06-15T09:30:23Z,bezbac,User,,human_account,,no,,,55eddce655b8f75ddc27088956eb68127f1e0a4e,bezbac,bezbac,2026-08-30T17:18:36.795048+00:00
67,langfuse/langfuse,pull_request,14248,pull_commit,committed,f43c35fd9c1418457955bdafbbd9a4f6ef4baf11,2026-06-15T09:33:16Z,bezbac,User,,human_account,,no,,,f43c35fd9c1418457955bdafbbd9a4f6ef4baf11,bezbac,bezbac,2026-08-30T17:18:36.795048+00:00
67,langfuse/langfuse,pull_request,14248,pull_commit,committed,fe8fb6ab791c8102103b4505abe9f5d5c78ca34f,2026-06-15T09:34:59Z,bezbac,User,,human_account,,no,,,fe8fb6ab791c8102103b4505abe9f5d5c78ca34f,bezbac,bezbac,2026-08-30T17:18:36.795048+00:00
67,langfuse/langfuse,pull_request,14248,pull_commit,committed,6a066eea31608e8fa654934778bc789a6060e427,2026-06-15T10:39:39Z,bezbac,User,,human_account,,no,,,6a066eea31608e8fa654934778bc789a6060e427,bezbac,bezbac,2026-08-30T17:18:36.795048+00:00
67,langfuse/langfuse,pull_request,16117,pull_commit,committed,8a49ba2bd0a488780b7e6a75a2e08903e867a8c5,2026-08-14T08:03:48Z,web-flow,User,,human_account,,no,,,8a49ba2bd0a488780b7e6a75a2e08903e867a8c5,dependabot[bot],web-flow,2026-08-30T17:18:37.403713+00:00
67,langfuse/langfuse,pull_request,16722,pull_commit,committed,a817f8589e9009af54e59b154d3d3a28fe3c6495,2026-08-27T01:17:12Z,marksalpeter,User,,human_account,,no,,,a817f8589e9009af54e59b154d3d3a28fe3c6495,marksalpeter,marksalpeter,2026-08-30T17:18:37.893543+00:00
67,langfuse/langfuse,pull_request,16722,pull_commit,committed,a5fda4073fd707a73b97acde820116969248264f,2026-08-27T01:31:50Z,marksalpeter,User,,human_account,,no,,,a5fda4073fd707a73b97acde820116969248264f,marksalpeter,marksalpeter,2026-08-30T17:18:37.893543+00:00
67,langfuse/langfuse,pull_request,16722,pull_commit,committed,d8c256ee19c5288fdd8a969b1f85d521df83a3f5,2026-08-27T01:54:23Z,marksalpeter,User,,human_account,,no,,,d8c256ee19c5288fdd8a969b1f85d521df83a3f5,marksalpeter,marksalpeter,2026-08-30T17:18:37.893543+00:00
67,langfuse/langfuse,pull_request,16722,pull_commit,committed,ae634cf61127c6e426aa2ff8079eac453f386d50,2026-08-27T16:31:16Z,marksalpeter,User,,human_account,,no,,,ae634cf61127c6e426aa2ff8079eac453f386d50,marksalpeter,marksalpeter,2026-08-30T17:18:37.893543+00:00
67,langfuse/langfuse,pull_request,16722,pull_commit,committed,624b9731c46401e6b6d4792a39c98ed8aeb46ccd,2026-08-27T16:50:52Z,marksalpeter,User,,human_account,,no,,,624b9731c46401e6b6d4792a39c98ed8aeb46ccd,marksalpeter,marksalpeter,2026-08-30T17:18:37.893543+00:00
67,langfuse/langfuse,pull_request,16722,pull_commit,committed,e427b2fa733d60df0113d20a7b879e49d360e3d6,2026-08-27T17:43:15Z,marksalpeter,User,,human_account,,no,,,e427b2fa733d60df0113d20a7b879e49d360e3d6,marksalpeter,marksalpeter,2026-08-30T17:18:37.893543+00:00
67,langfuse/langfuse,pull_request,16722,pull_commit,committed,0b25b1ba2ad198746bcf7bee0ed065b6e16b4002,2026-08-27T18:06:45Z,marksalpeter,User,,human_account,,no,,,0b25b1ba2ad198746bcf7bee0ed065b6e16b4002,marksalpeter,marksalpeter,2026-08-30T17:18:37.893543+00:00
67,langfuse/langfuse,pull_request,15363,pull_commit,committed,650bdb2a9256a1b9b5b99648993bb5893dfaba58,2026-07-23T11:10:47Z,nimarb,User,,human_account,,no,,,650bdb2a9256a1b9b5b99648993bb5893dfaba58,nimarb,nimarb,2026-08-30T17:18:38.414505+00:00
67,langfuse/langfuse,pull_request,15363,pull_commit,committed,7c839a2af8077cba21d24422aa035744c3c3017e,2026-07-23T11:11:06Z,web-flow,User,,human_account,,no,,,7c839a2af8077cba21d24422aa035744c3c3017e,nimarb,web-flow,2026-08-30T17:18:38.414505+00:00
67,langfuse/langfuse,pull_request,16797,pull_commit,committed,c225ffee1879280b0a3a107a653379dc8b0aa118,2026-08-28T16:45:29Z,cursoragent,User,,human_account,,no,,,c225ffee1879280b0a3a107a653379dc8b0aa118,cursoragent,cursoragent,2026-08-30T17:18:39.039816+00:00
67,langfuse/langfuse,pull_request,16797,pull_commit,committed,8dba4514071fd317a8ad03b9c02cd0220e328747,2026-08-28T16:51:08Z,cursoragent,User,,human_account,,no,,,8dba4514071fd317a8ad03b9c02cd0220e328747,cursoragent,cursoragent,2026-08-30T17:18:39.039816+00:00
67,langfuse/langfuse,pull_request,16082,pull_commit,committed,a7ac0d4db2db43b0db4a2f12952b4c76fc8342b8,2026-08-13T14:25:56Z,LysanderKie,User,,human_account,,no,,,a7ac0d4db2db43b0db4a2f12952b4c76fc8342b8,LysanderKie,LysanderKie,2026-08-30T17:18:39.498213+00:00
67,langfuse/langfuse,pull_request,16082,pull_commit,committed,0bc18e63cc5b51a2ecd7b9796c59dd5852575ba5,2026-08-13T15:26:55Z,web-flow,User,,human_account,,no,,,0bc18e63cc5b51a2ecd7b9796c59dd5852575ba5,LysanderKie,web-flow,2026-08-30T17:18:39.498213+00:00
67,langfuse/langfuse,pull_request,16082,pull_commit,committed,798260aba0b76753f1816d2d535f842a6dd6502d,2026-08-14T08:37:50Z,LysanderKie,User,,human_account,,no,,,798260aba0b76753f1816d2d535f842a6dd6502d,LysanderKie,LysanderKie,2026-08-30T17:18:39.498213+00:00
67,langfuse/langfuse,pull_request,16082,pull_commit,committed,9fddc1ebeca1527f2996c4cc0a22c8bca38c3e85,2026-08-14T08:38:09Z,LysanderKie,User,,human_account,,no,,,9fddc1ebeca1527f2996c4cc0a22c8bca38c3e85,LysanderKie,LysanderKie,2026-08-30T17:18:39.498213+00:00
67,langfuse/langfuse,pull_request,16082,pull_commit,committed,70c28c745020fac8cac1e1363eaeb243bc82a2b1,2026-08-14T09:13:28Z,LysanderKie,User,,human_account,,no,,,70c28c745020fac8cac1e1363eaeb243bc82a2b1,LysanderKie,LysanderKie,2026-08-30T17:18:39.498213+00:00
67,langfuse/langfuse,pull_request,16082,pull_commit,committed,90c20abe0dd6a0092732c876ff1919fd8900b174,2026-08-14T10:27:25Z,web-flow,User,,human_account,,no,,,90c20abe0dd6a0092732c876ff1919fd8900b174,LysanderKie,web-flow,2026-08-30T17:18:39.498213+00:00
67,langfuse/langfuse,pull_request,15395,pull_commit,committed,f744106db298e9eb9c36f5a48e670f6a6aee26a6,2026-07-23T18:20:27Z,nkabardin,User,,human_account,,no,,,f744106db298e9eb9c36f5a48e670f6a6aee26a6,nkabardin,nkabardin,2026-08-30T17:18:40.048379+00:00
67,langfuse/langfuse,pull_request,15395,pull_commit,committed,b620dc5cdacb75c1e860e84b3a78ff4b1b93d59d,2026-07-24T08:03:37Z,nkabardin,User,,human_account,,no,,,b620dc5cdacb75c1e860e84b3a78ff4b1b93d59d,nkabardin,nkabardin,2026-08-30T17:18:40.048379+00:00
67,langfuse/langfuse,pull_request,15395,pull_commit,committed,c20cf0fe913750e762a1b51efb3a82ab20127785,2026-07-24T08:04:00Z,nkabardin,User,,human_account,,no,,,c20cf0fe913750e762a1b51efb3a82ab20127785,nkabardin,nkabardin,2026-08-30T17:18:40.048379+00:00
67,langfuse/langfuse,pull_request,15395,pull_commit,committed,838197d67da5a61754bff06376a445d7467922e1,2026-07-24T08:04:13Z,nkabardin,User,,human_account,,no,,,838197d67da5a61754bff06376a445d7467922e1,nkabardin,nkabardin,2026-08-30T17:18:40.048379+00:00
67,langfuse/langfuse,pull_request,15395,pull_commit,committed,2e7027d9ed31961b96ff6526d45f156faf0c0d9d,2026-07-24T09:42:19Z,nkabardin,User,,human_account,,no,,,2e7027d9ed31961b96ff6526d45f156faf0c0d9d,nkabardin,nkabardin,2026-08-30T17:18:40.048379+00:00
67,langfuse/langfuse,pull_request,15395,pull_commit,committed,1c7cc8e86ff65ecb1b7a01f6b87898df3158d22e,2026-07-24T12:25:47Z,nkabardin,User,,human_account,,no,,,1c7cc8e86ff65ecb1b7a01f6b87898df3158d22e,nkabardin,nkabardin,2026-08-30T17:18:40.048379+00:00
67,langfuse/langfuse,pull_request,15395,pull_commit,committed,d11fce791858c3f88368881447faa2540799416a,2026-07-24T12:38:54Z,nkabardin,User,,human_account,,no,,,d11fce791858c3f88368881447faa2540799416a,nkabardin,nkabardin,2026-08-30T17:18:40.048379+00:00
67,langfuse/langfuse,pull_request,15395,pull_commit,committed,b49d92f0990c9f8c46d2d930a8d5bc8ce71d483a,2026-07-24T13:41:21Z,nkabardin,User,,human_account,,no,,,b49d92f0990c9f8c46d2d930a8d5bc8ce71d483a,nkabardin,nkabardin,2026-08-30T17:18:40.048379+00:00
67,langfuse/langfuse,pull_request,15395,pull_commit,committed,2117d45ae92cb83f77fc44ff280c79e8d137896e,2026-07-27T09:58:01Z,nkabardin,User,,human_account,,no,,,2117d45ae92cb83f77fc44ff280c79e8d137896e,nkabardin,nkabardin,2026-08-30T17:18:40.048379+00:00
67,langfuse/langfuse,pull_request,15395,pull_commit,committed,fec852123fd7249b606c19cf98290a8be9b1623c,2026-07-27T10:29:12Z,nkabardin,User,,human_account,,no,,,fec852123fd7249b606c19cf98290a8be9b1623c,nkabardin,nkabardin,2026-08-30T17:18:40.048379+00:00
67,langfuse/langfuse,pull_request,15395,pull_commit,committed,3bcaa875449466943b37c869a36dd6088fef9761,2026-07-27T10:30:12Z,nkabardin,User,,human_account,,no,,,3bcaa875449466943b37c869a36dd6088fef9761,nkabardin,nkabardin,2026-08-30T17:18:40.048379+00:00
67,langfuse/langfuse,pull_request,15461,pull_commit,committed,96e205716bdcae4321c92d43ef42df0f5305342d,2026-08-19T13:53:27Z,Steffen911,User,,human_account,,no,,,96e205716bdcae4321c92d43ef42df0f5305342d,Steffen911,Steffen911,2026-08-30T17:18:40.578776+00:00
67,langfuse/langfuse,pull_request,15461,pull_commit,committed,e2ce92dd5424387fa1673eac0f5442a678b1345f,2026-08-19T13:53:28Z,Steffen911,User,,human_account,,no,,,e2ce92dd5424387fa1673eac0f5442a678b1345f,Steffen911,Steffen911,2026-08-30T17:18:40.578776+00:00
67,langfuse/langfuse,pull_request,15461,pull_commit,committed,b3e1855441d97103eb72019ec50d3bcbc80ccfc3,2026-08-19T13:53:28Z,Steffen911,User,,human_account,,no,,,b3e1855441d97103eb72019ec50d3bcbc80ccfc3,Steffen911,Steffen911,2026-08-30T17:18:40.578776+00:00
67,langfuse/langfuse,pull_request,15461,pull_commit,committed,478b393f4e7ca6f5695de251b952ade972314f9f,2026-08-19T13:55:20Z,Steffen911,User,,human_account,,no,,,478b393f4e7ca6f5695de251b952ade972314f9f,Steffen911,Steffen911,2026-08-30T17:18:40.578776+00:00
67,langfuse/langfuse,pull_request,15461,pull_commit,committed,b7b051b486c2979037465d3ae337cf5f168d4a0b,2026-08-19T13:55:20Z,Steffen911,User,,human_account,,no,,,b7b051b486c2979037465d3ae337cf5f168d4a0b,Steffen911,Steffen911,2026-08-30T17:18:40.578776+00:00
67,langfuse/langfuse,pull_request,15461,pull_commit,committed,b0f88f066f0d54fc5a738d52c9c78b5f8b159f13,2026-08-19T14:37:28Z,web-flow,User,,human_account,,no,,,b0f88f066f0d54fc5a738d52c9c78b5f8b159f13,Steffen911,web-flow,2026-08-30T17:18:40.578776+00:00
67,langfuse/langfuse,pull_request,15461,pull_commit,committed,469197acb1331c49910f60392067695caff089b9,2026-08-21T09:10:27Z,web-flow,User,,human_account,,no,,,469197acb1331c49910f60392067695caff089b9,Steffen911,web-flow,2026-08-30T17:18:40.578776+00:00
67,langfuse/langfuse,pull_request,16490,pull_commit,committed,a6c662b72e23f4129c4d7788ce80de5363956ba5,2026-08-24T17:05:13Z,chelsealong,User,,human_account,,no,,,a6c662b72e23f4129c4d7788ce80de5363956ba5,chelsealong,chelsealong,2026-08-30T17:18:41.037053+00:00
67,langfuse/langfuse,pull_request,15413,pull_commit,committed,71beb9f8c9623b0649db30c2e143965a4f9032ea,2026-07-24T11:33:18Z,nkabardin,User,,human_account,,no,,,71beb9f8c9623b0649db30c2e143965a4f9032ea,nkabardin,nkabardin,2026-08-30T17:18:41.592538+00:00
67,langfuse/langfuse,pull_request,15413,pull_commit,committed,74ae65782a5f4b1d3d990da965847af88e81fc74,2026-07-24T11:53:46Z,nkabardin,User,,human_account,,no,,,74ae65782a5f4b1d3d990da965847af88e81fc74,nkabardin,nkabardin,2026-08-30T17:18:41.592538+00:00
67,langfuse/langfuse,pull_request,15413,pull_commit,committed,d80374b1a6dc67e88c4ec954866b0167d93e5931,2026-07-24T12:04:45Z,nkabardin,User,,human_account,,no,,,d80374b1a6dc67e88c4ec954866b0167d93e5931,nkabardin,nkabardin,2026-08-30T17:18:41.592538+00:00
67,langfuse/langfuse,pull_request,14980,pull_commit,committed,4327362f2838a8f3191ef3bd335888f9dbbfcab8,2026-07-10T14:22:52Z,niklassemmler,User,,human_account,,no,,,4327362f2838a8f3191ef3bd335888f9dbbfcab8,niklassemmler,niklassemmler,2026-08-30T17:18:42.045927+00:00
67,langfuse/langfuse,pull_request,14980,pull_commit,committed,6d0cb076373eba3ae1e090a73cd5c14086e5099f,2026-07-10T14:22:52Z,niklassemmler,User,,human_account,,no,,,6d0cb076373eba3ae1e090a73cd5c14086e5099f,niklassemmler,niklassemmler,2026-08-30T17:18:42.045927+00:00
67,langfuse/langfuse,pull_request,14980,pull_commit,committed,bee02612effe926bf658497f0dc1cd1b53c2405c,2026-07-10T14:22:52Z,niklassemmler,User,,human_account,,no,,,bee02612effe926bf658497f0dc1cd1b53c2405c,niklassemmler,niklassemmler,2026-08-30T17:18:42.045927+00:00
67,langfuse/langfuse,pull_request,14980,pull_commit,committed,685fdf4fa8d01d8aa8b2fe9e165d4052eb3fa6b2,2026-07-10T15:19:40Z,niklassemmler,User,,human_account,,no,,,685fdf4fa8d01d8aa8b2fe9e165d4052eb3fa6b2,niklassemmler,niklassemmler,2026-08-30T17:18:42.045927+00:00
67,langfuse/langfuse,pull_request,14980,pull_commit,committed,95570e7f02b15e765f5704edbcc7a3ac8c7eca62,2026-07-10T15:45:06Z,niklassemmler,User,,human_account,,no,,,95570e7f02b15e765f5704edbcc7a3ac8c7eca62,niklassemmler,niklassemmler,2026-08-30T17:18:42.045927+00:00
67,langfuse/langfuse,pull_request,14018,pull_commit,committed,e6ccf719eedbf41530ac24d21e6a5699ff0ece13,2026-06-05T11:08:58Z,bezbac,User,,human_account,,no,,,e6ccf719eedbf41530ac24d21e6a5699ff0ece13,bezbac,bezbac,2026-08-30T17:18:42.515179+00:00
67,langfuse/langfuse,pull_request,14018,pull_commit,committed,be9b8599130edcfac9d2eb93fa346bbbaed8775c,2026-06-05T14:16:56Z,bezbac,User,,human_account,,no,,,be9b8599130edcfac9d2eb93fa346bbbaed8775c,bezbac,bezbac,2026-08-30T17:18:42.515179+00:00
67,langfuse/langfuse,pull_request,13993,pull_commit,committed,794533ed05061bc5ca8caa2eb67b6dbb63e15354,2026-06-02T06:36:03Z,solstxce,User,,human_account,,no,,,794533ed05061bc5ca8caa2eb67b6dbb63e15354,solstxce,solstxce,2026-08-30T17:18:43.002064+00:00
67,langfuse/langfuse,pull_request,13993,pull_commit,committed,78756c58affb87bff43cf8e6005ccd921c7987e6,2026-06-02T11:01:02Z,solstxce,User,,human_account,,no,,,78756c58affb87bff43cf8e6005ccd921c7987e6,solstxce,solstxce,2026-08-30T17:18:43.002064+00:00
67,langfuse/langfuse,pull_request,16592,pull_commit,committed,19c11fc6c70d03b71b064713425a0a5bd1fcaa2c,2026-08-26T09:06:15Z,niklassemmler,User,,human_account,,no,,,19c11fc6c70d03b71b064713425a0a5bd1fcaa2c,niklassemmler,niklassemmler,2026-08-30T17:18:43.498713+00:00
67,langfuse/langfuse,pull_request,15259,pull_commit,committed,e99c207d7396ad60acf574bce58120ebafff73a5,2026-07-21T13:23:16Z,nimarb,User,,human_account,,no,,,e99c207d7396ad60acf574bce58120ebafff73a5,nimarb,nimarb,2026-08-30T17:18:44.016746+00:00
67,langfuse/langfuse,pull_request,14250,pull_commit,committed,5af4a43c45f1dfd054688182293d094949dfe512,2026-06-15T10:41:01Z,marliessophie,User,,human_account,,no,,,5af4a43c45f1dfd054688182293d094949dfe512,marliessophie,marliessophie,2026-08-30T17:18:44.462884+00:00
67,langfuse/langfuse,pull_request,14250,pull_commit,committed,0bf7e4c24bfe1bf7117bc3b41079a94301c463b4,2026-06-15T10:49:50Z,marliessophie,User,,human_account,,no,,,0bf7e4c24bfe1bf7117bc3b41079a94301c463b4,marliessophie,marliessophie,2026-08-30T17:18:44.462884+00:00
67,langfuse/langfuse,pull_request,14250,pull_commit,committed,d2991a691b6551f96187edab5a37c001cb528e11,2026-06-15T11:14:37Z,marliessophie,User,,human_account,,no,,,d2991a691b6551f96187edab5a37c001cb528e11,marliessophie,marliessophie,2026-08-30T17:18:44.462884+00:00
67,langfuse/langfuse,pull_request,14250,pull_commit,committed,2445062ce5f999ab6751451b258179cfa66f0f87,2026-06-15T11:24:15Z,marliessophie,User,,human_account,,no,,,2445062ce5f999ab6751451b258179cfa66f0f87,marliessophie,marliessophie,2026-08-30T17:18:44.462884+00:00
67,langfuse/langfuse,pull_request,14638,pull_commit,committed,802f5e5aecdd67a1fc4e0645c26450a9226f59bd,2026-06-29T16:14:43Z,nimarb,User,,human_account,,no,,,802f5e5aecdd67a1fc4e0645c26450a9226f59bd,nimarb,nimarb,2026-08-30T17:18:44.969290+00:00
67,langfuse/langfuse,pull_request,14638,pull_commit,committed,a5a3599c4f93e9a8788cd77136cd21ee7a6c74ee,2026-06-29T16:26:37Z,nimarb,User,,human_account,,no,,,a5a3599c4f93e9a8788cd77136cd21ee7a6c74ee,nimarb,nimarb,2026-08-30T17:18:44.969290+00:00
67,langfuse/langfuse,pull_request,14638,pull_commit,committed,10ed5d0c7aa6cfac9c9c6894b08ab9c3cd98fa1f,2026-06-29T16:34:08Z,nimarb,User,,human_account,,no,,,10ed5d0c7aa6cfac9c9c6894b08ab9c3cd98fa1f,nimarb,nimarb,2026-08-30T17:18:44.969290+00:00
67,langfuse/langfuse,pull_request,14638,pull_commit,committed,c8e790d54cde7eb33c142f504e3337d679280bc9,2026-06-29T16:40:49Z,nimarb,User,,human_account,,no,,,c8e790d54cde7eb33c142f504e3337d679280bc9,nimarb,nimarb,2026-08-30T17:18:44.969290+00:00
67,langfuse/langfuse,pull_request,14360,pull_commit,committed,c6f7beed0837084444c00c3ac701feb5ab323727,2026-06-18T12:43:30Z,maxdeichmann,User,,human_account,,no,,,c6f7beed0837084444c00c3ac701feb5ab323727,maxdeichmann,maxdeichmann,2026-08-30T17:18:46.002492+00:00
67,langfuse/langfuse,pull_request,14360,pull_commit,committed,db6e7c22a9ab3f951ff6cafdddf947c5fcc42e55,2026-06-18T12:43:33Z,maxdeichmann,User,,human_account,,no,,,db6e7c22a9ab3f951ff6cafdddf947c5fcc42e55,maxdeichmann,maxdeichmann,2026-08-30T17:18:46.002492+00:00
67,langfuse/langfuse,pull_request,14360,pull_commit,committed,9111739a4ac9f7ed502a28fbc2e9ab16d900646b,2026-06-18T12:43:33Z,maxdeichmann,User,,human_account,,no,,,9111739a4ac9f7ed502a28fbc2e9ab16d900646b,maxdeichmann,maxdeichmann,2026-08-30T17:18:46.002492+00:00
67,langfuse/langfuse,pull_request,14360,pull_commit,committed,33ba0d8591f7e16123f62e68bef951866e8870bd,2026-06-18T12:49:13Z,maxdeichmann,User,,human_account,,no,,,33ba0d8591f7e16123f62e68bef951866e8870bd,maxdeichmann,maxdeichmann,2026-08-30T17:18:46.002492+00:00
67,langfuse/langfuse,pull_request,14360,pull_commit,committed,fa8858981e0b5481c40789a82e539ecb9ec9bee3,2026-06-18T12:58:32Z,maxdeichmann,User,,human_account,,no,,,fa8858981e0b5481c40789a82e539ecb9ec9bee3,maxdeichmann,maxdeichmann,2026-08-30T17:18:46.002492+00:00
67,langfuse/langfuse,pull_request,14360,pull_commit,committed,b66c7306243d1a50a08edaeb706052814a5de696,2026-06-18T13:13:31Z,maxdeichmann,User,,human_account,,no,,,b66c7306243d1a50a08edaeb706052814a5de696,maxdeichmann,maxdeichmann,2026-08-30T17:18:46.002492+00:00
67,langfuse/langfuse,pull_request,14360,pull_commit,committed,82830d4b35bf9ed1bcb497e86afc70775fbad7a6,2026-06-18T13:33:36Z,maxdeichmann,User,,human_account,,no,,,82830d4b35bf9ed1bcb497e86afc70775fbad7a6,maxdeichmann,maxdeichmann,2026-08-30T17:18:46.002492+00:00
67,langfuse/langfuse,pull_request,14360,pull_commit,committed,a32258a7e29ec7421cb7e9fbf50e9694d71bbbf1,2026-06-18T13:47:37Z,maxdeichmann,User,,human_account,,no,,,a32258a7e29ec7421cb7e9fbf50e9694d71bbbf1,maxdeichmann,maxdeichmann,2026-08-30T17:18:46.002492+00:00
67,langfuse/langfuse,pull_request,14360,pull_commit,committed,3b8e9746163d19748c76a5143ed3f0821a6ef8a0,2026-06-18T13:50:59Z,maxdeichmann,User,,human_account,,no,,,3b8e9746163d19748c76a5143ed3f0821a6ef8a0,maxdeichmann,maxdeichmann,2026-08-30T17:18:46.002492+00:00
67,langfuse/langfuse,pull_request,14360,pull_commit,committed,2ef64fe21010666f3fdcffa1061350305ec9774a,2026-06-18T14:00:07Z,maxdeichmann,User,,human_account,,no,,,2ef64fe21010666f3fdcffa1061350305ec9774a,maxdeichmann,maxdeichmann,2026-08-30T17:18:46.002492+00:00
67,langfuse/langfuse,pull_request,14360,pull_commit,committed,b1d6d0b53057747a4c90a6e50b5e5560b8ad4e72,2026-06-18T14:32:48Z,maxdeichmann,User,,human_account,,no,,,b1d6d0b53057747a4c90a6e50b5e5560b8ad4e72,maxdeichmann,maxdeichmann,2026-08-30T17:18:46.002492+00:00
67,langfuse/langfuse,pull_request,14360,pull_commit,committed,f9d98608ff7d9eceff5fb9a0d7095b09c1478197,2026-06-18T14:57:09Z,maxdeichmann,User,,human_account,,no,,,f9d98608ff7d9eceff5fb9a0d7095b09c1478197,maxdeichmann,maxdeichmann,2026-08-30T17:18:46.002492+00:00
67,langfuse/langfuse,pull_request,15607,pull_commit,committed,a78fdd1399b485fd4682f6812ce3c30d77cf9d41,2026-07-30T08:13:23Z,Steffen911,User,,human_account,,no,,,a78fdd1399b485fd4682f6812ce3c30d77cf9d41,Steffen911,Steffen911,2026-08-30T17:18:46.540462+00:00
67,langfuse/langfuse,pull_request,15607,pull_commit,committed,34d92422838eb2cb9ffac2a02729ecd716100a11,2026-07-30T08:13:35Z,Steffen911,User,,human_account,,no,,,34d92422838eb2cb9ffac2a02729ecd716100a11,Steffen911,Steffen911,2026-08-30T17:18:46.540462+00:00
67,langfuse/langfuse,pull_request,16002,pull_commit,committed,53fd3563906d840d90a9a54e6cda3003c6873bf8,2026-08-11T16:30:16Z,nimarb,User,,human_account,,no,,,53fd3563906d840d90a9a54e6cda3003c6873bf8,nimarb,nimarb,2026-08-30T17:18:47.042447+00:00
67,langfuse/langfuse,pull_request,16002,pull_commit,committed,7e500bade7fa5c9690b8fbb708d25656bec248d8,2026-08-12T10:38:32Z,nimarb,User,,human_account,,no,,,7e500bade7fa5c9690b8fbb708d25656bec248d8,nimarb,nimarb,2026-08-30T17:18:47.042447+00:00
67,langfuse/langfuse,pull_request,16002,pull_commit,committed,f9a4820054547cbde352d61216f3ce21ac47b57b,2026-08-12T11:34:53Z,nimarb,User,,human_account,,no,,,f9a4820054547cbde352d61216f3ce21ac47b57b,nimarb,nimarb,2026-08-30T17:18:47.042447+00:00
67,langfuse/langfuse,pull_request,16002,pull_commit,committed,8c3532af596e254218e9a2b30653e3955154b28a,2026-08-12T12:19:28Z,nimarb,User,,human_account,,no,,,8c3532af596e254218e9a2b30653e3955154b28a,nimarb,nimarb,2026-08-30T17:18:47.042447+00:00
67,langfuse/langfuse,pull_request,16072,pull_commit,committed,11ad6b8e9881a7d31a8afe95df39b18bcc38834a,2026-08-12T15:42:01Z,sumerman,User,,human_account,,no,,,11ad6b8e9881a7d31a8afe95df39b18bcc38834a,sumerman,sumerman,2026-08-30T17:18:47.574166+00:00
76,langchain-ai/langchain,pull_request,22094,pull_commit,committed,cc9d59ccc19bc1f2b27765852d209c1769e7e786,2024-05-22T21:35:59Z,,,,unknown,,no,,,cc9d59ccc19bc1f2b27765852d209c1769e7e786,,,2026-08-30T17:18:48.120901+00:00
76,langchain-ai/langchain,pull_request,22094,pull_commit,committed,c71583a554cbee51c0edec548e6a7ee3cb0ce9a5,2024-05-23T14:26:48Z,web-flow,User,,human_account,,no,,,c71583a554cbee51c0edec548e6a7ee3cb0ce9a5,cwaddingham,web-flow,2026-08-30T17:18:48.120901+00:00
76,langchain-ai/langchain,pull_request,22094,pull_commit,committed,46286c27933147fe7f9210216cd81bc499e9603b,2024-05-23T15:55:50Z,web-flow,User,,human_account,,no,,,46286c27933147fe7f9210216cd81bc499e9603b,cwaddingham,web-flow,2026-08-30T17:18:48.120901+00:00
76,langchain-ai/langchain,pull_request,22094,pull_commit,committed,1f14f97ae51ae5f2b27c2a2c0cbcfbb2f4c7ec47,2024-05-23T15:58:53Z,web-flow,User,,human_account,,no,,,1f14f97ae51ae5f2b27c2a2c0cbcfbb2f4c7ec47,cwaddingham,web-flow,2026-08-30T17:18:48.120901+00:00
76,langchain-ai/langchain,pull_request,22094,pull_commit,committed,8de1dae913ffe74baf6f8b4dbb3d3ea5b5083d5e,2024-05-23T16:03:58Z,,,,unknown,,no,,,8de1dae913ffe74baf6f8b4dbb3d3ea5b5083d5e,,,2026-08-30T17:18:48.120901+00:00
76,langchain-ai/langchain,pull_request,22094,pull_commit,committed,31d9e267e72b8c465a80a28d8bf83160c905a9f6,2024-05-23T18:28:05Z,web-flow,User,,human_account,,no,,,31d9e267e72b8c465a80a28d8bf83160c905a9f6,cwaddingham,web-flow,2026-08-30T17:18:48.120901+00:00
76,langchain-ai/langchain,pull_request,22094,pull_commit,committed,6e92045aee6833bec69a544a92de4c9f9f502544,2024-05-23T20:42:39Z,,,,unknown,,no,,,6e92045aee6833bec69a544a92de4c9f9f502544,,,2026-08-30T17:18:48.120901+00:00
76,langchain-ai/langchain,pull_request,22094,pull_commit,committed,17dde4901e1dc2adbb1908d96c4d4c04a777a68b,2024-05-23T20:52:53Z,web-flow,User,,human_account,,no,,,17dde4901e1dc2adbb1908d96c4d4c04a777a68b,cwaddingham,web-flow,2026-08-30T17:18:48.120901+00:00
76,langchain-ai/langchain,pull_request,22094,pull_commit,committed,15747c4bb1e8ffd6c17f8a8f576fcfe5df47b642,2024-05-23T23:11:35Z,web-flow,User,,human_account,,no,,,15747c4bb1e8ffd6c17f8a8f576fcfe5df47b642,cwaddingham,web-flow,2026-08-30T17:18:48.120901+00:00
76,langchain-ai/langchain,pull_request,22094,pull_commit,committed,59e31eb1ddf3755f4129c43188ca855a4d2c22b7,2024-05-23T23:11:41Z,web-flow,User,,human_account,,no,,,59e31eb1ddf3755f4129c43188ca855a4d2c22b7,cwaddingham,web-flow,2026-08-30T17:18:48.120901+00:00
76,langchain-ai/langchain,pull_request,22094,pull_commit,committed,aafeea70b07860cfb9e452e89cbfb7098d142244,2024-06-04T00:33:44Z,web-flow,User,,human_account,,no,,,aafeea70b07860cfb9e452e89cbfb7098d142244,baskaryan,web-flow,2026-08-30T17:18:48.120901+00:00
76,langchain-ai/langchain,pull_request,22094,pull_commit,committed,44ce933070e099884a2c28dc7aac1bc420c0918d,2024-06-11T02:32:01Z,baskaryan,User,,human_account,,no,,,44ce933070e099884a2c28dc7aac1bc420c0918d,baskaryan,baskaryan,2026-08-30T17:18:48.120901+00:00
76,langchain-ai/langchain,pull_request,22094,pull_commit,committed,770971e9b394ced1720a29f089a1de55ceba9918,2024-06-11T02:33:34Z,baskaryan,User,,human_account,,no,,,770971e9b394ced1720a29f089a1de55ceba9918,baskaryan,baskaryan,2026-08-30T17:18:48.120901+00:00
76,langchain-ai/langchain,pull_request,22094,pull_commit,committed,d56dcc3fbbe60df3a8db2bf34e22c5ee1d6eb414,2024-06-11T02:34:42Z,web-flow,User,,human_account,,no,,,d56dcc3fbbe60df3a8db2bf34e22c5ee1d6eb414,baskaryan,web-flow,2026-08-30T17:18:48.120901+00:00
76,langchain-ai/langchain,pull_request,22094,pull_commit,committed,93f7f3641ca9538b18511628d00b7f52b2704cf5,2024-06-20T18:53:53Z,ccurme,User,,human_account,,no,,,93f7f3641ca9538b18511628d00b7f52b2704cf5,ccurme,ccurme,2026-08-30T17:18:48.120901+00:00
76,langchain-ai/langchain,pull_request,22094,pull_commit,committed,b57e0a662f2c98affdeeffbf8a8e72176c0133d6,2024-06-20T18:55:51Z,ccurme,User,,human_account,,no,,,b57e0a662f2c98affdeeffbf8a8e72176c0133d6,ccurme,ccurme,2026-08-30T17:18:48.120901+00:00
76,langchain-ai/langchain,pull_request,23362,pull_commit,committed,0e75e382b3b868ba3ae3fde858d954ebabdaa8fd,2024-06-24T18:23:51Z,jacoblee93,User,,human_account,,no,,,0e75e382b3b868ba3ae3fde858d954ebabdaa8fd,jacoblee93,jacoblee93,2026-08-30T17:18:48.717182+00:00
76,langchain-ai/langchain,pull_request,21831,pull_commit,committed,3558ece6703942cd5bc61e306b1c958633ee0bc0,2024-05-17T20:18:20Z,,,,unknown,,no,,,3558ece6703942cd5bc61e306b1c958633ee0bc0,,,2026-08-30T17:18:49.166126+00:00
76,langchain-ai/langchain,pull_request,22052,pull_commit,committed,8b5f4cc0a4c05f7ddd6df14408bde3fe84badc15,2024-05-22T23:59:04Z,morgante,User,,human_account,,no,,,8b5f4cc0a4c05f7ddd6df14408bde3fe84badc15,morgante,morgante,2026-08-30T17:18:49.703347+00:00
76,langchain-ai/langchain,pull_request,22052,pull_commit,committed,f85f87881ce7ee431292b028e8a0d57304ac6c9f,2024-05-23T00:07:25Z,morgante,User,,human_account,,no,,,f85f87881ce7ee431292b028e8a0d57304ac6c9f,morgante,morgante,2026-08-30T17:18:49.703347+00:00
76,langchain-ai/langchain,pull_request,22990,pull_commit,committed,eb3037cc4a54c4bf0c8fdfd5c11ab52c2fa237de,2024-06-17T17:00:17Z,baskaryan,User,,human_account,,no,,,eb3037cc4a54c4bf0c8fdfd5c11ab52c2fa237de,baskaryan,baskaryan,2026-08-30T17:18:50.196136+00:00
76,langchain-ai/langchain,pull_request,24204,pull_commit,committed,4654d37b00302d1dc5df09b7897d04c1aaf712c4,2024-07-12T20:43:10Z,baskaryan,User,,human_account,,no,,,4654d37b00302d1dc5df09b7897d04c1aaf712c4,baskaryan,baskaryan,2026-08-30T17:18:50.633039+00:00
76,langchain-ai/langchain,pull_request,25010,pull_commit,committed,4d8b5ab966925ec4391719fb22c230dae8a3bb2c,2024-08-03T00:33:27Z,baskaryan,User,,human_account,,no,,,4d8b5ab966925ec4391719fb22c230dae8a3bb2c,baskaryan,baskaryan,2026-08-30T17:18:51.077334+00:00
76,langchain-ai/langchain,pull_request,23603,pull_commit,committed,2bc9628e9f5b24dedbb09cbece3e912f0d112ee5,2024-06-27T19:01:03Z,eyurtsev,User,,human_account,,no,,,2bc9628e9f5b24dedbb09cbece3e912f0d112ee5,eyurtsev,eyurtsev,2026-08-30T17:18:51.526298+00:00
76,langchain-ai/langchain,pull_request,23603,pull_commit,committed,6d357a0db0a1a062effa8685bedf58f86c822373,2024-06-27T19:02:04Z,eyurtsev,User,,human_account,,no,,,6d357a0db0a1a062effa8685bedf58f86c822373,eyurtsev,eyurtsev,2026-08-30T17:18:51.526298+00:00
76,langchain-ai/langchain,pull_request,23603,pull_commit,committed,e32fb5e8674d074fab270b1b59a64c819d7e15d5,2024-06-27T20:15:13Z,eyurtsev,User,,human_account,,no,,,e32fb5e8674d074fab270b1b59a64c819d7e15d5,eyurtsev,eyurtsev,2026-08-30T17:18:51.526298+00:00
76,langchain-ai/langchain,pull_request,21498,pull_commit,committed,171d68f7505adc564e034019bde7101ec895fc27,2024-05-09T18:21:11Z,dglogo,User,,human_account,,no,,,171d68f7505adc564e034019bde7101ec895fc27,dglogo,dglogo,2026-08-30T17:18:52.035564+00:00
76,langchain-ai/langchain,pull_request,21498,pull_commit,committed,05dbca5c862c3f8be80139fca17bcf96a7c1a6f0,2024-05-09T19:44:02Z,dglogo,User,,human_account,,no,,,05dbca5c862c3f8be80139fca17bcf96a7c1a6f0,dglogo,dglogo,2026-08-30T17:18:52.035564+00:00
76,langchain-ai/langchain,pull_request,23786,pull_commit,committed,393b767127456240244b560713a140832064b385,2024-07-02T22:57:29Z,jacoblee93,User,,human_account,,no,,,393b767127456240244b560713a140832064b385,jacoblee93,jacoblee93,2026-08-30T17:18:52.658613+00:00
76,langchain-ai/langchain,pull_request,23786,pull_commit,committed,2985d836903d694cfd2bd2a250c1782c8e19fd78,2024-07-02T22:59:01Z,jacoblee93,User,,human_account,,no,,,2985d836903d694cfd2bd2a250c1782c8e19fd78,jacoblee93,jacoblee93,2026-08-30T17:18:52.658613+00:00
76,langchain-ai/langchain,pull_request,23786,pull_commit,committed,589ed2a5bce5f63b29e9e450957883e08d281b5c,2024-07-02T22:59:38Z,jacoblee93,User,,human_account,,no,,,589ed2a5bce5f63b29e9e450957883e08d281b5c,jacoblee93,jacoblee93,2026-08-30T17:18:52.658613+00:00
76,langchain-ai/langchain,pull_request,23786,pull_commit,committed,42b8eb1dad6763b8f90f8a4d1560514fcfd85eec,2024-07-02T23:03:50Z,jacoblee93,User,,human_account,,no,,,42b8eb1dad6763b8f90f8a4d1560514fcfd85eec,jacoblee93,jacoblee93,2026-08-30T17:18:52.658613+00:00
76,langchain-ai/langchain,pull_request,24958,pull_commit,committed,95253648ea196fe80c116de1e7ca0cef742f72b5,2024-08-02T04:28:51Z,jimwbaldwin,User,,human_account,,no,,,95253648ea196fe80c116de1e7ca0cef742f72b5,jimwbaldwin,jimwbaldwin,2026-08-30T17:18:53.101429+00:00
76,langchain-ai/langchain,pull_request,24958,pull_commit,committed,0164116eb8c23861019581d549b25f37499d04e0,2024-08-02T13:45:45Z,web-flow,User,,human_account,,no,,,0164116eb8c23861019581d549b25f37499d04e0,ccurme,web-flow,2026-08-30T17:18:53.101429+00:00
76,langchain-ai/langchain,pull_request,24958,pull_commit,committed,bd6b56ef07a80a4e72fe1c533edf2101e8c673c6,2024-08-02T20:38:29Z,web-flow,User,,human_account,,no,,,bd6b56ef07a80a4e72fe1c533edf2101e8c673c6,jimwbaldwin,web-flow,2026-08-30T17:18:53.101429+00:00
76,langchain-ai/langchain,pull_request,24958,pull_commit,committed,badf678072a89837994011077b49ae04b8b42218,2024-08-04T20:53:53Z,web-flow,User,,human_account,,no,,,badf678072a89837994011077b49ae04b8b42218,jimwbaldwin,web-flow,2026-08-30T17:18:53.101429+00:00
76,langchain-ai/langchain,pull_request,21644,pull_commit,committed,5139eec430703bc46faaef01185ebc1886694ed7,2024-05-14T01:33:15Z,hinthornw,User,,human_account,,no,,,5139eec430703bc46faaef01185ebc1886694ed7,hinthornw,hinthornw,2026-08-30T17:18:53.648678+00:00
76,langchain-ai/langchain,pull_request,21644,pull_commit,committed,ee98380ddad97a833606464a71c8ffd99d2b5c55,2024-05-14T01:35:46Z,hinthornw,User,,human_account,,no,,,ee98380ddad97a833606464a71c8ffd99d2b5c55,hinthornw,hinthornw,2026-08-30T17:18:53.648678+00:00
76,langchain-ai/langchain,pull_request,21644,pull_commit,committed,9f511ed1b8a428b3f0e24eb8a8ec42f00ad20cf8,2024-05-14T05:49:38Z,hinthornw,User,,human_account,,no,,,9f511ed1b8a428b3f0e24eb8a8ec42f00ad20cf8,hinthornw,hinthornw,2026-08-30T17:18:53.648678+00:00
76,langchain-ai/langchain,pull_request,21644,pull_commit,committed,554d89fef7c9d03dc7ace374acd260e55158b952,2024-05-14T05:52:23Z,web-flow,User,,human_account,,no,,,554d89fef7c9d03dc7ace374acd260e55158b952,hinthornw,web-flow,2026-08-30T17:18:53.648678+00:00
76,langchain-ai/langchain,pull_request,24530,pull_commit,committed,c19e17e27273ce127214a08e1943034becba73b6,2024-07-23T04:27:05Z,B-Step62,User,,human_account,,no,,,c19e17e27273ce127214a08e1943034becba73b6,B-Step62,B-Step62,2026-08-30T17:18:54.125446+00:00
76,langchain-ai/langchain,pull_request,24530,pull_commit,committed,19dad90efba125cb87825999b2b58f5b7ce55e61,2024-07-23T04:31:38Z,B-Step62,User,,human_account,,no,,,19dad90efba125cb87825999b2b58f5b7ce55e61,B-Step62,B-Step62,2026-08-30T17:18:54.125446+00:00
76,langchain-ai/langchain,pull_request,24530,pull_commit,committed,4a41c81b4d5eeae106bf9e88d5824e78213f923b,2024-07-23T04:37:43Z,B-Step62,User,,human_account,,no,,,4a41c81b4d5eeae106bf9e88d5824e78213f923b,B-Step62,B-Step62,2026-08-30T17:18:54.125446+00:00
76,langchain-ai/langchain,pull_request,24530,pull_commit,committed,bc31f4b62b2e1daf062814d29affcbc12e7930d1,2024-07-24T02:13:04Z,B-Step62,User,,human_account,,no,,,bc31f4b62b2e1daf062814d29affcbc12e7930d1,B-Step62,B-Step62,2026-08-30T17:18:54.125446+00:00
76,langchain-ai/langchain,pull_request,23370,pull_commit,committed,2c8fa005bb0fa75e162d250b4ba0072d0afdb3a7,2024-07-03T15:33:10Z,hinthornw,User,,human_account,,no,,,2c8fa005bb0fa75e162d250b4ba0072d0afdb3a7,hinthornw,hinthornw,2026-08-30T17:18:54.670039+00:00
76,langchain-ai/langchain,pull_request,23370,pull_commit,committed,8d672d16e16f7420e861ad7166da2809289a751c,2024-07-03T15:33:10Z,hinthornw,User,,human_account,,no,,,8d672d16e16f7420e861ad7166da2809289a751c,hinthornw,hinthornw,2026-08-30T17:18:54.670039+00:00
76,langchain-ai/langchain,pull_request,23370,pull_commit,committed,8adfc84b5a205762708fc1aa856e38bfa97b80c0,2024-07-03T15:33:10Z,hinthornw,User,,human_account,,no,,,8adfc84b5a205762708fc1aa856e38bfa97b80c0,hinthornw,hinthornw,2026-08-30T17:18:54.670039+00:00
76,langchain-ai/langchain,pull_request,23370,pull_commit,committed,26b0baa0f56e50adaf914188eff631cf80b9aaf6,2024-07-03T15:33:10Z,hinthornw,User,,human_account,,no,,,26b0baa0f56e50adaf914188eff631cf80b9aaf6,hinthornw,hinthornw,2026-08-30T17:18:54.670039+00:00
76,langchain-ai/langchain,pull_request,23370,pull_commit,committed,7bb2e690a577168dae413febc5dac135674e76d1,2024-07-03T15:33:10Z,hinthornw,User,,human_account,,no,,,7bb2e690a577168dae413febc5dac135674e76d1,hinthornw,hinthornw,2026-08-30T17:18:54.670039+00:00
76,langchain-ai/langchain,pull_request,23370,pull_commit,committed,6f403219db37b5d461697af5768616e192ee1fde,2024-07-03T15:33:10Z,hinthornw,User,,human_account,,no,,,6f403219db37b5d461697af5768616e192ee1fde,wwkk7080,hinthornw,2026-08-30T17:18:54.670039+00:00
76,langchain-ai/langchain,pull_request,23370,pull_commit,committed,725f4aec99f7048eb9121c02ad6704e755dbda77,2024-07-03T15:33:10Z,hinthornw,User,,human_account,,no,,,725f4aec99f7048eb9121c02ad6704e755dbda77,hinthornw,hinthornw,2026-08-30T17:18:54.670039+00:00
76,langchain-ai/langchain,pull_request,22865,pull_commit,committed,97f77f126e136e13e6beaeb4daef1d4ab40d5f96,2024-06-13T20:49:42Z,nfcampos,User,,human_account,,no,,,97f77f126e136e13e6beaeb4daef1d4ab40d5f96,nfcampos,nfcampos,2026-08-30T17:18:55.324125+00:00
76,langchain-ai/langchain,pull_request,22865,pull_commit,committed,9c5320568cc0544d97976652c11e8cdc19787332,2024-06-13T20:57:48Z,nfcampos,User,,human_account,,no,,,9c5320568cc0544d97976652c11e8cdc19787332,nfcampos,nfcampos,2026-08-30T17:18:55.324125+00:00
76,langchain-ai/langchain,pull_request,25754,pull_commit,committed,1c48dab6c219bee49ab567e975b6d9995f008639,2024-08-26T14:17:15Z,federico-pisanu,User,,human_account,,no,,,1c48dab6c219bee49ab567e975b6d9995f008639,federico-pisanu,federico-pisanu,2026-08-30T17:18:55.935642+00:00
76,langchain-ai/langchain,pull_request,25754,pull_commit,committed,0ab19f9c2fb85f02fe5ab165a10e9431db79dab9,2024-08-28T07:32:24Z,federico-pisanu,User,,human_account,,no,,,0ab19f9c2fb85f02fe5ab165a10e9431db79dab9,federico-pisanu,federico-pisanu,2026-08-30T17:18:55.935642+00:00
76,langchain-ai/langchain,pull_request,25754,pull_commit,committed,79476ee1ac0d0c9874f93c28edb20fc90c4b70b1,2024-09-18T15:40:23Z,web-flow,User,,human_account,,no,,,79476ee1ac0d0c9874f93c28edb20fc90c4b70b1,eyurtsev,web-flow,2026-08-30T17:18:55.935642+00:00
76,langchain-ai/langchain,pull_request,25754,pull_commit,committed,8e5aa394a05793c25de15a3b0e8ceccd4efc6f22,2024-09-18T15:51:58Z,eyurtsev,User,,human_account,,no,,,8e5aa394a05793c25de15a3b0e8ceccd4efc6f22,eyurtsev,eyurtsev,2026-08-30T17:18:55.935642+00:00
76,langchain-ai/langchain,pull_request,25754,pull_commit,committed,96f967c5b3d84e7cff6038bdca54073f02919723,2024-09-30T20:37:39Z,web-flow,User,,human_account,,no,,,96f967c5b3d84e7cff6038bdca54073f02919723,eyurtsev,web-flow,2026-08-30T17:18:55.935642+00:00
76,langchain-ai/langchain,pull_request,25754,pull_commit,committed,2b44727749bb1c66eb01d20f3621458eed8ca3e9,2024-09-30T20:50:56Z,eyurtsev,User,,human_account,,no,,,2b44727749bb1c66eb01d20f3621458eed8ca3e9,eyurtsev,eyurtsev,2026-08-30T17:18:55.935642+00:00
76,langchain-ai/langchain,pull_request,25754,pull_commit,committed,7c615b606d20c7ea575df4d3d7894f7605e5da93,2024-09-30T20:52:18Z,eyurtsev,User,,human_account,,no,,,7c615b606d20c7ea575df4d3d7894f7605e5da93,eyurtsev,eyurtsev,2026-08-30T17:18:55.935642+00:00
76,langchain-ai/langchain,pull_request,25430,pull_commit,committed,733d5f78689c53d5e903fae3153362b52fba48c1,2024-08-14T16:46:25Z,B-Step62,User,,human_account,,no,,,733d5f78689c53d5e903fae3153362b52fba48c1,B-Step62,B-Step62,2026-08-30T17:18:56.504424+00:00
76,langchain-ai/langchain,pull_request,25430,pull_commit,committed,f6bb7f685d2d4af589a7b81dd4ebec34c53eaa23,2024-08-14T16:46:26Z,B-Step62,User,,human_account,,no,,,f6bb7f685d2d4af589a7b81dd4ebec34c53eaa23,B-Step62,B-Step62,2026-08-30T17:18:56.504424+00:00
76,langchain-ai/langchain,pull_request,25430,pull_commit,committed,cbdcb15c559d0314a64dafd5808b25cd133b68ca,2024-08-14T16:46:26Z,B-Step62,User,,human_account,,no,,,cbdcb15c559d0314a64dafd5808b25cd133b68ca,B-Step62,B-Step62,2026-08-30T17:18:56.504424+00:00
76,langchain-ai/langchain,pull_request,25430,pull_commit,committed,e0226c7b2cb65c28b468d4e631e4426001f16d10,2024-08-15T06:28:42Z,B-Step62,User,,human_account,,no,,,e0226c7b2cb65c28b468d4e631e4426001f16d10,B-Step62,B-Step62,2026-08-30T17:18:56.504424+00:00
76,langchain-ai/langchain,pull_request,25430,pull_commit,committed,dd1f84877c50ed3c605cec3261ae212e5101d3bc,2024-08-15T06:48:22Z,B-Step62,User,,human_account,,no,,,dd1f84877c50ed3c605cec3261ae212e5101d3bc,B-Step62,B-Step62,2026-08-30T17:18:56.504424+00:00
76,langchain-ai/langchain,pull_request,25430,pull_commit,committed,e6b659e1b9f509ab7d92bfc300f162c9703d0f9f,2024-08-15T07:12:17Z,B-Step62,User,,human_account,,no,,,e6b659e1b9f509ab7d92bfc300f162c9703d0f9f,B-Step62,B-Step62,2026-08-30T17:18:56.504424+00:00
76,langchain-ai/langchain,pull_request,25430,pull_commit,committed,4cbf0a0830b343ee6669182f38d58f23581db130,2024-08-15T07:16:51Z,B-Step62,User,,human_account,,no,,,4cbf0a0830b343ee6669182f38d58f23581db130,B-Step62,B-Step62,2026-08-30T17:18:56.504424+00:00
76,langchain-ai/langchain,pull_request,25430,pull_commit,committed,a0735730dd6df66fbd4ab9243d86743859f56757,2024-08-15T07:30:20Z,B-Step62,User,,human_account,,no,,,a0735730dd6df66fbd4ab9243d86743859f56757,B-Step62,B-Step62,2026-08-30T17:18:56.504424+00:00
76,langchain-ai/langchain,pull_request,25430,pull_commit,committed,3ea4816478af29dc68657d85f25ea5a5a1e5074a,2024-08-15T07:50:12Z,B-Step62,User,,human_account,,no,,,3ea4816478af29dc68657d85f25ea5a5a1e5074a,B-Step62,B-Step62,2026-08-30T17:18:56.504424+00:00
76,langchain-ai/langchain,pull_request,25430,pull_commit,committed,7a4edbb9aeef25c022de5df1603358db5a23c644,2024-08-15T08:10:44Z,B-Step62,User,,human_account,,no,,,7a4edbb9aeef25c022de5df1603358db5a23c644,B-Step62,B-Step62,2026-08-30T17:18:56.504424+00:00
76,langchain-ai/langchain,pull_request,25430,pull_commit,committed,ec1d4b4d35629b53c858511c894af311c0a38e55,2024-08-15T08:28:24Z,B-Step62,User,,human_account,,no,,,ec1d4b4d35629b53c858511c894af311c0a38e55,B-Step62,B-Step62,2026-08-30T17:18:56.504424+00:00
76,langchain-ai/langchain,pull_request,25430,pull_commit,committed,e5c6fa5891f6de4f15e50f906c7489cd3f96499d,2024-08-15T08:42:47Z,B-Step62,User,,human_account,,no,,,e5c6fa5891f6de4f15e50f906c7489cd3f96499d,B-Step62,B-Step62,2026-08-30T17:18:56.504424+00:00
76,langchain-ai/langchain,pull_request,25430,pull_commit,committed,0b27ddc5586050f509a9de45e60d3f345eb39d37,2024-08-16T18:43:01Z,,,,unknown,,no,,,0b27ddc5586050f509a9de45e60d3f345eb39d37,,,2026-08-30T17:18:56.504424+00:00
76,langchain-ai/langchain,pull_request,25430,pull_commit,committed,044b6cbfc9d9ca377089b2c0ff55a2f8288cbf8e,2024-08-16T18:43:43Z,,,,unknown,,no,,,044b6cbfc9d9ca377089b2c0ff55a2f8288cbf8e,,,2026-08-30T17:18:56.504424+00:00
76,langchain-ai/langchain,pull_request,25430,pull_commit,committed,3f6c031bf368542c680e0175a6a3f3a2e8aecd0f,2024-08-21T00:30:14Z,web-flow,User,,human_account,,no,,,3f6c031bf368542c680e0175a6a3f3a2e8aecd0f,,web-flow,2026-08-30T17:18:56.504424+00:00
76,langchain-ai/langchain,pull_request,25430,pull_commit,committed,8778d5430f0eb6fa0cdbb4578f1d936ac4dcf983,2024-08-21T22:08:14Z,B-Step62,User,,human_account,,no,,,8778d5430f0eb6fa0cdbb4578f1d936ac4dcf983,B-Step62,B-Step62,2026-08-30T17:18:56.504424+00:00
76,langchain-ai/langchain,pull_request,25430,pull_commit,committed,1761d81582633b742de05a17a6f5120cbf9ad2df,2024-08-21T23:37:26Z,,,,unknown,,no,,,1761d81582633b742de05a17a6f5120cbf9ad2df,,,2026-08-30T17:18:56.504424+00:00
76,langchain-ai/langchain,pull_request,25430,pull_commit,committed,3b5e57a58f2dd2111518414b50d263350f64716b,2024-08-21T23:39:17Z,,,,unknown,,no,,,3b5e57a58f2dd2111518414b50d263350f64716b,,,2026-08-30T17:18:56.504424+00:00
76,langchain-ai/langchain,pull_request,24485,pull_commit,committed,d3020c8faf6dc0d4e1db46681cae46b0e8a58179,2024-07-21T22:20:48Z,MartinGotelli,User,,human_account,,no,,,d3020c8faf6dc0d4e1db46681cae46b0e8a58179,MartinGotelli,MartinGotelli,2026-08-30T17:18:57.043451+00:00
76,langchain-ai/langchain,pull_request,24485,pull_commit,committed,d901040f0e780e22f1fc58d2969ffa17215172e0,2024-07-21T22:46:02Z,MartinGotelli,User,,human_account,,no,,,d901040f0e780e22f1fc58d2969ffa17215172e0,MartinGotelli,MartinGotelli,2026-08-30T17:18:57.043451+00:00
76,langchain-ai/langchain,pull_request,24485,pull_commit,committed,4d3be3e9b685d62812111add56112ceb16e4cd9a,2024-09-03T19:45:19Z,web-flow,User,,human_account,,no,,,4d3be3e9b685d62812111add56112ceb16e4cd9a,,web-flow,2026-08-30T17:18:57.043451+00:00
76,langchain-ai/langchain,pull_request,25410,pull_commit,committed,19b98082c92a89247f7c5ae6a56541e1b1f55b82,2024-08-13T20:47:15Z,ccurme,User,,human_account,,no,,,19b98082c92a89247f7c5ae6a56541e1b1f55b82,ccurme,ccurme,2026-08-30T17:18:57.630257+00:00
76,langchain-ai/langchain,pull_request,25410,pull_commit,committed,1dd2efd070af656ddfc630b883adf38aa7d33838,2024-08-13T22:04:08Z,ccurme,User,,human_account,,no,,,1dd2efd070af656ddfc630b883adf38aa7d33838,ccurme,ccurme,2026-08-30T17:18:57.630257+00:00
76,langchain-ai/langchain,pull_request,25410,pull_commit,committed,2594727f8dc56c3afda260aea306ddd5eb675240,2024-08-14T20:10:26Z,ccurme,User,,human_account,,no,,,2594727f8dc56c3afda260aea306ddd5eb675240,ccurme,ccurme,2026-08-30T17:18:57.630257+00:00
76,langchain-ai/langchain,pull_request,25410,pull_commit,committed,16e594380232f8b3b6864b1f1e0085b5628c48dd,2024-08-14T20:27:00Z,ccurme,User,,human_account,,no,,,16e594380232f8b3b6864b1f1e0085b5628c48dd,ccurme,ccurme,2026-08-30T17:18:57.630257+00:00
76,langchain-ai/langchain,pull_request,25410,pull_commit,committed,a5d768d550971bc8d50368ad2cd5edabe1fa5c94,2024-08-14T20:40:20Z,ccurme,User,,human_account,,no,,,a5d768d550971bc8d50368ad2cd5edabe1fa5c94,ccurme,ccurme,2026-08-30T17:18:57.630257+00:00
76,langchain-ai/langchain,pull_request,25410,pull_commit,committed,07b71423942968cbf3ea795400976cc5e9f2cd2d,2024-08-15T19:45:14Z,ccurme,User,,human_account,,no,,,07b71423942968cbf3ea795400976cc5e9f2cd2d,ccurme,ccurme,2026-08-30T17:18:57.630257+00:00
76,langchain-ai/langchain,pull_request,25410,pull_commit,committed,2b95666672486c64bfcd9b61a80159adcbbaaaeb,2024-08-15T19:59:16Z,ccurme,User,,human_account,,no,,,2b95666672486c64bfcd9b61a80159adcbbaaaeb,ccurme,ccurme,2026-08-30T17:18:57.630257+00:00
76,langchain-ai/langchain,pull_request,25410,pull_commit,committed,47803c63bc6f5e80c6b686c576318e0f89d6cb7f,2024-08-15T20:04:27Z,ccurme,User,,human_account,,no,,,47803c63bc6f5e80c6b686c576318e0f89d6cb7f,ccurme,ccurme,2026-08-30T17:18:57.630257+00:00
76,langchain-ai/langchain,pull_request,25410,pull_commit,committed,c4d63f69634b12076beda51dd515d74923db3a77,2024-08-15T20:10:06Z,ccurme,User,,human_account,,no,,,c4d63f69634b12076beda51dd515d74923db3a77,ccurme,ccurme,2026-08-30T17:18:57.630257+00:00
76,langchain-ai/langchain,pull_request,25410,pull_commit,committed,6af2e4997ce6a4fa47576a1e1ba9a68206753e75,2024-08-15T20:19:02Z,ccurme,User,,human_account,,no,,,6af2e4997ce6a4fa47576a1e1ba9a68206753e75,ccurme,ccurme,2026-08-30T17:18:57.630257+00:00
76,langchain-ai/langchain,pull_request,25410,pull_commit,committed,ee4f0febad7fff287a0a8a048fb4c8b3c74a90ef,2024-08-15T20:21:56Z,ccurme,User,,human_account,,no,,,ee4f0febad7fff287a0a8a048fb4c8b3c74a90ef,ccurme,ccurme,2026-08-30T17:18:57.630257+00:00
76,langchain-ai/langchain,pull_request,25410,pull_commit,committed,b94693ebeb155d02ebba9af8d44305d93e3b7f41,2024-08-15T20:27:08Z,ccurme,User,,human_account,,no,,,b94693ebeb155d02ebba9af8d44305d93e3b7f41,ccurme,ccurme,2026-08-30T17:18:57.630257+00:00
76,langchain-ai/langchain,pull_request,25410,pull_commit,committed,f6ca1c2e110884527c076ff3bd23c849b01814f6,2024-08-15T20:42:41Z,ccurme,User,,human_account,,no,,,f6ca1c2e110884527c076ff3bd23c849b01814f6,ccurme,ccurme,2026-08-30T17:18:57.630257+00:00
76,langchain-ai/langchain,pull_request,25410,pull_commit,committed,406beaa7b7d3679e667d533d7345dfa3e7250434,2024-08-15T20:46:31Z,ccurme,User,,human_account,,no,,,406beaa7b7d3679e667d533d7345dfa3e7250434,ccurme,ccurme,2026-08-30T17:18:57.630257+00:00
76,langchain-ai/langchain,pull_request,25410,pull_commit,committed,088f31ec9328c1dbd083fa0be9ae87a2176fee69,2024-08-15T20:49:32Z,ccurme,User,,human_account,,no,,,088f31ec9328c1dbd083fa0be9ae87a2176fee69,ccurme,ccurme,2026-08-30T17:18:57.630257+00:00
76,langchain-ai/langchain,pull_request,25410,pull_commit,committed,1fd88d6c25aa29c76db98d30d095c31444c149f0,2024-08-15T22:03:03Z,ccurme,User,,human_account,,no,,,1fd88d6c25aa29c76db98d30d095c31444c149f0,ccurme,ccurme,2026-08-30T17:18:57.630257+00:00
76,langchain-ai/langchain,pull_request,25410,pull_commit,committed,42584706638ff267d04623440d5ab8f8cc25c1fc,2024-08-15T22:03:16Z,ccurme,User,,human_account,,no,,,42584706638ff267d04623440d5ab8f8cc25c1fc,ccurme,ccurme,2026-08-30T17:18:57.630257+00:00
76,langchain-ai/langchain,pull_request,25287,pull_commit,committed,b3021db87e601ad4d29213a57d0efac9000ffaca,2024-08-12T02:55:12Z,JasonJ2021,User,,human_account,,no,,,b3021db87e601ad4d29213a57d0efac9000ffaca,JasonJ2021,JasonJ2021,2026-08-30T17:18:58.136900+00:00
76,langchain-ai/langchain,pull_request,24436,pull_commit,committed,a8e85a821f5ca6eeb53851d9f003ec266dfa4de5,2024-07-19T10:34:09Z,web-flow,User,,human_account,,no,,,a8e85a821f5ca6eeb53851d9f003ec266dfa4de5,v0idzz,web-flow,2026-08-30T17:18:58.629037+00:00
76,langchain-ai/langchain,pull_request,24436,pull_commit,committed,f72286da5d4c371592631021562bd3319e4acd22,2024-07-19T10:42:00Z,web-flow,User,,human_account,,no,,,f72286da5d4c371592631021562bd3319e4acd22,v0idzz,web-flow,2026-08-30T17:18:58.629037+00:00
76,langchain-ai/langchain,pull_request,24494,pull_commit,committed,04a7edcf167a9c1ce92df16c3d102132740d66fa,2024-06-19T10:11:57Z,yonarw,User,,human_account,,no,,,04a7edcf167a9c1ce92df16c3d102132740d66fa,yonarw,yonarw,2026-08-30T17:18:59.191895+00:00
76,langchain-ai/langchain,pull_request,24494,pull_commit,committed,a2340c2d5537f5820063b670201bcbb0c2206163,2024-06-19T10:11:57Z,yonarw,User,,human_account,,no,,,a2340c2d5537f5820063b670201bcbb0c2206163,yonarw,yonarw,2026-08-30T17:18:59.191895+00:00
76,langchain-ai/langchain,pull_request,24494,pull_commit,committed,76cf59836151028cd4eb8990a44de88f6842f2e1,2024-06-19T10:11:57Z,yonarw,User,,human_account,,no,,,76cf59836151028cd4eb8990a44de88f6842f2e1,yonarw,yonarw,2026-08-30T17:18:59.191895+00:00
76,langchain-ai/langchain,pull_request,24494,pull_commit,committed,9fa8af5c292da9b2176721a91dced50257731a12,2024-06-19T10:11:57Z,yonarw,User,,human_account,,no,,,9fa8af5c292da9b2176721a91dced50257731a12,yonarw,yonarw,2026-08-30T17:18:59.191895+00:00
76,langchain-ai/langchain,pull_request,24494,pull_commit,committed,55fe3e3ea40d2c8d8feaea036093fb6fc0cf17af,2024-06-19T10:11:57Z,yonarw,User,,human_account,,no,,,55fe3e3ea40d2c8d8feaea036093fb6fc0cf17af,yonarw,yonarw,2026-08-30T17:18:59.191895+00:00
76,langchain-ai/langchain,pull_request,24494,pull_commit,committed,c2eeb2d3af8e2a17606c0cd3b60815fcab88f0aa,2024-06-19T10:11:57Z,yonarw,User,,human_account,,no,,,c2eeb2d3af8e2a17606c0cd3b60815fcab88f0aa,yonarw,yonarw,2026-08-30T17:18:59.191895+00:00
76,langchain-ai/langchain,pull_request,24494,pull_commit,committed,44e8ec82be4b4170490d12797bd9f50cee12c73a,2024-06-19T10:11:57Z,yonarw,User,,human_account,,no,,,44e8ec82be4b4170490d12797bd9f50cee12c73a,yonarw,yonarw,2026-08-30T17:18:59.191895+00:00
76,langchain-ai/langchain,pull_request,24494,pull_commit,committed,62748801a9c17c458e84f380cf5d641deeec366f,2024-06-19T14:14:25Z,yonarw,User,,human_account,,no,,,62748801a9c17c458e84f380cf5d641deeec366f,yonarw,yonarw,2026-08-30T17:18:59.191895+00:00
76,langchain-ai/langchain,pull_request,24494,pull_commit,committed,c551fe112a044ec5a305eb7c2184d8cdb038a44d,2024-06-19T14:19:08Z,yonarw,User,,human_account,,no,,,c551fe112a044ec5a305eb7c2184d8cdb038a44d,yonarw,yonarw,2026-08-30T17:18:59.191895+00:00
76,langchain-ai/langchain,pull_request,24494,pull_commit,committed,b3a6a27ec25ce763654d4effad00175161911a26,2024-06-20T06:12:39Z,yonarw,User,,human_account,,no,,,b3a6a27ec25ce763654d4effad00175161911a26,yonarw,yonarw,2026-08-30T17:18:59.191895+00:00
76,langchain-ai/langchain,pull_request,24494,pull_commit,committed,dfcd68b15e554eebf3d72d142d5d1a4bef2feea1,2024-06-20T06:15:46Z,yonarw,User,,human_account,,no,,,dfcd68b15e554eebf3d72d142d5d1a4bef2feea1,yonarw,yonarw,2026-08-30T17:18:59.191895+00:00
76,langchain-ai/langchain,pull_request,24494,pull_commit,committed,0574cf0d9b238bc851fc3c267953bf979b5565eb,2024-06-26T06:46:58Z,web-flow,User,,human_account,,no,,,0574cf0d9b238bc851fc3c267953bf979b5565eb,yonarw,web-flow,2026-08-30T17:18:59.191895+00:00
76,langchain-ai/langchain,pull_request,24494,pull_commit,committed,c5dc947ff5491bf9f246051a0e3d75009b3e31a8,2024-07-08T09:08:36Z,web-flow,User,,human_account,,no,,,c5dc947ff5491bf9f246051a0e3d75009b3e31a8,yonarw,web-flow,2026-08-30T17:18:59.191895+00:00
76,langchain-ai/langchain,pull_request,24494,pull_commit,committed,f1fc415bfb2db25330907a2f0b8a4c68a9cf3cf5,2024-07-08T09:45:01Z,yonarw,User,,human_account,,no,,,f1fc415bfb2db25330907a2f0b8a4c68a9cf3cf5,yonarw,yonarw,2026-08-30T17:18:59.191895+00:00
76,langchain-ai/langchain,pull_request,24494,pull_commit,committed,b2c6ebaa8f9fb5b3c22cf9c0bed0269e09c0f807,2024-07-08T09:52:37Z,yonarw,User,,human_account,,no,,,b2c6ebaa8f9fb5b3c22cf9c0bed0269e09c0f807,yonarw,yonarw,2026-08-30T17:18:59.191895+00:00
76,langchain-ai/langchain,pull_request,24494,pull_commit,committed,265226d71423b1c4a2b3512dd2b0e320b89cff20,2024-07-16T06:09:59Z,web-flow,User,,human_account,,no,,,265226d71423b1c4a2b3512dd2b0e320b89cff20,yonarw,web-flow,2026-08-30T17:18:59.191895+00:00
76,langchain-ai/langchain,pull_request,24494,pull_commit,committed,6ae988bf2f3ab6195ee2b31231f9012685b5a93e,2024-07-22T09:37:36Z,web-flow,User,,human_account,,no,,,6ae988bf2f3ab6195ee2b31231f9012685b5a93e,yonarw,web-flow,2026-08-30T17:18:59.191895+00:00
76,langchain-ai/langchain,pull_request,24494,pull_commit,committed,256bf069013ae582671cfdcda81f3604eace588a,2024-07-23T07:25:06Z,web-flow,User,,human_account,,no,,,256bf069013ae582671cfdcda81f3604eace588a,yonarw,web-flow,2026-08-30T17:18:59.191895+00:00
76,langchain-ai/langchain,pull_request,24494,pull_commit,committed,6d4a82f88095f57bdac7e60b9ba587925753d384,2024-07-24T05:54:53Z,web-flow,User,,human_account,,no,,,6d4a82f88095f57bdac7e60b9ba587925753d384,yonarw,web-flow,2026-08-30T17:18:59.191895+00:00
76,langchain-ai/langchain,pull_request,24494,pull_commit,committed,25f144f02a8c5edf38281a458de8f933db5572ca,2024-07-26T06:31:43Z,baskaryan,User,,human_account,,no,,,25f144f02a8c5edf38281a458de8f933db5572ca,baskaryan,baskaryan,2026-08-30T17:18:59.191895+00:00
76,langchain-ai/langchain,pull_request,24494,pull_commit,committed,ea97fdb93cb35acaf629bc0e8d885c9626500b73,2024-07-26T06:31:56Z,web-flow,User,,human_account,,no,,,ea97fdb93cb35acaf629bc0e8d885c9626500b73,baskaryan,web-flow,2026-08-30T17:18:59.191895+00:00
76,langchain-ai/langchain,pull_request,24494,pull_commit,committed,a6c39edca72e3a8e9b053c2d1dd17912dd8bf4da,2024-07-26T06:32:27Z,baskaryan,User,,human_account,,no,,,a6c39edca72e3a8e9b053c2d1dd17912dd8bf4da,baskaryan,baskaryan,2026-08-30T17:18:59.191895+00:00
76,langchain-ai/langchain,pull_request,24494,pull_commit,committed,843915d7e3061d79193f61e105938d4f0a6cb9ad,2024-07-26T06:33:23Z,baskaryan,User,,human_account,,no,,,843915d7e3061d79193f61e105938d4f0a6cb9ad,baskaryan,baskaryan,2026-08-30T17:18:59.191895+00:00
76,langchain-ai/langchain,pull_request,23406,pull_commit,committed,94e37e49641ee25012fc771a3ed1bc49c577081e,2024-06-25T16:13:21Z,ccurme,User,,human_account,,no,,,94e37e49641ee25012fc771a3ed1bc49c577081e,ccurme,ccurme,2026-08-30T17:18:59.775042+00:00
76,langchain-ai/langchain,pull_request,23406,pull_commit,committed,06e2719384383dc5c61bf854b3690f7f2435bf66,2024-06-25T16:17:33Z,ccurme,User,,human_account,,no,,,06e2719384383dc5c61bf854b3690f7f2435bf66,ccurme,ccurme,2026-08-30T17:18:59.775042+00:00
76,langchain-ai/langchain,pull_request,22765,pull_commit,committed,1ee8051991c2cc96896dfe82f4800d8d79638ea2,2024-06-11T03:57:32Z,isahers1,User,,human_account,,no,,,1ee8051991c2cc96896dfe82f4800d8d79638ea2,isahers1,isahers1,2026-08-30T17:19:00.234870+00:00
76,langchain-ai/langchain,pull_request,22765,pull_commit,committed,36c165e5a06f94e63e761207080e24cf795eab2e,2024-06-11T03:59:11Z,isahers1,User,,human_account,,no,,,36c165e5a06f94e63e761207080e24cf795eab2e,isahers1,isahers1,2026-08-30T17:19:00.234870+00:00
76,langchain-ai/langchain,pull_request,22765,pull_commit,committed,06837162f05ab5e05787dfcd37a016c9621a5638,2024-06-13T18:11:49Z,isahers1,User,,human_account,,no,,,06837162f05ab5e05787dfcd37a016c9621a5638,isahers1,isahers1,2026-08-30T17:19:00.234870+00:00
76,langchain-ai/langchain,pull_request,24327,pull_commit,committed,787bdeeb21fe5ed2e1e2ca1134937a12fb49132d,2024-07-17T00:18:12Z,baskaryan,User,,human_account,,no,,,787bdeeb21fe5ed2e1e2ca1134937a12fb49132d,baskaryan,baskaryan,2026-08-30T17:19:00.772624+00:00
76,langchain-ai/langchain,pull_request,22948,pull_commit,committed,95abcb56520ec54cf435493a9260c1a14ce6d509,2024-06-16T04:11:39Z,baskargopinath,User,,human_account,,no,,,95abcb56520ec54cf435493a9260c1a14ce6d509,baskargopinath,baskargopinath,2026-08-30T17:19:01.293323+00:00
76,langchain-ai/langchain,pull_request,23118,pull_commit,committed,74313824c686807d4142261cfab4be982238a4ca,2024-06-18T17:55:11Z,shaunakgodbole,User,,human_account,,no,,,74313824c686807d4142261cfab4be982238a4ca,shaunakgodbole,shaunakgodbole,2026-08-30T17:19:01.774632+00:00
76,langchain-ai/langchain,pull_request,23118,pull_commit,committed,23257aa27719c02277a7883cceaf32bdc6f6537b,2024-06-19T17:30:28Z,ccurme,User,,human_account,,no,,,23257aa27719c02277a7883cceaf32bdc6f6537b,ccurme,ccurme,2026-08-30T17:19:01.774632+00:00
76,langchain-ai/langchain,pull_request,23118,pull_commit,committed,888b5693a11ec17c283e300a3802d39cd9a77893,2024-06-19T17:31:17Z,ccurme,User,,human_account,,no,,,888b5693a11ec17c283e300a3802d39cd9a77893,ccurme,ccurme,2026-08-30T17:19:01.774632+00:00
76,langchain-ai/langchain,pull_request,23118,pull_commit,committed,ed79f9633878d2aa1dc814045a35528847077d47,2024-06-19T17:31:45Z,ccurme,User,,human_account,,no,,,ed79f9633878d2aa1dc814045a35528847077d47,ccurme,ccurme,2026-08-30T17:19:01.774632+00:00
76,langchain-ai/langchain,pull_request,23118,pull_commit,committed,e1263747b1d65a0955fa847ef2046c286153e889,2024-06-19T17:43:47Z,baskaryan,User,,human_account,,no,,,e1263747b1d65a0955fa847ef2046c286153e889,baskaryan,baskaryan,2026-08-30T17:19:01.774632+00:00
76,langchain-ai/langchain,pull_request,23118,pull_commit,committed,b01944c1d989d0b31732724100e6546b9b5a3f4d,2024-06-19T18:49:35Z,web-flow,User,,human_account,,no,,,b01944c1d989d0b31732724100e6546b9b5a3f4d,ccurme,web-flow,2026-08-30T17:19:01.774632+00:00
76,langchain-ai/langchain,pull_request,23118,pull_commit,committed,eaa896b90e2c5b3d10c58fe971b3fc647fda58ff,2024-06-19T19:08:48Z,shaunakgodbole,User,,human_account,,no,,,eaa896b90e2c5b3d10c58fe971b3fc647fda58ff,shaunakgodbole,shaunakgodbole,2026-08-30T17:19:01.774632+00:00
76,langchain-ai/langchain,pull_request,23118,pull_commit,committed,9e403fe681dffcb8077780b1bc597246f979b1f0,2024-06-19T19:12:17Z,shaunakgodbole,User,,human_account,,no,,,9e403fe681dffcb8077780b1bc597246f979b1f0,shaunakgodbole,shaunakgodbole,2026-08-30T17:19:01.774632+00:00
76,langchain-ai/langchain,pull_request,23118,pull_commit,committed,fede61712aab6a5f8f9704a051fbc5426d5873d5,2024-06-19T20:39:08Z,shaunakgodbole,User,,human_account,,no,,,fede61712aab6a5f8f9704a051fbc5426d5873d5,shaunakgodbole,shaunakgodbole,2026-08-30T17:19:01.774632+00:00
76,langchain-ai/langchain,pull_request,32631,pull_commit,committed,5853d4f5fb02f9e000dcce5202e3f537f40f9478,2025-08-21T01:30:12Z,keyuchen21,User,,human_account,,no,,,5853d4f5fb02f9e000dcce5202e3f537f40f9478,keyuchen21,keyuchen21,2026-08-30T17:19:02.347665+00:00
76,langchain-ai/langchain,pull_request,32631,pull_commit,committed,5da9354aae8ae8a1ee38d68b152fd433ca96579b,2025-08-21T19:57:31Z,web-flow,User,,human_account,,no,,,5da9354aae8ae8a1ee38d68b152fd433ca96579b,ccurme,web-flow,2026-08-30T17:19:02.347665+00:00
76,langchain-ai/langchain,pull_request,31295,pull_commit,committed,db5bd0287872cf6f86784eb00d7c0b828c970967,2025-05-20T19:42:42Z,web-flow,User,,human_account,,no,,,db5bd0287872cf6f86784eb00d7c0b828c970967,Arjein,web-flow,2026-08-30T17:19:02.852386+00:00
76,langchain-ai/langchain,pull_request,32668,pull_commit,committed,bd346beb1f7ae99135889474a49387242f8c076d,2025-08-25T13:08:48Z,ccurme,User,,human_account,,no,,,bd346beb1f7ae99135889474a49387242f8c076d,ccurme,ccurme,2026-08-30T17:19:03.430351+00:00
76,langchain-ai/langchain,pull_request,32668,pull_commit,committed,8f41849a090dc1acea4a23ee2a63bb7cf606a72a,2025-08-25T13:09:19Z,ccurme,User,,human_account,,no,,,8f41849a090dc1acea4a23ee2a63bb7cf606a72a,ccurme,ccurme,2026-08-30T17:19:03.430351+00:00
76,langchain-ai/langchain,pull_request,32668,pull_commit,committed,5bcbf59dcfecf269dd2c513913b66d280a3d2c57,2025-08-25T13:09:32Z,ccurme,User,,human_account,,no,,,5bcbf59dcfecf269dd2c513913b66d280a3d2c57,ccurme,ccurme,2026-08-30T17:19:03.430351+00:00
76,langchain-ai/langchain,pull_request,32668,pull_commit,committed,6fecdf14ee0939df7063525607a7d28429dc59ad,2025-08-25T13:18:01Z,ccurme,User,,human_account,,no,,,6fecdf14ee0939df7063525607a7d28429dc59ad,ccurme,ccurme,2026-08-30T17:19:03.430351+00:00
76,langchain-ai/langchain,pull_request,31941,pull_commit,committed,705002ea2d67947854ae787f8b4f8a7294400313,2025-07-09T18:39:34Z,MichaelLi65535,User,,human_account,,no,,,705002ea2d67947854ae787f8b4f8a7294400313,MichaelLi65535,MichaelLi65535,2026-08-30T17:19:03.940025+00:00
76,langchain-ai/langchain,pull_request,31455,pull_commit,committed,00c427dd630bc2fd455bfe5adcc5ff9fe5e5229d,2025-06-02T05:17:52Z,adhishthite,User,,human_account,,no,,,00c427dd630bc2fd455bfe5adcc5ff9fe5e5229d,adhishthite,adhishthite,2026-08-30T17:19:04.443179+00:00
76,langchain-ai/langchain,pull_request,31815,pull_commit,committed,6152099032848651576dc0c787e391292a3a6bd7,2025-07-01T18:31:36Z,mdrxy,User,,human_account,,no,,,6152099032848651576dc0c787e391292a3a6bd7,mdrxy,mdrxy,2026-08-30T17:19:04.934063+00:00
76,langchain-ai/langchain,pull_request,31815,pull_commit,committed,aa2d2623dee70ed2ab41259e8067ec5f81108c25,2025-07-01T18:33:38Z,mdrxy,User,,human_account,,no,,,aa2d2623dee70ed2ab41259e8067ec5f81108c25,mdrxy,mdrxy,2026-08-30T17:19:04.934063+00:00
76,langchain-ai/langchain,pull_request,31815,pull_commit,committed,6cadb9a0365f7a28fd680d671536a84d63385f0e,2025-07-01T18:40:58Z,mdrxy,User,,human_account,,no,,,6cadb9a0365f7a28fd680d671536a84d63385f0e,mdrxy,mdrxy,2026-08-30T17:19:04.934063+00:00
76,langchain-ai/langchain,pull_request,32609,pull_commit,committed,244f27d2c65a186dbf8455ac1824fd48a023ee13,2025-08-19T14:46:58Z,ccurme,User,,human_account,,no,,,244f27d2c65a186dbf8455ac1824fd48a023ee13,ccurme,ccurme,2026-08-30T17:19:05.394421+00:00
76,langchain-ai/langchain,pull_request,31555,pull_commit,committed,dd0d46332b64b206637b322468ad607209bf7189,2025-06-10T17:22:16Z,sydney-runkle,User,,human_account,,no,,,dd0d46332b64b206637b322468ad607209bf7189,sydney-runkle,sydney-runkle,2026-08-30T17:19:05.868346+00:00
76,langchain-ai/langchain,pull_request,31555,pull_commit,committed,701dfd35e3e0624b5a702054acc2032f93ad428e,2025-06-10T17:24:42Z,sydney-runkle,User,,human_account,,no,,,701dfd35e3e0624b5a702054acc2032f93ad428e,sydney-runkle,sydney-runkle,2026-08-30T17:19:05.868346+00:00
76,langchain-ai/langchain,pull_request,31555,pull_commit,committed,f52fbcaeb09cc0faa333ef40a0ed6ad1db4f99d8,2025-06-10T17:28:26Z,sydney-runkle,User,,human_account,,no,,,f52fbcaeb09cc0faa333ef40a0ed6ad1db4f99d8,sydney-runkle,sydney-runkle,2026-08-30T17:19:05.868346+00:00
76,langchain-ai/langchain,pull_request,31555,pull_commit,committed,6d781b3c6036dd32855c2ca58f272c9c9142e1af,2025-06-10T17:30:27Z,sydney-runkle,User,,human_account,,no,,,6d781b3c6036dd32855c2ca58f272c9c9142e1af,sydney-runkle,sydney-runkle,2026-08-30T17:19:05.868346+00:00
76,langchain-ai/langchain,pull_request,32185,pull_commit,committed,a11e6c3897441e7099ff3908472c069bde642f1d,2025-07-22T19:25:52Z,ccurme,User,,human_account,,no,,,a11e6c3897441e7099ff3908472c069bde642f1d,ccurme,ccurme,2026-08-30T17:19:06.379364+00:00
76,langchain-ai/langchain,pull_request,32736,pull_commit,committed,2bb5361974a462a82648a7637db0d878807a6cf3,2025-08-28T08:55:17Z,gsandahl,User,,human_account,,no,,,2bb5361974a462a82648a7637db0d878807a6cf3,gsandahl,gsandahl,2026-08-30T17:19:06.832194+00:00
76,langchain-ai/langchain,pull_request,32736,pull_commit,committed,ac69ddca9f675d4517d2ffc219d7edc3143cb618,2025-08-28T14:00:24Z,gsandahl,User,,human_account,,no,,,ac69ddca9f675d4517d2ffc219d7edc3143cb618,gsandahl,gsandahl,2026-08-30T17:19:06.832194+00:00
76,langchain-ai/langchain,pull_request,32736,pull_commit,committed,8e2e430a4401aa36de13ab972eb09c47f72106cf,2025-08-28T14:04:31Z,gsandahl,User,,human_account,,no,,,8e2e430a4401aa36de13ab972eb09c47f72106cf,gsandahl,gsandahl,2026-08-30T17:19:06.832194+00:00
76,langchain-ai/langchain,pull_request,32546,pull_commit,committed,024422993cfc46846b305491ca10abd9dfb67f7e,2025-08-14T06:32:03Z,mdrxy,User,,human_account,,no,,,024422993cfc46846b305491ca10abd9dfb67f7e,mdrxy,mdrxy,2026-08-30T17:19:07.836361+00:00
76,langchain-ai/langchain,pull_request,32546,pull_commit,committed,b8a9506cd14eec052f25895da55b831b4ccdf64b,2025-08-15T00:07:40Z,web-flow,User,,human_account,,no,,,b8a9506cd14eec052f25895da55b831b4ccdf64b,mdrxy,web-flow,2026-08-30T17:19:07.836361+00:00
76,langchain-ai/langchain,pull_request,32546,pull_commit,committed,cacac320789f435cb8758154e5a5f3a8dcebdd5b,2025-08-15T17:30:45Z,mdrxy,User,,human_account,,no,,,cacac320789f435cb8758154e5a5f3a8dcebdd5b,mdrxy,mdrxy,2026-08-30T17:19:07.836361+00:00
76,langchain-ai/langchain,pull_request,32546,pull_commit,committed,4029efdb56964df9d2b4e1ac16b76c875d2913aa,2025-08-15T17:36:22Z,mdrxy,User,,human_account,,no,,,4029efdb56964df9d2b4e1ac16b76c875d2913aa,mdrxy,mdrxy,2026-08-30T17:19:07.836361+00:00
76,langchain-ai/langchain,pull_request,32546,pull_commit,committed,698a780b4b9a4ce0ce5f268980589c379380de66,2025-08-15T17:36:32Z,web-flow,User,,human_account,,no,,,698a780b4b9a4ce0ce5f268980589c379380de66,mdrxy,web-flow,2026-08-30T17:19:07.836361+00:00
76,langchain-ai/langchain,pull_request,31412,pull_commit,committed,e4173d375d1f485f086e6686ddfe0ee42a1eda70,2025-05-29T15:55:51Z,MichaelLi65535,User,,human_account,,no,,,e4173d375d1f485f086e6686ddfe0ee42a1eda70,MichaelLi65535,MichaelLi65535,2026-08-30T17:19:08.384127+00:00
76,langchain-ai/langchain,pull_request,31412,pull_commit,committed,54abe36e21d48654a16b6427488bcdecc9423f02,2025-05-29T16:02:30Z,web-flow,User,,human_account,,no,,,54abe36e21d48654a16b6427488bcdecc9423f02,MichaelLi65535,web-flow,2026-08-30T17:19:08.384127+00:00
76,langchain-ai/langchain,pull_request,31412,pull_commit,committed,29f47c41f565a43ca57c71a2dc067739f58825c4,2025-05-29T17:15:59Z,web-flow,User,,human_account,,no,,,29f47c41f565a43ca57c71a2dc067739f58825c4,MichaelLi65535,web-flow,2026-08-30T17:19:08.384127+00:00
76,langchain-ai/langchain,pull_request,31412,pull_commit,committed,be9a4b94a1739a6097baa37ca5191db73dc5743a,2025-05-29T19:41:39Z,web-flow,User,,human_account,,no,,,be9a4b94a1739a6097baa37ca5191db73dc5743a,ccurme,web-flow,2026-08-30T17:19:08.384127+00:00
76,langchain-ai/langchain,pull_request,32376,pull_commit,committed,e9f40385388aaa7dff96929118e92866092403ce,2025-08-03T21:03:25Z,web-flow,User,,human_account,,no,,,e9f40385388aaa7dff96929118e92866092403ce,american-desi,web-flow,2026-08-30T17:19:09.043776+00:00
76,langchain-ai/langchain,pull_request,32376,pull_commit,committed,465d7f16ba0b6b3fd4b2de80c81693f4abf53da3,2025-08-11T19:57:23Z,web-flow,User,,human_account,,no,,,465d7f16ba0b6b3fd4b2de80c81693f4abf53da3,mdrxy,web-flow,2026-08-30T17:19:09.043776+00:00
76,langchain-ai/langchain,pull_request,32376,pull_commit,committed,6e5c5136c96a3f138fd64de68b5ecec14f040607,2025-08-11T20:53:03Z,web-flow,User,,human_account,,no,,,6e5c5136c96a3f138fd64de68b5ecec14f040607,mdrxy,web-flow,2026-08-30T17:19:09.043776+00:00
76,langchain-ai/langchain,pull_request,32717,pull_commit,committed,505adb7e929f0e678e68befe86445b31f02a9bc2,2025-08-27T17:10:24Z,ccurme,User,,human_account,,no,,,505adb7e929f0e678e68befe86445b31f02a9bc2,ccurme,ccurme,2026-08-30T17:19:09.586593+00:00
76,langchain-ai/langchain,pull_request,31718,pull_commit,committed,a34a85391e913ec25d348915e38c73981fdadaa2,2025-06-24T18:43:28Z,ccurme,User,,human_account,,no,,,a34a85391e913ec25d348915e38c73981fdadaa2,ccurme,ccurme,2026-08-30T17:19:10.102888+00:00
76,langchain-ai/langchain,pull_request,31718,pull_commit,committed,82dd6cff62eaa629c6b3b69608856a4a77567f3c,2025-06-24T18:56:32Z,ccurme,User,,human_account,,no,,,82dd6cff62eaa629c6b3b69608856a4a77567f3c,ccurme,ccurme,2026-08-30T17:19:10.102888+00:00
76,langchain-ai/langchain,pull_request,31854,pull_commit,committed,8e069fa74f4ca523f21ea9457c2726bb9ec73e3f,2025-07-03T17:42:43Z,web-flow,User,,human_account,,no,,,8e069fa74f4ca523f21ea9457c2726bb9ec73e3f,ccurme,web-flow,2026-08-30T17:19:10.545944+00:00
76,langchain-ai/langchain,pull_request,31276,pull_commit,committed,b59ca53dd5dbbc0a2be16dd2f02dbd658ff3e5ae,2025-05-13T09:17:16Z,changelia,User,,human_account,,no,,,b59ca53dd5dbbc0a2be16dd2f02dbd658ff3e5ae,changelia,changelia,2026-08-30T17:19:11.066530+00:00
76,langchain-ai/langchain,pull_request,31276,pull_commit,committed,acaee64a9a13ff9486c3ed9254a4f5a2704feeac,2025-05-15T09:45:22Z,changelia,User,,human_account,,no,,,acaee64a9a13ff9486c3ed9254a4f5a2704feeac,changelia,changelia,2026-08-30T17:19:11.066530+00:00
76,langchain-ai/langchain,pull_request,31276,pull_commit,committed,3e8aca92bdbbf5e23cd4a29c64b31a164d3e9250,2025-05-19T11:48:07Z,changelia,User,,human_account,,no,,,3e8aca92bdbbf5e23cd4a29c64b31a164d3e9250,changelia,changelia,2026-08-30T17:19:11.066530+00:00
76,langchain-ai/langchain,pull_request,31276,pull_commit,committed,eeca57af6ba7b9f61a60a31fd8c420ca9d0cb521,2025-05-19T11:49:47Z,changelia,User,,human_account,,no,,,eeca57af6ba7b9f61a60a31fd8c420ca9d0cb521,changelia,changelia,2026-08-30T17:19:11.066530+00:00
76,langchain-ai/langchain,pull_request,31276,pull_commit,committed,c2067442fc54a71222bd8863505db12c59faccfb,2025-05-19T13:46:01Z,changelia,User,,human_account,,no,,,c2067442fc54a71222bd8863505db12c59faccfb,changelia,changelia,2026-08-30T17:19:11.066530+00:00
76,langchain-ai/langchain,pull_request,31276,pull_commit,committed,2567e27275f5b2dd2ebfec83ce37c89fed81611a,2025-05-19T16:14:49Z,changelia,User,,human_account,,no,,,2567e27275f5b2dd2ebfec83ce37c89fed81611a,changelia,changelia,2026-08-30T17:19:11.066530+00:00
76,langchain-ai/langchain,pull_request,31276,pull_commit,committed,00550c0d216ed3b867509b208c00080649125475,2025-05-19T16:23:40Z,changelia,User,,human_account,,no,,,00550c0d216ed3b867509b208c00080649125475,changelia,changelia,2026-08-30T17:19:11.066530+00:00
76,langchain-ai/langchain,pull_request,31276,pull_commit,committed,311fc79fecaf1f0eca6528db3882133eb88028ff,2025-05-19T16:35:18Z,changelia,User,,human_account,,no,,,311fc79fecaf1f0eca6528db3882133eb88028ff,changelia,changelia,2026-08-30T17:19:11.066530+00:00
76,langchain-ai/langchain,pull_request,31276,pull_commit,committed,6d7704b34ec99d7558eed941bf6ce9d6a6b600e7,2025-05-19T16:41:48Z,changelia,User,,human_account,,no,,,6d7704b34ec99d7558eed941bf6ce9d6a6b600e7,changelia,changelia,2026-08-30T17:19:11.066530+00:00
76,langchain-ai/langchain,pull_request,31276,pull_commit,committed,36e0ffce35ea01d2457658a62a2fe827c836ff29,2025-05-19T17:05:07Z,changelia,User,,human_account,,no,,,36e0ffce35ea01d2457658a62a2fe827c836ff29,changelia,changelia,2026-08-30T17:19:11.066530+00:00
76,langchain-ai/langchain,pull_request,31276,pull_commit,committed,28fed8db5045d41689bb7b3e7b28c439fa8485a6,2025-05-19T17:09:03Z,changelia,User,,human_account,,no,,,28fed8db5045d41689bb7b3e7b28c439fa8485a6,changelia,changelia,2026-08-30T17:19:11.066530+00:00
76,langchain-ai/langchain,pull_request,31276,pull_commit,committed,087aff600fba1e554e165762f38f97284f72d604,2025-05-26T07:24:43Z,web-flow,User,,human_account,,no,,,087aff600fba1e554e165762f38f97284f72d604,changelia,web-flow,2026-08-30T17:19:11.066530+00:00
76,langchain-ai/langchain,pull_request,31276,pull_commit,committed,f764f6ea2de90aa2748d98dd200bbc49d1c649cf,2025-06-09T06:42:37Z,web-flow,User,,human_account,,no,,,f764f6ea2de90aa2748d98dd200bbc49d1c649cf,changelia,web-flow,2026-08-30T17:19:11.066530+00:00
76,langchain-ai/langchain,pull_request,32293,pull_commit,committed,ea0aa12dc61e28e8d7103bfb19ee027cecfd037f,2025-07-28T21:32:35Z,mdrxy,User,,human_account,,no,,,ea0aa12dc61e28e8d7103bfb19ee027cecfd037f,mdrxy,mdrxy,2026-08-30T17:19:11.611395+00:00
76,langchain-ai/langchain,pull_request,32029,pull_commit,committed,98ff23d923f6f5eacc0b350653d54c85e1fc9602,2025-07-14T16:36:57Z,cbornet,User,,human_account,,no,,,98ff23d923f6f5eacc0b350653d54c85e1fc9602,cbornet,cbornet,2026-08-30T17:19:12.158815+00:00
76,langchain-ai/langchain,pull_request,32029,pull_commit,committed,26880173657f249fbfd261e9bfc7ada3b7fb6e6d,2025-07-14T18:04:52Z,cbornet,User,,human_account,,no,,,26880173657f249fbfd261e9bfc7ada3b7fb6e6d,cbornet,cbornet,2026-08-30T17:19:12.158815+00:00
76,langchain-ai/langchain,pull_request,31994,pull_commit,committed,37b593e4f8be1be13c61687624349eec57122de6,2025-08-20T08:28:47Z,cbornet,User,,human_account,,no,,,37b593e4f8be1be13c61687624349eec57122de6,cbornet,cbornet,2026-08-30T17:19:12.691916+00:00
76,langchain-ai/langchain,pull_request,31994,pull_commit,committed,5aeaa574e33743ecb653d4305c96da38f480a541,2025-09-08T14:28:13Z,web-flow,User,,human_account,,no,,,5aeaa574e33743ecb653d4305c96da38f480a541,mdrxy,web-flow,2026-08-30T17:19:12.691916+00:00
76,langchain-ai/langchain,pull_request,31994,pull_commit,committed,52101f0857fbcf509df7695f7fa697436e45ad5a,2025-09-08T21:46:31Z,web-flow,User,,human_account,,no,,,52101f0857fbcf509df7695f7fa697436e45ad5a,mdrxy,web-flow,2026-08-30T17:19:12.691916+00:00
76,langchain-ai/langchain,pull_request,31659,pull_commit,committed,72ea9f711784a53ea2d5feec4fe04ee8fc6278b0,2025-06-18T16:17:33Z,ccurme,User,,human_account,,no,,,72ea9f711784a53ea2d5feec4fe04ee8fc6278b0,ccurme,ccurme,2026-08-30T17:19:13.175946+00:00
76,langchain-ai/langchain,pull_request,31659,pull_commit,committed,8806757127a2506e2b7662625e24ffcbc81eab90,2025-06-20T18:19:46Z,ccurme,User,,human_account,,no,,,8806757127a2506e2b7662625e24ffcbc81eab90,ccurme,ccurme,2026-08-30T17:19:13.175946+00:00
76,langchain-ai/langchain,pull_request,31659,pull_commit,committed,d31f1fd55f3105e212bfc4294dc929c67a31ab1b,2025-06-20T19:39:27Z,ccurme,User,,human_account,,no,,,d31f1fd55f3105e212bfc4294dc929c67a31ab1b,ccurme,ccurme,2026-08-30T17:19:13.175946+00:00
76,langchain-ai/langchain,pull_request,31659,pull_commit,committed,d10966ce4a851edfa70b820087e42e16e8dadfc4,2025-06-23T15:15:33Z,ccurme,User,,human_account,,no,,,d10966ce4a851edfa70b820087e42e16e8dadfc4,ccurme,ccurme,2026-08-30T17:19:13.175946+00:00
76,langchain-ai/langchain,pull_request,31659,pull_commit,committed,dac8bee9e131ce8374ebc57af5517c499688c6e6,2025-06-23T18:38:12Z,ccurme,User,,human_account,,no,,,dac8bee9e131ce8374ebc57af5517c499688c6e6,ccurme,ccurme,2026-08-30T17:19:13.175946+00:00
76,langchain-ai/langchain,pull_request,31659,pull_commit,committed,85195b5a5462aeb0514e45d2e4e3781c3ff1ba00,2025-06-24T13:38:19Z,ccurme,User,,human_account,,no,,,85195b5a5462aeb0514e45d2e4e3781c3ff1ba00,ccurme,ccurme,2026-08-30T17:19:13.175946+00:00
76,langchain-ai/langchain,pull_request,31659,pull_commit,committed,9b2f296094ea727af379f9d727f78636941fd4c5,2025-06-24T13:48:01Z,ccurme,User,,human_account,,no,,,9b2f296094ea727af379f9d727f78636941fd4c5,ccurme,ccurme,2026-08-30T17:19:13.175946+00:00
76,langchain-ai/langchain,pull_request,31659,pull_commit,committed,0d5b899a7fadd757d5d0f05e9158af6d409d5833,2025-06-24T17:37:29Z,ccurme,User,,human_account,,no,,,0d5b899a7fadd757d5d0f05e9158af6d409d5833,ccurme,ccurme,2026-08-30T17:19:13.175946+00:00
76,langchain-ai/langchain,pull_request,31659,pull_commit,committed,a73262cd541998e4a6b749562bfb998f7e7aa69e,2025-06-24T19:17:48Z,web-flow,User,,human_account,,no,,,a73262cd541998e4a6b749562bfb998f7e7aa69e,ccurme,web-flow,2026-08-30T17:19:13.175946+00:00
76,langchain-ai/langchain,pull_request,31659,pull_commit,committed,8e025e7dd9364ff32232ec8dd5b7e848a84d11ae,2025-06-25T17:28:06Z,ccurme,User,,human_account,,no,,,8e025e7dd9364ff32232ec8dd5b7e848a84d11ae,ccurme,ccurme,2026-08-30T17:19:13.175946+00:00
76,langchain-ai/langchain,pull_request,32585,pull_commit,committed,f8a30956415f80256474024198ac3045c6368e3f,2025-08-18T11:41:34Z,web-flow,User,,human_account,,no,,,f8a30956415f80256474024198ac3045c6368e3f,dependabot[bot],web-flow,2026-08-30T17:19:13.638960+00:00
76,langchain-ai/langchain,pull_request,32076,pull_commit,committed,e1f40e4231801a4d0f8b93ed7257249ec57e4c3a,2025-07-16T22:44:01Z,mdrxy,User,,human_account,,no,,,e1f40e4231801a4d0f8b93ed7257249ec57e4c3a,mdrxy,mdrxy,2026-08-30T17:19:14.167807+00:00
76,langchain-ai/langchain,pull_request,39729,pull_commit,committed,bab6bd507e1f1f64635b8bf8c1ffe8d4fc7eb2eb,2026-08-18T21:43:03Z,ccurme,User,,human_account,,no,,,bab6bd507e1f1f64635b8bf8c1ffe8d4fc7eb2eb,ccurme,ccurme,2026-08-30T17:19:14.628467+00:00
76,langchain-ai/langchain,pull_request,38810,pull_commit,committed,d5bd472c2b061fe8c712a86182c5d80850f43fde,2026-07-12T08:45:05Z,github-actions[bot],Bot,,automation_bot,,no,,,d5bd472c2b061fe8c712a86182c5d80850f43fde,mdrxy,github-actions[bot],2026-08-30T17:19:15.146132+00:00
76,langchain-ai/langchain,pull_request,37607,pull_commit,committed,c20f806d96515a4b0b77f4f8fb50f1dc5b748674,2026-05-21T16:31:20Z,jvsfrancisco,User,,human_account,,no,,,c20f806d96515a4b0b77f4f8fb50f1dc5b748674,jvsfrancisco,jvsfrancisco,2026-08-30T17:19:15.674494+00:00
76,langchain-ai/langchain,pull_request,39608,pull_commit,committed,621d95f35758a87eed64c1a9152ee25ffd30832b,2026-08-12T08:25:32Z,chjnett,User,,human_account,,no,,,621d95f35758a87eed64c1a9152ee25ffd30832b,chjnett,chjnett,2026-08-30T17:19:16.218919+00:00
76,langchain-ai/langchain,pull_request,38200,pull_commit,committed,14e01711011fc03e4227688549e60d869c060b60,2026-06-15T19:03:27Z,786-aquib,User,,human_account,,no,,,14e01711011fc03e4227688549e60d869c060b60,786-aquib,786-aquib,2026-08-30T17:19:16.843155+00:00
76,langchain-ai/langchain,pull_request,38200,pull_commit,committed,c64bb07080055086737b5044ecb8f50e9003b04a,2026-06-16T15:58:17Z,786-aquib,User,,human_account,,no,,,c64bb07080055086737b5044ecb8f50e9003b04a,786-aquib,786-aquib,2026-08-30T17:19:16.843155+00:00
76,langchain-ai/langchain,pull_request,38122,pull_commit,committed,a3d0ef776f6268ab7711057c4f3b22a8d6d0848e,2026-06-13T02:06:35Z,mdrxy,User,,human_account,,no,,,a3d0ef776f6268ab7711057c4f3b22a8d6d0848e,mdrxy,mdrxy,2026-08-30T17:19:17.400614+00:00
76,langchain-ai/langchain,pull_request,38122,pull_commit,committed,46742f7832bfd712cb56c13cbcf53f3e918fd653,2026-06-13T02:15:18Z,mdrxy,User,,human_account,,no,,,46742f7832bfd712cb56c13cbcf53f3e918fd653,mdrxy,mdrxy,2026-08-30T17:19:17.400614+00:00
76,langchain-ai/langchain,pull_request,38122,pull_commit,committed,d377e49bf48345ee2238a0996918cbbf2097e7ac,2026-06-13T02:17:54Z,mdrxy,User,,human_account,,no,,,d377e49bf48345ee2238a0996918cbbf2097e7ac,mdrxy,mdrxy,2026-08-30T17:19:17.400614+00:00
76,langchain-ai/langchain,pull_request,39996,pull_commit,committed,4c47dd2248b4f892b02932d37c26bf82034208dc,2026-08-28T22:20:15Z,Hotragn,User,,human_account,,no,,,4c47dd2248b4f892b02932d37c26bf82034208dc,Hotragn,Hotragn,2026-08-30T17:19:17.870141+00:00
76,langchain-ai/langchain,pull_request,37572,pull_commit,committed,cdf52f64967ebda0025098ad2f5527e4d12a58f9,2026-05-19T18:57:20Z,paulxg12,User,,human_account,,no,,,cdf52f64967ebda0025098ad2f5527e4d12a58f9,paulxg12,paulxg12,2026-08-30T17:19:18.464127+00:00
76,langchain-ai/langchain,pull_request,37572,pull_commit,committed,df854d99e300255a513f393f01e3a61220af9bb5,2026-05-19T18:57:27Z,paulxg12,User,,human_account,,no,,,df854d99e300255a513f393f01e3a61220af9bb5,paulxg12,paulxg12,2026-08-30T17:19:18.464127+00:00
76,langchain-ai/langchain,pull_request,39855,pull_commit,committed,7326fbbe8e02881613039bc7d9a83a6646780104,2026-08-23T05:05:13Z,,,,unknown,,no,,,7326fbbe8e02881613039bc7d9a83a6646780104,,,2026-08-30T17:19:18.945227+00:00
76,langchain-ai/langchain,pull_request,38460,pull_commit,committed,b4f1ca7874bfed23a8a0feaa1580caf9d8c3662f,2026-06-25T19:27:46Z,C1-BA-B1-F3,User,,human_account,,no,,,b4f1ca7874bfed23a8a0feaa1580caf9d8c3662f,C1-BA-B1-F3,C1-BA-B1-F3,2026-08-30T17:19:19.486033+00:00
76,langchain-ai/langchain,pull_request,37662,pull_commit,committed,9607cdf0ca8ae7ed11a1ed6b3762247dba1ca83b,2026-05-24T04:16:05Z,Alexxigang,User,,human_account,,no,,,9607cdf0ca8ae7ed11a1ed6b3762247dba1ca83b,Alexxigang,Alexxigang,2026-08-30T17:19:20.073521+00:00
76,langchain-ai/langchain,pull_request,37957,pull_commit,committed,94a0020aa2d8caaf66a44758ddde91ccd8ce5760,2026-06-08T05:46:49Z,lohitkolluri,User,,human_account,,no,,,94a0020aa2d8caaf66a44758ddde91ccd8ce5760,lohitkolluri,lohitkolluri,2026-08-30T17:19:20.546190+00:00
76,langchain-ai/langchain,pull_request,38781,pull_commit,committed,ebc0107633aa1afaff5fb440f416ab4ce59ab112,2026-07-10T14:26:18Z,ccurme,User,,human_account,,no,,,ebc0107633aa1afaff5fb440f416ab4ce59ab112,ccurme,ccurme,2026-08-30T17:19:21.025454+00:00
76,langchain-ai/langchain,pull_request,38781,pull_commit,committed,27160cd1fe8ab2efef448a423b4fa543d9cf1ca1,2026-07-10T15:14:33Z,ccurme,User,,human_account,,no,,,27160cd1fe8ab2efef448a423b4fa543d9cf1ca1,ccurme,ccurme,2026-08-30T17:19:21.025454+00:00
76,langchain-ai/langchain,pull_request,38781,pull_commit,committed,1c215ea5da6397ef6636207bb13090e631ad6e26,2026-07-10T15:21:49Z,ccurme,User,,human_account,,no,,,1c215ea5da6397ef6636207bb13090e631ad6e26,ccurme,ccurme,2026-08-30T17:19:21.025454+00:00
76,langchain-ai/langchain,pull_request,38781,pull_commit,committed,c82a36b85c4bd0dbc267accbd4415e139f080054,2026-07-13T20:44:33Z,ccurme,User,,human_account,,no,,,c82a36b85c4bd0dbc267accbd4415e139f080054,ccurme,ccurme,2026-08-30T17:19:21.025454+00:00
76,langchain-ai/langchain,pull_request,38921,pull_commit,committed,2d32839ceee7de59bd75dba5d05f8d83ef24fe53,2026-07-18T07:57:02Z,sergioperezcheco,User,,human_account,,no,,,2d32839ceee7de59bd75dba5d05f8d83ef24fe53,sergioperezcheco,sergioperezcheco,2026-08-30T17:19:21.578413+00:00
76,langchain-ai/langchain,pull_request,37139,pull_commit,committed,e09baea2bc23bbb745d7a9595865f84d714085f9,2026-05-01T18:14:52Z,mdrxy,User,,human_account,,no,,,e09baea2bc23bbb745d7a9595865f84d714085f9,mdrxy,mdrxy,2026-08-30T17:19:22.053741+00:00
76,langchain-ai/langchain,pull_request,39158,pull_commit,committed,48b027fac94241c5e7ca4440ffca2f78473b6714,2026-07-30T20:21:52Z,ShiroKSH,User,,human_account,,no,,,48b027fac94241c5e7ca4440ffca2f78473b6714,ShiroKSH,ShiroKSH,2026-08-30T17:19:22.513495+00:00
76,langchain-ai/langchain,pull_request,39204,pull_commit,committed,97202b5c0a0a756457f383f08570077a3ef9c65e,2026-08-02T20:32:44Z,ccurme,User,,human_account,,no,,,97202b5c0a0a756457f383f08570077a3ef9c65e,ccurme,ccurme,2026-08-30T17:19:23.009980+00:00
76,langchain-ai/langchain,pull_request,37136,pull_commit,committed,29d7ea7ab4afa71e60d2f931f306bd61be94a9af,2026-05-01T16:58:20Z,nick-hollon-lc,User,,human_account,,no,,,29d7ea7ab4afa71e60d2f931f306bd61be94a9af,nick-hollon-lc,nick-hollon-lc,2026-08-30T17:19:23.530941+00:00
76,langchain-ai/langchain,pull_request,37136,pull_commit,committed,b6ce1facc2a07e07dfe494454dbe45541f23b4ab,2026-05-01T17:27:43Z,nick-hollon-lc,User,,human_account,,no,,,b6ce1facc2a07e07dfe494454dbe45541f23b4ab,nick-hollon-lc,nick-hollon-lc,2026-08-30T17:19:23.530941+00:00
76,langchain-ai/langchain,pull_request,37136,pull_commit,committed,7559f7e2169c30873712916a3dd996b607fc469f,2026-05-01T18:11:27Z,nick-hollon-lc,User,,human_account,,no,,,7559f7e2169c30873712916a3dd996b607fc469f,nick-hollon-lc,nick-hollon-lc,2026-08-30T17:19:23.530941+00:00
76,langchain-ai/langchain,pull_request,39018,pull_commit,committed,fc8c3d250913a2f7bc5849f1016d6ecc5cfa00ee,2026-07-22T14:16:54Z,saitejabandaru-in,User,,human_account,,no,,,fc8c3d250913a2f7bc5849f1016d6ecc5cfa00ee,saitejabandaru-in,saitejabandaru-in,2026-08-30T17:19:24.470988+00:00
76,langchain-ai/langchain,pull_request,38609,pull_commit,committed,dbdf86b8f395bf82c4bb9e7ddc0f8be9797f862c,2026-07-02T08:21:13Z,krrishapatel,User,,human_account,,no,,,dbdf86b8f395bf82c4bb9e7ddc0f8be9797f862c,krrishapatel,krrishapatel,2026-08-30T17:19:25.064729+00:00
76,langchain-ai/langchain,pull_request,39931,pull_commit,committed,7676a33e2838c8d5cf5c8b8a88c5962141ec28b3,2026-08-26T09:43:07Z,seshan18,User,,human_account,,no,,,7676a33e2838c8d5cf5c8b8a88c5962141ec28b3,seshan18,seshan18,2026-08-30T17:19:25.571968+00:00
76,langchain-ai/langchain,pull_request,39931,pull_commit,committed,51517638dce9a800ef9410f4f66ba3ee5b0aa2da,2026-08-26T10:30:46Z,seshan18,User,,human_account,,no,,,51517638dce9a800ef9410f4f66ba3ee5b0aa2da,seshan18,seshan18,2026-08-30T17:19:25.571968+00:00
76,langchain-ai/langchain,pull_request,38292,pull_commit,committed,d7af9f86bd8ffbb505d1d1429b35b606c3f186e6,2026-06-19T23:42:15Z,web-flow,User,,human_account,,no,,,d7af9f86bd8ffbb505d1d1429b35b606c3f186e6,dependabot[bot],web-flow,2026-08-30T17:19:26.142898+00:00
76,langchain-ai/langchain,pull_request,37594,pull_commit,committed,f229e0fef27f5aab39f0557f5aef01b098a35875,2026-05-21T02:45:21Z,CodeAgentCN,User,,human_account,,no,,,f229e0fef27f5aab39f0557f5aef01b098a35875,CodeAgentCN,CodeAgentCN,2026-08-30T17:19:26.755054+00:00
76,langchain-ai/langchain,pull_request,37594,pull_commit,committed,1ae26f6555dbbf5f35003631a6c8f342f50088f7,2026-05-21T02:54:36Z,CodeAgentCN,User,,human_account,,no,,,1ae26f6555dbbf5f35003631a6c8f342f50088f7,CodeAgentCN,CodeAgentCN,2026-08-30T17:19:26.755054+00:00
76,langchain-ai/langchain,pull_request,38399,pull_commit,committed,2b81c1685021e419ad55c10435b0146ca153a2c9,2026-06-24T09:53:40Z,,,,unknown,,no,,,2b81c1685021e419ad55c10435b0146ca153a2c9,,,2026-08-30T17:19:27.233926+00:00
