study_stage,stage_start,stage_end,sample_rank,repo_name,llm_native_manual,collaboration_niche,agent_proximity,item_type,number,html_url,outcome,created_at,closed_at,merged_at,author_login,author_association,opener_class,explicit_ai_assistance_disclosure,known_automation_bot_present,agent_participation_present,coding_agent_present,review_agent_present,support_or_security_agent_present,conventional_automation_present,agent_participation_opened_thread,agent_participation_response_present,agent_review_event_present,human_account_review_event_present,maintainer_account_review_event_present,agent_change_request_present,human_account_change_request_present,agent_gate_event_present,agent_visible_events,identity_candidate_present,human_account_present_any,human_account_present_in_conversation,maintainer_account_present,automation_only_visible_thread,response_only_automation,no_human_account_response,no_maintainer_account_response,visible_response_events,comments,reviews,changes_requested_reviews,review_observed,post_review_commit_observed,change_request_observed,change_request_followed_by_commit,conversation_actor_count,conversation_class_switches,first_visible_response_hours,first_human_account_response_hours,first_maintainer_account_response_hours,commits,commits_after_first_review,gate_actor_login,gate_actor_class,gate_actor_role,gate_actor_association,human_account_gate,maintainer_account_gate,agent_gate,external_author,fixed_maturity_eligible,resolution_days,sampling_weight
,,,1,openclaw/openclaw,llm_native,agent_application,direct_agent_experience,issue,19120,https://github.com/openclaw/openclaw/issues/19120,closed,2026-02-17T11:56:01Z,2026-03-30T04:20:21Z,,kasparkastl,NONE,human_account,no,yes,no,no,no,no,no,no,no,no,no,no,no,no,no,0,no,yes,yes,no,no,yes,yes,yes,3,6,0,0,no,no,no,no,2,3,184.215,,,0,0,openclaw-barnacle[bot],automation_bot,unknown_automation,NONE,no,no,no,yes,yes,40.684,6467.75
,,,1,openclaw/openclaw,llm_native,agent_application,direct_agent_experience,pull_request,95319,https://github.com/openclaw/openclaw/pull/95319,closed_unmerged,2026-06-20T12:04:19Z,2026-06-24T08:56:53Z,,ly-wang19,CONTRIBUTOR,human_account,no,yes,yes,yes,no,no,no,no,yes,no,no,no,no,no,no,12,no,yes,yes,no,no,yes,yes,yes,1,3,0,0,no,no,no,no,2,2,0.022,,,1,0,ly-wang19,human_account,not_automation,CONTRIBUTOR,yes,no,no,yes,no,3.87,6467.75
,,,1,openclaw/openclaw,llm_native,agent_application,direct_agent_experience,issue,54185,https://github.com/openclaw/openclaw/issues/54185,closed,2026-03-25T02:53:25Z,2026-03-28T04:34:39Z,,celagoor,NONE,human_account,no,yes,no,no,no,no,no,no,no,no,no,no,no,no,no,0,no,yes,yes,yes,no,no,no,no,1,1,0,0,no,no,no,no,2,0,73.687,73.687,73.687,0,0,gumadeiras,human_account,not_automation,MEMBER,yes,yes,no,yes,yes,3.07,6467.75
,,,1,openclaw/openclaw,llm_native,agent_application,direct_agent_experience,issue,95052,https://github.com/openclaw/openclaw/issues/95052,closed,2026-06-19T17:37:21Z,2026-06-19T17:44:41Z,,YvesLaRose,NONE,human_account,no,yes,yes,yes,no,no,no,no,yes,no,no,no,no,no,yes,7,no,yes,yes,no,no,yes,yes,yes,1,1,0,0,no,no,no,no,2,1,0.019,,,0,0,clawsweeper[bot],automation_bot,coding_agent,CONTRIBUTOR,no,no,yes,yes,no,0.005,6467.75
,,,1,openclaw/openclaw,llm_native,agent_application,direct_agent_experience,issue,1516,https://github.com/openclaw/openclaw/issues/1516,closed,2026-01-23T14:37:02Z,2026-01-24T11:04:38Z,,cash-echo-bot,CONTRIBUTOR,candidate_review,no,yes,no,no,no,no,no,no,no,no,no,no,no,no,no,0,yes,yes,yes,no,no,no,no,yes,2,6,0,0,no,no,no,no,2,1,20.459,20.459,,0,0,steipete,human_account,not_automation,CONTRIBUTOR,yes,no,no,yes,yes,0.853,6467.75
,,,1,openclaw/openclaw,llm_native,agent_application,direct_agent_experience,issue,64143,https://github.com/openclaw/openclaw/issues/64143,closed,2026-04-10T06:39:55Z,2026-04-10T06:41:50Z,,atticusfawler,NONE,human_account,no,yes,no,no,no,no,no,no,no,no,no,no,no,no,no,0,no,yes,yes,no,no,unknown,yes,yes,0,1,0,0,no,no,no,no,1,0,,,,0,0,atticusfawler,human_account,not_automation,NONE,yes,no,no,yes,yes,0.001,6467.75
,,,1,openclaw/openclaw,llm_native,agent_application,direct_agent_experience,pull_request,99814,https://github.com/openclaw/openclaw/pull/99814,closed_unmerged,2026-07-04T04:34:46Z,2026-07-04T04:42:05Z,,chenyangjun-xy,CONTRIBUTOR,human_account,no,yes,yes,yes,no,no,no,no,yes,no,no,no,no,no,yes,10,no,yes,yes,no,no,yes,yes,yes,2,2,0,0,no,no,no,no,2,1,0.044,,,5,0,clawsweeper[bot],automation_bot,coding_agent,CONTRIBUTOR,no,no,yes,yes,no,0.005,6467.75
,,,1,openclaw/openclaw,llm_native,agent_application,direct_agent_experience,pull_request,21380,https://github.com/openclaw/openclaw/pull/21380,closed_unmerged,2026-02-19T22:44:00Z,2026-02-20T21:52:01Z,,adhitShet,CONTRIBUTOR,human_account,no,yes,yes,no,yes,no,no,no,yes,yes,no,no,no,no,no,2,yes,yes,yes,no,no,yes,yes,yes,2,6,1,0,yes,yes,no,no,2,2,0.043,,,3,3,adhitShet,human_account,not_automation,CONTRIBUTOR,yes,no,no,yes,yes,0.964,6467.75
,,,1,openclaw/openclaw,llm_native,agent_application,direct_agent_experience,issue,56180,https://github.com/openclaw/openclaw/issues/56180,closed,2026-03-28T04:52:09Z,2026-03-28T04:56:01Z,,scatteringiris,NONE,human_account,no,yes,no,no,no,no,no,no,no,no,no,no,no,no,no,0,no,yes,yes,no,no,unknown,yes,yes,0,1,0,0,no,no,no,no,1,0,,,,0,0,scatteringiris,human_account,not_automation,NONE,yes,no,no,yes,yes,0.003,6467.75
,,,1,openclaw/openclaw,llm_native,agent_application,direct_agent_experience,pull_request,93028,https://github.com/openclaw/openclaw/pull/93028,closed_unmerged,2026-06-14T17:00:03Z,2026-07-29T04:31:35Z,,llljjjwww333,CONTRIBUTOR,human_account,no,yes,yes,yes,no,no,no,no,yes,no,no,no,no,no,no,15,yes,yes,yes,no,no,yes,yes,yes,4,5,0,0,no,no,no,no,3,3,0.031,,,3,0,openclaw-barnacle[bot],automation_bot,unknown_automation,NONE,no,no,no,yes,no,44.48,6467.75
,,,1,openclaw/openclaw,llm_native,agent_application,direct_agent_experience,pull_request,37540,https://github.com/openclaw/openclaw/pull/37540,closed_unmerged,2026-03-06T09:12:08Z,2026-03-06T18:39:29Z,,bmendonca3,CONTRIBUTOR,human_account,no,yes,no,no,no,no,no,no,no,no,no,no,no,no,no,0,no,yes,yes,no,no,unknown,yes,yes,0,0,0,0,no,no,no,no,1,0,,,,1,0,thewilloftheshadow,human_account,not_automation,,yes,no,no,yes,yes,0.394,6467.75
,,,1,openclaw/openclaw,llm_native,agent_application,direct_agent_experience,pull_request,57482,https://github.com/openclaw/openclaw/pull/57482,merged,2026-03-30T04:49:14Z,2026-03-30T04:59:55Z,2026-03-30T04:59:55Z,vincentkoc,MEMBER,human_account,no,yes,yes,yes,yes,no,yes,no,yes,yes,no,no,no,no,no,6,no,yes,yes,yes,no,yes,yes,yes,3,2,1,0,yes,no,no,no,2,1,0.265,,,6,0,vincentkoc,human_account,not_automation,MEMBER,yes,yes,no,no,yes,0.007,6467.75
,,,1,openclaw/openclaw,llm_native,agent_application,direct_agent_experience,pull_request,24708,https://github.com/openclaw/openclaw/pull/24708,closed_unmerged,2026-02-23T18:40:00Z,2026-03-22T04:17:22Z,,pich4ya,NONE,human_account,no,yes,no,no,no,no,no,no,no,no,yes,no,no,no,no,0,no,yes,yes,no,no,no,no,yes,4,2,2,0,yes,no,no,no,3,1,11.601,11.601,,1,0,openclaw-barnacle[bot],automation_bot,unknown_automation,NONE,no,no,no,yes,yes,26.401,6467.75
,,,1,openclaw/openclaw,llm_native,agent_application,direct_agent_experience,issue,13944,https://github.com/openclaw/openclaw/issues/13944,closed,2026-02-11T07:44:12Z,2026-03-11T04:15:37Z,,clanksy,NONE,human_account,no,yes,no,no,no,no,no,no,no,no,no,no,no,no,no,0,no,yes,yes,no,no,no,no,yes,3,3,0,0,no,no,no,no,3,1,79.802,79.802,,0,0,openclaw-barnacle[bot],automation_bot,unknown_automation,NONE,no,no,no,yes,yes,27.855,6467.75
,,,1,openclaw/openclaw,llm_native,agent_application,direct_agent_experience,issue,104609,https://github.com/openclaw/openclaw/issues/104609,closed,2026-07-11T18:07:30Z,2026-07-11T18:29:00Z,,steipete,CONTRIBUTOR,human_account,no,yes,yes,yes,no,no,no,no,yes,no,no,no,no,no,no,4,no,yes,yes,no,no,yes,yes,yes,1,1,0,0,no,no,no,no,2,1,0.256,,,0,0,steipete,human_account,not_automation,CONTRIBUTOR,yes,no,no,yes,no,0.015,6467.75
,,,1,openclaw/openclaw,llm_native,agent_application,direct_agent_experience,pull_request,76964,https://github.com/openclaw/openclaw/pull/76964,closed_unmerged,2026-05-03T22:08:23Z,2026-05-03T22:49:09Z,,BunsDev,CONTRIBUTOR,human_account,no,yes,yes,yes,no,no,no,no,yes,no,no,no,no,no,no,1,no,yes,yes,no,no,yes,yes,yes,1,1,0,0,no,no,no,no,2,1,0.054,,,1,0,BunsDev,human_account,not_automation,CONTRIBUTOR,yes,no,no,yes,yes,0.028,6467.75
,,,1,openclaw/openclaw,llm_native,agent_application,direct_agent_experience,pull_request,127291,https://github.com/openclaw/openclaw/pull/127291,closed_unmerged,2026-08-21T16:53:18Z,2026-08-26T23:27:09Z,,VACInc,MEMBER,human_account,no,yes,yes,yes,no,no,no,no,yes,no,no,no,no,no,no,8,no,yes,yes,yes,no,yes,yes,yes,2,3,0,0,no,no,no,no,2,2,0.001,,,1,0,VACInc,human_account,not_automation,MEMBER,yes,yes,no,no,no,5.274,6467.75
,,,1,openclaw/openclaw,llm_native,agent_application,direct_agent_experience,pull_request,125039,https://github.com/openclaw/openclaw/pull/125039,merged,2026-08-17T04:27:30Z,2026-08-17T04:52:31Z,2026-08-17T04:52:31Z,steipete,CONTRIBUTOR,human_account,no,yes,yes,yes,no,no,yes,no,yes,no,no,no,no,no,no,6,yes,yes,yes,no,no,yes,yes,yes,2,4,0,0,no,no,no,no,2,2,0.001,,,3,0,steipete,human_account,not_automation,CONTRIBUTOR,yes,no,no,yes,no,0.017,6467.75
,,,1,openclaw/openclaw,llm_native,agent_application,direct_agent_experience,pull_request,97846,https://github.com/openclaw/openclaw/pull/97846,closed_unmerged,2026-06-29T15:20:44Z,2026-06-29T15:42:54Z,,whiteyzy,CONTRIBUTOR,human_account,no,yes,yes,yes,no,no,no,no,yes,no,no,no,no,no,yes,10,no,yes,yes,no,no,yes,yes,yes,2,2,0,0,no,no,no,no,2,1,0.12,,,1,0,clawsweeper[bot],automation_bot,coding_agent,CONTRIBUTOR,no,no,yes,yes,no,0.015,6467.75
,,,1,openclaw/openclaw,llm_native,agent_application,direct_agent_experience,issue,130692,https://github.com/openclaw/openclaw/issues/130692,closed,2026-08-27T04:37:05Z,2026-08-27T08:44:44Z,,steipete,CONTRIBUTOR,human_account,no,yes,yes,yes,no,no,no,no,yes,no,no,no,no,no,no,4,no,yes,yes,no,no,yes,yes,yes,1,2,0,0,no,no,no,no,2,2,0.123,,,0,0,steipete,human_account,not_automation,CONTRIBUTOR,yes,no,no,yes,no,0.172,6467.75
,,,2,NousResearch/hermes-agent,llm_native,agent_application,direct_agent_experience,pull_request,69952,https://github.com/NousResearch/hermes-agent/pull/69952,open,2026-07-23T07:29:57Z,,,web3blind,CONTRIBUTOR,human_account,yes,no,no,no,no,no,no,no,no,no,no,no,no,no,no,0,no,yes,yes,yes,no,no,no,no,3,5,0,0,no,no,no,no,4,0,0.214,0.214,0.214,1,0,,,,,no,no,no,yes,no,,4838.0
,,,2,NousResearch/hermes-agent,llm_native,agent_application,direct_agent_experience,pull_request,38590,https://github.com/NousResearch/hermes-agent/pull/38590,open,2026-06-04T00:50:22Z,,,liuhao1024,CONTRIBUTOR,human_account,no,no,no,no,no,no,no,no,no,no,yes,yes,no,no,no,0,no,yes,yes,yes,no,no,no,no,5,2,3,0,yes,yes,no,no,3,0,135.853,135.853,135.853,3,2,,,,,no,no,no,yes,no,,4838.0
,,,2,NousResearch/hermes-agent,llm_native,agent_application,direct_agent_experience,pull_request,1885,https://github.com/NousResearch/hermes-agent/pull/1885,closed_unmerged,2026-03-18T07:33:31Z,2026-03-18T09:23:44Z,,Bartok9,CONTRIBUTOR,human_account,no,no,no,no,no,no,no,no,no,no,no,no,no,no,no,0,no,yes,yes,no,no,no,no,yes,1,1,0,0,no,no,no,no,2,0,1.837,1.837,,1,0,teknium1,human_account,not_automation,CONTRIBUTOR,yes,no,no,yes,yes,0.077,4838.0
,,,2,NousResearch/hermes-agent,llm_native,agent_application,direct_agent_experience,pull_request,53156,https://github.com/NousResearch/hermes-agent/pull/53156,open,2026-06-26T16:16:30Z,,,LeonSGP43,CONTRIBUTOR,human_account,no,no,no,no,no,no,no,no,no,no,yes,no,no,no,no,0,no,yes,yes,no,no,no,no,yes,2,1,1,0,yes,no,no,no,2,0,445.638,445.638,,1,0,,,,,no,no,no,yes,no,,4838.0
,,,2,NousResearch/hermes-agent,llm_native,agent_application,direct_agent_experience,pull_request,67047,https://github.com/NousResearch/hermes-agent/pull/67047,closed_unmerged,2026-07-18T17:50:16Z,2026-08-01T05:36:15Z,,webtecnica,CONTRIBUTOR,human_account,yes,no,no,no,no,no,no,no,no,no,yes,no,no,no,no,0,no,yes,yes,yes,no,no,no,no,5,5,1,0,yes,no,no,no,3,0,0.116,0.116,0.116,1,0,teknium1,human_account,not_automation,CONTRIBUTOR,yes,no,no,yes,no,13.49,4838.0
,,,2,NousResearch/hermes-agent,llm_native,agent_application,direct_agent_experience,issue,42011,https://github.com/NousResearch/hermes-agent/issues/42011,closed,2026-06-08T10:23:28Z,2026-07-14T06:33:53Z,,nimitbhardwaj,NONE,human_account,no,no,no,no,no,no,no,no,no,no,no,no,no,no,no,0,no,yes,yes,no,no,no,no,yes,2,2,0,0,no,no,no,no,3,0,0.616,0.616,,0,0,teknium1,human_account,not_automation,CONTRIBUTOR,yes,no,no,yes,no,35.841,4838.0
,,,2,NousResearch/hermes-agent,llm_native,agent_application,direct_agent_experience,pull_request,82062,https://github.com/NousResearch/hermes-agent/pull/82062,open,2026-08-08T23:10:04Z,,,Netsuk094,NONE,human_account,yes,no,no,no,no,no,no,no,no,no,no,no,no,no,no,0,no,yes,yes,yes,no,no,no,no,1,1,0,0,no,no,no,no,2,0,0.074,0.074,0.074,1,0,,,,,no,no,no,yes,no,,4838.0
,,,2,NousResearch/hermes-agent,llm_native,agent_application,direct_agent_experience,pull_request,65539,https://github.com/NousResearch/hermes-agent/pull/65539,merged,2026-07-16T09:23:43Z,2026-07-16T11:47:40Z,2026-07-16T11:47:40Z,teknium1,CONTRIBUTOR,human_account,no,no,no,no,no,no,no,no,no,no,no,no,no,no,no,0,no,yes,yes,no,no,unknown,yes,yes,0,0,0,0,no,no,no,no,1,0,,,,4,0,teknium1,human_account,not_automation,CONTRIBUTOR,yes,no,no,yes,no,0.1,4838.0
,,,2,NousResearch/hermes-agent,llm_native,agent_application,direct_agent_experience,issue,52401,https://github.com/NousResearch/hermes-agent/issues/52401,open,2026-06-25T07:46:01Z,,,lerryzou,NONE,human_account,no,no,no,no,no,no,no,no,no,no,no,no,no,no,no,0,no,yes,yes,no,no,no,no,yes,2,2,0,0,no,no,no,no,3,0,223.002,223.002,,0,0,,,,,no,no,no,yes,no,,4838.0
,,,2,NousResearch/hermes-agent,llm_native,agent_application,direct_agent_experience,pull_request,15087,https://github.com/NousResearch/hermes-agent/pull/15087,closed_unmerged,2026-04-24T11:02:17Z,2026-07-12T17:29:23Z,,ReginaldasR,CONTRIBUTOR,human_account,no,no,no,no,no,no,no,no,no,no,no,no,no,no,no,0,no,yes,yes,no,no,no,no,yes,1,1,0,0,no,no,no,no,2,0,1902.451,1902.451,,1,0,teknium1,human_account,not_automation,CONTRIBUTOR,yes,no,no,yes,yes,79.269,4838.0
,,,2,NousResearch/hermes-agent,llm_native,agent_application,direct_agent_experience,issue,67989,https://github.com/NousResearch/hermes-agent/issues/67989,closed,2026-07-20T10:36:33Z,2026-07-20T10:44:01Z,,goutham-ti,NONE,human_account,yes,no,no,no,no,no,no,no,no,no,no,no,no,no,no,0,no,yes,yes,yes,no,no,no,no,1,2,0,0,no,no,no,no,2,0,0.062,0.062,0.062,0,0,goutham-ti,human_account,not_automation,NONE,yes,no,no,yes,no,0.005,4838.0
,,,2,NousResearch/hermes-agent,llm_native,agent_application,direct_agent_experience,pull_request,37079,https://github.com/NousResearch/hermes-agent/pull/37079,closed_unmerged,2026-06-02T00:00:05Z,2026-06-02T00:54:25Z,,automagik-genie,NONE,human_account,no,no,no,no,no,no,no,no,no,no,yes,no,no,no,no,0,no,yes,yes,no,no,no,no,yes,1,0,1,0,yes,no,no,no,2,0,0.416,0.416,,1,0,automagik-genie,human_account,not_automation,NONE,yes,no,no,yes,no,0.038,4838.0
,,,2,NousResearch/hermes-agent,llm_native,agent_application,direct_agent_experience,pull_request,21445,https://github.com/NousResearch/hermes-agent/pull/21445,closed_unmerged,2026-05-07T17:59:44Z,2026-05-22T14:51:46Z,,qiviut,NONE,human_account,no,no,no,no,no,no,no,no,no,no,no,no,no,no,no,0,yes,yes,yes,no,no,unknown,yes,yes,0,0,0,0,no,no,no,no,1,0,,,,3,0,qiviut,human_account,not_automation,NONE,yes,no,no,yes,yes,14.869,4838.0
,,,2,NousResearch/hermes-agent,llm_native,agent_application,direct_agent_experience,pull_request,45201,https://github.com/NousResearch/hermes-agent/pull/45201,closed_unmerged,2026-06-12T20:14:00Z,2026-07-02T14:06:11Z,,wesleysimplicio,CONTRIBUTOR,human_account,no,no,no,no,no,no,no,no,no,no,yes,no,no,no,no,0,no,yes,yes,no,no,no,no,yes,1,0,1,0,yes,no,no,no,2,0,0.611,0.611,,1,0,wesleysimplicio,human_account,not_automation,CONTRIBUTOR,yes,no,no,yes,no,19.745,4838.0
,,,2,NousResearch/hermes-agent,llm_native,agent_application,direct_agent_experience,issue,49705,https://github.com/NousResearch/hermes-agent/issues/49705,closed,2026-06-20T16:12:57Z,2026-06-21T23:42:38Z,,kzeokytjvwhnrtl13otf-bit,NONE,human_account,no,no,no,no,no,no,no,no,no,no,no,no,no,no,no,0,no,yes,yes,yes,no,no,no,no,2,2,0,0,no,no,no,no,3,0,0.156,0.156,0.156,0,0,teknium1,human_account,not_automation,CONTRIBUTOR,yes,no,no,yes,no,1.312,4838.0
,,,2,NousResearch/hermes-agent,llm_native,agent_application,direct_agent_experience,pull_request,79249,https://github.com/NousResearch/hermes-agent/pull/79249,open,2026-08-05T09:37:19Z,,,HeilbronAILabs,NONE,human_account,no,no,no,no,no,no,no,no,no,no,no,no,no,no,no,0,no,yes,yes,no,no,unknown,yes,yes,0,0,0,0,no,no,no,no,1,0,,,,1,0,,,,,no,no,no,yes,no,,4838.0
,,,2,NousResearch/hermes-agent,llm_native,agent_application,direct_agent_experience,pull_request,68897,https://github.com/NousResearch/hermes-agent/pull/68897,closed_unmerged,2026-07-21T20:12:22Z,2026-07-21T20:22:00Z,,trac3r00,CONTRIBUTOR,human_account,yes,no,no,no,no,no,no,no,no,no,no,no,no,no,no,0,yes,yes,yes,yes,no,no,no,no,1,2,0,0,no,no,no,no,2,0,0.139,0.139,0.139,1,0,trac3r00,human_account,not_automation,CONTRIBUTOR,yes,no,no,yes,no,0.007,4838.0
,,,2,NousResearch/hermes-agent,llm_native,agent_application,direct_agent_experience,issue,29654,https://github.com/NousResearch/hermes-agent/issues/29654,open,2026-05-21T05:11:55Z,,,RafeRoberts,NONE,human_account,no,no,no,no,no,no,no,no,no,no,no,no,no,no,no,0,no,yes,yes,no,no,no,no,yes,1,1,0,0,no,no,no,no,2,0,1421.768,1421.768,,0,0,,,,,no,no,no,yes,yes,,4838.0
,,,2,NousResearch/hermes-agent,llm_native,agent_application,direct_agent_experience,issue,79336,https://github.com/NousResearch/hermes-agent/issues/79336,open,2026-08-05T12:12:28Z,,,gy-0,NONE,human_account,no,no,no,no,no,no,no,no,no,no,no,no,no,no,no,0,no,yes,yes,no,no,unknown,yes,yes,0,2,0,0,no,no,no,no,1,0,,,,0,0,,,,,no,no,no,yes,no,,4838.0
,,,2,NousResearch/hermes-agent,llm_native,agent_application,direct_agent_experience,issue,10755,https://github.com/NousResearch/hermes-agent/issues/10755,closed,2026-04-16T05:07:09Z,2026-05-24T11:29:49Z,,peter20201011-cmyk,NONE,human_account,no,no,no,no,no,no,no,no,no,no,no,no,no,no,no,0,no,yes,yes,yes,no,no,no,no,2,2,0,0,no,no,no,no,3,0,229.886,229.886,229.886,0,0,teknium1,human_account,not_automation,CONTRIBUTOR,yes,no,no,yes,yes,38.266,4838.0
,,,3,pytorch/pytorch,traditional,model_infra,supporting_infrastructure,pull_request,180734,https://github.com/pytorch/pytorch/pull/180734,closed_unmerged,2026-04-18T12:17:06Z,2026-04-27T19:13:52Z,,NikhilAPatel,CONTRIBUTOR,human_account,no,yes,no,no,no,no,yes,no,no,no,yes,no,no,no,no,0,no,yes,yes,yes,no,no,no,no,13,8,5,0,yes,yes,no,no,5,3,0.001,6.597,221.235,2,1,pytorchmergebot,automation_service_account,conventional_automation,COLLABORATOR,no,yes,no,yes,yes,9.289,1172.6
,,,3,pytorch/pytorch,traditional,model_infra,supporting_infrastructure,pull_request,174238,https://github.com/pytorch/pytorch/pull/174238,closed_unmerged,2026-02-03T21:24:59Z,2026-02-04T00:43:14Z,,malfet,COLLABORATOR,human_account,no,yes,no,no,no,no,yes,no,no,no,yes,yes,no,no,no,0,no,yes,yes,yes,no,no,no,no,5,4,2,0,yes,yes,no,no,6,3,0.001,0.205,0.205,2,1,pytorchmergebot,automation_service_account,conventional_automation,COLLABORATOR,no,yes,no,no,yes,0.138,1172.6
,,,3,pytorch/pytorch,traditional,model_infra,supporting_infrastructure,pull_request,173763,https://github.com/pytorch/pytorch/pull/173763,closed_unmerged,2026-01-29T04:18:20Z,2026-01-29T05:56:59Z,,malfet,COLLABORATOR,human_account,no,yes,no,no,no,no,yes,no,no,no,yes,yes,no,no,no,0,no,yes,yes,yes,no,no,no,no,3,2,1,0,yes,no,no,no,4,3,0.002,0.196,0.196,1,0,pytorchmergebot,automation_service_account,conventional_automation,COLLABORATOR,no,yes,no,no,yes,0.069,1172.6
,,,3,pytorch/pytorch,traditional,model_infra,supporting_infrastructure,pull_request,178254,https://github.com/pytorch/pytorch/pull/178254,closed_unmerged,2026-03-24T08:43:53Z,2026-03-27T18:33:10Z,,mlazos,CONTRIBUTOR,human_account,no,yes,yes,yes,no,no,yes,no,no,no,yes,yes,no,no,no,2,no,yes,yes,yes,no,no,no,no,10,12,2,0,yes,yes,no,no,5,9,0.001,9.814,9.818,10,8,pytorchmergebot,automation_service_account,conventional_automation,COLLABORATOR,no,yes,no,yes,yes,3.409,1172.6
,,,3,pytorch/pytorch,traditional,model_infra,supporting_infrastructure,issue,182464,https://github.com/pytorch/pytorch/issues/182464,closed,2026-05-05T16:43:28Z,2026-05-06T21:04:04Z,,svekars,CONTRIBUTOR,human_account,no,yes,no,no,no,no,yes,no,no,no,no,no,no,no,no,0,no,yes,yes,no,no,no,no,yes,1,1,0,0,no,no,no,no,2,0,24.494,24.494,,0,0,pytorchmergebot,automation_service_account,conventional_automation,COLLABORATOR,no,yes,no,yes,yes,1.181,1172.6
,,,3,pytorch/pytorch,traditional,model_infra,supporting_infrastructure,pull_request,193877,https://github.com/pytorch/pytorch/pull/193877,open,2026-08-18T02:21:59Z,,,chunhuanMeng,CONTRIBUTOR,human_account,no,yes,no,no,no,no,yes,no,no,no,yes,yes,no,no,no,0,no,yes,yes,yes,no,no,no,no,5,7,1,0,yes,no,no,no,3,4,0.001,0.893,0.893,1,0,,,,,no,no,no,yes,no,,1172.6
,,,3,pytorch/pytorch,traditional,model_infra,supporting_infrastructure,issue,173797,https://github.com/pytorch/pytorch/issues/173797,closed,2026-01-29T14:56:47Z,2026-02-05T01:15:55Z,,atalman,COLLABORATOR,human_account,no,yes,no,no,no,no,yes,no,no,no,no,no,no,no,no,0,no,yes,yes,yes,no,no,no,yes,2,2,0,0,no,no,no,no,2,0,151.696,151.696,,0,0,neildhar,human_account,not_automation,CONTRIBUTOR,yes,no,no,no,yes,6.43,1172.6
,,,3,pytorch/pytorch,traditional,model_infra,supporting_infrastructure,pull_request,187573,https://github.com/pytorch/pytorch/pull/187573,open,2026-06-17T14:02:34Z,,,kiya00,CONTRIBUTOR,human_account,no,yes,yes,yes,no,no,yes,no,yes,no,yes,no,no,yes,no,2,yes,yes,yes,yes,no,no,no,no,16,15,2,1,yes,yes,yes,yes,6,9,0.001,4.666,310.371,2,2,,,,,no,no,no,yes,no,,1172.6
,,,3,pytorch/pytorch,traditional,model_infra,supporting_infrastructure,pull_request,189154,https://github.com/pytorch/pytorch/pull/189154,closed_unmerged,2026-07-07T14:04:38Z,2026-08-17T23:01:31Z,,ZhiyaoWen999,NONE,human_account,no,yes,no,no,no,no,yes,no,no,no,no,no,no,no,no,0,no,yes,yes,yes,no,no,no,no,3,4,0,0,no,no,no,no,4,2,0.001,992.948,992.948,1,0,jeffdaily,human_account,not_automation,COLLABORATOR,yes,yes,no,yes,no,41.373,1172.6
,,,3,pytorch/pytorch,traditional,model_infra,supporting_infrastructure,pull_request,190548,https://github.com/pytorch/pytorch/pull/190548,open,2026-07-20T14:51:59Z,,,galexite,COLLABORATOR,human_account,no,yes,yes,yes,no,no,yes,no,yes,no,yes,yes,no,no,no,2,yes,yes,yes,yes,no,no,no,no,9,13,1,0,yes,no,no,no,5,5,0.001,3.042,666.029,6,0,,,,,no,no,no,no,no,,1172.6
,,,3,pytorch/pytorch,traditional,model_infra,supporting_infrastructure,pull_request,194756,https://github.com/pytorch/pytorch/pull/194756,open,2026-08-25T17:32:42Z,,,bobrenjc93,CONTRIBUTOR,human_account,no,yes,no,no,no,no,yes,no,no,no,no,no,no,no,no,0,no,yes,yes,no,no,yes,yes,yes,1,1,0,0,no,no,no,no,2,1,0.001,,,1,0,,,,,no,no,no,yes,no,,1172.6
,,,3,pytorch/pytorch,traditional,model_infra,supporting_infrastructure,pull_request,187150,https://github.com/pytorch/pytorch/pull/187150,closed_unmerged,2026-06-12T04:15:45Z,2026-08-11T06:29:30Z,,cyyever,COLLABORATOR,human_account,no,yes,no,no,no,no,yes,no,no,no,no,no,no,no,no,0,no,yes,yes,yes,no,yes,yes,yes,1,1,0,0,no,no,no,no,2,1,0.001,,,1,0,cyyever,human_account,not_automation,COLLABORATOR,yes,yes,no,no,no,60.093,1172.6
,,,3,pytorch/pytorch,traditional,model_infra,supporting_infrastructure,pull_request,185117,https://github.com/pytorch/pytorch/pull/185117,closed_unmerged,2026-05-25T07:47:18Z,2026-08-11T00:12:02Z,,Priyanshu-byte-coder,CONTRIBUTOR,human_account,no,yes,no,no,no,no,yes,no,no,no,yes,yes,no,no,no,0,no,yes,yes,yes,no,no,no,no,9,13,1,0,yes,yes,no,no,5,9,0.001,1860.757,1860.757,1,1,pytorchmergebot,automation_service_account,conventional_automation,COLLABORATOR,no,yes,no,yes,yes,77.684,1172.6
,,,3,pytorch/pytorch,traditional,model_infra,supporting_infrastructure,pull_request,179654,https://github.com/pytorch/pytorch/pull/179654,closed_unmerged,2026-04-08T02:49:33Z,2026-04-08T06:12:21Z,,huydhn,CONTRIBUTOR,human_account,no,yes,no,no,no,no,yes,no,no,no,yes,no,no,no,no,0,yes,yes,yes,yes,no,no,no,no,6,7,1,0,yes,yes,no,no,5,5,0.002,0.191,2.801,1,1,pytorchmergebot,automation_service_account,conventional_automation,COLLABORATOR,no,yes,no,yes,yes,0.141,1172.6
,,,3,pytorch/pytorch,traditional,model_infra,supporting_infrastructure,pull_request,189340,https://github.com/pytorch/pytorch/pull/189340,closed_unmerged,2026-07-09T03:59:54Z,2026-07-10T19:32:07Z,,dshi7,CONTRIBUTOR,human_account,no,yes,yes,yes,no,no,yes,no,yes,no,yes,no,no,no,no,1,yes,yes,yes,yes,no,no,no,no,6,7,1,0,yes,yes,no,no,6,4,0.001,14.302,37.847,1,1,pytorchmergebot,automation_service_account,conventional_automation,COLLABORATOR,no,yes,no,yes,no,1.647,1172.6
,,,3,pytorch/pytorch,traditional,model_infra,supporting_infrastructure,pull_request,192711,https://github.com/pytorch/pytorch/pull/192711,open,2026-08-10T03:01:19Z,,,pengyeqing,NONE,human_account,no,yes,no,no,no,no,yes,no,no,no,yes,no,no,yes,no,0,no,yes,yes,no,no,no,no,yes,16,15,2,2,yes,no,yes,no,3,2,0.001,196.324,,2,0,,,,,no,no,no,yes,no,,1172.6
,,,3,pytorch/pytorch,traditional,model_infra,supporting_infrastructure,pull_request,190801,https://github.com/pytorch/pytorch/pull/190801,open,2026-07-22T19:23:53Z,,,SarveshaKumarKS,NONE,human_account,no,yes,no,no,no,no,yes,no,no,no,yes,yes,no,no,no,0,no,yes,yes,yes,no,no,no,no,4,5,1,0,yes,yes,no,no,4,2,0.001,21.816,21.816,2,1,,,,,no,no,no,yes,no,,1172.6
,,,3,pytorch/pytorch,traditional,model_infra,supporting_infrastructure,issue,178586,https://github.com/pytorch/pytorch/issues/178586,open,2026-03-27T10:15:19Z,,,kshitij12345,COLLABORATOR,human_account,no,yes,no,no,no,no,yes,no,no,no,no,no,no,no,no,0,no,yes,yes,yes,no,no,no,yes,4,5,0,0,no,no,no,no,4,0,2.36,2.36,,0,0,,,,,no,no,no,no,yes,,1172.6
,,,3,pytorch/pytorch,traditional,model_infra,supporting_infrastructure,pull_request,192676,https://github.com/pytorch/pytorch/pull/192676,closed_unmerged,2026-08-09T23:40:39Z,2026-08-09T23:44:33Z,,anijain2305,CONTRIBUTOR,human_account,no,yes,no,no,no,no,yes,no,no,no,no,no,no,no,no,0,no,yes,yes,no,no,yes,yes,yes,2,2,0,0,no,no,no,no,2,1,0.001,,,1,0,anijain2305,human_account,not_automation,CONTRIBUTOR,yes,no,no,yes,no,0.003,1172.6
,,,3,pytorch/pytorch,traditional,model_infra,supporting_infrastructure,pull_request,172017,https://github.com/pytorch/pytorch/pull/172017,closed_unmerged,2026-01-08T19:24:51Z,2026-04-13T14:08:55Z,,eqy,COLLABORATOR,human_account,no,yes,no,no,no,no,yes,no,no,no,yes,yes,no,no,no,0,no,yes,yes,yes,no,no,no,no,6,4,2,0,yes,no,no,no,6,4,0.001,3.196,3.196,1,0,github-actions[bot],automation_bot,conventional_automation,CONTRIBUTOR,no,no,no,no,yes,94.781,1172.6
,,,4,supabase/supabase,traditional,agent_runtime_infra,supporting_infrastructure,pull_request,48018,https://github.com/supabase/supabase/pull/48018,merged,2026-07-16T21:26:51Z,2026-07-17T18:48:45Z,2026-07-17T18:48:45Z,czenko,CONTRIBUTOR,human_account,no,yes,yes,no,yes,no,yes,no,yes,yes,yes,no,no,no,no,3,no,yes,yes,no,no,no,no,yes,7,7,3,0,yes,yes,no,no,6,7,0.002,19.457,,9,9,czenko,human_account,not_automation,CONTRIBUTOR,yes,no,no,yes,no,0.89,343.05
,,,4,supabase/supabase,traditional,agent_runtime_infra,supporting_infrastructure,pull_request,46594,https://github.com/supabase/supabase/pull/46594,open,2026-06-02T20:07:05Z,,,Sainava,NONE,human_account,no,yes,yes,no,yes,no,yes,no,yes,no,no,no,no,no,no,4,no,yes,yes,no,no,no,no,yes,8,13,0,0,no,no,no,no,5,4,0.004,278.671,,8,0,,,,,no,no,no,yes,no,,343.05
,,,4,supabase/supabase,traditional,agent_runtime_infra,supporting_infrastructure,issue,44593,https://github.com/supabase/supabase/issues/44593,closed,2026-04-06T19:31:30Z,2026-04-09T14:01:18Z,,jjmaxwell4,NONE,human_account,no,yes,no,no,no,no,yes,no,no,no,no,no,no,no,no,0,no,yes,yes,yes,no,no,no,no,3,4,0,0,no,no,no,no,4,0,22.971,22.971,22.971,0,0,awaseem,human_account,not_automation,CONTRIBUTOR,yes,no,no,yes,yes,2.771,343.05
,,,4,supabase/supabase,traditional,agent_runtime_infra,supporting_infrastructure,issue,42193,https://github.com/supabase/supabase/issues/42193,closed,2026-01-27T04:44:05Z,2026-03-02T10:14:52Z,,ChrisChinchilla,CONTRIBUTOR,human_account,no,yes,yes,no,yes,no,yes,no,yes,no,no,no,no,no,no,6,no,yes,yes,no,no,no,no,yes,11,12,0,0,no,no,no,no,11,2,0.01,8.487,,0,0,ChrisChinchilla,human_account,not_automation,CONTRIBUTOR,yes,no,no,yes,yes,34.23,343.05
,,,4,supabase/supabase,traditional,agent_runtime_infra,supporting_infrastructure,pull_request,47253,https://github.com/supabase/supabase/pull/47253,merged,2026-06-23T23:33:56Z,2026-07-10T13:30:15Z,2026-07-10T13:30:15Z,nrichers,CONTRIBUTOR,human_account,no,yes,yes,no,yes,no,yes,no,yes,no,yes,no,no,no,no,1,no,yes,yes,no,no,no,no,yes,6,4,2,0,yes,yes,no,no,7,3,0.002,0.457,,2,2,nrichers,human_account,not_automation,CONTRIBUTOR,yes,no,no,yes,no,16.581,343.05
,,,4,supabase/supabase,traditional,agent_runtime_infra,supporting_infrastructure,pull_request,46363,https://github.com/supabase/supabase/pull/46363,closed_unmerged,2026-05-26T05:47:03Z,2026-06-03T16:42:02Z,,deepshekhardas,NONE,human_account,no,yes,yes,no,yes,no,yes,no,yes,yes,yes,yes,no,no,no,4,no,yes,yes,yes,no,no,no,no,8,6,2,0,yes,no,no,no,5,2,0.003,202.915,202.915,3,0,7ttp,human_account,not_automation,MEMBER,yes,yes,no,yes,yes,8.455,343.05
,,,4,supabase/supabase,traditional,agent_runtime_infra,supporting_infrastructure,issue,42296,https://github.com/supabase/supabase/issues/42296,closed,2026-01-29T20:26:10Z,2026-02-12T11:46:56Z,,neozmmv,NONE,human_account,no,yes,yes,no,yes,no,yes,no,yes,no,no,no,no,no,no,1,no,yes,yes,no,no,no,no,yes,10,15,0,0,no,no,no,no,6,2,0.011,13.926,,0,0,aantti,human_account,not_automation,CONTRIBUTOR,yes,no,no,yes,yes,13.639,343.05
,,,4,supabase/supabase,traditional,agent_runtime_infra,supporting_infrastructure,pull_request,48682,https://github.com/supabase/supabase/pull/48682,closed_unmerged,2026-08-04T07:30:10Z,2026-08-18T17:38:35Z,,ayaangazali,CONTRIBUTOR,human_account,no,yes,yes,yes,yes,no,yes,no,yes,yes,no,no,no,no,no,8,no,yes,yes,no,no,yes,yes,yes,5,6,1,0,yes,no,no,no,5,2,0.002,,,1,0,ayaangazali,human_account,not_automation,CONTRIBUTOR,yes,no,no,yes,no,14.423,343.05
,,,4,supabase/supabase,traditional,agent_runtime_infra,supporting_infrastructure,pull_request,46345,https://github.com/supabase/supabase/pull/46345,merged,2026-05-25T16:07:06Z,2026-05-27T09:13:39Z,2026-05-27T09:13:39Z,7ttp,MEMBER,human_account,no,yes,yes,no,yes,no,yes,no,yes,no,yes,yes,no,no,no,2,no,yes,yes,yes,no,no,no,no,6,5,1,0,yes,no,no,no,5,3,0.003,41.106,41.106,5,0,jordienr,human_account,not_automation,MEMBER,yes,yes,no,no,yes,1.713,343.05
,,,4,supabase/supabase,traditional,agent_runtime_infra,supporting_infrastructure,pull_request,46146,https://github.com/supabase/supabase/pull/46146,merged,2026-05-20T10:28:40Z,2026-05-22T08:22:46Z,2026-05-22T08:22:46Z,fsansalvadore,CONTRIBUTOR,human_account,no,yes,yes,no,yes,no,yes,no,yes,no,yes,no,no,no,no,3,no,yes,yes,no,no,no,no,yes,5,4,1,0,yes,yes,no,no,6,2,0.001,44.834,,4,1,fsansalvadore,human_account,not_automation,CONTRIBUTOR,yes,no,no,yes,yes,1.913,343.05
,,,4,supabase/supabase,traditional,agent_runtime_infra,supporting_infrastructure,pull_request,45400,https://github.com/supabase/supabase/pull/45400,closed_unmerged,2026-04-30T09:06:29Z,2026-04-30T09:08:28Z,,Ziinc,CONTRIBUTOR,human_account,no,yes,yes,no,yes,no,yes,no,yes,no,no,no,no,no,no,1,yes,yes,yes,no,no,yes,yes,yes,4,4,0,0,no,no,no,no,5,1,0.002,,,1,0,Ziinc,human_account,not_automation,CONTRIBUTOR,yes,no,no,yes,yes,0.001,343.05
,,,4,supabase/supabase,traditional,agent_runtime_infra,supporting_infrastructure,pull_request,41954,https://github.com/supabase/supabase/pull/41954,closed_unmerged,2026-01-17T07:44:15Z,2026-03-19T09:01:47Z,,NAM-MAN,NONE,human_account,no,yes,yes,no,yes,no,yes,no,yes,yes,yes,yes,no,no,no,3,no,yes,yes,yes,no,no,no,no,8,6,2,0,yes,yes,no,no,5,2,0.002,102.578,102.578,2,1,7ttp,human_account,not_automation,MEMBER,yes,yes,no,yes,yes,61.054,343.05
,,,4,supabase/supabase,traditional,agent_runtime_infra,supporting_infrastructure,pull_request,46018,https://github.com/supabase/supabase/pull/46018,open,2026-05-16T09:52:45Z,,,HariNayan,NONE,human_account,no,yes,yes,no,yes,no,yes,no,yes,yes,no,no,no,no,no,4,no,yes,yes,no,no,yes,yes,yes,7,6,1,0,yes,yes,no,no,4,1,0.003,,,2,1,,,,,no,no,no,yes,yes,,343.05
,,,4,supabase/supabase,traditional,agent_runtime_infra,supporting_infrastructure,pull_request,43030,https://github.com/supabase/supabase/pull/43030,merged,2026-02-19T18:42:43Z,2026-02-20T14:55:42Z,2026-02-20T14:55:42Z,awaseem,CONTRIBUTOR,human_account,no,yes,yes,no,yes,no,yes,no,yes,no,yes,yes,no,no,no,1,no,yes,yes,yes,no,no,no,no,7,5,2,0,yes,no,no,no,7,3,0.002,1.606,1.606,1,0,awaseem,human_account,not_automation,CONTRIBUTOR,yes,no,no,yes,yes,0.842,343.05
,,,4,supabase/supabase,traditional,agent_runtime_infra,supporting_infrastructure,pull_request,42382,https://github.com/supabase/supabase/pull/42382,merged,2026-02-02T09:38:00Z,2026-02-03T07:04:35Z,2026-02-03T07:04:35Z,joshenlim,MEMBER,human_account,no,yes,yes,no,yes,no,yes,no,yes,no,yes,yes,no,no,no,1,no,yes,yes,yes,no,no,no,no,7,7,2,0,yes,no,no,no,7,5,0.002,0.282,0.375,1,0,joshenlim,human_account,not_automation,MEMBER,yes,yes,no,no,yes,0.893,343.05
,,,4,supabase/supabase,traditional,agent_runtime_infra,supporting_infrastructure,pull_request,42671,https://github.com/supabase/supabase/pull/42671,merged,2026-02-11T05:49:47Z,2026-02-11T07:00:58Z,2026-02-11T07:00:58Z,joshenlim,MEMBER,human_account,no,yes,yes,no,yes,no,yes,no,yes,yes,yes,yes,no,no,no,4,no,yes,yes,yes,no,no,no,no,10,8,2,0,yes,yes,no,no,7,5,0.002,0.069,0.069,2,1,joshenlim,human_account,not_automation,MEMBER,yes,yes,no,no,yes,0.049,343.05
,,,4,supabase/supabase,traditional,agent_runtime_infra,supporting_infrastructure,pull_request,42067,https://github.com/supabase/supabase/pull/42067,closed_unmerged,2026-01-22T14:04:16Z,2026-01-22T15:15:15Z,,jordienr,MEMBER,human_account,no,yes,yes,no,yes,no,yes,no,yes,no,no,no,no,no,no,1,no,yes,yes,yes,no,no,no,yes,5,5,0,0,no,no,no,no,6,3,0.003,0.125,,1,0,jordienr,human_account,not_automation,MEMBER,yes,yes,no,no,yes,0.049,343.05
,,,4,supabase/supabase,traditional,agent_runtime_infra,supporting_infrastructure,pull_request,46367,https://github.com/supabase/supabase/pull/46367,merged,2026-05-26T08:51:24Z,2026-05-26T09:30:31Z,2026-05-26T09:30:31Z,alaister,MEMBER,human_account,no,yes,yes,no,yes,no,yes,no,yes,no,yes,no,no,no,no,1,no,yes,yes,yes,no,no,no,yes,6,5,1,0,yes,no,no,no,6,3,0.002,0.52,,1,0,alaister,human_account,not_automation,MEMBER,yes,yes,no,no,yes,0.027,343.05
,,,4,supabase/supabase,traditional,agent_runtime_infra,supporting_infrastructure,pull_request,47499,https://github.com/supabase/supabase/pull/47499,merged,2026-07-01T13:31:58Z,2026-07-02T17:14:44Z,2026-07-02T17:14:44Z,fsansalvadore,CONTRIBUTOR,human_account,no,yes,yes,yes,yes,no,yes,no,yes,yes,yes,no,no,no,no,11,no,yes,yes,no,no,no,no,yes,13,9,5,0,yes,yes,no,no,6,4,0.002,27.712,,8,3,fsansalvadore,human_account,not_automation,CONTRIBUTOR,yes,no,no,yes,no,1.155,343.05
,,,4,supabase/supabase,traditional,agent_runtime_infra,supporting_infrastructure,pull_request,41730,https://github.com/supabase/supabase/pull/41730,merged,2026-01-06T05:03:48Z,2026-01-07T02:33:22Z,2026-01-07T02:33:22Z,joshenlim,MEMBER,human_account,no,yes,yes,no,yes,no,yes,no,yes,yes,yes,yes,no,no,no,7,no,yes,yes,yes,no,no,no,no,13,9,4,0,yes,yes,no,no,7,5,0.001,0.084,7.541,6,5,joshenlim,human_account,not_automation,MEMBER,yes,yes,no,no,yes,0.896,343.05
,,,5,bytedance/deer-flow,llm_native,agent_framework,agent_building,pull_request,3782,https://github.com/bytedance/deer-flow/pull/3782,closed_unmerged,2026-06-25T09:54:13Z,2026-06-25T11:04:20Z,,C1-BA-B1-F3,NONE,human_account,no,yes,no,no,no,no,yes,no,no,no,no,no,no,no,no,0,no,yes,yes,yes,no,no,no,no,2,2,0,0,no,no,no,no,3,0,0.003,0.003,1.166,1,0,Huixin615,human_account,not_automation,COLLABORATOR,yes,yes,no,yes,no,0.049,206.35
,,,5,bytedance/deer-flow,llm_native,agent_framework,agent_building,pull_request,4289,https://github.com/bytedance/deer-flow/pull/4289,merged,2026-07-18T22:49:15Z,2026-07-20T00:01:18Z,2026-07-20T00:01:18Z,DaoyuanLi2816,CONTRIBUTOR,human_account,no,yes,no,no,no,no,yes,no,no,no,yes,yes,no,yes,no,0,no,yes,yes,yes,no,no,no,no,2,0,2,1,yes,no,yes,no,3,0,0.536,0.536,0.536,1,0,WillemJiang,human_account,not_automation,COLLABORATOR,yes,yes,no,yes,no,1.05,206.35
,,,5,bytedance/deer-flow,llm_native,agent_framework,agent_building,pull_request,4970,https://github.com/bytedance/deer-flow/pull/4970,merged,2026-08-23T13:04:30Z,2026-08-24T02:58:48Z,2026-08-24T02:58:48Z,simpleqt,CONTRIBUTOR,human_account,no,yes,yes,yes,no,no,yes,no,yes,yes,yes,yes,no,no,no,1,no,yes,yes,yes,no,no,no,no,3,3,2,0,yes,yes,no,no,3,2,0.001,10.964,10.964,3,2,WillemJiang,human_account,not_automation,COLLABORATOR,yes,yes,no,yes,no,0.579,206.35
,,,5,bytedance/deer-flow,llm_native,agent_framework,agent_building,issue,4481,https://github.com/bytedance/deer-flow/issues/4481,closed,2026-07-27T01:38:53Z,2026-07-29T14:16:50Z,,ShitK,CONTRIBUTOR,human_account,no,yes,no,no,no,no,yes,no,no,no,no,no,no,no,no,0,no,yes,yes,no,no,unknown,yes,yes,0,0,0,0,no,no,no,no,1,0,,,,0,0,WillemJiang,human_account,not_automation,COLLABORATOR,yes,yes,no,yes,no,2.526,206.35
,,,5,bytedance/deer-flow,llm_native,agent_framework,agent_building,pull_request,4262,https://github.com/bytedance/deer-flow/pull/4262,merged,2026-07-17T08:26:24Z,2026-07-19T08:20:58Z,2026-07-19T08:20:58Z,luojiyin1987,CONTRIBUTOR,human_account,no,yes,no,no,no,no,yes,no,no,no,yes,yes,no,no,no,0,no,yes,yes,yes,no,no,no,no,5,4,2,0,yes,no,no,no,3,0,47.901,47.901,47.901,3,0,WillemJiang,human_account,not_automation,COLLABORATOR,yes,yes,no,yes,no,1.996,206.35
,,,5,bytedance/deer-flow,llm_native,agent_framework,agent_building,issue,1422,https://github.com/bytedance/deer-flow/issues/1422,open,2026-03-26T15:54:21Z,,,karayakar,NONE,human_account,no,no,no,no,no,no,no,no,no,no,no,no,no,no,no,0,no,yes,yes,no,no,unknown,yes,yes,0,0,0,0,no,no,no,no,1,0,,,,0,0,,,,,no,no,no,yes,yes,,206.35
,,,5,bytedance/deer-flow,llm_native,agent_framework,agent_building,pull_request,1409,https://github.com/bytedance/deer-flow/pull/1409,merged,2026-03-26T12:40:09Z,2026-03-27T09:37:44Z,2026-03-27T09:37:44Z,LittleChenLiya,COLLABORATOR,human_account,no,yes,yes,yes,no,no,no,no,yes,yes,yes,yes,no,no,no,3,no,yes,yes,yes,no,no,no,no,5,6,2,0,yes,yes,no,no,3,2,11.306,12.619,12.619,4,2,WillemJiang,human_account,not_automation,COLLABORATOR,yes,yes,no,no,yes,0.873,206.35
,,,5,bytedance/deer-flow,llm_native,agent_framework,agent_building,pull_request,1469,https://github.com/bytedance/deer-flow/pull/1469,closed_unmerged,2026-03-27T12:14:51Z,2026-04-06T13:29:04Z,,greatfeel,NONE,human_account,no,no,no,no,no,no,no,no,no,no,no,no,no,no,no,0,no,yes,yes,yes,no,no,no,no,2,2,0,0,no,no,no,no,3,0,0.002,0.002,11.085,4,0,WillemJiang,human_account,not_automation,COLLABORATOR,yes,yes,no,yes,yes,10.052,206.35
,,,5,bytedance/deer-flow,llm_native,agent_framework,agent_building,pull_request,4838,https://github.com/bytedance/deer-flow/pull/4838,merged,2026-08-15T15:18:12Z,2026-08-16T15:54:07Z,2026-08-16T15:54:07Z,TNsparrow,CONTRIBUTOR,human_account,no,yes,no,no,no,no,yes,no,no,no,yes,yes,no,no,no,0,no,yes,yes,yes,no,no,no,no,3,2,2,0,yes,yes,no,no,3,0,9.989,9.989,24.595,2,1,WillemJiang,human_account,not_automation,COLLABORATOR,yes,yes,no,yes,no,1.025,206.35
,,,5,bytedance/deer-flow,llm_native,agent_framework,agent_building,pull_request,2236,https://github.com/bytedance/deer-flow/pull/2236,closed_unmerged,2026-04-14T13:45:24Z,2026-04-16T02:01:43Z,,MarkHoch,NONE,human_account,no,yes,yes,yes,no,no,no,no,yes,yes,no,no,no,no,no,10,no,yes,yes,yes,no,no,no,no,11,10,1,0,yes,no,no,no,3,2,0.089,24.838,24.838,0,0,MarkHoch,human_account,not_automation,NONE,yes,no,no,yes,yes,1.511,206.35
,,,5,bytedance/deer-flow,llm_native,agent_framework,agent_building,pull_request,4320,https://github.com/bytedance/deer-flow/pull/4320,merged,2026-07-21T01:26:34Z,2026-07-21T01:34:05Z,2026-07-21T01:34:05Z,WillemJiang,COLLABORATOR,human_account,no,yes,no,no,no,no,yes,no,no,no,no,no,no,no,no,0,no,yes,yes,yes,no,unknown,yes,yes,0,0,0,0,no,no,no,no,1,0,,,,1,0,WillemJiang,human_account,not_automation,COLLABORATOR,yes,yes,no,no,no,0.005,206.35
,,,5,bytedance/deer-flow,llm_native,agent_framework,agent_building,pull_request,4337,https://github.com/bytedance/deer-flow/pull/4337,merged,2026-07-21T07:11:29Z,2026-07-21T10:28:31Z,2026-07-21T10:28:31Z,18062706139fcz,COLLABORATOR,human_account,no,yes,no,no,no,no,yes,no,no,no,yes,yes,no,no,no,0,no,yes,yes,yes,no,no,no,no,3,1,2,0,yes,yes,no,no,3,0,2.612,2.612,3.281,1,1,WillemJiang,human_account,not_automation,COLLABORATOR,yes,yes,no,no,no,0.137,206.35
,,,5,bytedance/deer-flow,llm_native,agent_framework,agent_building,pull_request,3618,https://github.com/bytedance/deer-flow/pull/3618,merged,2026-06-17T02:47:12Z,2026-06-17T04:32:52Z,2026-06-17T04:32:52Z,zhfeng,COLLABORATOR,human_account,no,yes,no,no,no,no,yes,no,no,no,yes,yes,no,no,no,0,no,yes,yes,yes,no,no,no,no,2,0,2,0,yes,no,no,no,3,0,0.118,0.118,0.118,1,0,WillemJiang,human_account,not_automation,COLLABORATOR,yes,yes,no,no,no,0.073,206.35
,,,5,bytedance/deer-flow,llm_native,agent_framework,agent_building,issue,2472,https://github.com/bytedance/deer-flow/issues/2472,open,2026-04-23T06:57:16Z,,,DeiuDesHommies,NONE,human_account,no,no,no,no,no,no,no,no,no,no,no,no,no,no,no,0,no,yes,yes,yes,no,no,no,no,1,1,0,0,no,no,no,no,2,0,42.406,42.406,42.406,0,0,,,,,no,no,no,yes,yes,,206.35
,,,5,bytedance/deer-flow,llm_native,agent_framework,agent_building,pull_request,5062,https://github.com/bytedance/deer-flow/pull/5062,open,2026-08-27T08:11:26Z,,,goloisme,NONE,human_account,no,yes,no,no,no,no,yes,no,no,no,yes,no,no,yes,no,0,no,yes,yes,no,no,no,no,yes,6,5,3,1,yes,yes,yes,yes,3,0,0.034,0.034,,1,1,,,,,no,no,no,yes,no,,206.35
,,,5,bytedance/deer-flow,llm_native,agent_framework,agent_building,pull_request,1108,https://github.com/bytedance/deer-flow/pull/1108,merged,2026-03-12T07:07:15Z,2026-03-13T13:27:55Z,2026-03-13T13:27:55Z,Gujiassh,CONTRIBUTOR,human_account,no,yes,yes,yes,no,no,no,no,yes,yes,yes,yes,no,no,no,2,no,yes,yes,yes,no,no,no,no,4,2,2,0,yes,yes,no,no,3,2,29.931,30.174,30.174,4,2,WillemJiang,human_account,not_automation,COLLABORATOR,yes,yes,no,yes,yes,1.264,206.35
,,,5,bytedance/deer-flow,llm_native,agent_framework,agent_building,pull_request,3867,https://github.com/bytedance/deer-flow/pull/3867,closed_unmerged,2026-06-29T09:37:13Z,2026-07-03T13:45:01Z,,ly-wang19,CONTRIBUTOR,human_account,no,yes,no,no,no,no,yes,no,no,no,yes,yes,no,no,no,0,no,yes,yes,yes,no,no,no,no,3,2,1,0,yes,no,no,no,2,0,62.942,62.942,62.942,1,0,WillemJiang,human_account,not_automation,COLLABORATOR,yes,yes,no,yes,no,4.172,206.35
,,,5,bytedance/deer-flow,llm_native,agent_framework,agent_building,pull_request,4001,https://github.com/bytedance/deer-flow/pull/4001,merged,2026-07-08T12:12:55Z,2026-07-09T09:21:25Z,2026-07-09T09:21:25Z,Vanzeren,COLLABORATOR,human_account,no,yes,no,no,no,no,yes,no,no,no,yes,yes,no,no,no,0,no,yes,yes,yes,no,no,no,no,16,13,7,0,yes,yes,no,no,4,0,0.414,0.414,0.414,17,5,WillemJiang,human_account,not_automation,COLLABORATOR,yes,yes,no,no,no,0.881,206.35
,,,5,bytedance/deer-flow,llm_native,agent_framework,agent_building,pull_request,2095,https://github.com/bytedance/deer-flow/pull/2095,merged,2026-04-10T11:48:48Z,2026-04-12T09:48:40Z,2026-04-12T09:48:40Z,ag9920,CONTRIBUTOR,human_account,no,yes,yes,yes,no,no,no,no,yes,yes,yes,yes,no,no,no,5,no,yes,yes,yes,no,no,no,no,14,15,2,0,yes,yes,no,no,4,2,0.544,0.544,0.544,1,1,WillemJiang,human_account,not_automation,COLLABORATOR,yes,yes,no,yes,yes,1.917,206.35
,,,5,bytedance/deer-flow,llm_native,agent_framework,agent_building,issue,1737,https://github.com/bytedance/deer-flow/issues/1737,closed,2026-04-01T16:53:57Z,2026-04-04T07:44:52Z,,fang503,NONE,human_account,no,no,no,no,no,no,no,no,no,no,no,no,no,no,no,0,no,yes,yes,no,no,no,no,yes,2,3,0,0,no,no,no,no,3,0,2.184,2.184,,0,0,WillemJiang,human_account,not_automation,COLLABORATOR,yes,yes,no,yes,yes,2.619,206.35
,,,6,sgl-project/sglang,llm_native,model_infra,supporting_infrastructure,pull_request,31863,https://github.com/sgl-project/sglang/pull/31863,merged,2026-07-21T02:32:34Z,2026-07-23T02:24:32Z,2026-07-23T02:24:32Z,zhaozx-cn,CONTRIBUTOR,human_account,no,yes,yes,no,yes,no,yes,no,yes,no,no,yes,no,no,no,1,no,yes,yes,yes,no,yes,yes,no,4,5,1,0,yes,no,no,no,3,4,0.001,,0.856,1,0,sglang-npu-bot,automation_service_account,conventional_automation,COLLABORATOR,no,yes,no,yes,no,1.994,1025.65
,,,6,sgl-project/sglang,llm_native,model_infra,supporting_infrastructure,pull_request,27823,https://github.com/sgl-project/sglang/pull/27823,closed_unmerged,2026-06-10T16:12:06Z,2026-06-11T00:45:59Z,,kpham-sgl,COLLABORATOR,human_account,no,yes,no,no,no,no,yes,no,no,no,no,no,no,no,no,0,no,yes,yes,yes,no,no,no,yes,4,5,0,0,no,no,no,no,4,2,0.019,33.802,,1,0,kpham-sgl,human_account,not_automation,COLLABORATOR,yes,yes,no,no,no,0.357,1025.65
,,,6,sgl-project/sglang,llm_native,model_infra,supporting_infrastructure,pull_request,17919,https://github.com/sgl-project/sglang/pull/17919,merged,2026-01-29T07:01:18Z,2026-03-19T05:17:17Z,2026-03-19T05:17:17Z,mingfeima,COLLABORATOR,human_account,no,yes,yes,no,yes,no,yes,no,yes,no,no,no,no,no,no,1,no,yes,yes,yes,no,yes,yes,yes,1,1,0,0,no,no,no,no,2,1,0.001,,,4,0,Kangyan-Zhou,human_account,not_automation,,yes,no,no,no,yes,48.928,1025.65
,,,6,sgl-project/sglang,llm_native,model_infra,supporting_infrastructure,pull_request,27434,https://github.com/sgl-project/sglang/pull/27434,open,2026-06-06T08:40:27Z,,,QIU023,NONE,human_account,no,yes,yes,no,yes,no,no,no,yes,yes,no,no,no,no,no,2,no,yes,yes,no,no,yes,yes,yes,2,1,1,0,yes,yes,no,no,2,1,0.011,,,1,1,,,,,no,no,no,yes,no,,1025.65
,,,6,sgl-project/sglang,llm_native,model_infra,supporting_infrastructure,issue,34433,https://github.com/sgl-project/sglang/issues/34433,closed,2026-08-11T15:40:02Z,2026-08-11T16:38:00Z,,janbernloehr,CONTRIBUTOR,human_account,no,no,no,no,no,no,no,no,no,no,no,no,no,no,no,0,no,yes,yes,yes,no,no,no,no,1,1,0,0,no,no,no,no,2,0,0.966,0.966,0.966,0,0,mmangkad,human_account,not_automation,COLLABORATOR,yes,yes,no,yes,no,0.04,1025.65
,,,6,sgl-project/sglang,llm_native,model_infra,supporting_infrastructure,issue,31828,https://github.com/sgl-project/sglang/issues/31828,open,2026-07-20T21:25:52Z,,,Chokoyo,NONE,human_account,no,no,no,no,no,no,no,no,no,no,no,no,no,no,no,0,no,yes,yes,no,no,unknown,yes,yes,0,0,0,0,no,no,no,no,1,0,,,,0,0,,,,,no,no,no,yes,no,,1025.65
,,,6,sgl-project/sglang,llm_native,model_infra,supporting_infrastructure,pull_request,20115,https://github.com/sgl-project/sglang/pull/20115,closed_unmerged,2026-03-08T07:48:27Z,2026-06-08T03:56:42Z,,hammersam,CONTRIBUTOR,human_account,no,yes,yes,no,yes,no,no,no,yes,yes,no,no,no,no,no,3,no,yes,yes,yes,no,no,no,no,4,3,1,0,yes,no,no,no,3,2,0.008,2204.13,2204.13,1,0,b8zhong,human_account,not_automation,COLLABORATOR,yes,yes,no,yes,yes,91.839,1025.65
,,,6,sgl-project/sglang,llm_native,model_infra,supporting_infrastructure,pull_request,33909,https://github.com/sgl-project/sglang/pull/33909,open,2026-08-06T22:48:36Z,,,yxxhero,NONE,human_account,no,no,no,no,no,no,no,no,no,no,yes,no,no,no,no,0,no,yes,yes,no,no,no,no,yes,3,9,2,0,yes,yes,no,no,2,0,340.246,340.246,,3,3,,,,,no,no,no,yes,no,,1025.65
,,,6,sgl-project/sglang,llm_native,model_infra,supporting_infrastructure,pull_request,17637,https://github.com/sgl-project/sglang/pull/17637,merged,2026-01-23T07:22:39Z,2026-01-23T07:36:06Z,2026-01-23T07:36:06Z,liusy58,COLLABORATOR,human_account,no,yes,yes,no,yes,no,no,no,yes,no,no,no,no,no,no,1,no,yes,yes,yes,no,yes,yes,yes,1,1,0,0,no,no,no,no,2,1,0.001,,,1,0,Kangyan-Zhou,human_account,not_automation,,yes,no,no,no,yes,0.009,1025.65
,,,6,sgl-project/sglang,llm_native,model_infra,supporting_infrastructure,pull_request,25116,https://github.com/sgl-project/sglang/pull/25116,closed_unmerged,2026-05-13T02:05:00Z,2026-05-13T02:07:04Z,,Leeon-K,NONE,human_account,no,yes,yes,no,yes,no,yes,no,yes,no,no,no,no,no,no,1,no,yes,yes,no,no,yes,yes,yes,1,1,0,0,no,no,no,no,2,1,0.001,,,6,0,Leeon-K,human_account,not_automation,NONE,yes,no,no,yes,yes,0.001,1025.65
,,,6,sgl-project/sglang,llm_native,model_infra,supporting_infrastructure,pull_request,24052,https://github.com/sgl-project/sglang/pull/24052,merged,2026-04-29T12:30:53Z,2026-04-30T07:39:04Z,2026-04-30T07:39:04Z,JamesBrianD,CONTRIBUTOR,human_account,no,yes,yes,no,yes,no,no,no,yes,yes,yes,yes,no,yes,no,1,no,yes,yes,yes,no,no,no,no,5,3,4,1,yes,yes,yes,yes,3,2,0.032,18.129,18.129,2,1,JustinTong0323,human_account,not_automation,COLLABORATOR,yes,yes,no,yes,yes,0.797,1025.65
,,,6,sgl-project/sglang,llm_native,model_infra,supporting_infrastructure,pull_request,35823,https://github.com/sgl-project/sglang/pull/35823,open,2026-08-21T07:46:28Z,,,MyoungHaSong,NONE,human_account,no,no,no,no,no,no,no,no,no,no,yes,yes,no,no,no,0,no,yes,yes,yes,no,no,no,no,1,1,1,0,yes,no,no,no,2,0,0.502,0.502,0.502,1,0,,,,,no,no,no,yes,no,,1025.65
,,,6,sgl-project/sglang,llm_native,model_infra,supporting_infrastructure,pull_request,31035,https://github.com/sgl-project/sglang/pull/31035,merged,2026-07-13T13:15:36Z,2026-07-15T02:06:12Z,2026-07-15T02:06:12Z,HanHan009527,COLLABORATOR,human_account,no,yes,yes,no,yes,no,yes,no,yes,no,yes,yes,no,no,no,2,no,yes,yes,yes,no,no,no,no,3,4,1,0,yes,no,no,no,3,4,0.001,36.839,36.839,1,0,ShangmingCai,human_account,not_automation,COLLABORATOR,yes,yes,no,no,no,1.535,1025.65
,,,6,sgl-project/sglang,llm_native,model_infra,supporting_infrastructure,pull_request,28338,https://github.com/sgl-project/sglang/pull/28338,merged,2026-06-15T20:37:04Z,2026-06-16T20:33:23Z,2026-06-16T20:33:23Z,Jyothirmaikottu,CONTRIBUTOR,human_account,no,yes,yes,no,yes,no,yes,no,yes,no,yes,yes,no,no,no,1,no,yes,yes,yes,no,no,no,no,2,1,1,0,yes,no,no,no,3,2,0.001,23.928,23.928,8,0,zijiexia,human_account,not_automation,COLLABORATOR,yes,yes,no,yes,no,0.997,1025.65
,,,6,sgl-project/sglang,llm_native,model_infra,supporting_infrastructure,pull_request,18293,https://github.com/sgl-project/sglang/pull/18293,closed_unmerged,2026-02-05T06:39:33Z,2026-02-05T06:43:00Z,,johnnycxm,CONTRIBUTOR,human_account,no,yes,yes,no,yes,no,no,no,yes,no,no,no,no,no,no,1,no,yes,yes,no,no,yes,yes,yes,1,1,0,0,no,no,no,no,2,1,0.001,,,3,0,johnnycxm,human_account,not_automation,CONTRIBUTOR,yes,no,no,yes,yes,0.002,1025.65
,,,6,sgl-project/sglang,llm_native,model_infra,supporting_infrastructure,pull_request,24320,https://github.com/sgl-project/sglang/pull/24320,merged,2026-05-03T17:12:52Z,2026-05-05T00:39:28Z,2026-05-05T00:39:28Z,mickqian,COLLABORATOR,human_account,no,yes,yes,no,yes,no,yes,no,yes,yes,no,no,no,no,no,1,no,yes,yes,yes,no,yes,yes,yes,1,1,1,0,yes,yes,no,no,2,2,0.095,,,7,6,mickqian,human_account,not_automation,COLLABORATOR,yes,yes,no,no,yes,1.31,1025.65
,,,6,sgl-project/sglang,llm_native,model_infra,supporting_infrastructure,pull_request,22048,https://github.com/sgl-project/sglang/pull/22048,closed_unmerged,2026-04-03T13:43:22Z,2026-08-11T06:54:12Z,,YanGaev2,NONE,human_account,no,yes,yes,no,yes,no,yes,no,yes,yes,no,no,no,no,no,1,no,yes,yes,yes,no,no,no,no,8,11,1,0,yes,yes,no,no,6,2,0.051,1091.551,3113.181,3,2,hnyls2002,human_account,not_automation,COLLABORATOR,yes,yes,no,yes,yes,129.716,1025.65
,,,6,sgl-project/sglang,llm_native,model_infra,supporting_infrastructure,pull_request,27955,https://github.com/sgl-project/sglang/pull/27955,merged,2026-06-11T21:02:59Z,2026-06-11T21:17:03Z,2026-06-11T21:17:03Z,hnyls2002,COLLABORATOR,human_account,no,yes,yes,no,yes,no,yes,no,yes,no,no,no,no,no,no,1,no,yes,yes,yes,no,yes,yes,yes,2,3,0,0,no,no,no,no,3,3,0.001,,,1,0,hnyls2002,human_account,not_automation,COLLABORATOR,yes,yes,no,no,no,0.01,1025.65
,,,6,sgl-project/sglang,llm_native,model_infra,supporting_infrastructure,pull_request,28331,https://github.com/sgl-project/sglang/pull/28331,closed_unmerged,2026-06-15T18:09:25Z,2026-06-18T18:51:30Z,,JustinTong0323,COLLABORATOR,human_account,no,yes,yes,no,yes,no,yes,no,yes,no,no,no,no,no,no,3,no,yes,yes,yes,no,yes,yes,yes,3,7,0,0,no,no,no,no,2,4,0.001,,,5,0,JustinTong0323,human_account,not_automation,COLLABORATOR,yes,yes,no,no,no,3.029,1025.65
,,,6,sgl-project/sglang,llm_native,model_infra,supporting_infrastructure,issue,21012,https://github.com/sgl-project/sglang/issues/21012,closed,2026-03-20T10:21:37Z,2026-03-20T16:23:46Z,,gogongxt,CONTRIBUTOR,human_account,no,no,no,no,no,no,no,no,no,no,no,no,no,no,no,0,no,yes,yes,no,no,no,no,yes,1,2,0,0,no,no,no,no,2,0,1.076,1.076,,0,0,gogongxt,human_account,not_automation,CONTRIBUTOR,yes,no,no,yes,yes,0.251,1025.65
,,,7,vllm-project/vllm,llm_native,model_infra,supporting_infrastructure,pull_request,38873,https://github.com/vllm-project/vllm/pull/38873,closed_unmerged,2026-04-03T03:50:35Z,2026-08-02T02:17:32Z,,robinren03,NONE,human_account,no,yes,yes,no,yes,no,yes,no,yes,yes,yes,no,no,no,no,3,no,yes,yes,no,no,yes,yes,yes,5,6,1,0,yes,yes,no,no,3,3,0.047,,,2,1,github-actions[bot],automation_bot,conventional_automation,NONE,no,no,no,yes,yes,120.935,1125.45
,,,7,vllm-project/vllm,llm_native,model_infra,supporting_infrastructure,pull_request,32760,https://github.com/vllm-project/vllm/pull/32760,merged,2026-01-21T07:24:48Z,2026-01-21T13:31:16Z,2026-01-21T13:31:16Z,amirkl94,CONTRIBUTOR,human_account,no,yes,yes,yes,yes,no,yes,no,yes,yes,yes,yes,no,no,no,4,no,yes,yes,yes,no,no,no,no,7,4,3,0,yes,no,no,no,5,2,0.027,6.102,6.102,1,0,robertgshaw2-redhat,human_account,not_automation,COLLABORATOR,yes,yes,no,yes,yes,0.254,1125.45
,,,7,vllm-project/vllm,llm_native,model_infra,supporting_infrastructure,issue,50255,https://github.com/vllm-project/vllm/issues/50255,closed,2026-07-29T11:44:26Z,2026-08-02T06:13:16Z,,vhagor,CONTRIBUTOR,human_account,no,no,no,no,no,no,no,no,no,no,no,no,no,no,no,0,no,yes,yes,no,no,unknown,yes,yes,0,2,0,0,no,no,no,no,1,0,,,,0,0,vhagor,human_account,not_automation,CONTRIBUTOR,yes,no,no,yes,no,3.77,1125.45
,,,7,vllm-project/vllm,llm_native,model_infra,supporting_infrastructure,pull_request,41325,https://github.com/vllm-project/vllm/pull/41325,closed_unmerged,2026-04-30T02:51:51Z,2026-05-10T04:44:21Z,,haosdent,CONTRIBUTOR,human_account,no,yes,yes,yes,yes,no,yes,no,yes,yes,no,no,no,no,no,2,no,yes,yes,no,no,yes,yes,yes,2,0,2,0,yes,no,no,no,3,1,0.024,,,1,0,haosdent,human_account,not_automation,CONTRIBUTOR,yes,no,no,yes,yes,10.078,1125.45
,,,7,vllm-project/vllm,llm_native,model_infra,supporting_infrastructure,issue,32012,https://github.com/vllm-project/vllm/issues/32012,closed,2026-01-09T05:08:05Z,2026-05-10T02:19:45Z,,Datta0,NONE,human_account,no,yes,no,no,no,no,yes,no,no,no,no,no,no,no,no,0,no,yes,yes,no,no,yes,yes,yes,2,2,0,0,no,no,no,no,2,1,2181.141,,,0,0,github-actions[bot],automation_bot,conventional_automation,NONE,no,no,no,yes,yes,120.883,1125.45
,,,7,vllm-project/vllm,llm_native,model_infra,supporting_infrastructure,issue,45293,https://github.com/vllm-project/vllm/issues/45293,open,2026-06-11T16:08:56Z,,,shareefmx,NONE,human_account,no,no,no,no,no,no,no,no,no,no,no,no,no,no,no,0,no,yes,yes,no,no,no,no,yes,1,1,0,0,no,no,no,no,2,0,769.867,769.867,,0,0,,,,,no,no,no,yes,no,,1125.45
,,,7,vllm-project/vllm,llm_native,model_infra,supporting_infrastructure,pull_request,53287,https://github.com/vllm-project/vllm/pull/53287,open,2026-08-21T15:49:34Z,,,LopezCastroRoberto,CONTRIBUTOR,human_account,no,yes,no,no,no,no,yes,no,no,no,no,no,no,no,no,0,no,yes,yes,no,no,unknown,yes,yes,0,0,0,0,no,no,no,no,1,0,,,,3,0,,,,,no,no,no,yes,no,,1125.45
,,,7,vllm-project/vllm,llm_native,model_infra,supporting_infrastructure,pull_request,38248,https://github.com/vllm-project/vllm/pull/38248,open,2026-03-26T15:25:31Z,,,DarkLight1337,MEMBER,human_account,no,yes,yes,no,yes,no,yes,no,yes,yes,no,no,no,no,no,1,no,yes,yes,yes,no,yes,yes,yes,1,0,1,0,yes,yes,no,no,2,1,0.026,,,5,4,,,,,no,no,no,no,yes,,1125.45
,,,7,vllm-project/vllm,llm_native,model_infra,supporting_infrastructure,pull_request,34744,https://github.com/vllm-project/vllm/pull/34744,closed_unmerged,2026-02-17T20:44:31Z,2026-07-31T18:07:08Z,,MatthewBonanni,MEMBER,human_account,no,yes,yes,no,yes,yes,yes,no,yes,yes,yes,yes,no,no,no,9,no,yes,yes,yes,no,no,no,no,30,26,5,0,yes,yes,no,no,5,4,0.01,1314.677,1314.677,60,60,MatthewBonanni,human_account,not_automation,MEMBER,yes,yes,no,no,yes,163.891,1125.45
,,,7,vllm-project/vllm,llm_native,model_infra,supporting_infrastructure,issue,35983,https://github.com/vllm-project/vllm/issues/35983,closed,2026-03-04T08:54:41Z,2026-07-03T02:20:16Z,,jmkuebler,CONTRIBUTOR,human_account,no,yes,no,no,no,no,yes,no,no,no,no,no,no,no,no,0,no,yes,yes,no,no,no,no,yes,3,3,0,0,no,no,no,no,3,1,0.583,0.583,,0,0,github-actions[bot],automation_bot,conventional_automation,NONE,no,no,no,yes,yes,120.726,1125.45
,,,7,vllm-project/vllm,llm_native,model_infra,supporting_infrastructure,pull_request,32509,https://github.com/vllm-project/vllm/pull/32509,closed_unmerged,2026-01-17T08:28:16Z,2026-03-05T20:11:19Z,,VedantMadane,NONE,human_account,no,yes,yes,no,yes,no,yes,no,yes,yes,yes,yes,no,yes,no,1,no,yes,yes,yes,no,no,no,no,25,24,4,1,yes,yes,yes,yes,6,8,0.031,31.436,31.436,1,1,VedantMadane,human_account,not_automation,NONE,yes,no,no,yes,yes,47.488,1125.45
,,,7,vllm-project/vllm,llm_native,model_infra,supporting_infrastructure,pull_request,36486,https://github.com/vllm-project/vllm/pull/36486,closed_unmerged,2026-03-09T11:23:14Z,2026-03-10T07:10:28Z,,wangjiaxin99,CONTRIBUTOR,human_account,no,yes,yes,no,yes,no,yes,no,yes,yes,no,no,no,no,no,1,no,yes,yes,yes,no,no,no,no,5,6,1,0,yes,yes,no,no,6,2,0.003,7.823,11.841,3,3,wangjiaxin99,human_account,not_automation,CONTRIBUTOR,yes,no,no,yes,yes,0.824,1125.45
,,,7,vllm-project/vllm,llm_native,model_infra,supporting_infrastructure,pull_request,37518,https://github.com/vllm-project/vllm/pull/37518,open,2026-03-19T06:10:57Z,,,glaziermag,NONE,human_account,no,yes,yes,no,yes,no,yes,no,yes,yes,no,no,no,no,no,4,no,yes,yes,no,no,yes,yes,yes,5,7,1,0,yes,yes,no,no,3,4,0.082,,,1,1,,,,,no,no,no,yes,yes,,1125.45
,,,7,vllm-project/vllm,llm_native,model_infra,supporting_infrastructure,pull_request,40190,https://github.com/vllm-project/vllm/pull/40190,merged,2026-04-18T05:09:19Z,2026-04-29T11:35:51Z,2026-04-29T11:35:51Z,JaredforReal,CONTRIBUTOR,human_account,no,yes,yes,yes,yes,no,yes,no,yes,yes,yes,yes,no,no,no,10,no,yes,yes,yes,no,no,no,no,20,18,7,0,yes,yes,no,no,9,4,0.001,8.848,8.848,10,10,chaunceyjiang,human_account,not_automation,COLLABORATOR,yes,yes,no,yes,yes,11.268,1125.45
,,,7,vllm-project/vllm,llm_native,model_infra,supporting_infrastructure,pull_request,53560,https://github.com/vllm-project/vllm/pull/53560,merged,2026-08-24T10:02:36Z,2026-08-24T14:48:11Z,2026-08-24T14:48:10Z,DarkLight1337,MEMBER,human_account,no,yes,yes,yes,no,no,yes,no,yes,yes,yes,yes,no,no,no,1,no,yes,yes,yes,no,no,no,no,6,6,3,0,yes,yes,no,no,5,7,0.001,0.086,0.086,3,2,vllm-bot,automation_service_account,conventional_automation,,no,no,no,no,no,0.198,1125.45
,,,7,vllm-project/vllm,llm_native,model_infra,supporting_infrastructure,pull_request,52796,https://github.com/vllm-project/vllm/pull/52796,merged,2026-08-18T16:28:56Z,2026-08-21T15:31:14Z,2026-08-21T15:31:14Z,yimdev,CONTRIBUTOR,human_account,no,yes,yes,yes,no,no,yes,no,yes,yes,yes,yes,no,no,no,1,no,yes,yes,yes,no,no,no,no,9,11,2,0,yes,yes,no,no,4,8,0.001,1.026,1.026,6,5,MatthewBonanni,human_account,not_automation,MEMBER,yes,yes,no,yes,no,2.96,1125.45
,,,7,vllm-project/vllm,llm_native,model_infra,supporting_infrastructure,pull_request,32118,https://github.com/vllm-project/vllm/pull/32118,merged,2026-01-11T14:10:12Z,2026-01-12T17:02:38Z,2026-01-12T17:02:38Z,Josephasafg,CONTRIBUTOR,human_account,no,yes,yes,no,yes,no,yes,no,yes,yes,yes,yes,no,no,no,1,no,yes,yes,yes,no,no,no,no,5,7,2,0,yes,yes,no,no,4,2,0.018,4.605,4.605,3,2,heheda12345,human_account,not_automation,COLLABORATOR,yes,yes,no,yes,yes,1.12,1125.45
,,,7,vllm-project/vllm,llm_native,model_infra,supporting_infrastructure,pull_request,46452,https://github.com/vllm-project/vllm/pull/46452,merged,2026-06-23T07:09:29Z,2026-06-23T07:42:28Z,2026-06-23T07:42:28Z,ZichenYuan,CONTRIBUTOR,human_account,no,yes,no,no,no,no,yes,no,no,no,yes,yes,no,no,no,0,no,yes,yes,yes,no,no,no,no,3,2,1,0,yes,yes,no,no,4,2,0.011,0.352,0.352,3,1,jeejeelee,human_account,not_automation,MEMBER,yes,yes,no,yes,no,0.023,1125.45
,,,7,vllm-project/vllm,llm_native,model_infra,supporting_infrastructure,pull_request,38334,https://github.com/vllm-project/vllm/pull/38334,closed_unmerged,2026-03-27T07:21:23Z,2026-05-29T03:22:25Z,,westers,CONTRIBUTOR,human_account,no,yes,yes,yes,yes,no,yes,no,yes,yes,no,no,no,no,no,3,no,yes,yes,no,no,yes,yes,yes,3,2,2,0,yes,no,no,no,3,2,0.001,,,1,0,westers,human_account,not_automation,CONTRIBUTOR,yes,no,no,yes,yes,62.834,1125.45
,,,7,vllm-project/vllm,llm_native,model_infra,supporting_infrastructure,pull_request,47140,https://github.com/vllm-project/vllm/pull/47140,merged,2026-06-30T09:25:45Z,2026-06-30T15:40:00Z,2026-06-30T15:40:00Z,jikunshang,MEMBER,human_account,no,yes,yes,yes,no,no,yes,no,yes,yes,yes,yes,no,no,no,1,yes,yes,yes,yes,no,no,no,no,14,10,6,0,yes,yes,no,no,5,4,0.001,0.061,0.061,3,2,vllm-bot,automation_service_account,conventional_automation,,no,no,no,no,no,0.26,1125.45
,,,8,larksuite/cli,mixed,agent_runtime_infra,supporting_infrastructure,pull_request,1154,https://github.com/larksuite/cli/pull/1154,merged,2026-05-28T10:19:34Z,2026-05-28T10:56:37Z,2026-05-28T10:56:36Z,HanShaoshuai-k,COLLABORATOR,human_account,no,yes,yes,no,yes,no,yes,no,yes,yes,yes,yes,no,no,no,4,no,yes,yes,yes,no,no,no,no,7,6,2,0,yes,no,no,no,5,4,0.004,0.458,0.458,1,0,HanShaoshuai-k,human_account,not_automation,COLLABORATOR,yes,yes,no,no,yes,0.026,127.5
,,,8,larksuite/cli,mixed,agent_runtime_infra,supporting_infrastructure,pull_request,1370,https://github.com/larksuite/cli/pull/1370,closed_unmerged,2026-06-10T03:18:29Z,2026-06-16T08:50:13Z,,herbertliu,COLLABORATOR,human_account,no,yes,yes,no,yes,no,yes,no,yes,yes,no,no,no,no,no,3,no,yes,yes,yes,no,no,no,no,6,5,1,0,yes,no,no,no,5,2,0.003,149.526,149.526,1,0,fangshuyu-768,human_account,not_automation,COLLABORATOR,yes,yes,no,no,no,6.23,127.5
,,,8,larksuite/cli,mixed,agent_runtime_infra,supporting_infrastructure,pull_request,2051,https://github.com/larksuite/cli/pull/2051,merged,2026-07-24T11:07:55Z,2026-07-24T11:20:53Z,2026-07-24T11:20:53Z,liangshuo-1,COLLABORATOR,human_account,no,yes,yes,no,yes,no,yes,no,yes,no,no,no,no,no,no,4,no,yes,yes,yes,no,yes,yes,yes,3,3,0,0,no,no,no,no,4,1,0.006,,,1,0,liangshuo-1,human_account,not_automation,COLLABORATOR,yes,yes,no,no,no,0.009,127.5
,,,8,larksuite/cli,mixed,agent_runtime_infra,supporting_infrastructure,issue,2173,https://github.com/larksuite/cli/issues/2173,closed,2026-08-04T06:49:15Z,2026-08-22T17:21:57Z,,hunshcn,NONE,human_account,no,yes,no,no,no,no,yes,no,no,no,no,no,no,no,no,0,no,yes,yes,no,no,no,no,yes,1,2,0,0,no,no,no,no,2,0,144.664,144.664,,0,0,hunshcn,human_account,not_automation,NONE,yes,no,no,yes,no,18.439,127.5
,,,8,larksuite/cli,mixed,agent_runtime_infra,supporting_infrastructure,pull_request,1546,https://github.com/larksuite/cli/pull/1546,open,2026-06-23T09:09:30Z,,,hehanlin1996,NONE,human_account,no,yes,yes,no,yes,no,yes,no,yes,no,no,no,no,no,no,1,no,yes,yes,no,no,no,no,yes,2,2,0,0,no,no,no,no,3,2,0.004,1369.531,,1,0,,,,,no,no,no,yes,no,,127.5
,,,8,larksuite/cli,mixed,agent_runtime_infra,supporting_infrastructure,pull_request,95,https://github.com/larksuite/cli/pull/95,closed_unmerged,2026-03-30T09:39:37Z,2026-04-01T12:48:11Z,,gang0828,NONE,human_account,no,no,no,no,no,no,no,no,no,no,no,no,no,no,no,0,no,yes,yes,yes,no,no,no,no,2,2,0,0,no,no,no,no,3,0,0.004,0.004,51.143,3,0,calendar-assistant,human_account,not_automation,COLLABORATOR,yes,yes,no,yes,yes,2.131,127.5
,,,8,larksuite/cli,mixed,agent_runtime_infra,supporting_infrastructure,pull_request,2438,https://github.com/larksuite/cli/pull/2438,open,2026-08-20T13:52:51Z,,,andyawang123-spec,NONE,human_account,no,yes,yes,no,yes,no,yes,no,yes,yes,no,no,no,no,no,12,no,yes,yes,no,no,no,no,yes,13,10,3,0,yes,yes,no,no,3,1,0.005,0.005,,2,2,,,,,no,no,no,yes,no,,127.5
,,,8,larksuite/cli,mixed,agent_runtime_infra,supporting_infrastructure,issue,215,https://github.com/larksuite/cli/issues/215,closed,2026-04-02T09:11:50Z,2026-04-08T06:09:50Z,,ljcamel,NONE,human_account,no,yes,no,no,no,no,yes,no,no,no,no,no,no,no,no,0,no,yes,yes,yes,no,no,no,no,1,1,0,0,no,no,no,no,2,0,140.966,140.966,140.966,0,0,liangshuo-1,human_account,not_automation,COLLABORATOR,yes,yes,no,yes,yes,5.874,127.5
,,,8,larksuite/cli,mixed,agent_runtime_infra,supporting_infrastructure,pull_request,626,https://github.com/larksuite/cli/pull/626,open,2026-04-23T06:20:57Z,,,zhicong666-bytedance,COLLABORATOR,human_account,no,yes,yes,no,yes,no,yes,no,yes,yes,no,no,no,no,no,2,no,yes,yes,yes,no,no,no,yes,5,4,1,0,yes,yes,no,no,5,2,0.003,2836.41,,1,1,,,,,no,no,no,no,yes,,127.5
,,,8,larksuite/cli,mixed,agent_runtime_infra,supporting_infrastructure,issue,1031,https://github.com/larksuite/cli/issues/1031,open,2026-05-22T06:01:56Z,,,Summer1121,NONE,human_account,no,yes,no,no,no,no,yes,no,no,no,no,no,no,no,no,0,no,yes,yes,no,no,no,no,yes,6,6,0,0,no,no,no,no,5,0,539.563,539.563,,0,0,,,,,no,no,no,yes,yes,,127.5
,,,8,larksuite/cli,mixed,agent_runtime_infra,supporting_infrastructure,pull_request,1946,https://github.com/larksuite/cli/pull/1946,merged,2026-07-18T08:41:32Z,2026-07-20T08:30:10Z,2026-07-20T08:30:10Z,luozhixiong01,COLLABORATOR,human_account,no,yes,yes,no,yes,no,yes,no,yes,no,yes,yes,no,no,no,1,no,yes,yes,yes,no,no,no,no,4,3,1,0,yes,no,no,no,5,2,0.007,47.694,47.694,1,0,luozhixiong01,human_account,not_automation,COLLABORATOR,yes,yes,no,no,no,1.992,127.5
,,,8,larksuite/cli,mixed,agent_runtime_infra,supporting_infrastructure,pull_request,1767,https://github.com/larksuite/cli/pull/1767,merged,2026-07-06T12:28:43Z,2026-07-08T11:16:03Z,2026-07-08T11:16:03Z,zhaojunlin0405,COLLABORATOR,human_account,no,yes,yes,no,yes,no,yes,no,yes,no,yes,yes,no,no,no,1,no,yes,yes,yes,no,no,no,no,5,3,2,0,yes,yes,no,no,6,2,0.007,42.45,42.45,3,1,zhaojunlin0405,human_account,not_automation,COLLABORATOR,yes,yes,no,no,no,1.95,127.5
,,,8,larksuite/cli,mixed,agent_runtime_infra,supporting_infrastructure,pull_request,270,https://github.com/larksuite/cli/pull/270,merged,2026-04-05T14:20:48Z,2026-04-07T12:51:08Z,2026-04-07T12:51:08Z,kongenpei,COLLABORATOR,human_account,no,yes,yes,no,yes,no,yes,no,yes,yes,yes,yes,no,no,no,4,no,yes,yes,yes,no,no,no,no,5,3,2,0,yes,no,no,no,5,2,0.004,38.595,38.595,1,0,kongenpei,human_account,not_automation,COLLABORATOR,yes,yes,no,no,yes,1.938,127.5
,,,8,larksuite/cli,mixed,agent_runtime_infra,supporting_infrastructure,pull_request,850,https://github.com/larksuite/cli/pull/850,merged,2026-05-12T09:46:57Z,2026-05-12T11:43:02Z,2026-05-12T11:43:02Z,zkh-bytedance,COLLABORATOR,human_account,no,yes,yes,no,yes,no,yes,no,yes,no,yes,yes,no,no,no,1,no,yes,yes,yes,no,no,no,no,4,3,1,0,yes,no,no,no,5,2,0.08,0.526,0.526,1,0,zkh-bytedance,human_account,not_automation,COLLABORATOR,yes,yes,no,no,yes,0.081,127.5
,,,8,larksuite/cli,mixed,agent_runtime_infra,supporting_infrastructure,pull_request,764,https://github.com/larksuite/cli/pull/764,merged,2026-05-07T05:24:09Z,2026-05-13T06:27:56Z,2026-05-13T06:27:56Z,meijing0114,CONTRIBUTOR,human_account,no,yes,yes,no,yes,no,yes,no,yes,yes,yes,no,no,no,no,5,no,yes,yes,no,no,no,no,yes,10,8,2,0,yes,no,no,no,6,6,0.002,0.002,,1,0,JackZhao10086,human_account,not_automation,CONTRIBUTOR,yes,no,no,yes,yes,6.044,127.5
,,,8,larksuite/cli,mixed,agent_runtime_infra,supporting_infrastructure,pull_request,1520,https://github.com/larksuite/cli/pull/1520,merged,2026-06-18T12:58:56Z,2026-06-29T03:42:01Z,2026-06-29T03:42:01Z,zhengzhijiej-tech,COLLABORATOR,human_account,no,yes,yes,no,yes,no,yes,no,yes,no,yes,yes,no,no,no,1,no,yes,yes,yes,no,no,no,no,2,1,1,0,yes,no,no,no,3,2,0.003,254.39,254.39,1,0,zhengzhijiej-tech,human_account,not_automation,COLLABORATOR,yes,yes,no,no,no,10.613,127.5
,,,8,larksuite/cli,mixed,agent_runtime_infra,supporting_infrastructure,issue,665,https://github.com/larksuite/cli/issues/665,closed,2026-04-26T06:32:38Z,2026-05-06T12:48:40Z,,sakinijino,NONE,human_account,no,yes,no,no,no,no,yes,no,no,no,no,no,no,no,no,0,no,yes,yes,yes,no,no,no,no,1,1,0,0,no,no,no,no,2,0,24.626,24.626,24.626,0,0,calendar-assistant,human_account,not_automation,COLLABORATOR,yes,yes,no,yes,yes,10.261,127.5
,,,8,larksuite/cli,mixed,agent_runtime_infra,supporting_infrastructure,pull_request,683,https://github.com/larksuite/cli/pull/683,open,2026-04-27T13:20:53Z,,,JackZhao10086,CONTRIBUTOR,human_account,no,yes,yes,no,yes,no,yes,no,yes,yes,no,no,no,no,no,13,no,yes,yes,no,no,no,no,yes,27,18,9,0,yes,yes,no,no,6,3,0.014,529.107,,4,4,,,,,no,no,no,yes,yes,,127.5
,,,8,larksuite/cli,mixed,agent_runtime_infra,supporting_infrastructure,issue,182,https://github.com/larksuite/cli/issues/182,closed,2026-04-01T08:19:46Z,2026-04-08T06:07:07Z,,warmchuang,NONE,human_account,no,no,no,no,no,no,no,no,no,no,no,no,no,no,no,0,no,yes,yes,yes,no,no,no,no,3,3,0,0,no,no,no,no,3,0,0.092,0.092,0.092,0,0,liangshuo-1,human_account,not_automation,COLLABORATOR,yes,yes,no,yes,yes,6.908,127.5
,,,8,larksuite/cli,mixed,agent_runtime_infra,supporting_infrastructure,pull_request,430,https://github.com/larksuite/cli/pull/430,merged,2026-04-12T07:43:19Z,2026-04-12T08:12:17Z,2026-04-12T08:12:17Z,zero-my,COLLABORATOR,human_account,no,yes,yes,no,yes,no,yes,no,yes,yes,yes,yes,no,no,no,9,no,yes,yes,yes,no,no,no,no,12,8,5,0,yes,yes,no,no,6,2,0.009,0.454,0.47,4,1,zero-my,human_account,not_automation,COLLABORATOR,yes,yes,no,no,yes,0.02,127.5
,,,9,volcengine/OpenViking,llm_native,agent_runtime_infra,supporting_infrastructure,issue,1413,https://github.com/volcengine/OpenViking/issues/1413,closed,2026-04-13T14:35:12Z,2026-04-15T09:54:07Z,,chennest,NONE,human_account,no,yes,no,no,no,no,yes,no,no,no,no,no,no,no,no,0,no,yes,yes,no,no,no,no,yes,1,2,0,0,no,no,no,no,2,0,41.465,41.465,,0,0,chennest,human_account,not_automation,NONE,yes,no,no,yes,yes,1.805,217.3
,,,9,volcengine/OpenViking,llm_native,agent_runtime_infra,supporting_infrastructure,pull_request,3631,https://github.com/volcengine/OpenViking/pull/3631,closed_unmerged,2026-07-30T10:26:19Z,2026-08-13T10:25:31Z,,dependabot[bot],CONTRIBUTOR,automation_bot,no,yes,no,no,no,no,yes,no,no,no,no,no,no,no,no,0,no,yes,no,no,no,unknown,yes,yes,0,2,0,0,no,no,no,no,1,0,,,,1,0,dependabot[bot],automation_bot,conventional_automation,CONTRIBUTOR,no,no,no,yes,no,13.999,217.3
,,,9,volcengine/OpenViking,llm_native,agent_runtime_infra,supporting_infrastructure,pull_request,1710,https://github.com/volcengine/OpenViking/pull/1710,merged,2026-04-25T11:18:26Z,2026-04-25T13:19:11Z,2026-04-25T13:19:10Z,chenjw,COLLABORATOR,human_account,no,yes,no,no,no,no,yes,no,no,no,yes,yes,no,no,no,0,no,yes,yes,yes,no,no,no,no,3,2,1,0,yes,no,no,no,3,2,0.022,2.009,2.009,2,0,qin-ctx,human_account,not_automation,COLLABORATOR,yes,yes,no,no,yes,0.084,217.3
,,,9,volcengine/OpenViking,llm_native,agent_runtime_infra,supporting_infrastructure,pull_request,626,https://github.com/volcengine/OpenViking/pull/626,merged,2026-03-15T09:36:13Z,2026-03-15T10:14:05Z,2026-03-15T10:14:05Z,MaojiaSheng,COLLABORATOR,human_account,no,yes,no,no,no,no,yes,no,no,no,yes,yes,no,no,no,0,no,yes,yes,yes,no,no,no,no,2,1,1,0,yes,no,no,no,3,0,0.002,0.002,0.151,12,0,qin-ctx,human_account,not_automation,COLLABORATOR,yes,yes,no,no,yes,0.026,217.3
,,,9,volcengine/OpenViking,llm_native,agent_runtime_infra,supporting_infrastructure,pull_request,1376,https://github.com/volcengine/OpenViking/pull/1376,merged,2026-04-11T21:58:52Z,2026-04-13T06:12:24Z,2026-04-13T06:12:24Z,chethanuk,CONTRIBUTOR,human_account,no,yes,no,no,no,no,yes,no,no,no,yes,yes,no,no,no,0,no,yes,yes,yes,no,no,no,no,3,2,1,0,yes,no,no,no,3,2,0.014,32.219,32.219,1,0,qin-ctx,human_account,not_automation,COLLABORATOR,yes,yes,no,yes,yes,1.343,217.3
,,,9,volcengine/OpenViking,llm_native,agent_runtime_infra,supporting_infrastructure,pull_request,3957,https://github.com/volcengine/OpenViking/pull/3957,closed_unmerged,2026-08-12T08:54:29Z,2026-08-26T09:43:41Z,,qin-ctx,COLLABORATOR,human_account,no,yes,no,no,no,no,yes,no,no,no,no,no,no,no,no,0,no,yes,yes,yes,no,unknown,yes,yes,0,0,0,0,no,no,no,no,1,0,,,,3,0,qin-ctx,human_account,not_automation,COLLABORATOR,yes,yes,no,no,no,14.034,217.3
,,,9,volcengine/OpenViking,llm_native,agent_runtime_infra,supporting_infrastructure,pull_request,3788,https://github.com/volcengine/OpenViking/pull/3788,closed_unmerged,2026-08-05T22:43:03Z,2026-08-07T10:20:29Z,,huangruiteng,COLLABORATOR,human_account,no,yes,no,no,no,no,yes,no,no,no,no,no,no,no,no,0,no,yes,yes,yes,no,unknown,yes,yes,0,1,0,0,no,no,no,no,1,0,,,,1,0,huangruiteng,human_account,not_automation,COLLABORATOR,yes,yes,no,no,no,1.484,217.3
,,,9,volcengine/OpenViking,llm_native,agent_runtime_infra,supporting_infrastructure,pull_request,340,https://github.com/volcengine/OpenViking/pull/340,closed_unmerged,2026-02-28T01:46:10Z,2026-04-16T17:52:46Z,,Jay-ju,CONTRIBUTOR,human_account,no,yes,no,no,no,no,yes,no,no,no,yes,no,no,no,no,0,no,yes,yes,yes,no,no,no,no,4,3,1,0,yes,no,no,no,5,0,0.002,0.002,4.129,1,0,ZaynJarvis,human_account,not_automation,COLLABORATOR,yes,yes,no,yes,yes,47.671,217.3
,,,9,volcengine/OpenViking,llm_native,agent_runtime_infra,supporting_infrastructure,issue,855,https://github.com/volcengine/OpenViking/issues/855,closed,2026-03-22T00:04:57Z,2026-03-24T03:31:58Z,,RewFa-CEO,NONE,human_account,no,yes,no,no,no,no,yes,no,no,no,no,no,no,no,no,0,no,yes,yes,no,no,unknown,yes,yes,0,0,0,0,no,no,no,no,1,0,,,,0,0,zhoujh01,human_account,not_automation,COLLABORATOR,yes,yes,no,yes,yes,2.144,217.3
,,,9,volcengine/OpenViking,llm_native,agent_runtime_infra,supporting_infrastructure,pull_request,4335,https://github.com/volcengine/OpenViking/pull/4335,open,2026-08-26T02:35:00Z,,,Mchenr,CONTRIBUTOR,human_account,no,yes,no,no,no,no,yes,no,no,no,no,no,no,no,no,0,no,yes,yes,no,no,unknown,yes,yes,0,0,0,0,no,no,no,no,1,0,,,,2,0,,,,,no,no,no,yes,no,,217.3
,,,9,volcengine/OpenViking,llm_native,agent_runtime_infra,supporting_infrastructure,pull_request,3510,https://github.com/volcengine/OpenViking/pull/3510,closed_unmerged,2026-07-24T16:42:37Z,2026-08-03T08:26:29Z,,ZaynJarvis,COLLABORATOR,human_account,no,yes,no,no,no,no,yes,no,no,no,no,no,no,no,no,0,no,yes,yes,yes,no,no,no,no,1,1,0,0,no,no,no,no,2,0,231.727,231.727,231.727,1,0,t0saki,human_account,not_automation,COLLABORATOR,yes,yes,no,no,no,9.655,217.3
,,,9,volcengine/OpenViking,llm_native,agent_runtime_infra,supporting_infrastructure,pull_request,2460,https://github.com/volcengine/OpenViking/pull/2460,merged,2026-06-05T08:27:41Z,2026-06-08T02:25:38Z,2026-06-08T02:25:38Z,Hao-Yu-la,COLLABORATOR,human_account,no,yes,no,no,no,no,yes,no,no,no,yes,yes,no,no,no,0,no,yes,yes,yes,no,no,no,no,3,2,1,0,yes,no,no,no,3,2,0.029,65.964,65.964,1,0,MaojiaSheng,human_account,not_automation,COLLABORATOR,yes,yes,no,no,no,2.749,217.3
,,,9,volcengine/OpenViking,llm_native,agent_runtime_infra,supporting_infrastructure,pull_request,1521,https://github.com/volcengine/OpenViking/pull/1521,closed_unmerged,2026-04-17T04:51:15Z,2026-05-06T07:23:53Z,,yeyitech,CONTRIBUTOR,human_account,no,yes,no,no,no,no,yes,no,no,no,no,no,no,no,no,0,no,yes,yes,no,no,no,no,yes,3,3,0,0,no,no,no,no,3,2,0.016,9.959,,2,0,qin-ctx,human_account,not_automation,COLLABORATOR,yes,yes,no,yes,yes,19.106,217.3
,,,9,volcengine/OpenViking,llm_native,agent_runtime_infra,supporting_infrastructure,issue,386,https://github.com/volcengine/OpenViking/issues/386,closed,2026-03-03T01:25:37Z,2026-03-03T07:35:26Z,,qppq54s,CONTRIBUTOR,human_account,no,yes,no,no,no,no,yes,no,no,no,no,no,no,no,no,0,no,yes,yes,yes,no,no,no,no,3,5,0,0,no,no,no,no,2,0,2.586,2.586,2.586,0,0,qin-ctx,human_account,not_automation,COLLABORATOR,yes,yes,no,yes,yes,0.257,217.3
,,,9,volcengine/OpenViking,llm_native,agent_runtime_infra,supporting_infrastructure,pull_request,402,https://github.com/volcengine/OpenViking/pull/402,merged,2026-03-03T15:52:13Z,2026-03-04T03:34:05Z,2026-03-04T03:34:05Z,r266-tech,CONTRIBUTOR,human_account,no,yes,no,no,no,no,yes,no,no,no,yes,yes,no,no,no,0,no,yes,yes,yes,no,no,no,no,2,1,1,0,yes,no,no,no,3,0,0.007,0.007,11.696,2,0,MaojiaSheng,human_account,not_automation,COLLABORATOR,yes,yes,no,yes,yes,0.487,217.3
,,,9,volcengine/OpenViking,llm_native,agent_runtime_infra,supporting_infrastructure,pull_request,1852,https://github.com/volcengine/OpenViking/pull/1852,open,2026-05-04T17:40:39Z,,,yc111233,CONTRIBUTOR,human_account,no,yes,no,no,no,no,yes,no,no,no,no,no,no,no,no,0,no,yes,yes,no,no,yes,yes,yes,2,2,0,0,no,no,no,no,2,1,0.016,,,1,0,,,,,no,no,no,yes,yes,,217.3
,,,9,volcengine/OpenViking,llm_native,agent_runtime_infra,supporting_infrastructure,pull_request,71,https://github.com/volcengine/OpenViking/pull/71,merged,2026-02-05T12:57:15Z,2026-02-05T13:28:12Z,2026-02-05T13:28:12Z,zhoujh01,COLLABORATOR,human_account,no,no,no,no,no,no,no,no,no,no,yes,yes,no,no,no,0,no,yes,yes,yes,no,no,no,no,6,4,4,0,yes,no,no,no,4,0,0.075,0.075,0.075,1,0,MaojiaSheng,human_account,not_automation,COLLABORATOR,yes,yes,no,no,yes,0.021,217.3
,,,9,volcengine/OpenViking,llm_native,agent_runtime_infra,supporting_infrastructure,pull_request,3040,https://github.com/volcengine/OpenViking/pull/3040,merged,2026-07-06T09:34:35Z,2026-07-06T10:48:39Z,2026-07-06T10:48:39Z,sponge225,COLLABORATOR,human_account,no,yes,no,no,no,no,yes,no,no,no,yes,yes,no,no,no,0,no,yes,yes,yes,no,no,no,no,1,0,1,0,yes,no,no,no,2,0,1.221,1.221,1.221,2,0,qin-ctx,human_account,not_automation,COLLABORATOR,yes,yes,no,no,no,0.051,217.3
,,,9,volcengine/OpenViking,llm_native,agent_runtime_infra,supporting_infrastructure,pull_request,2991,https://github.com/volcengine/OpenViking/pull/2991,merged,2026-07-03T10:39:52Z,2026-07-03T10:40:11Z,2026-07-03T10:40:11Z,baojun-zhang,COLLABORATOR,human_account,no,yes,no,no,no,no,yes,no,no,no,no,no,no,no,no,0,no,yes,yes,yes,no,unknown,yes,yes,0,0,0,0,no,no,no,no,1,0,,,,7,0,baojun-zhang,human_account,not_automation,COLLABORATOR,yes,yes,no,no,no,0.0,217.3
,,,9,volcengine/OpenViking,llm_native,agent_runtime_infra,supporting_infrastructure,pull_request,1182,https://github.com/volcengine/OpenViking/pull/1182,merged,2026-04-02T11:00:12Z,2026-04-03T03:38:32Z,2026-04-03T03:38:32Z,13ernkastel,CONTRIBUTOR,human_account,no,yes,no,no,no,no,yes,no,no,no,yes,yes,no,no,no,0,no,yes,yes,yes,no,no,no,no,3,2,1,0,yes,no,no,no,3,2,0.178,16.634,16.634,2,0,qin-ctx,human_account,not_automation,COLLABORATOR,yes,yes,no,yes,yes,0.693,217.3
,,,10,openai/codex,llm_native,agent_application,direct_agent_experience,issue,23695,https://github.com/openai/codex/issues/23695,open,2026-05-20T13:56:17Z,,,alfredolopez80,NONE,human_account,no,yes,no,no,no,no,yes,no,no,no,no,no,no,no,no,0,no,yes,yes,no,no,no,no,yes,1,1,0,0,no,no,no,no,2,0,2.416,2.416,,0,0,,,,,no,no,no,yes,yes,,1045.0
,,,10,openai/codex,llm_native,agent_application,direct_agent_experience,issue,22363,https://github.com/openai/codex/issues/22363,closed,2026-05-12T18:48:22Z,2026-05-14T04:34:07Z,,zack-dev-cm,NONE,human_account,no,no,no,no,no,no,no,no,no,no,no,no,no,no,no,0,no,yes,yes,no,no,unknown,yes,yes,0,0,0,0,no,no,no,no,1,0,,,,0,0,etraut-openai,human_account,not_automation,CONTRIBUTOR,yes,no,no,yes,yes,1.407,1045.0
,,,10,openai/codex,llm_native,agent_application,direct_agent_experience,issue,36780,https://github.com/openai/codex/issues/36780,open,2026-08-03T18:41:01Z,,,brayden-partcl,NONE,human_account,no,yes,no,no,no,no,yes,no,no,no,no,no,no,no,no,0,no,yes,yes,no,no,unknown,yes,yes,0,0,0,0,no,no,no,no,1,0,,,,0,0,,,,,no,no,no,yes,no,,1045.0
,,,10,openai/codex,llm_native,agent_application,direct_agent_experience,pull_request,34738,https://github.com/openai/codex/pull/34738,merged,2026-07-22T11:53:56Z,2026-07-22T11:56:11Z,2026-07-22T11:56:11Z,copyberry[bot],NONE,automation_bot,no,yes,no,no,no,no,yes,no,no,no,no,no,no,no,no,0,no,yes,no,no,no,unknown,yes,yes,0,0,0,0,no,no,no,no,1,0,,,,1,0,copyberry[bot],automation_bot,unknown_automation,NONE,no,no,no,yes,no,0.002,1045.0
,,,10,openai/codex,llm_native,agent_application,direct_agent_experience,issue,37630,https://github.com/openai/codex/issues/37630,open,2026-08-08T22:45:24Z,,,alexj11324,NONE,human_account,no,yes,no,no,no,no,yes,no,no,no,no,no,no,no,no,0,no,yes,yes,no,no,yes,yes,yes,1,1,0,0,no,no,no,no,2,1,0.021,,,0,0,,,,,no,no,no,yes,no,,1045.0
,,,10,openai/codex,llm_native,agent_application,direct_agent_experience,issue,29795,https://github.com/openai/codex/issues/29795,open,2026-06-24T04:38:18Z,,,dyansamuel,NONE,human_account,no,yes,no,no,no,no,yes,no,no,no,no,no,no,no,no,0,no,yes,yes,no,no,no,no,yes,3,3,0,0,no,no,no,no,4,2,0.029,440.053,,0,0,,,,,no,no,no,yes,no,,1045.0
,,,10,openai/codex,llm_native,agent_application,direct_agent_experience,issue,15627,https://github.com/openai/codex/issues/15627,closed,2026-03-24T11:51:26Z,2026-03-24T14:57:19Z,,khanhnhat1660407,NONE,human_account,no,yes,no,no,no,no,yes,no,no,no,no,no,no,no,no,0,no,yes,yes,no,no,no,no,yes,3,4,0,0,no,no,no,no,4,2,0.03,0.266,,0,0,etraut-openai,human_account,not_automation,CONTRIBUTOR,yes,no,no,yes,yes,0.129,1045.0
,,,10,openai/codex,llm_native,agent_application,direct_agent_experience,pull_request,30901,https://github.com/openai/codex/pull/30901,closed_unmerged,2026-07-02T05:41:52Z,2026-07-17T06:48:12Z,,bolinfest,COLLABORATOR,human_account,no,yes,no,no,no,no,yes,no,no,no,no,no,no,no,no,0,no,yes,yes,yes,no,yes,yes,yes,1,1,0,0,no,no,no,no,2,1,361.106,,,2,0,github-actions[bot],automation_bot,conventional_automation,CONTRIBUTOR,no,no,no,no,no,15.046,1045.0
,,,10,openai/codex,llm_native,agent_application,direct_agent_experience,pull_request,15866,https://github.com/openai/codex/pull/15866,merged,2026-03-26T14:24:08Z,2026-03-26T15:45:37Z,2026-03-26T15:45:37Z,jif-oai,CONTRIBUTOR,human_account,no,yes,yes,yes,no,no,yes,no,yes,no,no,no,no,no,no,1,yes,yes,yes,no,no,yes,yes,yes,1,2,0,0,no,no,no,no,2,1,0.051,,,2,0,jif-oai,human_account,not_automation,CONTRIBUTOR,yes,no,no,yes,yes,0.057,1045.0
,,,10,openai/codex,llm_native,agent_application,direct_agent_experience,pull_request,20309,https://github.com/openai/codex/pull/20309,closed_unmerged,2026-04-30T02:27:47Z,2026-04-30T21:05:27Z,,xli-oai,CONTRIBUTOR,human_account,no,yes,yes,yes,no,no,no,no,yes,yes,yes,no,no,no,no,15,yes,yes,yes,no,no,no,no,yes,32,28,14,0,yes,yes,no,no,4,16,0.765,4.718,,15,15,xli-oai,human_account,not_automation,CONTRIBUTOR,yes,no,no,yes,yes,0.776,1045.0
,,,10,openai/codex,llm_native,agent_application,direct_agent_experience,issue,18189,https://github.com/openai/codex/issues/18189,closed,2026-04-16T19:48:24Z,2026-04-30T21:44:50Z,,iamhectorlopez,NONE,human_account,no,yes,no,no,no,no,yes,no,no,no,no,no,no,no,no,0,no,yes,yes,no,no,no,no,yes,4,4,0,0,no,no,no,no,4,2,0.021,0.198,,0,0,iamhectorlopez,human_account,not_automation,NONE,yes,no,no,yes,yes,14.081,1045.0
,,,10,openai/codex,llm_native,agent_application,direct_agent_experience,pull_request,28037,https://github.com/openai/codex/pull/28037,closed_unmerged,2026-06-13T05:30:44Z,2026-07-02T07:09:13Z,,kmbroai,CONTRIBUTOR,human_account,no,yes,yes,yes,no,no,yes,no,yes,yes,yes,no,no,no,no,3,no,yes,yes,no,no,yes,yes,yes,4,5,1,0,yes,yes,no,no,3,3,17.232,,,3,3,github-actions[bot],automation_bot,conventional_automation,CONTRIBUTOR,no,no,no,yes,no,19.068,1045.0
,,,10,openai/codex,llm_native,agent_application,direct_agent_experience,issue,32955,https://github.com/openai/codex/issues/32955,open,2026-07-14T04:45:42Z,,,EasongChung,NONE,human_account,no,yes,no,no,no,no,yes,no,no,no,no,no,no,no,no,0,no,yes,yes,no,no,unknown,yes,yes,0,0,0,0,no,no,no,no,1,0,,,,0,0,,,,,no,no,no,yes,no,,1045.0
,,,10,openai/codex,llm_native,agent_application,direct_agent_experience,issue,33565,https://github.com/openai/codex/issues/33565,open,2026-07-16T09:54:36Z,,,zxqing01,NONE,human_account,no,yes,no,no,no,no,yes,no,no,no,no,no,no,no,no,0,no,yes,yes,no,no,no,no,yes,13,13,0,0,no,no,no,no,11,2,0.024,2.546,,0,0,,,,,no,no,no,yes,no,,1045.0
,,,10,openai/codex,llm_native,agent_application,direct_agent_experience,issue,29227,https://github.com/openai/codex/issues/29227,open,2026-06-20T14:46:47Z,,,JohnJJGGG,NONE,human_account,no,yes,no,no,no,no,yes,no,no,no,no,no,no,no,no,0,no,yes,yes,no,no,no,no,yes,6,6,0,0,no,no,no,no,7,2,0.026,0.089,,0,0,,,,,no,no,no,yes,no,,1045.0
,,,10,openai/codex,llm_native,agent_application,direct_agent_experience,issue,24581,https://github.com/openai/codex/issues/24581,closed,2026-05-26T12:30:12Z,2026-05-26T15:25:54Z,,iqdoctor,NONE,human_account,no,yes,no,no,no,no,yes,no,no,no,no,no,no,no,no,0,no,yes,yes,no,no,unknown,yes,yes,0,2,0,0,no,no,no,no,1,0,,,,0,0,etraut-openai,human_account,not_automation,CONTRIBUTOR,yes,no,no,yes,yes,0.122,1045.0
,,,10,openai/codex,llm_native,agent_application,direct_agent_experience,issue,13277,https://github.com/openai/codex/issues/13277,closed,2026-03-02T20:58:40Z,2026-08-05T03:48:28Z,,monkey-sheng,NONE,human_account,no,yes,no,no,no,no,yes,no,no,no,no,no,no,no,no,0,no,yes,yes,no,no,no,no,yes,15,16,0,0,no,no,no,no,14,0,0.174,0.174,,0,0,etraut-openai,human_account,not_automation,CONTRIBUTOR,yes,no,no,yes,yes,155.285,1045.0
,,,10,openai/codex,llm_native,agent_application,direct_agent_experience,issue,38314,https://github.com/openai/codex/issues/38314,open,2026-08-13T05:52:17Z,,,bharatbots,NONE,human_account,no,yes,no,no,no,no,yes,no,no,no,no,no,no,no,no,0,no,yes,yes,no,no,yes,yes,yes,1,1,0,0,no,no,no,no,2,1,0.02,,,0,0,,,,,no,no,no,yes,no,,1045.0
,,,10,openai/codex,llm_native,agent_application,direct_agent_experience,issue,26855,https://github.com/openai/codex/issues/26855,open,2026-06-07T06:21:53Z,,,user202729,NONE,human_account,no,yes,no,no,no,no,yes,no,no,no,no,no,no,no,no,0,no,yes,yes,no,no,unknown,yes,yes,0,0,0,0,no,no,no,no,1,0,,,,0,0,,,,,no,no,no,yes,no,,1045.0
,,,10,openai/codex,llm_native,agent_application,direct_agent_experience,issue,38097,https://github.com/openai/codex/issues/38097,open,2026-08-12T01:02:14Z,,,YuanshuoDu,NONE,human_account,no,yes,no,no,no,no,yes,no,no,no,no,no,no,no,no,0,no,yes,yes,no,no,unknown,yes,yes,0,0,0,0,no,no,no,no,1,0,,,,0,0,,,,,no,no,no,yes,no,,1045.0
,,,11,ollama/ollama,llm_native,model_infra,supporting_infrastructure,issue,17086,https://github.com/ollama/ollama/issues/17086,closed,2026-07-08T13:36:06Z,2026-07-08T14:36:27Z,,apullz,NONE,human_account,no,no,no,no,no,no,no,no,no,no,no,no,no,no,no,0,no,yes,yes,yes,no,no,no,no,1,1,0,0,no,no,no,no,2,0,1.962,1.962,1.962,0,0,rick-github,human_account,not_automation,COLLABORATOR,yes,yes,no,yes,no,0.042,219.2
,,,11,ollama/ollama,llm_native,model_infra,supporting_infrastructure,pull_request,15883,https://github.com/ollama/ollama/pull/15883,merged,2026-04-29T20:42:37Z,2026-04-29T21:18:44Z,2026-04-29T21:18:44Z,hoyyeva,CONTRIBUTOR,human_account,no,yes,no,no,no,no,yes,no,no,no,yes,yes,no,no,no,0,no,yes,yes,yes,no,no,no,no,2,1,1,0,yes,no,no,no,3,2,0.003,0.303,0.303,2,0,hoyyeva,human_account,not_automation,CONTRIBUTOR,yes,no,no,yes,yes,0.025,219.2
,,,11,ollama/ollama,llm_native,model_infra,supporting_infrastructure,pull_request,14012,https://github.com/ollama/ollama/pull/14012,closed_unmerged,2026-02-01T15:53:23Z,2026-03-19T18:49:24Z,,jmcastagnetto,NONE,human_account,no,no,no,no,no,no,no,no,no,no,no,no,no,no,no,0,no,yes,yes,no,no,unknown,yes,yes,0,0,0,0,no,no,no,no,1,0,,,,1,0,jmcastagnetto,human_account,not_automation,NONE,yes,no,no,yes,yes,46.122,219.2
,,,11,ollama/ollama,llm_native,model_infra,supporting_infrastructure,issue,17585,https://github.com/ollama/ollama/issues/17585,open,2026-08-06T07:20:24Z,,,jean306,NONE,human_account,no,no,no,no,no,no,no,no,no,no,no,no,no,no,no,0,no,yes,yes,no,no,unknown,yes,yes,0,0,0,0,no,no,no,no,1,0,,,,0,0,,,,,no,no,no,yes,no,,219.2
,,,11,ollama/ollama,llm_native,model_infra,supporting_infrastructure,pull_request,16867,https://github.com/ollama/ollama/pull/16867,open,2026-06-22T23:47:03Z,,,Michael-WhiteCapData,NONE,human_account,no,no,no,no,no,no,no,no,no,no,no,no,no,no,no,0,no,yes,yes,no,no,unknown,yes,yes,0,0,0,0,no,no,no,no,1,0,,,,1,0,,,,,no,no,no,yes,no,,219.2
,,,11,ollama/ollama,llm_native,model_infra,supporting_infrastructure,issue,17620,https://github.com/ollama/ollama/issues/17620,closed,2026-08-08T04:49:10Z,2026-08-08T04:53:29Z,,Paimonshen,NONE,human_account,no,no,no,no,no,no,no,no,no,no,no,no,no,no,no,0,no,yes,yes,no,no,unknown,yes,yes,0,1,0,0,no,no,no,no,1,0,,,,0,0,rick-github,human_account,not_automation,COLLABORATOR,yes,yes,no,yes,no,0.003,219.2
,,,11,ollama/ollama,llm_native,model_infra,supporting_infrastructure,pull_request,14221,https://github.com/ollama/ollama/pull/14221,merged,2026-02-12T19:19:23Z,2026-02-12T23:47:00Z,2026-02-12T23:47:00Z,drifkin,CONTRIBUTOR,human_account,no,yes,no,no,no,no,yes,no,no,no,yes,yes,no,no,no,0,no,yes,yes,yes,no,no,no,no,11,8,5,0,yes,yes,no,no,4,0,0.164,0.164,0.164,12,8,drifkin,human_account,not_automation,CONTRIBUTOR,yes,no,no,yes,yes,0.186,219.2
,,,11,ollama/ollama,llm_native,model_infra,supporting_infrastructure,pull_request,15562,https://github.com/ollama/ollama/pull/15562,open,2026-04-13T22:22:41Z,,,matteocelani,CONTRIBUTOR,human_account,no,no,no,no,no,no,no,no,no,no,no,no,no,no,no,0,no,yes,yes,no,no,no,no,yes,1,2,0,0,no,no,no,no,2,0,49.124,49.124,,4,0,,,,,no,no,no,yes,yes,,219.2
,,,11,ollama/ollama,llm_native,model_infra,supporting_infrastructure,issue,14795,https://github.com/ollama/ollama/issues/14795,closed,2026-03-12T11:46:14Z,2026-03-13T02:26:29Z,,LMingJian,NONE,human_account,no,no,no,no,no,no,no,no,no,no,no,no,no,no,no,0,no,yes,yes,yes,no,no,no,no,2,3,0,0,no,no,no,no,3,0,2.244,2.244,2.244,0,0,LMingJian,human_account,not_automation,NONE,yes,no,no,yes,yes,0.611,219.2
,,,11,ollama/ollama,llm_native,model_infra,supporting_infrastructure,issue,17617,https://github.com/ollama/ollama/issues/17617,open,2026-08-08T03:37:36Z,,,caoer,NONE,human_account,no,no,no,no,no,no,no,no,no,no,no,no,no,no,no,0,no,yes,yes,yes,no,no,no,no,4,4,0,0,no,no,no,no,5,0,7.664,7.664,8.357,0,0,,,,,no,no,no,yes,no,,219.2
,,,11,ollama/ollama,llm_native,model_infra,supporting_infrastructure,issue,14161,https://github.com/ollama/ollama/issues/14161,closed,2026-02-08T22:47:40Z,2026-02-12T19:11:06Z,,chille9,NONE,human_account,no,no,no,no,no,no,no,no,no,no,no,no,no,no,no,0,no,yes,yes,yes,no,no,no,no,4,7,0,0,no,no,no,no,3,0,0.485,0.485,0.485,0,0,chille9,human_account,not_automation,NONE,yes,no,no,yes,yes,3.85,219.2
,,,11,ollama/ollama,llm_native,model_infra,supporting_infrastructure,issue,16923,https://github.com/ollama/ollama/issues/16923,open,2026-06-26T06:23:04Z,,,gilbertbodyb28,NONE,human_account,no,no,no,no,no,no,no,no,no,no,no,no,no,no,no,0,no,yes,yes,no,no,unknown,yes,yes,0,0,0,0,no,no,no,no,1,0,,,,0,0,,,,,no,no,no,yes,no,,219.2
,,,11,ollama/ollama,llm_native,model_infra,supporting_infrastructure,pull_request,14634,https://github.com/ollama/ollama/pull/14634,closed_unmerged,2026-03-05T07:04:24Z,2026-04-12T13:32:52Z,,onestardao,NONE,human_account,no,no,no,no,no,no,no,no,no,no,no,no,no,no,no,0,no,yes,yes,no,no,unknown,yes,yes,0,0,0,0,no,no,no,no,1,0,,,,1,0,onestardao,human_account,not_automation,NONE,yes,no,no,yes,yes,38.27,219.2
,,,11,ollama/ollama,llm_native,model_infra,supporting_infrastructure,issue,13931,https://github.com/ollama/ollama/issues/13931,closed,2026-01-27T10:04:28Z,2026-01-27T11:31:09Z,,praneeth-etta,NONE,human_account,no,no,no,no,no,no,no,no,no,no,no,no,no,no,no,0,no,yes,yes,yes,no,no,no,no,2,3,0,0,no,no,no,no,2,0,0.868,0.868,0.868,0,0,praneeth-etta,human_account,not_automation,NONE,yes,no,no,yes,yes,0.06,219.2
,,,11,ollama/ollama,llm_native,model_infra,supporting_infrastructure,pull_request,17759,https://github.com/ollama/ollama/pull/17759,open,2026-08-14T23:08:04Z,,,dhiltgen,COLLABORATOR,human_account,no,no,no,no,no,no,no,no,no,no,no,no,no,no,no,0,no,yes,yes,yes,no,unknown,yes,yes,0,0,0,0,no,no,no,no,1,0,,,,1,0,,,,,no,no,no,no,no,,219.2
,,,11,ollama/ollama,llm_native,model_infra,supporting_infrastructure,issue,16046,https://github.com/ollama/ollama/issues/16046,closed,2026-05-08T15:24:22Z,2026-05-15T18:42:27Z,,charlesdrakon-cmyk,NONE,human_account,no,no,no,no,no,no,no,no,no,no,no,no,no,no,no,0,no,yes,yes,no,no,unknown,yes,yes,0,1,0,0,no,no,no,no,1,0,,,,0,0,rick-github,human_account,not_automation,COLLABORATOR,yes,yes,no,yes,yes,7.138,219.2
,,,11,ollama/ollama,llm_native,model_infra,supporting_infrastructure,pull_request,17513,https://github.com/ollama/ollama/pull/17513,closed_unmerged,2026-08-02T02:32:58Z,2026-08-02T02:33:08Z,,deepshekhardas,NONE,human_account,no,no,no,no,no,no,no,no,no,no,no,no,no,no,no,0,no,yes,yes,no,no,unknown,yes,yes,0,1,0,0,no,no,no,no,1,0,,,,1,0,deepshekhardas,human_account,not_automation,NONE,yes,no,no,yes,no,0.0,219.2
,,,11,ollama/ollama,llm_native,model_infra,supporting_infrastructure,pull_request,16715,https://github.com/ollama/ollama/pull/16715,open,2026-06-14T05:59:33Z,,,Shaan-alpha,NONE,human_account,no,no,no,no,no,no,no,no,no,no,no,no,no,no,no,0,yes,yes,yes,no,no,unknown,yes,yes,0,4,0,0,no,no,no,no,1,0,,,,1,0,,,,,no,no,no,yes,no,,219.2
,,,11,ollama/ollama,llm_native,model_infra,supporting_infrastructure,pull_request,14940,https://github.com/ollama/ollama/pull/14940,merged,2026-03-18T18:44:11Z,2026-03-25T18:53:48Z,2026-03-25T18:53:48Z,hoyyeva,CONTRIBUTOR,human_account,no,no,no,no,no,no,no,no,no,no,yes,yes,no,no,no,0,no,yes,yes,yes,no,no,no,no,2,0,2,0,yes,no,no,no,3,0,42.464,42.464,168.156,1,0,ParthSareen,human_account,not_automation,MEMBER,yes,yes,no,yes,yes,7.007,219.2
,,,11,ollama/ollama,llm_native,model_infra,supporting_infrastructure,issue,14229,https://github.com/ollama/ollama/issues/14229,closed,2026-02-13T04:06:09Z,2026-02-13T10:27:53Z,,Leroy-X,NONE,human_account,no,no,no,no,no,no,no,no,no,no,no,no,no,no,no,0,no,yes,yes,yes,no,no,no,no,1,1,0,0,no,no,no,no,2,0,6.362,6.362,6.362,0,0,rick-github,human_account,not_automation,COLLABORATOR,yes,yes,no,yes,yes,0.265,219.2
,,,12,langchain-ai/deepagents,llm_native,agent_framework,agent_building,issue,4235,https://github.com/langchain-ai/deepagents/issues/4235,closed,2026-06-24T22:52:00Z,2026-08-24T02:32:30Z,,open-swe[bot],CONTRIBUTOR,automation_bot,no,yes,yes,yes,no,no,yes,yes,no,no,no,no,no,no,no,3,no,yes,yes,no,no,no,no,yes,1,1,0,0,no,no,no,no,2,1,11.518,11.518,,0,0,mdrxy,human_account,not_automation,MEMBER,yes,yes,no,yes,no,60.153,260.85
,,,12,langchain-ai/deepagents,llm_native,agent_framework,agent_building,issue,2946,https://github.com/langchain-ai/deepagents/issues/2946,closed,2026-04-25T18:10:39Z,2026-04-25T18:10:51Z,,kilsoo75,NONE,human_account,no,yes,yes,no,no,yes,yes,no,yes,no,no,no,no,no,yes,2,no,yes,yes,no,no,yes,yes,yes,1,1,0,0,no,no,no,no,2,1,0.003,,,0,0,langchain-oss-automated-triage[bot],automation_bot,support_agent,CONTRIBUTOR,no,no,yes,yes,yes,0.0,260.85
,,,12,langchain-ai/deepagents,llm_native,agent_framework,agent_building,pull_request,2768,https://github.com/langchain-ai/deepagents/pull/2768,closed_unmerged,2026-04-16T05:03:52Z,2026-04-16T05:04:17Z,,amjad-fatmi,NONE,human_account,no,yes,yes,no,no,yes,yes,no,no,no,no,no,no,no,no,2,no,yes,yes,no,no,yes,yes,yes,1,2,0,0,no,no,no,no,2,2,0.007,,,2,0,github-actions[bot],automation_bot,conventional_automation,CONTRIBUTOR,no,no,no,yes,yes,0.0,260.85
,,,12,langchain-ai/deepagents,llm_native,agent_framework,agent_building,pull_request,3520,https://github.com/langchain-ai/deepagents/pull/3520,merged,2026-05-20T22:18:20Z,2026-05-20T22:19:55Z,2026-05-20T22:19:55Z,mdrxy,MEMBER,human_account,no,yes,no,no,no,no,yes,no,no,no,no,no,no,no,no,0,no,yes,yes,yes,no,unknown,yes,yes,0,0,0,0,no,no,no,no,1,0,,,,1,0,mdrxy,human_account,not_automation,MEMBER,yes,yes,no,no,yes,0.001,260.85
,,,12,langchain-ai/deepagents,llm_native,agent_framework,agent_building,pull_request,5001,https://github.com/langchain-ai/deepagents/pull/5001,merged,2026-07-23T17:43:05Z,2026-07-23T18:00:52Z,2026-07-23T18:00:52Z,mdrxy,MEMBER,human_account,no,yes,yes,yes,no,no,yes,no,yes,yes,no,no,no,no,no,1,no,yes,yes,yes,no,yes,yes,yes,1,0,1,0,yes,no,no,no,2,1,0.034,,,1,0,mdrxy,human_account,not_automation,MEMBER,yes,yes,no,no,no,0.012,260.85
,,,12,langchain-ai/deepagents,llm_native,agent_framework,agent_building,pull_request,778,https://github.com/langchain-ai/deepagents/pull/778,closed_unmerged,2026-01-15T15:58:40Z,2026-01-15T17:40:46Z,,RussellLuo,CONTRIBUTOR,human_account,no,yes,no,no,no,no,yes,no,no,no,yes,yes,no,yes,no,0,no,yes,yes,yes,no,no,no,no,3,3,1,1,yes,no,yes,no,2,0,1.692,1.692,1.692,1,0,eyurtsev,human_account,not_automation,COLLABORATOR,yes,yes,no,yes,yes,0.071,260.85
,,,12,langchain-ai/deepagents,llm_native,agent_framework,agent_building,pull_request,2559,https://github.com/langchain-ai/deepagents/pull/2559,closed_unmerged,2026-04-08T13:44:18Z,2026-04-30T07:40:26Z,,Copilot,CONTRIBUTOR,automation_bot,no,yes,yes,yes,no,no,no,yes,no,no,no,no,no,no,no,4,no,yes,no,no,no,unknown,yes,yes,0,0,0,0,no,no,no,no,1,0,,,,3,0,mdrxy,human_account,not_automation,MEMBER,yes,yes,no,yes,yes,21.747,260.85
,,,12,langchain-ai/deepagents,llm_native,agent_framework,agent_building,pull_request,1131,https://github.com/langchain-ai/deepagents/pull/1131,closed_unmerged,2026-02-05T14:53:10Z,2026-02-09T06:34:28Z,,Malowking,NONE,human_account,no,yes,no,no,no,no,yes,no,no,no,yes,yes,no,yes,no,0,no,yes,yes,yes,no,no,no,no,2,2,1,1,yes,no,yes,no,3,0,0.989,0.989,0.989,4,0,mdrxy,human_account,not_automation,MEMBER,yes,yes,no,yes,yes,3.654,260.85
,,,12,langchain-ai/deepagents,llm_native,agent_framework,agent_building,pull_request,3278,https://github.com/langchain-ai/deepagents/pull/3278,merged,2026-05-09T20:54:20Z,2026-05-09T21:03:16Z,2026-05-09T21:03:16Z,mdrxy,MEMBER,human_account,no,yes,no,no,no,no,yes,no,no,no,no,no,no,no,no,0,no,yes,yes,yes,no,unknown,yes,yes,0,0,0,0,no,no,no,no,1,0,,,,1,0,mdrxy,human_account,not_automation,MEMBER,yes,yes,no,no,yes,0.006,260.85
,,,12,langchain-ai/deepagents,llm_native,agent_framework,agent_building,pull_request,955,https://github.com/langchain-ai/deepagents/pull/955,merged,2026-01-30T04:46:24Z,2026-01-30T19:00:11Z,2026-01-30T19:00:11Z,trindadetiago,CONTRIBUTOR,human_account,no,yes,no,no,no,no,yes,no,no,no,yes,yes,no,no,no,0,no,yes,yes,yes,no,no,no,no,4,2,2,0,yes,no,no,no,2,0,13.178,13.178,13.178,1,0,eyurtsev,human_account,not_automation,COLLABORATOR,yes,yes,no,yes,yes,0.593,260.85
,,,12,langchain-ai/deepagents,llm_native,agent_framework,agent_building,issue,1485,https://github.com/langchain-ai/deepagents/issues/1485,closed,2026-02-21T21:16:48Z,2026-02-23T20:44:01Z,,AdemBoukhris457,CONTRIBUTOR,human_account,no,yes,no,no,no,no,yes,no,no,no,no,no,no,no,no,0,no,yes,yes,yes,no,no,no,no,3,3,0,0,no,no,no,no,3,0,42.423,42.423,42.445,0,0,eyurtsev,human_account,not_automation,COLLABORATOR,yes,yes,no,yes,yes,1.977,260.85
,,,12,langchain-ai/deepagents,llm_native,agent_framework,agent_building,issue,2469,https://github.com/langchain-ai/deepagents/issues/2469,closed,2026-04-05T16:18:45Z,2026-04-05T16:18:59Z,,gthieleb,NONE,human_account,no,yes,yes,no,no,yes,yes,no,yes,no,no,no,no,no,yes,2,no,yes,yes,no,no,yes,yes,yes,1,1,0,0,no,no,no,no,2,1,0.004,,,0,0,langchain-oss-automated-triage[bot],automation_bot,support_agent,CONTRIBUTOR,no,no,yes,yes,yes,0.0,260.85
,,,12,langchain-ai/deepagents,llm_native,agent_framework,agent_building,pull_request,4718,https://github.com/langchain-ai/deepagents/pull/4718,merged,2026-07-14T07:42:51Z,2026-07-14T15:17:47Z,2026-07-14T15:17:47Z,mdrxy,MEMBER,human_account,no,yes,no,no,no,no,yes,no,no,no,no,no,no,no,no,0,no,yes,yes,yes,no,unknown,yes,yes,0,0,0,0,no,no,no,no,1,0,,,,4,0,mdrxy,human_account,not_automation,MEMBER,yes,yes,no,no,no,0.316,260.85
,,,12,langchain-ai/deepagents,llm_native,agent_framework,agent_building,pull_request,4443,https://github.com/langchain-ai/deepagents/pull/4443,closed_unmerged,2026-07-02T18:01:32Z,2026-07-04T09:31:02Z,,jkennedyvz,CONTRIBUTOR,human_account,no,yes,yes,yes,no,no,yes,no,yes,yes,no,no,no,no,no,8,no,yes,yes,no,no,yes,yes,yes,8,6,2,0,yes,yes,no,no,2,1,1.573,,,3,2,jkennedyvz,human_account,not_automation,CONTRIBUTOR,yes,no,no,yes,no,1.645,260.85
,,,12,langchain-ai/deepagents,llm_native,agent_framework,agent_building,pull_request,3735,https://github.com/langchain-ai/deepagents/pull/3735,merged,2026-06-03T17:58:15Z,2026-06-03T17:59:47Z,2026-06-03T17:59:47Z,mdrxy,MEMBER,human_account,no,yes,yes,yes,no,no,yes,no,yes,yes,no,no,no,no,no,1,no,yes,yes,yes,no,yes,yes,yes,1,0,1,0,yes,no,no,no,2,1,0.049,,,1,0,mdrxy,human_account,not_automation,MEMBER,yes,yes,no,no,no,0.001,260.85
,,,12,langchain-ai/deepagents,llm_native,agent_framework,agent_building,pull_request,3862,https://github.com/langchain-ai/deepagents/pull/3862,merged,2026-06-11T02:52:29Z,2026-06-11T02:55:34Z,2026-06-11T02:55:34Z,mdrxy,MEMBER,human_account,no,yes,yes,yes,no,no,yes,no,yes,yes,no,no,no,no,no,1,no,yes,yes,yes,no,yes,yes,yes,1,0,1,0,yes,no,no,no,2,1,0.033,,,1,0,mdrxy,human_account,not_automation,MEMBER,yes,yes,no,no,no,0.002,260.85
,,,12,langchain-ai/deepagents,llm_native,agent_framework,agent_building,pull_request,4019,https://github.com/langchain-ai/deepagents/pull/4019,merged,2026-06-16T06:04:43Z,2026-06-16T16:22:41Z,2026-06-16T16:22:41Z,dependabot[bot],CONTRIBUTOR,automation_bot,no,yes,no,no,no,no,yes,no,no,no,no,no,no,no,no,0,no,yes,no,no,no,unknown,yes,yes,0,0,0,0,no,no,no,no,1,0,,,,1,0,mdrxy,human_account,not_automation,MEMBER,yes,yes,no,yes,no,0.429,260.85
,,,12,langchain-ai/deepagents,llm_native,agent_framework,agent_building,pull_request,1433,https://github.com/langchain-ai/deepagents/pull/1433,merged,2026-02-20T00:52:57Z,2026-02-20T01:07:03Z,2026-02-20T01:07:03Z,mdrxy,MEMBER,human_account,no,yes,no,no,no,no,yes,no,no,no,no,no,no,no,no,0,no,yes,yes,yes,no,unknown,yes,yes,0,0,0,0,no,no,no,no,1,0,,,,2,0,mdrxy,human_account,not_automation,MEMBER,yes,yes,no,no,yes,0.01,260.85
,,,12,langchain-ai/deepagents,llm_native,agent_framework,agent_building,pull_request,2552,https://github.com/langchain-ai/deepagents/pull/2552,closed_unmerged,2026-04-08T02:59:33Z,2026-04-08T02:59:58Z,,octo-patch,CONTRIBUTOR,human_account,no,yes,yes,no,no,yes,yes,no,no,no,no,no,no,no,no,1,no,yes,yes,no,no,yes,yes,yes,1,1,0,0,no,no,no,no,2,1,0.007,,,2,0,github-actions[bot],automation_bot,conventional_automation,CONTRIBUTOR,no,no,no,yes,yes,0.0,260.85
,,,12,langchain-ai/deepagents,llm_native,agent_framework,agent_building,pull_request,2835,https://github.com/langchain-ai/deepagents/pull/2835,merged,2026-04-19T22:32:19Z,2026-04-30T07:24:48Z,2026-04-30T07:24:48Z,jkennedyvz,CONTRIBUTOR,human_account,no,yes,no,no,no,no,yes,no,no,no,no,no,no,no,no,0,no,yes,yes,no,no,yes,yes,yes,1,0,1,0,yes,yes,no,no,2,1,0.01,,,6,5,mdrxy,human_account,not_automation,MEMBER,yes,yes,no,yes,yes,10.37,260.85
,,,13,anomalyco/opencode,llm_native,agent_application,direct_agent_experience,issue,27848,https://github.com/anomalyco/opencode/issues/27848,closed,2026-05-16T09:41:43Z,2026-05-16T11:46:49Z,,metanet4jDev,NONE,human_account,no,yes,no,no,no,no,yes,no,no,no,no,no,no,no,no,0,no,yes,yes,no,no,yes,yes,yes,2,2,0,0,no,no,no,no,2,1,0.029,,,0,0,github-actions[bot],automation_bot,conventional_automation,CONTRIBUTOR,no,no,no,yes,yes,0.087,1939.1
,,,13,anomalyco/opencode,llm_native,agent_application,direct_agent_experience,pull_request,34961,https://github.com/anomalyco/opencode/pull/34961,merged,2026-07-02T15:25:21Z,2026-07-03T10:31:38Z,2026-07-03T10:31:38Z,arvsrn,MEMBER,human_account,no,yes,yes,yes,no,no,yes,no,yes,no,no,no,no,no,no,6,no,yes,yes,yes,no,yes,yes,yes,2,2,0,0,no,no,no,no,3,1,0.147,,,3,0,Brendonovich,human_account,not_automation,MEMBER,yes,yes,no,no,no,0.796,1939.1
,,,13,anomalyco/opencode,llm_native,agent_application,direct_agent_experience,issue,13950,https://github.com/anomalyco/opencode/issues/13950,closed,2026-02-17T08:26:29Z,2026-04-19T03:03:43Z,,uriva,NONE,human_account,no,yes,no,no,no,no,yes,no,no,no,no,no,no,no,no,0,no,yes,yes,no,no,yes,yes,yes,1,1,0,0,no,no,no,no,2,1,1458.62,,,0,0,github-actions[bot],automation_bot,conventional_automation,CONTRIBUTOR,no,no,no,yes,yes,60.776,1939.1
,,,13,anomalyco/opencode,llm_native,agent_application,direct_agent_experience,pull_request,25040,https://github.com/anomalyco/opencode/pull/25040,closed_unmerged,2026-04-30T02:10:57Z,2026-04-30T04:41:17Z,,dmtrKovalenko,CONTRIBUTOR,human_account,no,yes,yes,yes,no,no,yes,no,no,no,no,no,no,no,no,6,no,yes,yes,no,no,yes,yes,yes,4,4,0,0,no,no,no,no,2,1,0.003,,,29,0,github-actions[bot],automation_bot,conventional_automation,CONTRIBUTOR,no,no,no,yes,yes,0.104,1939.1
,,,13,anomalyco/opencode,llm_native,agent_application,direct_agent_experience,pull_request,34564,https://github.com/anomalyco/opencode/pull/34564,closed_unmerged,2026-06-30T04:59:18Z,2026-06-30T05:18:08Z,,michaelofengenden,NONE,human_account,no,yes,yes,yes,no,no,yes,no,yes,yes,no,no,no,no,no,2,no,yes,yes,no,no,yes,yes,yes,3,3,1,0,yes,yes,no,no,3,2,0.038,,,2,1,michaelofengenden,human_account,not_automation,NONE,yes,no,no,yes,no,0.013,1939.1
,,,13,anomalyco/opencode,llm_native,agent_application,direct_agent_experience,pull_request,19461,https://github.com/anomalyco/opencode/pull/19461,closed_unmerged,2026-03-27T22:05:20Z,2026-03-28T00:26:36Z,,philstevenson,NONE,human_account,no,yes,no,no,no,no,yes,no,no,no,no,no,no,no,no,0,no,yes,yes,no,no,yes,yes,yes,3,3,0,0,no,no,no,no,2,1,0.003,,,1,0,github-actions[bot],automation_bot,conventional_automation,CONTRIBUTOR,no,no,no,yes,yes,0.098,1939.1
,,,13,anomalyco/opencode,llm_native,agent_application,direct_agent_experience,issue,13318,https://github.com/anomalyco/opencode/issues/13318,open,2026-02-12T13:19:27Z,,,thefrana,NONE,human_account,no,yes,no,no,no,no,yes,no,no,no,no,no,no,no,no,0,no,yes,yes,no,no,no,no,yes,8,10,0,0,no,no,no,no,7,2,0.016,0.092,,0,0,,,,,no,no,no,yes,yes,,1939.1
,,,13,anomalyco/opencode,llm_native,agent_application,direct_agent_experience,pull_request,29684,https://github.com/anomalyco/opencode/pull/29684,closed_unmerged,2026-05-28T06:30:07Z,2026-06-28T22:22:27Z,,Ekaanth,NONE,human_account,no,yes,no,no,no,no,yes,no,no,no,no,no,no,no,no,0,yes,yes,yes,no,no,yes,yes,yes,2,3,0,0,no,no,no,no,2,3,0.014,,,8,0,github-actions[bot],automation_bot,conventional_automation,CONTRIBUTOR,no,no,no,yes,yes,31.661,1939.1
,,,13,anomalyco/opencode,llm_native,agent_application,direct_agent_experience,pull_request,27654,https://github.com/anomalyco/opencode/pull/27654,closed_unmerged,2026-05-15T02:55:32Z,2026-06-18T16:04:22Z,,OrShmuel22,NONE,human_account,no,yes,no,no,no,no,yes,no,no,no,no,no,no,no,no,0,yes,yes,yes,yes,no,no,no,no,12,18,0,0,no,no,no,no,5,2,0.003,56.398,823.946,2,0,OrShmuel22,human_account,not_automation,NONE,yes,no,no,yes,yes,34.548,1939.1
,,,13,anomalyco/opencode,llm_native,agent_application,direct_agent_experience,issue,37027,https://github.com/anomalyco/opencode/issues/37027,open,2026-07-15T04:28:17Z,,,marcos05-deb,NONE,human_account,no,yes,no,no,no,no,yes,no,no,no,no,no,no,no,no,0,no,yes,yes,no,no,unknown,yes,yes,0,0,0,0,no,no,no,no,1,0,,,,0,0,,,,,no,no,no,yes,no,,1939.1
,,,13,anomalyco/opencode,llm_native,agent_application,direct_agent_experience,pull_request,11643,https://github.com/anomalyco/opencode/pull/11643,closed_unmerged,2026-02-01T17:34:07Z,2026-04-03T06:23:20Z,,djosh34,NONE,human_account,no,yes,no,no,no,no,yes,no,no,no,no,no,no,no,no,0,no,yes,yes,no,no,yes,yes,yes,2,2,0,0,no,no,no,no,2,1,0.008,,,1,0,github-actions[bot],automation_bot,conventional_automation,CONTRIBUTOR,no,no,no,yes,yes,60.534,1939.1
,,,13,anomalyco/opencode,llm_native,agent_application,direct_agent_experience,issue,24227,https://github.com/anomalyco/opencode/issues/24227,closed,2026-04-24T23:41:48Z,2026-07-04T03:04:13Z,,gerard0D,NONE,human_account,no,yes,no,no,no,no,yes,no,no,no,no,no,no,no,no,0,no,yes,yes,no,no,yes,yes,yes,2,2,0,0,no,no,no,no,2,1,0.017,,,0,0,github-actions[bot],automation_bot,conventional_automation,CONTRIBUTOR,no,no,no,yes,yes,70.141,1939.1
,,,13,anomalyco/opencode,llm_native,agent_application,direct_agent_experience,pull_request,37483,https://github.com/anomalyco/opencode/pull/37483,merged,2026-07-17T11:51:55Z,2026-07-17T11:56:08Z,2026-07-17T11:56:08Z,Brendonovich,MEMBER,human_account,no,yes,yes,yes,no,no,no,no,no,no,no,no,no,no,no,1,no,yes,yes,yes,no,unknown,yes,yes,0,0,0,0,no,no,no,no,1,0,,,,2,0,Brendonovich,human_account,not_automation,MEMBER,yes,yes,no,no,no,0.003,1939.1
,,,13,anomalyco/opencode,llm_native,agent_application,direct_agent_experience,issue,29748,https://github.com/anomalyco/opencode/issues/29748,open,2026-05-28T13:56:58Z,,,Uons200176,NONE,human_account,no,yes,no,no,no,no,yes,no,no,no,no,no,no,no,no,0,no,yes,yes,no,no,no,no,yes,7,8,0,0,no,no,no,no,7,2,0.026,147.546,,0,0,,,,,no,no,no,yes,yes,,1939.1
,,,13,anomalyco/opencode,llm_native,agent_application,direct_agent_experience,issue,30711,https://github.com/anomalyco/opencode/issues/30711,closed,2026-06-04T08:20:41Z,2026-08-04T03:02:35Z,,msuadOf,NONE,human_account,no,yes,no,no,no,no,yes,no,no,no,no,no,no,no,no,0,no,yes,yes,no,no,yes,yes,yes,2,2,0,0,no,no,no,no,2,1,0.024,,,0,0,github-actions[bot],automation_bot,conventional_automation,CONTRIBUTOR,no,no,no,yes,no,60.779,1939.1
,,,13,anomalyco/opencode,llm_native,agent_application,direct_agent_experience,issue,37789,https://github.com/anomalyco/opencode/issues/37789,closed,2026-07-19T17:42:52Z,2026-07-19T19:00:43Z,,camiicode,NONE,human_account,no,yes,no,no,no,no,yes,no,no,no,no,no,no,no,no,0,no,yes,yes,no,no,yes,yes,yes,1,2,0,0,no,no,no,no,2,2,0.017,,,0,0,camiicode,human_account,not_automation,NONE,yes,no,no,yes,no,0.054,1939.1
,,,13,anomalyco/opencode,llm_native,agent_application,direct_agent_experience,issue,24875,https://github.com/anomalyco/opencode/issues/24875,closed,2026-04-29T00:55:18Z,2026-05-04T12:20:49Z,,j0k3r-dev-rgl,NONE,human_account,no,yes,no,no,no,no,yes,no,no,no,no,no,no,no,no,0,no,yes,yes,no,no,unknown,yes,yes,0,4,0,0,no,no,no,no,1,0,,,,0,0,j0k3r-dev-rgl,human_account,not_automation,NONE,yes,no,no,yes,yes,5.476,1939.1
,,,13,anomalyco/opencode,llm_native,agent_application,direct_agent_experience,issue,13682,https://github.com/anomalyco/opencode/issues/13682,closed,2026-02-15T04:38:50Z,2026-05-22T14:23:48Z,,briannicholls,NONE,human_account,no,yes,no,no,no,no,yes,no,no,no,no,no,no,no,no,0,no,yes,yes,no,no,no,no,yes,11,11,0,0,no,no,no,no,9,2,0.014,347.988,,0,0,rekram1-node,human_account,not_automation,COLLABORATOR,yes,yes,no,yes,yes,96.406,1939.1
,,,13,anomalyco/opencode,llm_native,agent_application,direct_agent_experience,pull_request,6891,https://github.com/anomalyco/opencode/pull/6891,closed_unmerged,2026-01-05T01:27:08Z,2026-01-05T01:39:08Z,,marcodenic,NONE,human_account,no,yes,yes,yes,no,no,no,no,yes,yes,no,no,no,no,no,2,no,yes,yes,no,no,yes,yes,yes,2,1,1,0,yes,no,no,no,2,1,0.057,,,1,0,marcodenic,human_account,not_automation,NONE,yes,no,no,yes,yes,0.008,1939.1
,,,13,anomalyco/opencode,llm_native,agent_application,direct_agent_experience,issue,44193,https://github.com/anomalyco/opencode/issues/44193,closed,2026-08-22T15:16:10Z,2026-08-22T17:37:21Z,,neverwinterl,NONE,human_account,no,yes,no,no,no,no,yes,no,no,no,no,no,no,no,no,0,no,yes,yes,no,no,yes,yes,yes,2,2,0,0,no,no,no,no,2,1,0.019,,,0,0,github-actions[bot],automation_bot,conventional_automation,CONTRIBUTOR,no,no,no,yes,no,0.098,1939.1
,,,14,flashinfer-ai/flashinfer,llm_native,model_infra,supporting_infrastructure,pull_request,3717,https://github.com/flashinfer-ai/flashinfer/pull/3717,merged,2026-06-24T16:17:59Z,2026-07-06T02:21:46Z,2026-07-06T02:21:46Z,elwhyjay,CONTRIBUTOR,human_account,no,yes,yes,no,yes,no,yes,no,yes,yes,yes,yes,no,no,no,2,no,yes,yes,yes,no,no,no,no,9,11,2,0,yes,yes,no,no,6,4,0.022,137.366,137.366,4,3,qsang-nv,human_account,not_automation,COLLABORATOR,yes,yes,no,yes,no,11.419,125.65
,,,14,flashinfer-ai/flashinfer,llm_native,model_infra,supporting_infrastructure,issue,2704,https://github.com/flashinfer-ai/flashinfer/issues/2704,closed,2026-03-06T04:46:02Z,2026-03-26T18:48:21Z,,rainj-me,CONTRIBUTOR,human_account,no,yes,no,no,no,no,yes,no,no,no,no,no,no,no,no,0,no,yes,yes,no,no,unknown,yes,yes,0,2,0,0,no,no,no,no,1,0,,,,0,0,rainj-me,human_account,not_automation,CONTRIBUTOR,yes,no,no,yes,yes,20.585,125.65
,,,14,flashinfer-ai/flashinfer,llm_native,model_infra,supporting_infrastructure,issue,3521,https://github.com/flashinfer-ai/flashinfer/issues/3521,open,2026-06-06T01:19:13Z,,,mgoin,NONE,human_account,no,yes,no,no,no,no,yes,no,no,no,no,no,no,no,no,0,no,yes,yes,yes,no,no,no,no,4,4,0,0,no,no,no,no,4,0,78.248,78.248,1273.333,0,0,,,,,no,no,no,yes,no,,125.65
,,,14,flashinfer-ai/flashinfer,llm_native,model_infra,supporting_infrastructure,pull_request,3619,https://github.com/flashinfer-ai/flashinfer/pull/3619,closed_unmerged,2026-06-12T16:26:42Z,2026-08-11T17:02:52Z,,flashinfer-bot,COLLABORATOR,automation_service_account,no,yes,yes,no,yes,no,yes,no,yes,yes,no,no,no,no,no,2,no,yes,no,yes,no,yes,yes,yes,2,1,1,0,yes,no,no,no,3,1,0.004,,,1,0,bkryu,human_account,not_automation,COLLABORATOR,yes,yes,no,no,no,60.025,125.65
,,,14,flashinfer-ai/flashinfer,llm_native,model_infra,supporting_infrastructure,pull_request,2910,https://github.com/flashinfer-ai/flashinfer/pull/2910,merged,2026-03-29T01:46:35Z,2026-04-01T16:24:36Z,2026-04-01T16:24:35Z,yanqinz2,COLLABORATOR,human_account,no,yes,yes,no,yes,no,yes,no,yes,yes,yes,yes,no,no,no,15,no,yes,yes,yes,no,no,no,no,23,26,7,0,yes,yes,no,no,5,8,0.004,67.266,22.312,6,6,yanqinz2,human_account,not_automation,COLLABORATOR,yes,yes,no,no,yes,3.61,125.65
,,,14,flashinfer-ai/flashinfer,llm_native,model_infra,supporting_infrastructure,issue,3004,https://github.com/flashinfer-ai/flashinfer/issues/3004,open,2026-04-07T17:11:58Z,,,vshawrh,NONE,human_account,no,yes,no,no,no,no,yes,no,no,no,no,no,no,no,no,0,no,yes,yes,no,no,no,no,yes,1,1,0,0,no,no,no,no,2,0,342.172,342.172,,0,0,,,,,no,no,no,yes,yes,,125.65
,,,14,flashinfer-ai/flashinfer,llm_native,model_infra,supporting_infrastructure,issue,3806,https://github.com/flashinfer-ai/flashinfer/issues/3806,open,2026-07-02T15:11:56Z,,,waynehacking8,CONTRIBUTOR,human_account,no,yes,no,no,no,no,yes,no,no,no,no,no,no,no,no,0,no,yes,yes,no,no,unknown,yes,yes,0,0,0,0,no,no,no,no,1,0,,,,0,0,,,,,no,no,no,yes,no,,125.65
,,,14,flashinfer-ai/flashinfer,llm_native,model_infra,supporting_infrastructure,pull_request,2751,https://github.com/flashinfer-ai/flashinfer/pull/2751,merged,2026-03-11T02:39:19Z,2026-03-17T04:59:34Z,2026-03-17T04:59:34Z,kahyunnam,MEMBER,human_account,no,yes,yes,no,yes,no,yes,no,yes,yes,yes,yes,no,no,no,12,no,yes,yes,yes,no,no,no,no,10,11,2,0,yes,yes,no,no,6,7,0.002,61.561,45.737,2,2,kahyunnam,human_account,not_automation,MEMBER,yes,yes,no,no,yes,6.097,125.65
,,,14,flashinfer-ai/flashinfer,llm_native,model_infra,supporting_infrastructure,pull_request,4231,https://github.com/flashinfer-ai/flashinfer/pull/4231,merged,2026-07-29T02:44:30Z,2026-07-29T02:47:03Z,2026-07-29T02:47:03Z,kahyunnam,MEMBER,human_account,no,yes,yes,no,yes,no,yes,no,yes,no,no,no,no,no,no,2,no,yes,yes,yes,no,yes,yes,yes,2,2,0,0,no,no,no,no,3,1,0.001,,,1,0,kahyunnam,human_account,not_automation,MEMBER,yes,yes,no,no,no,0.002,125.65
,,,14,flashinfer-ai/flashinfer,llm_native,model_infra,supporting_infrastructure,issue,3211,https://github.com/flashinfer-ai/flashinfer/issues/3211,closed,2026-04-30T07:00:41Z,2026-05-12T16:48:10Z,,cindyzxq,COLLABORATOR,human_account,no,yes,no,no,no,no,yes,no,no,no,no,no,no,no,no,0,no,yes,yes,yes,no,no,no,no,1,2,0,0,no,no,no,no,2,0,279.943,279.943,279.943,0,0,aleozlx,human_account,not_automation,MEMBER,yes,yes,no,no,yes,12.408,125.65
,,,14,flashinfer-ai/flashinfer,llm_native,model_infra,supporting_infrastructure,issue,2671,https://github.com/flashinfer-ai/flashinfer/issues/2671,open,2026-03-03T01:18:10Z,,,bkryu,COLLABORATOR,human_account,no,yes,no,no,no,no,yes,no,no,no,no,no,no,no,no,0,no,yes,yes,yes,no,no,no,no,3,4,0,0,no,no,no,no,3,0,1.654,1.654,1.654,0,0,,,,,no,no,no,no,yes,,125.65
,,,14,flashinfer-ai/flashinfer,llm_native,model_infra,supporting_infrastructure,issue,3159,https://github.com/flashinfer-ai/flashinfer/issues/3159,closed,2026-04-23T16:50:33Z,2026-04-30T23:58:46Z,,cindyzxq,COLLABORATOR,human_account,no,yes,no,no,no,no,yes,no,no,no,no,no,no,no,no,0,no,yes,yes,yes,no,no,no,no,1,1,0,0,no,no,no,no,2,0,51.646,51.646,51.646,0,0,aleozlx,human_account,not_automation,MEMBER,yes,yes,no,no,yes,7.297,125.65
,,,14,flashinfer-ai/flashinfer,llm_native,model_infra,supporting_infrastructure,issue,3029,https://github.com/flashinfer-ai/flashinfer/issues/3029,closed,2026-04-10T09:50:02Z,2026-04-28T19:24:49Z,,cindyzxq,COLLABORATOR,human_account,no,yes,no,no,no,no,yes,no,no,no,no,no,no,no,no,0,no,yes,yes,yes,no,no,no,no,2,2,0,0,no,no,no,no,2,0,131.416,131.416,131.416,0,0,aleozlx,human_account,not_automation,MEMBER,yes,yes,no,no,yes,18.399,125.65
,,,14,flashinfer-ai/flashinfer,llm_native,model_infra,supporting_infrastructure,issue,3111,https://github.com/flashinfer-ai/flashinfer/issues/3111,closed,2026-04-17T20:36:19Z,2026-08-18T20:36:52Z,,mferrato,NONE,human_account,no,yes,no,no,no,no,yes,no,no,no,no,no,no,no,no,0,no,yes,yes,no,no,unknown,yes,yes,0,1,0,0,no,no,no,no,1,0,,,,0,0,mferrato,human_account,not_automation,NONE,yes,no,no,yes,yes,123.0,125.65
,,,14,flashinfer-ai/flashinfer,llm_native,model_infra,supporting_infrastructure,pull_request,3307,https://github.com/flashinfer-ai/flashinfer/pull/3307,merged,2026-05-13T02:19:55Z,2026-05-14T13:25:33Z,2026-05-14T13:25:33Z,aleozlx,MEMBER,human_account,no,yes,yes,yes,yes,no,no,no,yes,no,yes,yes,no,no,no,3,no,yes,yes,yes,no,no,no,no,5,3,2,0,yes,no,no,no,6,2,0.002,0.067,0.067,1,0,aleozlx,human_account,not_automation,MEMBER,yes,yes,no,no,yes,1.462,125.65
,,,14,flashinfer-ai/flashinfer,llm_native,model_infra,supporting_infrastructure,pull_request,3003,https://github.com/flashinfer-ai/flashinfer/pull/3003,closed_unmerged,2026-04-07T16:09:22Z,2026-04-09T23:10:34Z,,mediouni-m,NONE,human_account,no,yes,yes,no,yes,no,no,no,yes,yes,no,no,no,no,no,3,no,yes,yes,no,no,yes,yes,yes,3,1,2,0,yes,no,no,no,3,1,0.005,,,1,0,mediouni-m,human_account,not_automation,NONE,yes,no,no,yes,yes,2.292,125.65
,,,14,flashinfer-ai/flashinfer,llm_native,model_infra,supporting_infrastructure,pull_request,2415,https://github.com/flashinfer-ai/flashinfer/pull/2415,merged,2026-01-25T05:55:53Z,2026-01-25T19:54:37Z,2026-01-25T19:54:36Z,KevinZeng08,CONTRIBUTOR,human_account,no,yes,yes,no,yes,no,yes,no,yes,yes,yes,yes,no,no,no,11,no,yes,yes,yes,no,no,no,no,12,9,4,0,yes,yes,no,no,5,4,0.005,1.029,1.029,3,2,yzh119,human_account,not_automation,COLLABORATOR,yes,yes,no,yes,yes,0.582,125.65
,,,14,flashinfer-ai/flashinfer,llm_native,model_infra,supporting_infrastructure,pull_request,4715,https://github.com/flashinfer-ai/flashinfer/pull/4715,merged,2026-08-25T01:12:57Z,2026-08-25T01:29:45Z,2026-08-25T01:29:44Z,kahyunnam,MEMBER,human_account,no,yes,yes,no,yes,no,no,no,yes,no,no,no,no,no,no,1,no,yes,yes,yes,no,yes,yes,yes,1,1,0,0,no,no,no,no,2,1,0.002,,,1,0,kahyunnam,human_account,not_automation,MEMBER,yes,yes,no,no,no,0.012,125.65
,,,14,flashinfer-ai/flashinfer,llm_native,model_infra,supporting_infrastructure,pull_request,3444,https://github.com/flashinfer-ai/flashinfer/pull/3444,merged,2026-05-29T02:07:29Z,2026-06-04T22:39:48Z,2026-06-04T22:39:48Z,kangbintNV,COLLABORATOR,human_account,no,yes,yes,no,yes,no,yes,no,yes,yes,yes,yes,no,no,no,21,no,yes,yes,yes,no,no,no,no,22,30,8,0,yes,yes,no,no,4,11,0.002,17.757,17.757,1,1,aleozlx,human_account,not_automation,MEMBER,yes,yes,no,no,yes,6.856,125.65
,,,14,flashinfer-ai/flashinfer,llm_native,model_infra,supporting_infrastructure,issue,2768,https://github.com/flashinfer-ai/flashinfer/issues/2768,closed,2026-03-12T12:44:29Z,2026-08-05T06:26:48Z,,Observer007,CONTRIBUTOR,human_account,no,yes,no,no,no,no,yes,no,no,no,no,no,no,no,no,0,no,yes,yes,yes,no,no,no,no,4,5,0,0,no,no,no,no,3,0,32.836,32.836,32.836,0,0,guangyunh-nv,human_account,not_automation,COLLABORATOR,yes,yes,no,yes,yes,145.738,125.65
,,,15,NVIDIA/TensorRT-LLM,llm_native,model_infra,supporting_infrastructure,pull_request,13677,https://github.com/NVIDIA/TensorRT-LLM/pull/13677,merged,2026-04-30T18:41:51Z,2026-05-05T05:20:04Z,2026-05-05T05:20:04Z,MrGeva,COLLABORATOR,human_account,no,yes,yes,no,yes,no,yes,no,yes,yes,yes,yes,no,no,no,3,yes,yes,yes,yes,no,no,no,no,20,27,2,0,yes,yes,no,no,5,6,62.557,62.652,62.652,3,3,MrGeva,human_account,not_automation,COLLABORATOR,yes,yes,no,no,yes,4.443,398.9
,,,15,NVIDIA/TensorRT-LLM,llm_native,model_infra,supporting_infrastructure,pull_request,13269,https://github.com/NVIDIA/TensorRT-LLM/pull/13269,merged,2026-04-21T09:46:00Z,2026-04-23T21:19:39Z,2026-04-23T21:19:39Z,tensorrt-cicd,COLLABORATOR,human_account,no,yes,yes,no,yes,no,yes,no,yes,yes,yes,yes,no,no,no,3,no,yes,yes,yes,no,no,no,no,7,7,2,0,yes,no,no,no,5,2,0.06,10.892,10.892,1,0,bmarimuthu-nv,human_account,not_automation,COLLABORATOR,yes,yes,no,no,yes,2.482,398.9
,,,15,NVIDIA/TensorRT-LLM,llm_native,model_infra,supporting_infrastructure,pull_request,14299,https://github.com/NVIDIA/TensorRT-LLM/pull/14299,merged,2026-05-19T08:32:23Z,2026-05-20T08:51:22Z,2026-05-20T08:51:22Z,lfr-0531,COLLABORATOR,human_account,no,yes,no,no,no,no,yes,no,no,no,yes,yes,no,no,no,0,yes,yes,yes,yes,no,no,no,no,5,6,1,0,yes,no,no,no,3,0,0.202,0.202,0.202,2,0,lfr-0531,human_account,not_automation,COLLABORATOR,yes,yes,no,no,yes,1.013,398.9
,,,15,NVIDIA/TensorRT-LLM,llm_native,model_infra,supporting_infrastructure,pull_request,11826,https://github.com/NVIDIA/TensorRT-LLM/pull/11826,merged,2026-03-02T11:28:48Z,2026-03-04T10:13:48Z,2026-03-04T10:13:48Z,kaiyux,MEMBER,human_account,no,yes,yes,no,yes,no,no,no,yes,yes,yes,yes,no,no,no,7,no,yes,yes,yes,no,no,no,no,23,24,7,0,yes,yes,no,no,7,2,0.09,17.873,17.873,8,8,kaiyux,human_account,not_automation,MEMBER,yes,yes,no,no,yes,1.948,398.9
,,,15,NVIDIA/TensorRT-LLM,llm_native,model_infra,supporting_infrastructure,pull_request,14480,https://github.com/NVIDIA/TensorRT-LLM/pull/14480,merged,2026-05-23T04:34:20Z,2026-05-24T02:14:26Z,2026-05-24T02:14:26Z,mingyangHao,COLLABORATOR,human_account,no,yes,no,no,no,no,yes,no,no,no,yes,yes,no,no,no,0,yes,yes,yes,yes,no,no,no,no,22,21,1,0,yes,no,no,no,3,0,1.276,1.276,1.276,5,0,lfr-0531,human_account,not_automation,COLLABORATOR,yes,yes,no,no,yes,0.903,398.9
,,,15,NVIDIA/TensorRT-LLM,llm_native,model_infra,supporting_infrastructure,pull_request,13874,https://github.com/NVIDIA/TensorRT-LLM/pull/13874,merged,2026-05-08T01:21:00Z,2026-05-08T09:11:39Z,2026-05-08T09:11:39Z,Shixiaowei02,COLLABORATOR,human_account,no,yes,no,no,no,no,yes,no,no,no,no,no,no,no,no,0,yes,yes,yes,yes,no,no,no,no,4,7,0,0,no,no,no,no,2,0,0.139,0.139,0.139,1,0,Shixiaowei02,human_account,not_automation,COLLABORATOR,yes,yes,no,no,yes,0.327,398.9
,,,15,NVIDIA/TensorRT-LLM,llm_native,model_infra,supporting_infrastructure,pull_request,13574,https://github.com/NVIDIA/TensorRT-LLM/pull/13574,merged,2026-04-28T21:12:27Z,2026-05-06T10:26:05Z,2026-05-06T10:26:05Z,brb-nv,COLLABORATOR,human_account,no,yes,yes,no,yes,no,yes,no,yes,yes,yes,yes,no,no,no,3,no,yes,yes,yes,no,no,no,no,19,22,6,0,yes,yes,no,no,7,2,0.141,1.202,1.202,4,4,pcastonguay,human_account,not_automation,COLLABORATOR,yes,yes,no,no,yes,7.551,398.9
,,,15,NVIDIA/TensorRT-LLM,llm_native,model_infra,supporting_infrastructure,pull_request,17435,https://github.com/NVIDIA/TensorRT-LLM/pull/17435,merged,2026-08-08T04:03:49Z,2026-08-24T04:10:09Z,2026-08-24T04:10:08Z,yibinl-nvidia,COLLABORATOR,human_account,no,yes,yes,no,yes,no,yes,no,yes,yes,yes,yes,no,no,no,8,yes,yes,yes,yes,no,no,no,no,110,158,10,0,yes,yes,no,no,9,6,94.295,94.789,94.789,12,12,yibinl-nvidia,human_account,not_automation,COLLABORATOR,yes,yes,no,no,no,16.004,398.9
,,,15,NVIDIA/TensorRT-LLM,llm_native,model_infra,supporting_infrastructure,pull_request,10619,https://github.com/NVIDIA/TensorRT-LLM/pull/10619,merged,2026-01-13T05:13:50Z,2026-01-13T17:40:11Z,2026-01-13T17:40:11Z,dongfengy,COLLABORATOR,human_account,no,yes,yes,no,yes,no,no,no,yes,yes,yes,yes,no,no,no,2,yes,yes,yes,yes,no,no,no,no,8,8,3,0,yes,yes,no,no,5,2,0.052,0.135,0.135,1,1,longlee0622,human_account,not_automation,COLLABORATOR,yes,yes,no,no,yes,0.518,398.9
,,,15,NVIDIA/TensorRT-LLM,llm_native,model_infra,supporting_infrastructure,pull_request,15051,https://github.com/NVIDIA/TensorRT-LLM/pull/15051,closed_unmerged,2026-06-06T20:06:22Z,2026-06-07T09:14:54Z,,tensorrt-cicd,COLLABORATOR,human_account,no,yes,no,no,no,no,yes,no,no,no,no,no,no,no,no,0,no,yes,yes,yes,no,no,no,no,1,1,0,0,no,no,no,no,2,0,13.142,13.142,13.142,1,0,crazydemo,human_account,not_automation,COLLABORATOR,yes,yes,no,no,no,0.548,398.9
,,,15,NVIDIA/TensorRT-LLM,llm_native,model_infra,supporting_infrastructure,pull_request,17214,https://github.com/NVIDIA/TensorRT-LLM/pull/17214,merged,2026-08-03T16:03:59Z,2026-08-03T17:03:54Z,2026-08-03T17:03:54Z,achartier,COLLABORATOR,human_account,no,yes,yes,no,yes,no,yes,no,yes,no,yes,yes,no,no,no,1,yes,yes,yes,yes,no,no,no,no,4,4,1,0,yes,no,no,no,4,2,0.031,0.121,0.121,1,0,achartier,human_account,not_automation,COLLABORATOR,yes,yes,no,no,no,0.042,398.9
,,,15,NVIDIA/TensorRT-LLM,llm_native,model_infra,supporting_infrastructure,pull_request,16317,https://github.com/NVIDIA/TensorRT-LLM/pull/16317,closed_unmerged,2026-07-13T09:27:41Z,2026-07-20T06:30:59Z,,lfr-0531,COLLABORATOR,human_account,no,yes,no,no,no,no,yes,no,no,no,no,no,no,no,no,0,yes,yes,yes,yes,no,no,no,no,3,6,0,0,no,no,no,no,3,2,0.067,0.174,0.174,1,0,lfr-0531,human_account,not_automation,COLLABORATOR,yes,yes,no,no,no,6.877,398.9
,,,15,NVIDIA/TensorRT-LLM,llm_native,model_infra,supporting_infrastructure,pull_request,12590,https://github.com/NVIDIA/TensorRT-LLM/pull/12590,merged,2026-03-30T13:58:27Z,2026-03-31T12:09:07Z,2026-03-31T12:09:07Z,tcherckez-nvidia,COLLABORATOR,human_account,no,yes,yes,no,yes,no,yes,no,yes,no,yes,yes,no,no,no,1,yes,yes,yes,yes,no,no,no,no,7,7,2,0,yes,no,no,no,5,2,0.037,8.102,8.102,1,0,tcherckez-nvidia,human_account,not_automation,COLLABORATOR,yes,yes,no,no,yes,0.924,398.9
,,,15,NVIDIA/TensorRT-LLM,llm_native,model_infra,supporting_infrastructure,pull_request,13602,https://github.com/NVIDIA/TensorRT-LLM/pull/13602,merged,2026-04-29T06:59:47Z,2026-04-29T07:21:00Z,2026-04-29T07:21:00Z,VALLIS-NERIA,COLLABORATOR,human_account,no,yes,yes,no,yes,no,yes,no,yes,yes,yes,yes,no,no,no,4,yes,yes,yes,yes,no,no,no,no,5,4,2,0,yes,no,no,no,4,2,0.035,0.039,0.039,1,0,VALLIS-NERIA,human_account,not_automation,COLLABORATOR,yes,yes,no,no,yes,0.015,398.9
,,,15,NVIDIA/TensorRT-LLM,llm_native,model_infra,supporting_infrastructure,pull_request,15250,https://github.com/NVIDIA/TensorRT-LLM/pull/15250,merged,2026-06-11T07:00:06Z,2026-06-11T07:13:27Z,2026-06-11T07:13:27Z,ZhanruiSunCh,COLLABORATOR,human_account,no,yes,yes,no,yes,no,yes,no,yes,no,yes,yes,no,no,no,6,no,yes,yes,yes,no,no,no,no,5,4,1,0,yes,no,no,no,4,2,0.003,0.003,0.003,1,0,mzweilz,human_account,not_automation,COLLABORATOR,yes,yes,no,no,no,0.009,398.9
,,,15,NVIDIA/TensorRT-LLM,llm_native,model_infra,supporting_infrastructure,pull_request,16643,https://github.com/NVIDIA/TensorRT-LLM/pull/16643,closed_unmerged,2026-07-20T23:03:44Z,2026-07-23T17:23:28Z,,brb-nv,COLLABORATOR,human_account,no,yes,no,no,no,no,yes,no,no,no,no,no,no,no,no,0,yes,yes,yes,yes,no,no,no,no,2,4,0,0,no,no,no,no,2,0,0.944,0.944,0.944,3,0,brb-nv,human_account,not_automation,COLLABORATOR,yes,yes,no,no,no,2.764,398.9
,,,15,NVIDIA/TensorRT-LLM,llm_native,model_infra,supporting_infrastructure,pull_request,14082,https://github.com/NVIDIA/TensorRT-LLM/pull/14082,merged,2026-05-13T07:52:28Z,2026-05-14T11:36:14Z,2026-05-14T11:36:13Z,Hudayday,COLLABORATOR,human_account,no,yes,yes,no,yes,no,yes,no,yes,yes,yes,yes,no,no,no,2,no,yes,yes,yes,no,no,no,no,13,16,2,0,yes,yes,no,no,4,2,0.054,0.321,0.321,4,3,Hudayday,human_account,not_automation,COLLABORATOR,yes,yes,no,no,yes,1.155,398.9
,,,15,NVIDIA/TensorRT-LLM,llm_native,model_infra,supporting_infrastructure,issue,10705,https://github.com/NVIDIA/TensorRT-LLM/issues/10705,closed,2026-01-15T10:30:15Z,2026-03-02T08:58:59Z,,MrGeva,COLLABORATOR,human_account,no,yes,no,no,no,no,yes,no,no,no,no,no,no,no,no,0,no,yes,yes,yes,no,no,no,no,16,26,0,0,no,no,no,no,4,0,80.127,80.127,80.127,0,0,galagam,human_account,not_automation,COLLABORATOR,yes,yes,no,no,yes,45.937,398.9
,,,15,NVIDIA/TensorRT-LLM,llm_native,model_infra,supporting_infrastructure,pull_request,10387,https://github.com/NVIDIA/TensorRT-LLM/pull/10387,merged,2026-01-02T19:50:35Z,2026-01-06T16:46:34Z,2026-01-06T16:46:34Z,mikeiovine,COLLABORATOR,human_account,no,yes,yes,no,yes,no,no,no,yes,no,yes,yes,no,no,no,1,no,yes,yes,yes,no,no,no,no,6,7,1,0,yes,no,no,no,4,2,0.032,0.098,0.098,1,0,mikeiovine,human_account,not_automation,COLLABORATOR,yes,yes,no,no,yes,3.872,398.9
,,,15,NVIDIA/TensorRT-LLM,llm_native,model_infra,supporting_infrastructure,issue,12808,https://github.com/NVIDIA/TensorRT-LLM/issues/12808,closed,2026-04-07T16:10:00Z,2026-04-14T16:39:31Z,,bmarimuthu-nv,COLLABORATOR,human_account,no,no,no,no,no,no,no,no,no,no,no,no,no,no,no,0,no,yes,yes,yes,no,unknown,yes,yes,0,1,0,0,no,no,no,no,1,0,,,,0,0,bmarimuthu-nv,human_account,not_automation,COLLABORATOR,yes,yes,no,no,yes,7.02,398.9
,,,16,anthropics/claude-code,llm_native,agent_application,direct_agent_experience,issue,38530,https://github.com/anthropics/claude-code/issues/38530,closed,2026-03-25T03:53:53Z,2026-03-28T09:13:54Z,,ksugahar,NONE,human_account,no,yes,no,no,no,no,yes,no,no,no,no,no,no,no,no,0,no,yes,yes,no,no,no,no,yes,4,4,0,0,no,no,no,no,3,3,0.076,81.564,,0,0,github-actions[bot],automation_bot,conventional_automation,NONE,no,no,no,yes,yes,3.222,3663.05
,,,16,anthropics/claude-code,llm_native,agent_application,direct_agent_experience,issue,83898,https://github.com/anthropics/claude-code/issues/83898,closed,2026-08-04T17:57:13Z,2026-08-04T18:44:41Z,,Kizuno18,NONE,human_account,no,no,no,no,no,no,no,no,no,no,no,no,no,no,no,0,no,yes,yes,no,no,unknown,yes,yes,0,2,0,0,no,no,no,no,1,0,,,,0,0,Kizuno18,human_account,not_automation,NONE,yes,no,no,yes,no,0.033,3663.05
,,,16,anthropics/claude-code,llm_native,agent_application,direct_agent_experience,issue,84870,https://github.com/anthropics/claude-code/issues/84870,open,2026-08-07T16:57:22Z,,,gc00,NONE,human_account,no,yes,no,no,no,no,yes,no,no,no,no,no,no,no,no,0,no,yes,yes,no,no,unknown,yes,yes,0,1,0,0,no,no,no,no,1,0,,,,0,0,,,,,no,no,no,yes,no,,3663.05
,,,16,anthropics/claude-code,llm_native,agent_application,direct_agent_experience,issue,76621,https://github.com/anthropics/claude-code/issues/76621,open,2026-07-11T08:38:29Z,,,OnyxynO,NONE,human_account,no,yes,no,no,no,no,yes,no,no,no,no,no,no,no,no,0,no,yes,yes,no,no,no,no,yes,3,5,0,0,no,no,no,no,2,0,466.128,466.128,,0,0,,,,,no,no,no,yes,no,,3663.05
,,,16,anthropics/claude-code,llm_native,agent_application,direct_agent_experience,issue,50611,https://github.com/anthropics/claude-code/issues/50611,closed,2026-04-19T03:14:46Z,2026-04-19T03:28:41Z,,qilinxiaoxiang,NONE,human_account,no,yes,no,no,no,no,yes,no,no,no,no,no,no,no,no,0,no,yes,yes,no,no,yes,yes,yes,2,3,0,0,no,no,no,no,2,3,0.068,,,0,0,qilinxiaoxiang,human_account,not_automation,NONE,yes,no,no,yes,yes,0.01,3663.05
,,,16,anthropics/claude-code,llm_native,agent_application,direct_agent_experience,issue,36512,https://github.com/anthropics/claude-code/issues/36512,closed,2026-03-20T06:53:45Z,2026-03-23T09:25:44Z,,0xOsprey,NONE,human_account,no,yes,no,no,no,no,yes,no,no,no,no,no,no,no,no,0,no,yes,yes,no,no,yes,yes,yes,3,3,0,0,no,no,no,no,2,1,0.079,,,0,0,github-actions[bot],automation_bot,conventional_automation,NONE,no,no,no,yes,yes,3.106,3663.05
,,,16,anthropics/claude-code,llm_native,agent_application,direct_agent_experience,issue,17290,https://github.com/anthropics/claude-code/issues/17290,closed,2026-01-10T10:50:31Z,2026-02-27T22:10:35Z,,andaydvice,NONE,human_account,no,yes,no,no,no,no,yes,no,no,no,no,no,no,no,no,0,no,yes,yes,no,no,no,no,yes,4,5,0,0,no,no,no,no,3,3,0.104,75.484,,0,0,github-actions[bot],automation_bot,conventional_automation,NONE,no,no,no,yes,yes,48.472,3663.05
,,,16,anthropics/claude-code,llm_native,agent_application,direct_agent_experience,issue,27539,https://github.com/anthropics/claude-code/issues/27539,closed,2026-02-22T01:12:01Z,2026-02-25T09:21:26Z,,kuba-guzik,NONE,human_account,no,yes,no,no,no,no,yes,no,no,no,no,no,no,no,no,0,no,yes,yes,no,no,yes,yes,yes,3,3,0,0,no,no,no,no,2,1,0.074,,,0,0,github-actions[bot],automation_bot,conventional_automation,NONE,no,no,no,yes,yes,3.34,3663.05
,,,16,anthropics/claude-code,llm_native,agent_application,direct_agent_experience,issue,56206,https://github.com/anthropics/claude-code/issues/56206,closed,2026-05-05T05:54:33Z,2026-06-02T11:40:53Z,,4g0tt3nSou1,NONE,human_account,no,yes,no,no,no,no,yes,no,no,no,no,no,no,no,no,0,no,yes,yes,no,no,yes,yes,yes,3,4,0,0,no,no,no,no,2,1,0.07,,,0,0,github-actions[bot],automation_bot,conventional_automation,NONE,no,no,no,yes,yes,28.241,3663.05
,,,16,anthropics/claude-code,llm_native,agent_application,direct_agent_experience,issue,30806,https://github.com/anthropics/claude-code/issues/30806,closed,2026-03-04T19:28:47Z,2026-05-06T22:23:08Z,,skylar-dunnlubin,NONE,human_account,no,yes,no,no,no,no,yes,no,no,no,no,no,no,no,no,0,no,yes,yes,no,no,no,no,yes,5,5,0,0,no,no,no,no,5,1,338.098,338.098,,0,0,github-actions[bot],automation_bot,conventional_automation,NONE,no,no,no,yes,yes,63.121,3663.05
,,,16,anthropics/claude-code,llm_native,agent_application,direct_agent_experience,pull_request,69727,https://github.com/anthropics/claude-code/pull/69727,open,2026-06-20T13:26:51Z,,,clown6613,NONE,human_account,no,yes,no,no,no,no,yes,no,no,no,no,no,no,no,no,0,no,yes,yes,no,no,unknown,yes,yes,0,0,0,0,no,no,no,no,1,0,,,,1,0,,,,,no,no,no,yes,no,,3663.05
,,,16,anthropics/claude-code,llm_native,agent_application,direct_agent_experience,issue,75210,https://github.com/anthropics/claude-code/issues/75210,open,2026-07-07T09:07:51Z,,,sworrl,NONE,human_account,no,yes,no,no,no,no,yes,no,no,no,no,no,no,no,no,0,no,yes,yes,no,no,unknown,yes,yes,0,3,0,0,no,no,no,no,1,0,,,,0,0,,,,,no,no,no,yes,no,,3663.05
,,,16,anthropics/claude-code,llm_native,agent_application,direct_agent_experience,issue,73318,https://github.com/anthropics/claude-code/issues/73318,closed,2026-07-02T07:57:58Z,2026-07-02T18:20:39Z,,domon-envato,NONE,human_account,no,yes,no,no,no,no,yes,no,no,no,no,no,no,no,no,0,no,yes,yes,no,no,unknown,yes,yes,0,0,0,0,no,no,no,no,1,0,,,,0,0,sarahdeaton,human_account,not_automation,,yes,no,no,yes,no,0.432,3663.05
,,,16,anthropics/claude-code,llm_native,agent_application,direct_agent_experience,issue,81646,https://github.com/anthropics/claude-code/issues/81646,open,2026-07-27T13:45:26Z,,,Artis246,NONE,human_account,no,no,no,no,no,no,no,no,no,no,no,no,no,no,no,0,no,yes,yes,no,no,unknown,yes,yes,0,0,0,0,no,no,no,no,1,0,,,,0,0,,,,,no,no,no,yes,no,,3663.05
,,,16,anthropics/claude-code,llm_native,agent_application,direct_agent_experience,issue,75500,https://github.com/anthropics/claude-code/issues/75500,open,2026-07-08T01:31:53Z,,,lobo235,NONE,human_account,no,yes,no,no,no,no,yes,no,no,no,no,no,no,no,no,0,no,yes,yes,no,no,unknown,yes,yes,0,0,0,0,no,no,no,no,1,0,,,,0,0,,,,,no,no,no,yes,no,,3663.05
,,,16,anthropics/claude-code,llm_native,agent_application,direct_agent_experience,issue,80585,https://github.com/anthropics/claude-code/issues/80585,open,2026-07-23T15:01:22Z,,,mxttbennett,NONE,human_account,no,yes,no,no,no,no,yes,no,no,no,no,no,no,no,no,0,no,yes,yes,no,no,unknown,yes,yes,0,0,0,0,no,no,no,no,1,0,,,,0,0,,,,,no,no,no,yes,no,,3663.05
,,,16,anthropics/claude-code,llm_native,agent_application,direct_agent_experience,issue,41462,https://github.com/anthropics/claude-code/issues/41462,closed,2026-03-31T11:53:58Z,2026-05-05T22:27:50Z,,julie-saltedcx,NONE,human_account,no,yes,no,no,no,no,yes,no,no,no,no,no,no,no,no,0,no,yes,yes,no,no,yes,yes,yes,2,2,0,0,no,no,no,no,2,1,850.564,,,0,0,github-actions[bot],automation_bot,conventional_automation,NONE,no,no,no,yes,yes,35.44,3663.05
,,,16,anthropics/claude-code,llm_native,agent_application,direct_agent_experience,issue,31389,https://github.com/anthropics/claude-code/issues/31389,closed,2026-03-06T07:31:29Z,2026-04-18T10:21:15Z,,parthpm,NONE,human_account,no,yes,no,no,no,no,yes,no,no,no,no,no,no,no,no,0,no,yes,yes,no,no,no,no,yes,4,4,0,0,no,no,no,no,3,3,0.064,327.786,,0,0,github-actions[bot],automation_bot,conventional_automation,NONE,no,no,no,yes,yes,43.118,3663.05
,,,16,anthropics/claude-code,llm_native,agent_application,direct_agent_experience,issue,58416,https://github.com/anthropics/claude-code/issues/58416,closed,2026-05-12T16:46:43Z,2026-05-16T09:36:49Z,,somdhol1197,NONE,human_account,no,yes,no,no,no,no,yes,no,no,no,no,no,no,no,no,0,no,yes,yes,no,no,yes,yes,yes,3,3,0,0,no,no,no,no,2,1,0.082,,,0,0,github-actions[bot],automation_bot,conventional_automation,NONE,no,no,no,yes,yes,3.701,3663.05
,,,16,anthropics/claude-code,llm_native,agent_application,direct_agent_experience,issue,68580,https://github.com/anthropics/claude-code/issues/68580,closed,2026-06-15T11:57:26Z,2026-06-19T10:34:59Z,,RobertAH2026,NONE,human_account,no,yes,no,no,no,no,yes,no,no,no,no,no,no,no,no,0,no,yes,yes,no,no,yes,yes,yes,3,3,0,0,no,no,no,no,2,1,0.085,,,0,0,github-actions[bot],automation_bot,conventional_automation,NONE,no,no,no,yes,no,3.943,3663.05
,,,17,jax-ml/jax,traditional,model_infra,supporting_infrastructure,pull_request,39365,https://github.com/jax-ml/jax/pull/39365,closed_unmerged,2026-07-21T23:42:30Z,2026-07-23T12:02:28Z,,copybara-service[bot],NONE,automation_bot,no,yes,no,no,no,no,yes,no,no,no,no,no,no,no,no,0,no,yes,no,no,no,unknown,yes,yes,0,0,0,0,no,no,no,no,1,0,,,,1,0,copybara-service[bot],automation_bot,conventional_automation,NONE,no,no,no,yes,no,1.514,300.05
,,,17,jax-ml/jax,traditional,model_infra,supporting_infrastructure,pull_request,37350,https://github.com/jax-ml/jax/pull/37350,merged,2026-05-02T01:31:43Z,2026-05-04T21:23:42Z,2026-05-04T21:23:42Z,copybara-service[bot],NONE,automation_bot,no,yes,no,no,no,no,yes,no,no,no,no,no,no,no,no,0,no,yes,no,no,no,unknown,yes,yes,0,0,0,0,no,no,no,no,1,0,,,,1,0,copybara-service[bot],automation_bot,conventional_automation,NONE,no,no,no,yes,yes,2.828,300.05
,,,17,jax-ml/jax,traditional,model_infra,supporting_infrastructure,pull_request,39166,https://github.com/jax-ml/jax/pull/39166,merged,2026-07-15T01:46:40Z,2026-07-15T02:26:45Z,2026-07-15T02:26:45Z,copybara-service[bot],NONE,automation_bot,no,yes,no,no,no,no,yes,no,no,no,no,no,no,no,no,0,no,yes,no,no,no,unknown,yes,yes,0,0,0,0,no,no,no,no,1,0,,,,1,0,copybara-service[bot],automation_bot,conventional_automation,NONE,no,no,no,yes,no,0.028,300.05
,,,17,jax-ml/jax,traditional,model_infra,supporting_infrastructure,pull_request,37376,https://github.com/jax-ml/jax/pull/37376,open,2026-05-05T00:55:10Z,,,HoniSanders,NONE,human_account,no,yes,yes,no,yes,no,yes,no,yes,yes,yes,no,no,no,no,4,no,yes,yes,no,no,yes,yes,yes,5,6,1,0,yes,yes,no,no,3,2,0.003,,,2,2,,,,,no,no,no,yes,yes,,300.05
,,,17,jax-ml/jax,traditional,model_infra,supporting_infrastructure,pull_request,39293,https://github.com/jax-ml/jax/pull/39293,merged,2026-07-18T19:32:29Z,2026-07-18T20:13:01Z,2026-07-18T20:13:01Z,mattjj,COLLABORATOR,human_account,no,yes,yes,no,yes,no,yes,no,yes,yes,no,no,no,no,no,1,no,yes,yes,yes,no,yes,yes,yes,1,0,1,0,yes,no,no,no,2,1,0.013,,,1,0,copybara-service[bot],automation_bot,conventional_automation,NONE,no,no,no,no,no,0.028,300.05
,,,17,jax-ml/jax,traditional,model_infra,supporting_infrastructure,pull_request,39488,https://github.com/jax-ml/jax/pull/39488,closed_unmerged,2026-07-28T10:37:57Z,2026-07-28T13:07:06Z,,copybara-service[bot],NONE,automation_bot,no,yes,no,no,no,no,yes,no,no,no,no,no,no,no,no,0,no,no,no,no,yes,unknown,yes,yes,0,0,0,0,no,no,no,no,1,0,,,,0,0,copybara-service[bot],automation_bot,conventional_automation,NONE,no,no,no,yes,no,0.104,300.05
,,,17,jax-ml/jax,traditional,model_infra,supporting_infrastructure,pull_request,38359,https://github.com/jax-ml/jax/pull/38359,merged,2026-06-10T16:02:11Z,2026-06-11T16:04:36Z,2026-06-11T16:04:36Z,copybara-service[bot],NONE,automation_bot,no,yes,no,no,no,no,yes,no,no,no,no,no,no,no,no,0,no,yes,no,no,no,unknown,yes,yes,0,0,0,0,no,no,no,no,1,0,,,,1,0,copybara-service[bot],automation_bot,conventional_automation,NONE,no,no,no,yes,no,1.002,300.05
,,,17,jax-ml/jax,traditional,model_infra,supporting_infrastructure,pull_request,34629,https://github.com/jax-ml/jax/pull/34629,merged,2026-01-26T10:19:46Z,2026-01-26T12:59:45Z,2026-01-26T12:59:45Z,copybara-service[bot],NONE,automation_bot,no,yes,no,no,no,no,yes,no,no,no,no,no,no,no,no,0,no,yes,no,no,no,unknown,yes,yes,0,0,0,0,no,no,no,no,1,0,,,,1,0,copybara-service[bot],automation_bot,conventional_automation,NONE,no,no,no,yes,yes,0.111,300.05
,,,17,jax-ml/jax,traditional,model_infra,supporting_infrastructure,issue,34384,https://github.com/jax-ml/jax/issues/34384,closed,2026-01-14T22:49:16Z,2026-04-05T01:10:29Z,,JehandadKhan,COLLABORATOR,human_account,no,yes,no,no,no,no,yes,no,no,no,no,no,no,no,no,0,no,yes,yes,yes,no,unknown,yes,yes,0,1,0,0,no,no,no,no,1,0,,,,0,0,JehandadKhan,human_account,not_automation,COLLABORATOR,yes,yes,no,no,yes,80.098,300.05
,,,17,jax-ml/jax,traditional,model_infra,supporting_infrastructure,pull_request,38952,https://github.com/jax-ml/jax/pull/38952,merged,2026-07-06T18:44:29Z,2026-07-06T21:08:11Z,2026-07-06T21:08:11Z,copybara-service[bot],NONE,automation_bot,no,yes,no,no,no,no,yes,no,no,no,no,no,no,no,no,0,no,yes,no,no,no,unknown,yes,yes,0,0,0,0,no,no,no,no,1,0,,,,1,0,copybara-service[bot],automation_bot,conventional_automation,NONE,no,no,no,yes,no,0.1,300.05
,,,17,jax-ml/jax,traditional,model_infra,supporting_infrastructure,pull_request,36694,https://github.com/jax-ml/jax/pull/36694,merged,2026-04-11T16:33:29Z,2026-04-11T22:46:25Z,2026-04-11T22:46:25Z,mattjj,COLLABORATOR,human_account,no,yes,yes,no,yes,no,yes,no,yes,yes,yes,yes,no,no,no,9,no,yes,yes,yes,no,no,no,no,10,9,2,0,yes,yes,no,no,3,2,0.049,0.22,0.22,1,1,copybara-service[bot],automation_bot,conventional_automation,NONE,no,no,no,no,yes,0.259,300.05
,,,17,jax-ml/jax,traditional,model_infra,supporting_infrastructure,issue,36517,https://github.com/jax-ml/jax/issues/36517,closed,2026-04-05T07:03:55Z,2026-04-08T18:26:12Z,,9TEVE-O,NONE,human_account,no,no,no,no,no,no,no,no,no,no,no,no,no,no,no,0,no,yes,yes,yes,no,no,no,no,1,1,0,0,no,no,no,no,2,0,83.371,83.371,83.371,0,0,hawkinsp,human_account,not_automation,COLLABORATOR,yes,yes,no,yes,yes,3.474,300.05
,,,17,jax-ml/jax,traditional,model_infra,supporting_infrastructure,pull_request,37244,https://github.com/jax-ml/jax/pull/37244,merged,2026-04-28T17:13:16Z,2026-04-28T17:34:36Z,2026-04-28T17:34:36Z,copybara-service[bot],NONE,automation_bot,no,yes,no,no,no,no,yes,no,no,no,no,no,no,no,no,0,no,yes,no,no,no,unknown,yes,yes,0,0,0,0,no,no,no,no,1,0,,,,1,0,copybara-service[bot],automation_bot,conventional_automation,NONE,no,no,no,yes,yes,0.015,300.05
,,,17,jax-ml/jax,traditional,model_infra,supporting_infrastructure,pull_request,39041,https://github.com/jax-ml/jax/pull/39041,closed_unmerged,2026-07-09T20:50:48Z,2026-07-09T21:00:51Z,,mattjj,COLLABORATOR,human_account,no,yes,yes,no,yes,no,no,no,yes,no,no,no,no,no,no,1,no,yes,yes,yes,no,yes,yes,yes,1,1,0,0,no,no,no,no,2,1,0.132,,,1,0,mattjj,human_account,not_automation,COLLABORATOR,yes,yes,no,no,no,0.007,300.05
,,,17,jax-ml/jax,traditional,model_infra,supporting_infrastructure,pull_request,35917,https://github.com/jax-ml/jax/pull/35917,merged,2026-03-16T04:35:56Z,2026-03-19T11:22:28Z,2026-03-19T11:22:28Z,AratiGanesh,CONTRIBUTOR,human_account,no,yes,yes,no,yes,no,yes,no,yes,yes,yes,yes,no,no,no,2,no,yes,yes,yes,no,no,no,no,3,1,2,0,yes,no,no,no,3,2,0.004,75.882,75.882,1,0,copybara-service[bot],automation_bot,conventional_automation,NONE,no,no,no,yes,yes,3.282,300.05
,,,17,jax-ml/jax,traditional,model_infra,supporting_infrastructure,pull_request,36544,https://github.com/jax-ml/jax/pull/36544,closed_unmerged,2026-04-06T19:48:10Z,2026-04-17T14:52:22Z,,copybara-service[bot],NONE,automation_bot,no,yes,no,no,no,no,yes,no,no,no,no,no,no,no,no,0,no,yes,no,no,no,unknown,yes,yes,0,0,0,0,no,no,no,no,1,0,,,,1,0,copybara-service[bot],automation_bot,conventional_automation,NONE,no,no,no,yes,yes,10.795,300.05
,,,17,jax-ml/jax,traditional,model_infra,supporting_infrastructure,pull_request,39649,https://github.com/jax-ml/jax/pull/39649,merged,2026-07-31T23:09:14Z,2026-07-31T23:29:08Z,2026-07-31T23:29:08Z,copybara-service[bot],NONE,automation_bot,no,yes,no,no,no,no,yes,no,no,no,no,no,no,no,no,0,no,yes,no,no,no,unknown,yes,yes,0,0,0,0,no,no,no,no,1,0,,,,1,0,copybara-service[bot],automation_bot,conventional_automation,NONE,no,no,no,yes,no,0.014,300.05
,,,17,jax-ml/jax,traditional,model_infra,supporting_infrastructure,pull_request,40042,https://github.com/jax-ml/jax/pull/40042,merged,2026-08-17T17:06:51Z,2026-08-19T05:25:03Z,2026-08-19T05:25:03Z,copybara-service[bot],NONE,automation_bot,no,yes,no,no,no,no,yes,no,no,no,no,no,no,no,no,0,no,yes,no,no,no,unknown,yes,yes,0,0,0,0,no,no,no,no,1,0,,,,1,0,copybara-service[bot],automation_bot,conventional_automation,NONE,no,no,no,yes,no,1.513,300.05
,,,17,jax-ml/jax,traditional,model_infra,supporting_infrastructure,pull_request,38543,https://github.com/jax-ml/jax/pull/38543,merged,2026-06-17T15:15:40Z,2026-07-07T08:40:58Z,2026-07-07T08:40:58Z,copybara-service[bot],NONE,automation_bot,no,yes,no,no,no,no,yes,no,no,no,no,no,no,no,no,0,no,yes,no,no,no,unknown,yes,yes,0,0,0,0,no,no,no,no,1,0,,,,1,0,copybara-service[bot],automation_bot,conventional_automation,NONE,no,no,no,yes,no,19.726,300.05
,,,17,jax-ml/jax,traditional,model_infra,supporting_infrastructure,pull_request,35220,https://github.com/jax-ml/jax/pull/35220,merged,2026-02-19T01:42:16Z,2026-02-19T02:03:24Z,2026-02-19T02:03:24Z,copybara-service[bot],NONE,automation_bot,no,yes,no,no,no,no,yes,no,no,no,no,no,no,no,no,0,no,yes,no,no,no,unknown,yes,yes,0,0,0,0,no,no,no,no,1,0,,,,1,0,copybara-service[bot],automation_bot,conventional_automation,NONE,no,no,no,yes,yes,0.015,300.05
,,,18,ai-dynamo/dynamo,llm_native,model_infra,supporting_infrastructure,pull_request,10216,https://github.com/ai-dynamo/dynamo/pull/10216,merged,2026-06-02T12:42:09Z,2026-06-04T00:38:58Z,2026-06-04T00:38:58Z,GavinZhu-GMI,CONTRIBUTOR,human_account,no,yes,yes,no,yes,no,yes,no,yes,no,yes,no,no,no,no,1,no,yes,yes,no,no,no,no,yes,6,5,1,0,yes,no,no,no,5,2,0.001,35.224,,2,0,rmccorm4,human_account,not_automation,CONTRIBUTOR,yes,no,no,yes,no,1.498,438.2
,,,18,ai-dynamo/dynamo,llm_native,model_infra,supporting_infrastructure,pull_request,11742,https://github.com/ai-dynamo/dynamo/pull/11742,merged,2026-07-16T01:03:51Z,2026-07-29T22:50:57Z,2026-07-29T22:50:57Z,knarangN,CONTRIBUTOR,human_account,no,yes,yes,yes,yes,no,yes,no,yes,yes,yes,yes,no,no,no,7,no,yes,yes,yes,no,no,no,no,13,21,5,0,yes,yes,no,no,7,8,0.001,41.683,41.683,10,10,knarangN,human_account,not_automation,CONTRIBUTOR,yes,no,no,yes,no,13.908,438.2
,,,18,ai-dynamo/dynamo,llm_native,model_infra,supporting_infrastructure,issue,12293,https://github.com/ai-dynamo/dynamo/issues/12293,open,2026-07-28T21:35:16Z,,,michaelfeil,CONTRIBUTOR,human_account,no,yes,yes,yes,no,no,no,no,no,no,no,no,no,no,no,4,no,yes,yes,no,no,unknown,yes,yes,0,1,0,0,no,no,no,no,1,0,,,,0,0,,,,,no,no,no,yes,no,,438.2
,,,18,ai-dynamo/dynamo,llm_native,model_infra,supporting_infrastructure,pull_request,13659,https://github.com/ai-dynamo/dynamo/pull/13659,merged,2026-08-21T21:41:26Z,2026-08-27T18:04:13Z,2026-08-27T18:04:13Z,Aphoh,CONTRIBUTOR,human_account,no,yes,yes,yes,yes,no,yes,no,yes,yes,yes,yes,no,no,no,11,no,yes,yes,yes,no,no,no,no,24,28,7,0,yes,yes,no,no,8,6,0.063,72.63,72.63,4,4,Aphoh,human_account,not_automation,CONTRIBUTOR,yes,no,no,yes,no,5.849,438.2
,,,18,ai-dynamo/dynamo,llm_native,model_infra,supporting_infrastructure,pull_request,12075,https://github.com/ai-dynamo/dynamo/pull/12075,merged,2026-07-23T15:07:09Z,2026-07-23T18:06:43Z,2026-07-23T18:06:43Z,hhzhang16,CONTRIBUTOR,human_account,no,yes,yes,yes,yes,no,yes,no,yes,yes,yes,no,no,no,no,3,no,yes,yes,no,no,no,no,yes,6,4,3,0,yes,no,no,no,7,4,0.001,2.982,,1,0,hhzhang16,human_account,not_automation,CONTRIBUTOR,yes,no,no,yes,no,0.125,438.2
,,,18,ai-dynamo/dynamo,llm_native,model_infra,supporting_infrastructure,pull_request,8449,https://github.com/ai-dynamo/dynamo/pull/8449,merged,2026-04-21T17:49:58Z,2026-05-12T18:20:21Z,2026-05-12T18:20:21Z,Jont828,CONTRIBUTOR,human_account,no,yes,yes,no,yes,no,yes,no,yes,yes,yes,no,no,no,no,4,no,yes,yes,no,no,no,no,yes,12,11,3,0,yes,yes,no,no,5,2,0.001,314.408,,7,7,hhzhang16,human_account,not_automation,CONTRIBUTOR,yes,no,no,yes,yes,21.021,438.2
,,,18,ai-dynamo/dynamo,llm_native,model_infra,supporting_infrastructure,pull_request,12143,https://github.com/ai-dynamo/dynamo/pull/12143,closed_unmerged,2026-07-24T23:48:26Z,2026-07-25T00:02:32Z,,PeaBrane,CONTRIBUTOR,human_account,no,yes,yes,yes,yes,no,yes,no,yes,yes,yes,no,no,no,no,3,no,yes,yes,no,no,no,no,yes,4,1,3,0,yes,no,no,no,5,3,0.055,0.101,,1,0,tedzhouhk,human_account,not_automation,CONTRIBUTOR,yes,no,no,yes,no,0.01,438.2
,,,18,ai-dynamo/dynamo,llm_native,model_infra,supporting_infrastructure,pull_request,11272,https://github.com/ai-dynamo/dynamo/pull/11272,merged,2026-07-06T20:25:55Z,2026-07-07T00:44:37Z,2026-07-07T00:44:36Z,galletas1712,CONTRIBUTOR,human_account,no,yes,yes,yes,yes,no,yes,no,yes,yes,yes,no,no,no,no,3,no,yes,yes,no,no,no,no,yes,5,2,3,0,yes,yes,no,no,6,2,0.038,1.071,,1,1,galletas1712,human_account,not_automation,CONTRIBUTOR,yes,no,no,yes,no,0.18,438.2
,,,18,ai-dynamo/dynamo,llm_native,model_infra,supporting_infrastructure,pull_request,12891,https://github.com/ai-dynamo/dynamo/pull/12891,merged,2026-08-08T17:29:56Z,2026-08-11T18:10:20Z,2026-08-11T18:10:20Z,PeaBrane,CONTRIBUTOR,human_account,no,yes,yes,yes,yes,no,yes,no,yes,yes,yes,yes,no,no,no,3,no,yes,yes,yes,no,no,no,no,8,2,6,0,yes,yes,no,no,9,4,0.464,10.114,68.08,15,1,PeaBrane,human_account,not_automation,CONTRIBUTOR,yes,no,no,yes,no,3.028,438.2
,,,18,ai-dynamo/dynamo,llm_native,model_infra,supporting_infrastructure,pull_request,7371,https://github.com/ai-dynamo/dynamo/pull/7371,merged,2026-03-14T00:17:18Z,2026-03-14T00:31:28Z,2026-03-14T00:31:28Z,dagil-nvidia,COLLABORATOR,human_account,no,yes,yes,no,yes,no,yes,no,yes,yes,no,no,no,no,no,3,no,yes,yes,yes,no,yes,yes,yes,4,3,1,0,yes,no,no,no,3,1,0.039,,,1,0,dagil-nvidia,human_account,not_automation,COLLABORATOR,yes,yes,no,no,yes,0.01,438.2
,,,18,ai-dynamo/dynamo,llm_native,model_infra,supporting_infrastructure,pull_request,8700,https://github.com/ai-dynamo/dynamo/pull/8700,merged,2026-04-24T20:22:03Z,2026-05-20T15:20:47Z,2026-05-20T15:20:46Z,jh-nv,CONTRIBUTOR,human_account,no,yes,yes,no,yes,no,yes,no,yes,yes,yes,no,no,no,no,4,no,yes,yes,no,no,no,no,yes,11,6,5,0,yes,yes,no,no,3,1,580.261,580.261,,8,2,jh-nv,human_account,not_automation,CONTRIBUTOR,yes,no,no,yes,yes,25.791,438.2
,,,18,ai-dynamo/dynamo,llm_native,model_infra,supporting_infrastructure,pull_request,9970,https://github.com/ai-dynamo/dynamo/pull/9970,merged,2026-05-26T19:35:55Z,2026-05-26T22:31:26Z,2026-05-26T22:31:26Z,Chokoyo,CONTRIBUTOR,human_account,no,yes,yes,no,yes,no,yes,no,yes,no,yes,no,no,no,no,1,no,yes,yes,no,no,no,no,yes,2,1,1,0,yes,no,no,no,3,2,1.284,2.705,,1,0,Chokoyo,human_account,not_automation,CONTRIBUTOR,yes,no,no,yes,yes,0.122,438.2
,,,18,ai-dynamo/dynamo,llm_native,model_infra,supporting_infrastructure,pull_request,10020,https://github.com/ai-dynamo/dynamo/pull/10020,closed_unmerged,2026-05-27T04:17:08Z,2026-07-06T11:06:03Z,,furionw,CONTRIBUTOR,human_account,no,yes,no,no,no,no,yes,no,no,no,no,no,no,no,no,0,no,yes,yes,no,no,yes,yes,yes,3,3,0,0,no,no,no,no,3,1,0.001,,,2,0,github-actions[bot],automation_bot,conventional_automation,CONTRIBUTOR,no,no,no,yes,yes,40.284,438.2
,,,18,ai-dynamo/dynamo,llm_native,model_infra,supporting_infrastructure,pull_request,7781,https://github.com/ai-dynamo/dynamo/pull/7781,closed_unmerged,2026-04-01T18:56:48Z,2026-05-07T10:16:38Z,,cheese-head,CONTRIBUTOR,human_account,no,yes,no,no,no,no,yes,no,no,no,no,no,no,no,no,0,no,yes,yes,no,no,yes,yes,yes,3,3,0,0,no,no,no,no,3,1,0.001,,,1,0,github-actions[bot],automation_bot,conventional_automation,CONTRIBUTOR,no,no,no,yes,yes,35.639,438.2
,,,18,ai-dynamo/dynamo,llm_native,model_infra,supporting_infrastructure,pull_request,10217,https://github.com/ai-dynamo/dynamo/pull/10217,merged,2026-06-02T13:10:53Z,2026-06-03T13:18:45Z,2026-06-03T13:18:45Z,sttts,CONTRIBUTOR,human_account,no,yes,yes,no,yes,no,yes,no,yes,no,yes,no,no,no,no,1,no,yes,yes,no,no,no,no,yes,6,7,2,0,yes,yes,no,no,6,2,0.001,1.003,,2,1,sttts,human_account,not_automation,CONTRIBUTOR,yes,no,no,yes,no,1.005,438.2
,,,18,ai-dynamo/dynamo,llm_native,model_infra,supporting_infrastructure,pull_request,7523,https://github.com/ai-dynamo/dynamo/pull/7523,merged,2026-03-19T16:26:33Z,2026-03-19T20:38:06Z,2026-03-19T20:38:06Z,KrishnanPrash,CONTRIBUTOR,human_account,no,yes,yes,no,yes,no,yes,no,yes,yes,yes,no,no,no,no,2,no,yes,yes,no,no,no,no,yes,3,1,2,0,yes,no,no,no,3,2,0.059,4.062,,2,0,KrishnanPrash,human_account,not_automation,CONTRIBUTOR,yes,no,no,yes,yes,0.175,438.2
,,,18,ai-dynamo/dynamo,llm_native,model_infra,supporting_infrastructure,pull_request,9957,https://github.com/ai-dynamo/dynamo/pull/9957,merged,2026-05-26T17:42:07Z,2026-05-26T17:48:05Z,2026-05-26T17:48:04Z,pvijayakrish,CONTRIBUTOR,human_account,no,yes,yes,no,yes,no,yes,no,yes,no,yes,yes,no,no,no,1,no,yes,yes,yes,no,no,no,no,5,3,3,0,yes,no,no,no,5,2,0.029,0.031,0.031,1,0,pvijayakrish,human_account,not_automation,CONTRIBUTOR,yes,no,no,yes,yes,0.004,438.2
,,,18,ai-dynamo/dynamo,llm_native,model_infra,supporting_infrastructure,issue,7844,https://github.com/ai-dynamo/dynamo/issues/7844,closed,2026-04-02T23:45:45Z,2026-04-03T21:10:19Z,,nnshah1,CONTRIBUTOR,human_account,no,no,no,no,no,no,no,no,no,no,no,no,no,no,no,0,no,yes,yes,no,no,unknown,yes,yes,0,1,0,0,no,no,no,no,1,0,,,,0,0,nnshah1,human_account,not_automation,CONTRIBUTOR,yes,no,no,yes,yes,0.892,438.2
,,,18,ai-dynamo/dynamo,llm_native,model_infra,supporting_infrastructure,pull_request,12536,https://github.com/ai-dynamo/dynamo/pull/12536,merged,2026-08-01T21:32:04Z,2026-08-10T23:31:57Z,2026-08-10T23:31:57Z,ishandhanani,CONTRIBUTOR,human_account,no,yes,yes,yes,yes,no,yes,no,yes,yes,yes,yes,no,no,no,69,no,yes,yes,yes,no,no,no,no,84,88,27,0,yes,yes,no,no,12,30,0.048,139.445,166.343,18,18,ishandhanani,human_account,not_automation,CONTRIBUTOR,yes,no,no,yes,no,9.083,438.2
,,,18,ai-dynamo/dynamo,llm_native,model_infra,supporting_infrastructure,pull_request,9429,https://github.com/ai-dynamo/dynamo/pull/9429,merged,2026-05-12T14:24:17Z,2026-05-12T15:46:23Z,2026-05-12T15:46:23Z,dagil-nvidia,COLLABORATOR,human_account,no,yes,yes,no,yes,no,yes,no,yes,no,yes,no,no,no,no,1,no,yes,yes,yes,no,no,no,yes,3,2,1,0,yes,no,no,no,4,2,0.024,1.366,,1,0,dmitry-tokarev-nv,human_account,not_automation,CONTRIBUTOR,yes,no,no,no,yes,0.057,438.2
,,,19,apache/airflow,traditional,model_infra,supporting_infrastructure,pull_request,68141,https://github.com/apache/airflow/pull/68141,closed_unmerged,2026-06-06T16:41:37Z,2026-07-30T12:28:40Z,,justinpakzad,CONTRIBUTOR,human_account,no,yes,no,no,no,no,yes,no,no,no,no,no,no,no,no,0,no,yes,yes,no,no,unknown,yes,yes,0,3,0,0,no,no,no,no,1,0,,,,3,0,justinpakzad,human_account,not_automation,CONTRIBUTOR,yes,no,no,yes,no,53.824,597.0
,,,19,apache/airflow,traditional,model_infra,supporting_infrastructure,pull_request,65444,https://github.com/apache/airflow/pull/65444,merged,2026-04-17T21:04:05Z,2026-04-22T15:10:44Z,2026-04-22T15:10:44Z,nikhilcss97,CONTRIBUTOR,human_account,no,yes,no,no,no,no,yes,no,no,no,yes,yes,no,no,no,0,no,yes,yes,yes,no,no,no,no,4,3,2,0,yes,yes,no,no,4,3,0.001,38.73,38.73,6,4,shahar1,human_account,not_automation,CONTRIBUTOR,yes,no,no,yes,yes,4.755,597.0
,,,19,apache/airflow,traditional,model_infra,supporting_infrastructure,pull_request,70088,https://github.com/apache/airflow/pull/70088,merged,2026-07-19T04:23:41Z,2026-08-17T17:38:02Z,2026-08-17T17:38:02Z,Vamsi-klu,CONTRIBUTOR,human_account,no,yes,yes,yes,no,no,yes,no,no,no,yes,no,no,no,no,1,yes,yes,yes,no,no,no,no,yes,19,29,7,0,yes,yes,no,no,3,0,191.574,191.574,,7,7,eladkal,human_account,not_automation,CONTRIBUTOR,yes,no,no,yes,no,29.552,597.0
,,,19,apache/airflow,traditional,model_infra,supporting_infrastructure,pull_request,65423,https://github.com/apache/airflow/pull/65423,closed_unmerged,2026-04-17T15:52:13Z,2026-05-29T07:33:30Z,,omkar-foss,COLLABORATOR,human_account,no,yes,no,no,no,no,yes,no,no,no,yes,yes,no,yes,no,0,no,yes,yes,yes,no,no,no,no,28,48,7,1,yes,yes,yes,yes,5,2,95.33,95.33,95.33,1,1,omkar-foss,human_account,not_automation,COLLABORATOR,yes,yes,no,no,yes,41.654,597.0
,,,19,apache/airflow,traditional,model_infra,supporting_infrastructure,pull_request,60995,https://github.com/apache/airflow/pull/60995,merged,2026-01-23T20:41:35Z,2026-01-26T17:34:45Z,2026-01-26T17:34:45Z,vincbeck,CONTRIBUTOR,human_account,no,yes,no,no,no,no,yes,no,no,no,yes,yes,no,no,no,0,no,yes,yes,yes,no,no,no,no,4,2,2,0,yes,yes,no,no,3,0,1.12,1.12,88.744,1,1,vincbeck,human_account,not_automation,CONTRIBUTOR,yes,no,no,yes,yes,2.87,597.0
,,,19,apache/airflow,traditional,model_infra,supporting_infrastructure,pull_request,67405,https://github.com/apache/airflow/pull/67405,closed_unmerged,2026-05-24T13:50:18Z,2026-05-24T20:26:03Z,,bobu-putheeckal,NONE,human_account,no,yes,no,no,no,no,yes,no,no,no,no,no,no,no,no,0,no,yes,yes,yes,no,no,no,no,1,1,0,0,no,no,no,no,2,0,6.596,6.596,6.596,1,0,kaxil,human_account,not_automation,MEMBER,yes,yes,no,yes,yes,0.275,597.0
,,,19,apache/airflow,traditional,model_infra,supporting_infrastructure,pull_request,66366,https://github.com/apache/airflow/pull/66366,merged,2026-05-04T15:54:10Z,2026-05-05T13:16:17Z,2026-05-05T13:16:17Z,github-actions[bot],CONTRIBUTOR,automation_bot,no,yes,no,no,no,no,yes,no,no,no,no,no,no,no,no,0,no,yes,no,no,no,unknown,yes,yes,0,0,0,0,no,no,no,no,1,0,,,,1,0,bbovenzi,human_account,not_automation,CONTRIBUTOR,yes,no,no,yes,yes,0.89,597.0
,,,19,apache/airflow,traditional,model_infra,supporting_infrastructure,pull_request,63864,https://github.com/apache/airflow/pull/63864,merged,2026-03-18T05:44:24Z,2026-03-18T06:56:31Z,2026-03-18T06:56:31Z,amoghrajesh,CONTRIBUTOR,human_account,no,yes,no,no,no,no,yes,no,no,no,yes,yes,no,no,no,0,no,yes,yes,yes,no,no,no,no,4,2,2,0,yes,no,no,no,4,1,0.916,0.916,1.197,1,0,potiuk,human_account,not_automation,MEMBER,yes,yes,no,yes,yes,0.05,597.0
,,,19,apache/airflow,traditional,model_infra,supporting_infrastructure,issue,63924,https://github.com/apache/airflow/issues/63924,open,2026-03-19T10:38:16Z,,,aeroyorch,CONTRIBUTOR,human_account,no,yes,yes,no,no,yes,no,no,no,no,no,no,no,no,no,1,no,yes,yes,yes,no,no,no,no,1,2,0,0,no,no,no,no,2,0,1.792,1.792,1.792,0,0,,,,,no,no,no,yes,yes,,597.0
,,,19,apache/airflow,traditional,model_infra,supporting_infrastructure,pull_request,61345,https://github.com/apache/airflow/pull/61345,merged,2026-02-02T09:33:59Z,2026-03-30T08:35:01Z,2026-03-30T08:35:01Z,wjddn279,CONTRIBUTOR,human_account,no,yes,no,no,no,no,yes,no,no,no,yes,yes,no,no,no,0,no,yes,yes,yes,no,no,no,no,4,5,1,0,yes,no,no,no,4,1,721.086,721.086,721.086,3,0,vatsrahul1001,human_account,not_automation,CONTRIBUTOR,yes,no,no,yes,yes,55.959,597.0
,,,19,apache/airflow,traditional,model_infra,supporting_infrastructure,pull_request,67803,https://github.com/apache/airflow/pull/67803,merged,2026-05-31T14:30:20Z,2026-06-01T22:36:07Z,2026-06-01T22:36:07Z,jscheffl,CONTRIBUTOR,human_account,no,yes,no,no,no,no,yes,no,no,no,yes,yes,no,no,no,0,no,yes,yes,yes,no,no,no,no,3,4,1,0,yes,no,no,no,3,0,0.125,0.125,31.894,4,0,jscheffl,human_account,not_automation,CONTRIBUTOR,yes,no,no,yes,yes,1.337,597.0
,,,19,apache/airflow,traditional,model_infra,supporting_infrastructure,pull_request,64829,https://github.com/apache/airflow/pull/64829,merged,2026-04-07T07:24:38Z,2026-04-18T13:46:43Z,2026-04-18T13:46:43Z,Vishwaspatel2401,CONTRIBUTOR,human_account,no,yes,yes,yes,no,no,yes,no,yes,yes,yes,no,no,no,no,4,no,yes,yes,no,no,no,no,yes,14,17,2,0,yes,yes,no,no,4,5,0.003,97.984,,7,7,jscheffl,human_account,not_automation,CONTRIBUTOR,yes,no,no,yes,yes,11.265,597.0
,,,19,apache/airflow,traditional,model_infra,supporting_infrastructure,pull_request,70593,https://github.com/apache/airflow/pull/70593,open,2026-07-28T11:20:05Z,,,securylight,NONE,human_account,no,yes,no,no,no,no,yes,no,no,no,yes,no,no,yes,no,0,no,yes,yes,no,no,no,no,yes,2,1,1,1,yes,no,yes,no,3,2,0.002,4.35,,1,0,,,,,no,no,no,yes,no,,597.0
,,,19,apache/airflow,traditional,model_infra,supporting_infrastructure,pull_request,66209,https://github.com/apache/airflow/pull/66209,merged,2026-05-01T15:41:29Z,2026-05-01T23:09:01Z,2026-05-01T23:09:01Z,jason810496,MEMBER,human_account,no,yes,no,no,no,no,yes,no,no,no,yes,yes,no,no,no,0,no,yes,yes,yes,no,no,no,no,5,2,3,0,yes,no,no,no,5,1,0.646,0.646,7.454,1,0,potiuk,human_account,not_automation,MEMBER,yes,yes,no,no,yes,0.311,597.0
,,,19,apache/airflow,traditional,model_infra,supporting_infrastructure,issue,60887,https://github.com/apache/airflow/issues/60887,closed,2026-01-21T16:38:50Z,2026-05-20T17:35:26Z,,nathadfield,CONTRIBUTOR,human_account,no,yes,yes,no,no,yes,no,no,no,no,no,no,no,no,no,1,no,yes,yes,yes,no,no,no,no,4,7,0,0,no,no,no,no,4,0,20.8,20.8,20.8,0,0,bbovenzi,human_account,not_automation,CONTRIBUTOR,yes,no,no,yes,yes,119.039,597.0
,,,19,apache/airflow,traditional,model_infra,supporting_infrastructure,pull_request,68378,https://github.com/apache/airflow/pull/68378,merged,2026-06-11T07:14:02Z,2026-06-14T21:32:47Z,2026-06-14T21:32:47Z,jayachandrakasarla,CONTRIBUTOR,human_account,no,yes,no,no,no,no,yes,no,no,no,yes,yes,no,no,no,0,no,yes,yes,yes,no,no,no,no,12,13,5,0,yes,yes,no,no,5,2,0.001,3.453,3.453,5,5,jscheffl,human_account,not_automation,CONTRIBUTOR,yes,no,no,yes,no,3.596,597.0
,,,19,apache/airflow,traditional,model_infra,supporting_infrastructure,issue,68744,https://github.com/apache/airflow/issues/68744,closed,2026-06-19T08:08:57Z,2026-06-20T02:44:28Z,,goransh-walia,NONE,human_account,no,yes,yes,no,no,yes,yes,no,no,no,no,no,no,no,no,2,no,yes,yes,yes,no,no,no,no,3,3,0,0,no,no,no,no,4,2,0.001,1.155,1.155,0,0,jroachgolf84,human_account,not_automation,COLLABORATOR,yes,yes,no,yes,no,0.775,597.0
,,,19,apache/airflow,traditional,model_infra,supporting_infrastructure,pull_request,68587,https://github.com/apache/airflow/pull/68587,closed_unmerged,2026-06-15T19:57:26Z,2026-06-19T16:59:46Z,,dependabot[bot],CONTRIBUTOR,automation_bot,no,yes,no,no,no,no,yes,no,no,no,no,no,no,no,no,0,no,yes,no,no,no,unknown,yes,yes,0,1,0,0,no,no,no,no,1,0,,,,1,0,dependabot[bot],automation_bot,conventional_automation,CONTRIBUTOR,no,no,no,yes,no,3.877,597.0
,,,19,apache/airflow,traditional,model_infra,supporting_infrastructure,pull_request,67506,https://github.com/apache/airflow/pull/67506,closed_unmerged,2026-05-25T22:04:55Z,2026-06-05T01:17:27Z,,potiuk,MEMBER,human_account,no,yes,no,no,no,no,yes,no,no,no,yes,yes,no,yes,no,0,no,yes,yes,yes,no,no,no,no,2,2,1,1,yes,no,yes,no,2,0,222.523,222.523,222.523,1,0,potiuk,human_account,not_automation,MEMBER,yes,yes,no,no,yes,10.134,597.0
,,,19,apache/airflow,traditional,model_infra,supporting_infrastructure,pull_request,66491,https://github.com/apache/airflow/pull/66491,merged,2026-05-06T19:38:21Z,2026-05-19T19:24:36Z,2026-05-19T19:24:36Z,o-nikolas,CONTRIBUTOR,human_account,no,yes,no,no,no,no,yes,no,no,no,yes,yes,no,yes,no,0,no,yes,yes,yes,no,no,no,no,18,18,7,1,yes,yes,yes,yes,6,0,23.522,23.522,93.48,5,5,ferruzzi,human_account,not_automation,CONTRIBUTOR,yes,no,no,yes,yes,12.99,597.0
,,,20,BerriAI/litellm,llm_native,model_infra,supporting_infrastructure,issue,19418,https://github.com/BerriAI/litellm/issues/19418,closed,2026-01-20T16:14:24Z,2026-01-21T11:35:19Z,,andrewbolster,NONE,human_account,no,yes,no,no,no,no,yes,no,no,no,no,no,no,no,no,0,no,yes,yes,no,no,no,no,yes,1,1,0,0,no,no,no,no,2,0,19.349,19.349,,0,0,Sameerlite,human_account,not_automation,CONTRIBUTOR,yes,no,no,yes,yes,0.806,987.0
,,,20,BerriAI/litellm,llm_native,model_infra,supporting_infrastructure,pull_request,38465,https://github.com/BerriAI/litellm/pull/38465,merged,2026-08-27T05:48:27Z,2026-08-27T22:23:52Z,2026-08-27T22:23:51Z,mateo-berri,CONTRIBUTOR,human_account,no,yes,yes,yes,yes,no,yes,no,yes,yes,yes,no,no,no,no,8,yes,yes,yes,no,no,no,no,yes,12,15,4,0,yes,yes,no,no,7,8,0.129,16.587,,3,2,mateo-berri,human_account,not_automation,CONTRIBUTOR,yes,no,no,yes,no,0.691,987.0
,,,20,BerriAI/litellm,llm_native,model_infra,supporting_infrastructure,issue,27122,https://github.com/BerriAI/litellm/issues/27122,closed,2026-05-04T16:26:47Z,2026-08-11T00:09:06Z,,mateo-berri,CONTRIBUTOR,human_account,no,yes,no,no,no,no,yes,no,no,no,no,no,no,no,no,0,no,yes,yes,no,no,yes,yes,yes,1,1,0,0,no,no,no,no,2,1,2167.861,,,0,0,github-actions[bot],automation_bot,conventional_automation,CONTRIBUTOR,no,no,no,yes,yes,98.321,987.0
,,,20,BerriAI/litellm,llm_native,model_infra,supporting_infrastructure,issue,34797,https://github.com/BerriAI/litellm/issues/34797,open,2026-07-27T17:06:00Z,,,eduardomagnussap,NONE,human_account,no,yes,yes,yes,no,no,yes,no,no,no,no,no,no,no,no,2,no,yes,yes,no,no,unknown,yes,yes,0,1,0,0,no,no,no,no,1,0,,,,0,0,,,,,no,no,no,yes,no,,987.0
,,,20,BerriAI/litellm,llm_native,model_infra,supporting_infrastructure,issue,35459,https://github.com/BerriAI/litellm/issues/35459,open,2026-08-01T16:34:06Z,,,penradioGables,NONE,human_account,no,yes,yes,yes,no,no,no,no,no,no,no,no,no,no,no,1,no,yes,yes,no,no,unknown,yes,yes,0,0,0,0,no,no,no,no,1,0,,,,0,0,,,,,no,no,no,yes,no,,987.0
,,,20,BerriAI/litellm,llm_native,model_infra,supporting_infrastructure,pull_request,38587,https://github.com/BerriAI/litellm/pull/38587,merged,2026-08-27T23:04:40Z,2026-08-27T23:31:32Z,2026-08-27T23:31:32Z,tin-berri,CONTRIBUTOR,human_account,no,yes,yes,no,yes,no,yes,no,yes,no,yes,no,no,no,no,1,no,yes,yes,no,no,no,no,yes,4,3,1,0,yes,no,no,no,5,3,0.116,0.445,,1,0,tin-berri,human_account,not_automation,CONTRIBUTOR,yes,no,no,yes,no,0.019,987.0
,,,20,BerriAI/litellm,llm_native,model_infra,supporting_infrastructure,pull_request,35598,https://github.com/BerriAI/litellm/pull/35598,open,2026-08-02T14:17:00Z,,,samzong,NONE,human_account,no,yes,yes,no,yes,no,yes,no,yes,no,no,no,no,no,no,1,no,yes,yes,no,no,no,no,yes,4,5,0,0,no,no,no,no,5,2,0.002,0.002,,1,0,,,,,no,no,no,yes,no,,987.0
,,,20,BerriAI/litellm,llm_native,model_infra,supporting_infrastructure,pull_request,27646,https://github.com/BerriAI/litellm/pull/27646,closed_unmerged,2026-05-11T13:29:29Z,2026-05-18T23:27:56Z,,pyguy,NONE,human_account,no,yes,yes,no,yes,no,yes,no,yes,yes,no,no,no,no,no,3,no,yes,yes,no,no,yes,yes,yes,4,3,1,0,yes,yes,no,no,3,1,0.046,,,1,1,mateo-berri,human_account,not_automation,CONTRIBUTOR,yes,no,no,yes,yes,7.416,987.0
,,,20,BerriAI/litellm,llm_native,model_infra,supporting_infrastructure,pull_request,22528,https://github.com/BerriAI/litellm/pull/22528,closed_unmerged,2026-03-01T21:33:02Z,2026-03-07T21:39:57Z,,giulio-leone,CONTRIBUTOR,human_account,no,yes,yes,yes,yes,no,yes,no,yes,yes,yes,no,no,no,no,18,no,yes,yes,no,no,no,no,yes,21,28,4,0,yes,yes,no,no,5,12,0.001,57.026,,5,5,,,,,no,no,no,yes,yes,6.005,987.0
,,,20,BerriAI/litellm,llm_native,model_infra,supporting_infrastructure,pull_request,26583,https://github.com/BerriAI/litellm/pull/26583,open,2026-04-27T08:10:29Z,,,kimsehwan96,CONTRIBUTOR,human_account,no,yes,yes,no,yes,no,yes,no,yes,yes,yes,no,no,no,no,3,yes,yes,yes,no,no,no,no,yes,6,7,1,0,yes,yes,no,no,5,2,0.046,258.962,,2,1,,,,,no,no,no,yes,yes,,987.0
,,,20,BerriAI/litellm,llm_native,model_infra,supporting_infrastructure,pull_request,21281,https://github.com/BerriAI/litellm/pull/21281,merged,2026-02-15T23:33:24Z,2026-02-16T00:04:55Z,2026-02-16T00:04:54Z,jquinter,CONTRIBUTOR,human_account,no,yes,no,no,no,no,yes,no,no,no,no,no,no,no,no,0,no,yes,yes,no,no,yes,yes,yes,1,1,0,0,no,no,no,no,2,1,0.001,,,1,0,jquinter,human_account,not_automation,CONTRIBUTOR,yes,no,no,yes,yes,0.022,987.0
,,,20,BerriAI/litellm,llm_native,model_infra,supporting_infrastructure,pull_request,23573,https://github.com/BerriAI/litellm/pull/23573,closed_unmerged,2026-03-13T18:19:43Z,2026-03-13T18:19:57Z,,Sameerlite,CONTRIBUTOR,human_account,no,yes,yes,no,yes,no,yes,no,yes,no,no,no,no,no,no,1,yes,yes,yes,no,no,no,no,yes,3,3,0,0,no,no,no,no,4,2,0.001,0.002,,52,0,Sameerlite,human_account,not_automation,CONTRIBUTOR,yes,no,no,yes,yes,0.0,987.0
,,,20,BerriAI/litellm,llm_native,model_infra,supporting_infrastructure,pull_request,28349,https://github.com/BerriAI/litellm/pull/28349,closed_unmerged,2026-05-20T13:28:27Z,2026-07-22T17:37:43Z,,yryzhan,NONE,human_account,no,yes,yes,no,yes,no,yes,no,yes,yes,yes,no,no,no,no,6,yes,yes,yes,no,no,no,no,yes,8,11,2,0,yes,yes,no,no,5,2,0.046,21.373,,3,2,yryzhan,human_account,not_automation,NONE,yes,no,no,yes,yes,63.173,987.0
,,,20,BerriAI/litellm,llm_native,model_infra,supporting_infrastructure,issue,38610,https://github.com/BerriAI/litellm/issues/38610,open,2026-08-28T01:46:55Z,,,mateo-berri,CONTRIBUTOR,human_account,no,yes,no,no,no,no,yes,no,no,no,no,no,no,no,no,0,no,yes,yes,no,no,no,no,yes,1,1,0,0,no,no,no,no,2,0,2.223,2.223,,0,0,,,,,no,no,no,yes,no,,987.0
,,,20,BerriAI/litellm,llm_native,model_infra,supporting_infrastructure,pull_request,21802,https://github.com/BerriAI/litellm/pull/21802,closed_unmerged,2026-02-21T20:15:01Z,2026-02-21T20:17:20Z,,ishaan-jaff,CONTRIBUTOR,human_account,no,yes,yes,no,yes,no,yes,no,yes,yes,no,no,no,no,no,3,no,yes,yes,no,no,yes,yes,yes,4,3,1,0,yes,no,no,no,3,1,0.001,,,1,0,ishaan-jaff,human_account,not_automation,CONTRIBUTOR,yes,no,no,yes,yes,0.002,987.0
,,,20,BerriAI/litellm,llm_native,model_infra,supporting_infrastructure,issue,33171,https://github.com/BerriAI/litellm/issues/33171,open,2026-07-14T06:59:44Z,,,mihidumh,CONTRIBUTOR,human_account,no,yes,yes,yes,no,no,yes,no,no,no,no,no,no,no,no,1,no,yes,yes,no,no,unknown,yes,yes,0,0,0,0,no,no,no,no,1,0,,,,0,0,,,,,no,no,no,yes,no,,987.0
,,,20,BerriAI/litellm,llm_native,model_infra,supporting_infrastructure,issue,30215,https://github.com/BerriAI/litellm/issues/30215,closed,2026-06-11T16:54:38Z,2026-06-15T12:50:21Z,,Luke213-app,NONE,human_account,no,yes,no,no,no,no,yes,no,no,no,no,no,no,no,no,0,no,yes,yes,no,no,unknown,yes,yes,0,0,0,0,no,no,no,no,1,0,,,,0,0,Sameerlite,human_account,not_automation,CONTRIBUTOR,yes,no,no,yes,no,3.83,987.0
,,,20,BerriAI/litellm,llm_native,model_infra,supporting_infrastructure,pull_request,33311,https://github.com/BerriAI/litellm/pull/33311,closed_unmerged,2026-07-15T00:36:27Z,2026-08-22T15:29:49Z,,dparkmit24,NONE,human_account,no,yes,yes,yes,yes,no,yes,no,yes,no,no,no,no,no,yes,4,no,yes,yes,no,no,yes,yes,yes,3,3,0,0,no,no,no,no,4,1,0.025,,,1,0,devin-ai-integration[bot],automation_bot,coding_agent,CONTRIBUTOR,no,no,yes,yes,no,38.62,987.0
,,,20,BerriAI/litellm,llm_native,model_infra,supporting_infrastructure,pull_request,22403,https://github.com/BerriAI/litellm/pull/22403,merged,2026-02-28T16:26:30Z,2026-03-03T18:31:04Z,2026-03-03T18:31:04Z,shivaaang,CONTRIBUTOR,human_account,no,yes,yes,no,yes,no,yes,no,yes,yes,no,no,no,no,no,5,yes,yes,yes,no,no,no,no,yes,7,5,2,0,yes,yes,no,no,4,3,0.001,33.154,,4,3,Chesars,human_account,not_automation,,yes,no,no,yes,yes,3.087,987.0
,,,20,BerriAI/litellm,llm_native,model_infra,supporting_infrastructure,pull_request,36439,https://github.com/BerriAI/litellm/pull/36439,open,2026-08-10T18:27:18Z,,,LavyaTandel,NONE,human_account,no,yes,yes,no,yes,no,yes,no,yes,yes,no,no,no,no,no,4,no,yes,yes,no,no,yes,yes,yes,6,8,1,0,yes,yes,no,no,4,2,0.052,,,3,2,,,,,no,no,no,yes,no,,987.0
,,,21,ggml-org/llama.cpp,llm_native,model_infra,supporting_infrastructure,pull_request,20758,https://github.com/ggml-org/llama.cpp/pull/20758,closed_unmerged,2026-03-19T14:14:52Z,2026-03-26T02:17:41Z,,JohannesGaessler,CONTRIBUTOR,human_account,no,no,no,no,no,no,no,no,no,no,yes,no,no,no,no,0,no,yes,yes,no,no,no,no,yes,2,1,1,0,yes,no,no,no,2,0,22.863,22.863,,1,0,am17an,human_account,not_automation,CONTRIBUTOR,yes,no,no,yes,yes,6.502,424.95
,,,21,ggml-org/llama.cpp,llm_native,model_infra,supporting_infrastructure,pull_request,21110,https://github.com/ggml-org/llama.cpp/pull/21110,merged,2026-03-28T09:05:47Z,2026-03-28T13:49:57Z,2026-03-28T13:49:57Z,angt,MEMBER,human_account,no,yes,no,no,no,no,yes,no,no,no,yes,yes,no,no,no,0,no,yes,yes,yes,no,no,no,no,2,1,2,0,yes,no,no,no,3,0,0.188,0.188,0.25,1,0,angt,human_account,not_automation,MEMBER,yes,yes,no,no,yes,0.197,424.95
,,,21,ggml-org/llama.cpp,llm_native,model_infra,supporting_infrastructure,pull_request,26637,https://github.com/ggml-org/llama.cpp/pull/26637,open,2026-08-05T13:50:33Z,,,wadealexc,CONTRIBUTOR,human_account,no,no,no,no,no,no,no,no,no,no,no,no,no,no,no,0,no,yes,yes,no,no,unknown,yes,yes,0,0,0,0,no,no,no,no,1,0,,,,1,0,,,,,no,no,no,yes,no,,424.95
,,,21,ggml-org/llama.cpp,llm_native,model_infra,supporting_infrastructure,pull_request,24540,https://github.com/ggml-org/llama.cpp/pull/24540,closed_unmerged,2026-06-12T19:02:30Z,2026-07-03T12:06:16Z,,LiaXLiang,NONE,human_account,no,yes,no,no,no,no,yes,no,no,no,no,no,no,no,no,0,no,yes,yes,no,no,unknown,yes,yes,0,0,0,0,no,no,no,no,1,0,,,,1,0,ruixiang63,human_account,not_automation,,yes,no,no,yes,no,20.711,424.95
,,,21,ggml-org/llama.cpp,llm_native,model_infra,supporting_infrastructure,pull_request,26756,https://github.com/ggml-org/llama.cpp/pull/26756,merged,2026-08-08T06:24:37Z,2026-08-23T10:57:50Z,2026-08-23T10:57:50Z,am17an,CONTRIBUTOR,human_account,no,yes,no,no,no,no,yes,no,no,no,yes,yes,no,no,no,0,no,yes,yes,yes,no,no,no,no,24,26,6,0,yes,yes,no,no,6,0,3.197,3.197,3.197,9,9,ggerganov,human_account,not_automation,MEMBER,yes,yes,no,yes,no,15.19,424.95
,,,21,ggml-org/llama.cpp,llm_native,model_infra,supporting_infrastructure,pull_request,25373,https://github.com/ggml-org/llama.cpp/pull/25373,merged,2026-07-06T22:10:13Z,2026-07-07T11:27:51Z,2026-07-07T11:27:51Z,asf0,CONTRIBUTOR,human_account,no,yes,yes,yes,no,no,yes,no,yes,yes,yes,yes,no,no,no,1,no,yes,yes,yes,no,no,no,no,5,2,3,0,yes,no,no,no,4,2,0.033,9.64,11.426,1,0,IMbackK,human_account,not_automation,CONTRIBUTOR,yes,no,no,yes,no,0.554,424.95
,,,21,ggml-org/llama.cpp,llm_native,model_infra,supporting_infrastructure,issue,24726,https://github.com/ggml-org/llama.cpp/issues/24726,closed,2026-06-17T15:33:00Z,2026-06-19T13:32:33Z,,maikelthedev,NONE,human_account,no,no,no,no,no,no,no,no,no,no,no,no,no,no,no,0,no,yes,yes,yes,no,no,no,no,6,6,0,0,no,no,no,no,7,0,2.547,2.547,2.547,0,0,ngxson,human_account,not_automation,COLLABORATOR,yes,yes,no,yes,no,1.916,424.95
,,,21,ggml-org/llama.cpp,llm_native,model_infra,supporting_infrastructure,pull_request,22087,https://github.com/ggml-org/llama.cpp/pull/22087,merged,2026-04-18T16:04:32Z,2026-04-19T07:25:39Z,2026-04-19T07:25:39Z,Bing-su,CONTRIBUTOR,human_account,no,yes,no,no,no,no,yes,no,no,no,yes,yes,no,no,no,0,no,yes,yes,yes,no,no,no,no,3,2,1,0,yes,yes,no,no,2,0,2.278,2.278,2.278,4,2,ggerganov,human_account,not_automation,MEMBER,yes,yes,no,yes,yes,0.64,424.95
,,,21,ggml-org/llama.cpp,llm_native,model_infra,supporting_infrastructure,pull_request,25022,https://github.com/ggml-org/llama.cpp/pull/25022,merged,2026-06-25T22:34:06Z,2026-06-27T07:30:56Z,2026-06-27T07:30:56Z,CISC,MEMBER,human_account,no,yes,no,no,no,no,yes,no,no,no,yes,yes,no,no,no,0,no,yes,yes,yes,no,no,no,no,1,0,1,0,yes,no,no,no,2,0,5.791,5.791,5.791,1,0,ggerganov,human_account,not_automation,MEMBER,yes,yes,no,no,no,1.373,424.95
,,,21,ggml-org/llama.cpp,llm_native,model_infra,supporting_infrastructure,pull_request,26502,https://github.com/ggml-org/llama.cpp/pull/26502,merged,2026-08-03T07:21:15Z,2026-08-19T21:53:28Z,2026-08-19T21:53:28Z,max-krasnyansky,MEMBER,human_account,no,yes,no,no,no,no,yes,no,no,no,yes,yes,no,no,no,0,no,yes,yes,yes,no,no,no,no,12,15,3,0,yes,yes,no,no,6,0,55.763,55.763,55.763,3,3,max-krasnyansky,human_account,not_automation,MEMBER,yes,yes,no,no,no,16.606,424.95
,,,21,ggml-org/llama.cpp,llm_native,model_infra,supporting_infrastructure,pull_request,20690,https://github.com/ggml-org/llama.cpp/pull/20690,merged,2026-03-17T16:36:11Z,2026-04-22T08:28:46Z,2026-04-22T08:28:46Z,pwilkin,MEMBER,human_account,no,yes,no,no,no,no,yes,no,no,no,yes,yes,no,no,no,0,no,yes,yes,yes,no,no,no,no,13,15,5,0,yes,yes,no,no,7,0,0.439,0.439,48.728,2,2,pwilkin,human_account,not_automation,MEMBER,yes,yes,no,no,yes,35.662,424.95
,,,21,ggml-org/llama.cpp,llm_native,model_infra,supporting_infrastructure,pull_request,25021,https://github.com/ggml-org/llama.cpp/pull/25021,closed_unmerged,2026-06-25T22:02:07Z,2026-06-25T22:02:45Z,,warshanks,NONE,human_account,no,yes,no,no,no,no,yes,no,no,no,no,no,no,no,no,0,no,yes,yes,no,no,yes,yes,yes,1,1,0,0,no,no,no,no,2,1,0.075,,,26,0,ngxson,human_account,not_automation,COLLABORATOR,yes,yes,no,yes,no,0.0,424.95
,,,21,ggml-org/llama.cpp,llm_native,model_infra,supporting_infrastructure,pull_request,24953,https://github.com/ggml-org/llama.cpp/pull/24953,open,2026-06-23T19:10:42Z,,,surfidaho,NONE,human_account,no,yes,no,no,no,no,yes,no,no,no,no,no,no,no,no,0,no,yes,yes,no,no,unknown,yes,yes,0,0,0,0,no,no,no,no,1,0,,,,1,0,,,,,no,no,no,yes,no,,424.95
,,,21,ggml-org/llama.cpp,llm_native,model_infra,supporting_infrastructure,pull_request,27138,https://github.com/ggml-org/llama.cpp/pull/27138,merged,2026-08-15T15:28:55Z,2026-08-18T14:23:44Z,2026-08-18T14:23:44Z,nikwen,MEMBER,human_account,no,yes,no,no,no,no,no,no,no,no,yes,yes,no,no,no,0,no,yes,yes,yes,no,no,no,no,4,6,2,0,yes,no,no,no,5,2,0.014,66.728,66.728,1,0,ngxson,human_account,not_automation,COLLABORATOR,yes,yes,no,no,no,2.955,424.95
,,,21,ggml-org/llama.cpp,llm_native,model_infra,supporting_infrastructure,pull_request,25196,https://github.com/ggml-org/llama.cpp/pull/25196,closed_unmerged,2026-07-01T08:05:54Z,2026-07-17T04:00:37Z,,liminfei-amd,CONTRIBUTOR,human_account,no,yes,no,no,no,no,yes,no,no,no,no,no,no,no,no,0,no,yes,yes,no,no,no,no,yes,2,5,0,0,no,no,no,no,2,0,5.498,5.498,,1,0,liminfei-amd,human_account,not_automation,CONTRIBUTOR,yes,no,no,yes,no,15.83,424.95
,,,21,ggml-org/llama.cpp,llm_native,model_infra,supporting_infrastructure,pull_request,20849,https://github.com/ggml-org/llama.cpp/pull/20849,merged,2026-03-21T22:54:23Z,2026-03-22T17:33:53Z,2026-03-22T17:33:53Z,ngxson,COLLABORATOR,human_account,no,yes,no,no,no,no,yes,no,no,no,yes,yes,no,no,no,0,no,yes,yes,yes,no,no,no,no,3,2,2,0,yes,yes,no,no,2,0,8.067,8.067,8.067,4,2,ngxson,human_account,not_automation,COLLABORATOR,yes,yes,no,no,yes,0.777,424.95
,,,21,ggml-org/llama.cpp,llm_native,model_infra,supporting_infrastructure,issue,27217,https://github.com/ggml-org/llama.cpp/issues/27217,open,2026-08-17T03:09:16Z,,,lmbagley,NONE,human_account,no,yes,no,no,no,no,yes,no,no,no,no,no,no,no,no,0,no,yes,yes,no,no,no,no,yes,2,2,0,0,no,no,no,no,2,0,43.444,43.444,,0,0,,,,,no,no,no,yes,no,,424.95
,,,21,ggml-org/llama.cpp,llm_native,model_infra,supporting_infrastructure,pull_request,20935,https://github.com/ggml-org/llama.cpp/pull/20935,merged,2026-03-24T08:08:34Z,2026-03-24T08:24:39Z,2026-03-24T08:24:39Z,angt,MEMBER,human_account,no,no,no,no,no,no,no,no,no,no,yes,yes,no,no,no,0,no,yes,yes,yes,no,no,no,no,1,0,1,0,yes,no,no,no,2,0,0.256,0.256,0.256,1,0,angt,human_account,not_automation,MEMBER,yes,yes,no,no,yes,0.011,424.95
,,,21,ggml-org/llama.cpp,llm_native,model_infra,supporting_infrastructure,pull_request,24044,https://github.com/ggml-org/llama.cpp/pull/24044,merged,2026-06-02T18:56:11Z,2026-06-08T15:07:15Z,2026-06-08T15:07:15Z,nikhilJain17,CONTRIBUTOR,human_account,no,yes,no,no,no,no,yes,no,no,no,yes,yes,no,no,no,0,no,yes,yes,yes,no,no,no,no,8,7,4,0,yes,yes,no,no,4,0,5.745,5.745,5.745,22,1,reeselevine,human_account,not_automation,CONTRIBUTOR,yes,no,no,yes,no,5.841,424.95
,,,21,ggml-org/llama.cpp,llm_native,model_infra,supporting_infrastructure,pull_request,22533,https://github.com/ggml-org/llama.cpp/pull/22533,merged,2026-04-29T21:23:58Z,2026-05-02T20:19:25Z,2026-05-02T20:19:25Z,lucyknada,CONTRIBUTOR,human_account,no,yes,no,no,no,no,yes,no,no,no,yes,no,no,no,no,0,no,yes,yes,no,no,no,no,yes,10,8,3,0,yes,yes,no,no,4,0,8.916,8.916,,2,1,JohannesGaessler,human_account,not_automation,CONTRIBUTOR,yes,no,no,yes,yes,2.955,424.95
,,,22,n8n-io/n8n,mixed,agent_framework,agent_building,pull_request,31338,https://github.com/n8n-io/n8n/pull/31338,closed_unmerged,2026-05-29T08:07:03Z,2026-06-01T05:47:38Z,,CharlieKolb,COLLABORATOR,human_account,no,yes,yes,no,no,yes,yes,no,yes,no,no,no,no,no,no,3,no,yes,yes,yes,no,yes,yes,yes,5,5,0,0,no,no,no,no,4,1,0.007,,,1,0,CharlieKolb,human_account,not_automation,COLLABORATOR,yes,yes,no,no,yes,2.903,667.15
,,,22,n8n-io/n8n,mixed,agent_framework,agent_building,issue,28962,https://github.com/n8n-io/n8n/issues/28962,closed,2026-04-23T09:03:35Z,2026-05-08T05:06:22Z,,sshzaib,NONE,human_account,no,yes,yes,no,no,yes,no,no,yes,no,no,no,no,no,no,4,no,yes,yes,no,no,no,no,yes,3,4,0,0,no,no,no,no,4,2,0.003,11.997,,0,0,michael-radency,human_account,not_automation,CONTRIBUTOR,yes,no,no,yes,yes,14.835,667.15
,,,22,n8n-io/n8n,mixed,agent_framework,agent_building,pull_request,32615,https://github.com/n8n-io/n8n/pull/32615,merged,2026-06-18T19:43:24Z,2026-06-18T20:00:59Z,2026-06-18T20:00:59Z,n8n-cat-bot[bot],CONTRIBUTOR,automation_bot,no,yes,yes,no,no,yes,yes,no,yes,no,yes,yes,no,no,no,5,yes,yes,yes,yes,no,no,no,no,3,2,1,0,yes,no,no,no,4,2,0.041,0.228,0.228,1,0,shortstacked,human_account,not_automation,COLLABORATOR,yes,yes,no,yes,no,0.012,667.15
,,,22,n8n-io/n8n,mixed,agent_framework,agent_building,pull_request,27956,https://github.com/n8n-io/n8n/pull/27956,merged,2026-04-02T10:01:38Z,2026-04-02T13:55:03Z,2026-04-02T13:55:03Z,phyllis-noester,CONTRIBUTOR,human_account,no,yes,yes,no,yes,yes,yes,no,yes,yes,yes,no,no,no,no,3,no,yes,yes,no,no,no,no,yes,4,2,2,0,yes,yes,no,no,5,3,0.062,2.785,,4,2,phyllis-noester,human_account,not_automation,CONTRIBUTOR,yes,no,no,yes,yes,0.162,667.15
,,,22,n8n-io/n8n,mixed,agent_framework,agent_building,pull_request,35971,https://github.com/n8n-io/n8n/pull/35971,closed_unmerged,2026-08-10T15:05:34Z,2026-08-10T15:20:22Z,,waroxa,NONE,human_account,no,yes,yes,yes,yes,yes,no,no,yes,yes,no,no,no,no,no,5,no,yes,yes,yes,no,no,no,no,6,4,2,0,yes,no,no,no,5,2,0.006,0.261,0.261,1,0,Joffcom,human_account,not_automation,MEMBER,yes,yes,no,yes,no,0.01,667.15
,,,22,n8n-io/n8n,mixed,agent_framework,agent_building,pull_request,34390,https://github.com/n8n-io/n8n/pull/34390,merged,2026-07-17T06:19:24Z,2026-07-17T07:04:07Z,2026-07-17T07:04:07Z,n8n-cat-bot[bot],CONTRIBUTOR,automation_bot,no,yes,yes,no,no,yes,yes,no,yes,no,yes,yes,no,no,no,8,no,yes,yes,yes,no,no,no,no,2,3,2,0,yes,no,no,no,3,2,0.518,0.518,0.518,2,0,shortstacked,human_account,not_automation,COLLABORATOR,yes,yes,no,yes,no,0.031,667.15
,,,22,n8n-io/n8n,mixed,agent_framework,agent_building,issue,29904,https://github.com/n8n-io/n8n/issues/29904,closed,2026-05-06T14:06:10Z,2026-05-14T13:11:12Z,,s1taylor,NONE,human_account,no,yes,yes,no,no,yes,no,no,yes,no,no,no,no,no,no,2,no,yes,yes,yes,no,no,no,no,3,5,0,0,no,no,no,no,4,2,0.003,128.335,191.084,0,0,Joffcom,human_account,not_automation,MEMBER,yes,yes,no,yes,yes,7.962,667.15
,,,22,n8n-io/n8n,mixed,agent_framework,agent_building,pull_request,33828,https://github.com/n8n-io/n8n/pull/33828,merged,2026-07-08T10:59:04Z,2026-07-09T08:42:52Z,2026-07-09T08:42:52Z,CharlieKolb,COLLABORATOR,human_account,no,yes,yes,no,yes,yes,yes,no,yes,yes,yes,yes,no,no,no,6,yes,yes,yes,yes,no,no,no,no,7,4,3,0,yes,yes,no,no,6,3,0.012,21.633,21.633,3,1,CharlieKolb,human_account,not_automation,COLLABORATOR,yes,yes,no,no,no,0.905,667.15
,,,22,n8n-io/n8n,mixed,agent_framework,agent_building,pull_request,23820,https://github.com/n8n-io/n8n/pull/23820,closed_unmerged,2026-01-04T10:15:48Z,2026-03-20T09:30:40Z,,majiayu000,CONTRIBUTOR,human_account,no,yes,yes,no,yes,yes,no,no,yes,yes,no,no,no,no,no,5,no,yes,yes,no,no,yes,yes,yes,2,2,1,0,yes,no,no,no,3,2,0.028,,,1,0,majiayu000,human_account,not_automation,CONTRIBUTOR,yes,no,no,yes,yes,74.969,667.15
,,,22,n8n-io/n8n,mixed,agent_framework,agent_building,pull_request,27005,https://github.com/n8n-io/n8n/pull/27005,closed_unmerged,2026-03-13T12:53:56Z,2026-03-16T09:04:15Z,,guillaumejacquart,CONTRIBUTOR,human_account,no,yes,yes,no,yes,yes,yes,no,yes,yes,yes,no,no,no,no,11,no,yes,yes,no,no,yes,yes,yes,10,11,2,0,yes,yes,no,no,3,5,0.069,,,2,1,guillaumejacquart,human_account,not_automation,CONTRIBUTOR,yes,no,no,yes,yes,2.84,667.15
,,,22,n8n-io/n8n,mixed,agent_framework,agent_building,issue,37336,https://github.com/n8n-io/n8n/issues/37336,closed,2026-08-28T15:01:03Z,2026-08-28T15:01:29Z,,JamesRaynor007,NONE,human_account,no,yes,yes,no,no,yes,no,no,yes,no,no,no,no,no,yes,3,no,yes,yes,no,no,yes,yes,yes,1,1,0,0,no,no,no,no,2,1,0.006,,,0,0,n8n-assistant[bot],automation_bot,support_agent,CONTRIBUTOR,no,no,yes,yes,no,0.0,667.15
,,,22,n8n-io/n8n,mixed,agent_framework,agent_building,pull_request,27749,https://github.com/n8n-io/n8n/pull/27749,merged,2026-03-30T11:16:33Z,2026-04-01T17:00:24Z,2026-04-01T17:00:24Z,DawidMyslak,CONTRIBUTOR,human_account,no,yes,yes,no,yes,yes,yes,no,yes,yes,yes,no,no,no,no,6,no,yes,yes,no,no,no,no,yes,4,2,2,0,yes,yes,no,no,5,3,0.069,3.265,,4,3,DawidMyslak,human_account,not_automation,CONTRIBUTOR,yes,no,no,yes,yes,2.239,667.15
,,,22,n8n-io/n8n,mixed,agent_framework,agent_building,pull_request,28656,https://github.com/n8n-io/n8n/pull/28656,merged,2026-04-19T09:48:32Z,2026-04-20T10:02:43Z,2026-04-20T10:02:43Z,aalises,CONTRIBUTOR,human_account,no,yes,yes,no,yes,yes,yes,no,yes,yes,yes,no,no,no,no,4,no,yes,yes,no,no,no,no,yes,5,3,2,0,yes,no,no,no,6,3,0.046,23.242,,1,0,aalises,human_account,not_automation,CONTRIBUTOR,yes,no,no,yes,yes,1.01,667.15
,,,22,n8n-io/n8n,mixed,agent_framework,agent_building,pull_request,24329,https://github.com/n8n-io/n8n/pull/24329,merged,2026-01-14T15:10:05Z,2026-01-14T16:09:06Z,2026-01-14T16:09:06Z,dlavrenuek,CONTRIBUTOR,human_account,no,yes,yes,no,yes,yes,yes,no,yes,yes,yes,no,no,no,no,8,no,yes,yes,no,no,no,no,yes,8,5,3,0,yes,yes,no,no,7,3,0.014,0.014,,3,2,dlavrenuek,human_account,not_automation,CONTRIBUTOR,yes,no,no,yes,yes,0.041,667.15
,,,22,n8n-io/n8n,mixed,agent_framework,agent_building,pull_request,28646,https://github.com/n8n-io/n8n/pull/28646,merged,2026-04-18T12:12:36Z,2026-04-27T14:14:40Z,2026-04-27T14:14:40Z,mfsiega,CONTRIBUTOR,human_account,no,yes,yes,no,yes,yes,yes,no,yes,yes,yes,yes,no,no,no,6,no,yes,yes,yes,no,no,no,no,10,38,5,0,yes,yes,no,no,7,7,0.097,215.303,215.303,15,10,mfsiega,human_account,not_automation,CONTRIBUTOR,yes,no,no,yes,yes,9.085,667.15
,,,22,n8n-io/n8n,mixed,agent_framework,agent_building,issue,25261,https://github.com/n8n-io/n8n/issues/25261,closed,2026-02-03T18:57:28Z,2026-02-10T22:29:22Z,,ptolomea9,NONE,human_account,no,yes,yes,no,no,yes,no,no,yes,no,no,no,no,no,no,3,no,yes,yes,no,no,no,no,yes,2,2,0,0,no,no,no,no,3,2,7.412,171.532,,0,0,krisn0x,human_account,not_automation,CONTRIBUTOR,yes,no,no,yes,yes,7.147,667.15
,,,22,n8n-io/n8n,mixed,agent_framework,agent_building,pull_request,35050,https://github.com/n8n-io/n8n/pull/35050,merged,2026-07-28T06:41:09Z,2026-07-28T14:39:56Z,2026-07-28T14:39:56Z,CharlieKolb,COLLABORATOR,human_account,no,yes,yes,no,yes,yes,yes,no,yes,yes,yes,yes,no,no,no,5,no,yes,yes,yes,no,no,no,no,7,4,3,0,yes,no,no,no,6,5,0.014,7.223,7.223,1,0,CharlieKolb,human_account,not_automation,COLLABORATOR,yes,yes,no,no,no,0.332,667.15
,,,22,n8n-io/n8n,mixed,agent_framework,agent_building,issue,33411,https://github.com/n8n-io/n8n/issues/33411,closed,2026-07-02T05:23:30Z,2026-07-14T09:41:56Z,,TheITGuy653,NONE,human_account,no,yes,yes,no,no,yes,no,no,yes,no,no,no,no,no,no,4,no,yes,yes,yes,no,no,no,no,2,2,0,0,no,no,no,no,3,2,0.006,292.307,292.307,0,0,Joffcom,human_account,not_automation,MEMBER,yes,yes,no,yes,no,12.179,667.15
,,,22,n8n-io/n8n,mixed,agent_framework,agent_building,pull_request,31910,https://github.com/n8n-io/n8n/pull/31910,closed_unmerged,2026-06-08T12:27:12Z,2026-06-08T12:27:46Z,,aalises,CONTRIBUTOR,human_account,no,yes,yes,no,no,yes,yes,no,yes,no,no,no,no,no,no,2,yes,yes,yes,no,no,yes,yes,yes,6,6,0,0,no,no,no,no,4,1,0.011,,,1,0,aalises,human_account,not_automation,CONTRIBUTOR,yes,no,no,yes,no,0.0,667.15
,,,22,n8n-io/n8n,mixed,agent_framework,agent_building,pull_request,30233,https://github.com/n8n-io/n8n/pull/30233,merged,2026-05-11T12:09:21Z,2026-05-12T07:29:03Z,2026-05-12T07:29:03Z,yehorkardash,CONTRIBUTOR,human_account,no,yes,yes,no,yes,yes,yes,no,yes,yes,yes,no,no,no,no,9,no,yes,yes,no,no,no,no,yes,9,9,2,0,yes,yes,no,no,5,7,0.03,0.238,,4,1,yehorkardash,human_account,not_automation,CONTRIBUTOR,yes,no,no,yes,yes,0.805,667.15
,,,23,ray-project/ray,traditional,model_infra,supporting_infrastructure,pull_request,64896,https://github.com/ray-project/ray/pull/64896,merged,2026-07-21T03:58:19Z,2026-07-23T01:19:53Z,2026-07-23T01:19:53Z,rueian,CONTRIBUTOR,human_account,no,yes,yes,yes,yes,no,no,no,yes,yes,yes,no,no,no,no,5,no,yes,yes,no,no,no,no,yes,8,7,3,0,yes,yes,no,no,4,2,0.02,39.572,,4,4,rueian,human_account,not_automation,CONTRIBUTOR,yes,no,no,yes,no,1.89,295.35
,,,23,ray-project/ray,traditional,model_infra,supporting_infrastructure,pull_request,64823,https://github.com/ray-project/ray/pull/64823,merged,2026-07-16T21:38:04Z,2026-07-22T18:48:30Z,2026-07-22T18:48:29Z,Sparks0219,CONTRIBUTOR,human_account,no,yes,yes,no,yes,no,yes,no,yes,yes,yes,no,no,no,no,4,no,yes,yes,no,no,no,no,yes,9,9,3,0,yes,yes,no,no,4,2,0.027,18.89,,6,5,Sparks0219,human_account,not_automation,CONTRIBUTOR,yes,no,no,yes,no,5.882,295.35
,,,23,ray-project/ray,traditional,model_infra,supporting_infrastructure,pull_request,63358,https://github.com/ray-project/ray/pull/63358,merged,2026-05-15T03:52:18Z,2026-05-18T19:38:20Z,2026-05-18T19:38:20Z,dstrodtman,CONTRIBUTOR,human_account,no,yes,yes,no,yes,no,no,no,yes,yes,yes,yes,no,no,no,3,no,yes,yes,yes,no,no,no,no,4,3,2,0,yes,no,no,no,3,2,0.028,87.747,87.747,1,0,elliot-barn,human_account,not_automation,COLLABORATOR,yes,yes,no,yes,yes,3.657,295.35
,,,23,ray-project/ray,traditional,model_infra,supporting_infrastructure,pull_request,65342,https://github.com/ray-project/ray/pull/65342,merged,2026-08-10T20:53:48Z,2026-08-14T10:06:19Z,2026-08-14T10:06:19Z,dstrodtman,CONTRIBUTOR,human_account,no,yes,yes,no,yes,no,no,no,yes,yes,yes,yes,no,no,no,1,no,yes,yes,yes,no,no,no,no,4,0,4,0,yes,yes,no,no,4,2,0.023,17.872,75.998,2,1,dstrodtman,human_account,not_automation,CONTRIBUTOR,yes,no,no,yes,no,3.55,295.35
,,,23,ray-project/ray,traditional,model_infra,supporting_infrastructure,pull_request,62242,https://github.com/ray-project/ray/pull/62242,merged,2026-03-31T20:56:35Z,2026-04-01T05:58:47Z,2026-04-01T05:58:47Z,rayhhome,CONTRIBUTOR,human_account,no,yes,yes,yes,yes,no,no,no,yes,yes,yes,yes,no,no,no,4,no,yes,yes,yes,no,no,no,no,17,21,6,0,yes,yes,no,no,5,2,0.049,0.754,0.754,7,6,bveeramani,human_account,not_automation,MEMBER,yes,yes,no,yes,yes,0.377,295.35
,,,23,ray-project/ray,traditional,model_infra,supporting_infrastructure,pull_request,61129,https://github.com/ray-project/ray/pull/61129,merged,2026-02-18T02:13:40Z,2026-02-18T21:07:54Z,2026-02-18T21:07:54Z,aslonnie,CONTRIBUTOR,human_account,no,yes,yes,yes,yes,no,no,no,yes,yes,yes,no,no,no,no,3,no,yes,yes,no,no,no,no,yes,4,1,3,0,yes,yes,no,no,4,2,0.017,15.032,,3,3,aslonnie,human_account,not_automation,CONTRIBUTOR,yes,no,no,yes,yes,0.788,295.35
,,,23,ray-project/ray,traditional,model_infra,supporting_infrastructure,pull_request,63396,https://github.com/ray-project/ray/pull/63396,merged,2026-05-16T06:03:05Z,2026-05-29T17:12:31Z,2026-05-29T17:12:31Z,jeffreywang88,CONTRIBUTOR,human_account,no,yes,yes,yes,yes,no,no,no,yes,yes,yes,yes,no,no,no,3,no,yes,yes,yes,no,no,no,no,9,11,6,0,yes,yes,no,no,5,4,0.028,58.836,58.836,13,12,elliot-barn,human_account,not_automation,COLLABORATOR,yes,yes,no,yes,yes,13.465,295.35
,,,23,ray-project/ray,traditional,model_infra,supporting_infrastructure,pull_request,60834,https://github.com/ray-project/ray/pull/60834,merged,2026-02-07T12:22:10Z,2026-02-09T20:13:02Z,2026-02-09T20:13:02Z,machichima,CONTRIBUTOR,human_account,no,yes,yes,yes,yes,no,no,no,yes,yes,yes,yes,no,no,no,8,no,yes,yes,yes,no,no,no,no,10,6,4,0,yes,yes,no,no,5,2,0.024,35.784,35.784,3,2,edoakes,human_account,not_automation,COLLABORATOR,yes,yes,no,yes,yes,2.327,295.35
,,,23,ray-project/ray,traditional,model_infra,supporting_infrastructure,pull_request,62598,https://github.com/ray-project/ray/pull/62598,closed_unmerged,2026-04-14T06:53:47Z,2026-04-16T14:36:20Z,,WFY123wfy,CONTRIBUTOR,human_account,no,yes,yes,no,yes,no,no,no,yes,no,no,no,no,no,no,1,no,yes,yes,no,no,yes,yes,yes,1,1,0,0,no,no,no,no,2,1,0.001,,,1,0,WFY123wfy,human_account,not_automation,CONTRIBUTOR,yes,no,no,yes,yes,2.321,295.35
,,,23,ray-project/ray,traditional,model_infra,supporting_infrastructure,pull_request,64337,https://github.com/ray-project/ray/pull/64337,merged,2026-06-25T08:57:55Z,2026-06-25T22:29:28Z,2026-06-25T22:29:28Z,fuxi611,CONTRIBUTOR,human_account,no,yes,yes,no,yes,no,no,no,yes,yes,yes,no,no,no,no,2,no,yes,yes,no,no,no,no,yes,3,2,2,0,yes,yes,no,no,3,2,0.015,11.957,,1,1,kouroshHakha,human_account,not_automation,CONTRIBUTOR,yes,no,no,yes,no,0.564,295.35
,,,23,ray-project/ray,traditional,model_infra,supporting_infrastructure,pull_request,62282,https://github.com/ray-project/ray/pull/62282,closed_unmerged,2026-04-01T21:17:48Z,2026-04-30T12:49:11Z,,Sparks0219,CONTRIBUTOR,human_account,no,yes,yes,yes,yes,no,yes,no,yes,yes,no,no,no,no,no,3,no,yes,yes,no,no,yes,yes,yes,5,3,2,0,yes,no,no,no,4,1,0.087,,,1,0,github-actions[bot],automation_bot,conventional_automation,NONE,no,no,no,yes,yes,28.647,295.35
,,,23,ray-project/ray,traditional,model_infra,supporting_infrastructure,pull_request,61120,https://github.com/ray-project/ray/pull/61120,merged,2026-02-17T22:41:21Z,2026-02-18T04:40:52Z,2026-02-18T04:40:52Z,eicherseiji,CONTRIBUTOR,human_account,no,yes,yes,yes,yes,no,no,no,yes,yes,yes,no,no,no,no,2,no,yes,yes,no,no,no,no,yes,3,2,2,0,yes,yes,no,no,3,2,0.024,5.905,,2,1,abrarsheikh,human_account,not_automation,,yes,no,no,yes,yes,0.25,295.35
,,,23,ray-project/ray,traditional,model_infra,supporting_infrastructure,pull_request,64088,https://github.com/ray-project/ray/pull/64088,merged,2026-06-14T13:51:05Z,2026-07-15T18:02:53Z,2026-07-15T18:02:53Z,antoine-galataud,CONTRIBUTOR,human_account,no,yes,yes,yes,yes,no,yes,no,yes,yes,yes,yes,no,yes,no,4,no,yes,yes,yes,no,no,no,no,8,4,4,1,yes,yes,yes,yes,6,2,0.014,358.588,358.588,7,6,ArturNiederfahrenhorst,human_account,not_automation,CONTRIBUTOR,yes,no,no,yes,no,31.175,295.35
,,,23,ray-project/ray,traditional,model_infra,supporting_infrastructure,pull_request,59818,https://github.com/ray-project/ray/pull/59818,merged,2026-01-02T20:54:59Z,2026-01-02T22:23:52Z,2026-01-02T22:23:52Z,alexeykudinkin,CONTRIBUTOR,human_account,no,yes,yes,yes,yes,no,no,no,yes,yes,yes,yes,no,no,no,5,no,yes,yes,yes,no,no,no,no,12,5,7,0,yes,yes,no,no,7,2,0.016,0.319,0.576,5,1,bveeramani,human_account,not_automation,MEMBER,yes,yes,no,yes,yes,0.062,295.35
,,,23,ray-project/ray,traditional,model_infra,supporting_infrastructure,pull_request,64519,https://github.com/ray-project/ray/pull/64519,merged,2026-07-02T20:32:01Z,2026-07-18T02:13:41Z,2026-07-18T02:13:41Z,kyuds,MEMBER,human_account,no,yes,yes,yes,yes,no,no,no,yes,yes,yes,yes,no,no,no,9,no,yes,yes,yes,no,no,no,yes,25,16,11,0,yes,yes,no,no,5,6,0.023,343.156,,12,10,richardliaw,human_account,not_automation,CONTRIBUTOR,yes,no,no,no,no,15.237,295.35
,,,23,ray-project/ray,traditional,model_infra,supporting_infrastructure,pull_request,63287,https://github.com/ray-project/ray/pull/63287,merged,2026-05-12T00:12:22Z,2026-05-15T19:22:26Z,2026-05-15T19:22:26Z,liulehui,CONTRIBUTOR,human_account,no,yes,yes,yes,yes,no,no,no,yes,yes,yes,no,no,yes,no,4,no,yes,yes,no,no,no,no,yes,15,10,7,1,yes,yes,yes,yes,6,4,0.092,20.593,,7,7,justinvyu,human_account,not_automation,CONTRIBUTOR,yes,no,no,yes,yes,3.799,295.35
,,,23,ray-project/ray,traditional,model_infra,supporting_infrastructure,pull_request,60994,https://github.com/ray-project/ray/pull/60994,open,2026-02-12T00:53:18Z,,,khluu,CONTRIBUTOR,human_account,no,yes,yes,no,yes,no,yes,no,yes,yes,no,no,no,no,no,10,no,yes,yes,no,no,yes,yes,yes,11,10,1,0,yes,no,no,no,3,1,0.02,,,1,0,,,,,no,no,no,yes,yes,,295.35
,,,23,ray-project/ray,traditional,model_infra,supporting_infrastructure,pull_request,63683,https://github.com/ray-project/ray/pull/63683,closed_unmerged,2026-05-27T23:31:25Z,2026-06-26T01:20:01Z,,Anner-deJong,NONE,human_account,no,yes,yes,yes,yes,no,yes,no,yes,yes,yes,no,no,no,no,10,no,yes,yes,no,no,yes,yes,yes,12,13,4,0,yes,yes,no,no,4,3,0.015,,,1,1,github-actions[bot],automation_bot,conventional_automation,NONE,no,no,no,yes,yes,29.075,295.35
,,,23,ray-project/ray,traditional,model_infra,supporting_infrastructure,pull_request,60826,https://github.com/ray-project/ray/pull/60826,merged,2026-02-07T06:01:27Z,2026-02-10T22:53:42Z,2026-02-10T22:53:42Z,rueian,CONTRIBUTOR,human_account,no,yes,yes,yes,yes,no,no,no,yes,yes,yes,yes,no,no,no,4,no,yes,yes,yes,no,no,no,no,13,10,5,0,yes,yes,no,no,6,2,0.024,42.156,42.156,3,2,MengjinYan,human_account,not_automation,CONTRIBUTOR,yes,no,no,yes,yes,3.703,295.35
,,,23,ray-project/ray,traditional,model_infra,supporting_infrastructure,issue,63591,https://github.com/ray-project/ray/issues/63591,closed,2026-05-22T02:01:12Z,2026-05-22T02:02:54Z,,xinyuangui2,CONTRIBUTOR,human_account,no,yes,no,no,no,no,yes,no,no,no,no,no,no,no,no,0,no,yes,yes,no,no,unknown,yes,yes,0,1,0,0,no,no,no,no,1,0,,,,0,0,xinyuangui2,human_account,not_automation,CONTRIBUTOR,yes,no,no,yes,yes,0.001,295.35
,,,24,apache/spark,traditional,model_infra,supporting_infrastructure,pull_request,54302,https://github.com/apache/spark/pull/54302,closed_unmerged,2026-02-13T03:14:09Z,2026-02-13T09:00:27Z,,viirya,MEMBER,human_account,no,no,no,no,no,no,no,no,no,no,no,no,no,no,no,0,no,yes,yes,yes,no,unknown,yes,yes,0,2,0,0,no,no,no,no,1,0,,,,1,0,viirya,human_account,not_automation,MEMBER,yes,yes,no,no,yes,0.24,233.35
,,,24,apache/spark,traditional,model_infra,supporting_infrastructure,pull_request,55568,https://github.com/apache/spark/pull/55568,closed_unmerged,2026-04-27T18:58:28Z,2026-05-06T17:49:17Z,,gengliangwang,MEMBER,human_account,no,no,no,no,no,no,no,no,no,no,no,no,no,no,no,0,no,yes,yes,yes,no,unknown,yes,yes,0,1,0,0,no,no,no,no,1,0,,,,6,0,gengliangwang,human_account,not_automation,MEMBER,yes,yes,no,no,yes,8.952,233.35
,,,24,apache/spark,traditional,model_infra,supporting_infrastructure,pull_request,54608,https://github.com/apache/spark/pull/54608,closed_unmerged,2026-03-04T00:11:57Z,2026-03-04T16:14:19Z,,ilicmarkodb,CONTRIBUTOR,human_account,no,no,no,no,no,no,no,no,no,no,yes,no,no,no,no,0,no,yes,yes,no,no,no,no,yes,4,1,3,0,yes,no,no,no,4,0,11.659,11.659,,1,0,cloud-fan,human_account,not_automation,CONTRIBUTOR,yes,no,no,yes,yes,0.668,233.35
,,,24,apache/spark,traditional,model_infra,supporting_infrastructure,pull_request,57837,https://github.com/apache/spark/pull/57837,closed_unmerged,2026-08-07T05:06:36Z,2026-08-19T18:23:09Z,,haoyangeng-db,CONTRIBUTOR,human_account,no,no,no,no,no,no,no,no,no,no,yes,yes,no,no,no,0,no,yes,yes,yes,no,no,no,no,5,3,3,0,yes,yes,no,no,4,0,5.508,5.508,5.508,3,2,cloud-fan,human_account,not_automation,CONTRIBUTOR,yes,no,no,yes,no,12.553,233.35
,,,24,apache/spark,traditional,model_infra,supporting_infrastructure,pull_request,57281,https://github.com/apache/spark/pull/57281,closed_unmerged,2026-07-15T18:08:22Z,2026-07-15T19:52:06Z,,dongjoon-hyun,MEMBER,human_account,no,yes,no,no,no,no,no,no,no,no,yes,no,no,no,no,0,no,yes,yes,yes,no,no,no,yes,1,3,1,0,yes,no,no,no,2,0,0.229,0.229,,1,0,dongjoon-hyun,human_account,not_automation,MEMBER,yes,yes,no,no,no,0.072,233.35
,,,24,apache/spark,traditional,model_infra,supporting_infrastructure,pull_request,53721,https://github.com/apache/spark/pull/53721,closed_unmerged,2026-01-08T01:04:11Z,2026-01-15T02:36:48Z,,Yicong-Huang,CONTRIBUTOR,human_account,no,yes,no,no,no,no,yes,no,no,no,yes,no,no,no,no,0,no,yes,yes,no,no,no,no,yes,7,7,3,0,yes,yes,no,no,3,2,0.003,2.841,,8,5,zhengruifeng,human_account,not_automation,CONTRIBUTOR,yes,no,no,yes,yes,7.064,233.35
,,,24,apache/spark,traditional,model_infra,supporting_infrastructure,pull_request,57245,https://github.com/apache/spark/pull/57245,closed_unmerged,2026-07-14T07:16:12Z,2026-07-16T18:56:21Z,,anew,CONTRIBUTOR,human_account,no,yes,no,no,no,no,no,no,no,no,yes,yes,no,no,no,0,no,yes,yes,yes,no,no,no,no,7,7,3,0,yes,yes,no,no,2,0,40.393,40.393,40.393,3,2,szehon-ho,human_account,not_automation,MEMBER,yes,yes,no,yes,no,2.486,233.35
,,,24,apache/spark,traditional,model_infra,supporting_infrastructure,pull_request,56752,https://github.com/apache/spark/pull/56752,closed_unmerged,2026-06-24T20:37:10Z,2026-06-25T06:20:12Z,,cloud-fan,CONTRIBUTOR,human_account,no,no,no,no,no,no,no,no,no,no,yes,yes,no,no,no,0,yes,yes,yes,yes,no,no,no,no,7,5,4,0,yes,yes,no,no,4,0,0.177,0.177,0.177,1,1,uros-b,human_account,not_automation,MEMBER,yes,yes,no,yes,no,0.405,233.35
,,,24,apache/spark,traditional,model_infra,supporting_infrastructure,pull_request,57506,https://github.com/apache/spark/pull/57506,closed_unmerged,2026-07-24T18:20:50Z,2026-07-24T19:39:33Z,,dongjoon-hyun,MEMBER,human_account,no,no,no,no,no,no,no,no,no,no,yes,no,no,no,no,0,no,yes,yes,yes,no,no,no,yes,1,3,1,0,yes,no,no,no,2,0,1.291,1.291,,1,0,dongjoon-hyun,human_account,not_automation,MEMBER,yes,yes,no,no,no,0.055,233.35
,,,24,apache/spark,traditional,model_infra,supporting_infrastructure,pull_request,55014,https://github.com/apache/spark/pull/55014,closed_unmerged,2026-03-25T19:52:01Z,2026-07-05T00:52:54Z,,liuzqt,CONTRIBUTOR,human_account,no,yes,no,no,no,no,yes,no,no,no,no,no,no,no,no,0,no,yes,yes,no,no,yes,yes,yes,1,1,0,0,no,no,no,no,2,1,2429.014,,,3,0,github-actions[bot],automation_bot,conventional_automation,NONE,no,no,no,yes,yes,101.209,233.35
,,,24,apache/spark,traditional,model_infra,supporting_infrastructure,pull_request,56987,https://github.com/apache/spark/pull/56987,closed_unmerged,2026-07-03T08:05:14Z,2026-08-04T16:25:09Z,,xumingming,CONTRIBUTOR,human_account,no,no,no,no,no,no,no,no,no,no,yes,no,no,no,no,0,no,yes,yes,no,no,no,no,yes,3,6,1,0,yes,yes,no,no,2,0,67.304,67.304,,3,3,xumingming,human_account,not_automation,CONTRIBUTOR,yes,no,no,yes,no,32.347,233.35
,,,24,apache/spark,traditional,model_infra,supporting_infrastructure,pull_request,53664,https://github.com/apache/spark/pull/53664,closed_unmerged,2026-01-02T19:02:37Z,2026-07-12T00:46:29Z,,srielau,CONTRIBUTOR,human_account,no,yes,no,no,no,no,yes,no,no,no,yes,no,no,no,no,0,no,yes,yes,no,no,no,no,yes,27,18,12,0,yes,yes,no,no,4,3,0.002,399.636,,21,11,github-actions[bot],automation_bot,conventional_automation,NONE,no,no,no,yes,yes,190.239,233.35
,,,24,apache/spark,traditional,model_infra,supporting_infrastructure,pull_request,54167,https://github.com/apache/spark/pull/54167,closed_unmerged,2026-02-06T02:29:16Z,2026-02-06T03:43:06Z,,dongjoon-hyun,MEMBER,human_account,no,yes,no,no,no,no,yes,no,no,no,yes,no,no,no,no,0,no,yes,yes,yes,no,no,no,yes,2,2,1,0,yes,no,no,no,3,2,0.003,0.125,,1,0,dongjoon-hyun,human_account,not_automation,MEMBER,yes,yes,no,no,yes,0.051,233.35
,,,24,apache/spark,traditional,model_infra,supporting_infrastructure,pull_request,55376,https://github.com/apache/spark/pull/55376,closed_unmerged,2026-04-16T19:43:27Z,2026-04-30T22:17:30Z,,longvu-db,CONTRIBUTOR,human_account,no,yes,no,no,no,no,no,no,no,no,yes,yes,no,no,no,0,no,yes,yes,yes,no,no,no,no,32,42,12,0,yes,yes,no,no,6,0,0.429,0.429,0.429,98,98,gengliangwang,human_account,not_automation,MEMBER,yes,yes,no,yes,yes,14.107,233.35
,,,24,apache/spark,traditional,model_infra,supporting_infrastructure,pull_request,54501,https://github.com/apache/spark/pull/54501,closed_unmerged,2026-02-26T03:41:11Z,2026-02-27T01:01:20Z,,cloud-fan,CONTRIBUTOR,human_account,no,yes,no,no,no,no,no,no,no,no,yes,yes,no,no,no,0,no,yes,yes,yes,no,no,no,no,14,11,7,0,yes,yes,no,no,5,0,4.334,4.334,4.334,1,1,cloud-fan,human_account,not_automation,CONTRIBUTOR,yes,no,no,yes,yes,0.889,233.35
,,,24,apache/spark,traditional,model_infra,supporting_infrastructure,pull_request,55457,https://github.com/apache/spark/pull/55457,closed_unmerged,2026-04-21T20:30:58Z,2026-05-28T09:06:49Z,,longvu-db,CONTRIBUTOR,human_account,no,no,no,no,no,no,no,no,no,no,yes,no,no,no,no,0,no,yes,yes,no,no,no,no,yes,2,1,1,0,yes,yes,no,no,2,0,516.041,516.041,,43,43,longvu-db,human_account,not_automation,CONTRIBUTOR,yes,no,no,yes,yes,36.525,233.35
,,,24,apache/spark,traditional,model_infra,supporting_infrastructure,pull_request,56536,https://github.com/apache/spark/pull/56536,closed_unmerged,2026-06-16T04:30:25Z,2026-06-17T16:33:25Z,,ZitingShen,NONE,human_account,no,no,no,no,no,no,no,no,no,no,no,no,no,no,no,0,no,yes,yes,no,no,unknown,yes,yes,0,1,0,0,no,no,no,no,1,0,,,,3,0,ZitingShen,human_account,not_automation,NONE,yes,no,no,yes,no,1.502,233.35
,,,24,apache/spark,traditional,model_infra,supporting_infrastructure,pull_request,56574,https://github.com/apache/spark/pull/56574,closed_unmerged,2026-06-17T20:05:00Z,2026-06-17T22:19:07Z,,dongjoon-hyun,MEMBER,human_account,no,yes,no,no,no,no,no,no,no,no,yes,yes,no,no,no,0,no,yes,yes,yes,no,no,no,no,2,4,2,0,yes,no,no,no,3,0,0.245,0.245,1.889,1,0,dongjoon-hyun,human_account,not_automation,MEMBER,yes,yes,no,no,no,0.093,233.35
,,,24,apache/spark,traditional,model_infra,supporting_infrastructure,issue,55392,https://github.com/apache/spark/issues/55392,closed,2026-04-17T15:00:54Z,2026-08-27T01:46:44Z,,postatum,NONE,human_account,no,yes,no,no,no,no,yes,no,no,no,no,no,no,no,no,0,no,yes,yes,no,no,no,no,yes,2,2,0,0,no,no,no,no,3,0,492.315,492.315,,0,0,github-actions[bot],automation_bot,conventional_automation,NONE,no,no,no,yes,yes,131.448,233.35
,,,24,apache/spark,traditional,model_infra,supporting_infrastructure,pull_request,53770,https://github.com/apache/spark/pull/53770,closed_unmerged,2026-01-12T18:51:40Z,2026-01-13T10:34:29Z,,peter-toth,CONTRIBUTOR,human_account,no,yes,no,no,no,no,yes,no,no,no,yes,yes,no,no,no,0,no,yes,yes,yes,no,no,no,no,5,4,3,0,yes,no,no,no,6,2,0.003,0.189,1.088,2,0,peter-toth,human_account,not_automation,CONTRIBUTOR,yes,no,no,yes,yes,0.655,233.35
,,,25,coder/coder,mixed,agent_runtime_infra,supporting_infrastructure,pull_request,27284,https://github.com/coder/coder/pull/27284,merged,2026-07-16T04:25:46Z,2026-08-06T04:04:24Z,2026-08-06T04:04:24Z,ethanndickson,MEMBER,human_account,no,yes,yes,yes,yes,no,yes,no,yes,yes,yes,yes,yes,no,no,28,yes,yes,yes,yes,no,no,no,no,31,47,6,1,yes,yes,yes,yes,6,12,0.002,463.785,463.785,6,6,ethanndickson,human_account,not_automation,MEMBER,yes,yes,no,no,no,20.985,359.65
,,,25,coder/coder,mixed,agent_runtime_infra,supporting_infrastructure,pull_request,25854,https://github.com/coder/coder/pull/25854,merged,2026-05-29T13:55:35Z,2026-06-01T13:15:48Z,2026-06-01T13:15:48Z,dannykopping,CONTRIBUTOR,human_account,no,yes,yes,yes,yes,no,yes,no,yes,yes,yes,yes,no,yes,no,14,no,yes,yes,yes,no,no,no,no,24,38,5,1,yes,yes,yes,yes,5,11,0.003,68.508,68.508,4,4,dannykopping,human_account,not_automation,CONTRIBUTOR,yes,no,no,yes,yes,2.972,359.65
,,,25,coder/coder,mixed,agent_runtime_infra,supporting_infrastructure,pull_request,25538,https://github.com/coder/coder/pull/25538,merged,2026-05-20T21:51:21Z,2026-05-22T20:06:48Z,2026-05-22T20:06:47Z,zedkipp,CONTRIBUTOR,human_account,no,yes,no,no,no,no,yes,no,no,no,yes,yes,no,no,no,0,no,yes,yes,yes,no,no,no,no,6,7,2,0,yes,yes,no,no,4,2,0.003,5.948,5.948,1,1,zedkipp,human_account,not_automation,CONTRIBUTOR,yes,no,no,yes,yes,1.927,359.65
,,,25,coder/coder,mixed,agent_runtime_infra,supporting_infrastructure,pull_request,22893,https://github.com/coder/coder/pull/22893,merged,2026-03-10T13:45:15Z,2026-03-10T14:22:39Z,2026-03-10T14:22:39Z,kylecarbs,MEMBER,human_account,no,yes,no,no,no,no,yes,no,no,no,yes,yes,no,no,no,0,no,yes,yes,yes,no,no,no,no,2,1,1,0,yes,no,no,no,2,0,0.568,0.568,0.568,1,0,kylecarbs,human_account,not_automation,MEMBER,yes,yes,no,no,yes,0.026,359.65
,,,25,coder/coder,mixed,agent_runtime_infra,supporting_infrastructure,pull_request,25148,https://github.com/coder/coder/pull/25148,closed_unmerged,2026-05-11T19:13:04Z,2026-05-26T00:27:53Z,,mafredri,MEMBER,human_account,no,yes,no,no,no,no,yes,no,no,no,no,no,no,no,no,0,no,yes,yes,yes,no,unknown,yes,yes,0,0,0,0,no,no,no,no,1,0,,,,2,0,github-actions[bot],automation_bot,conventional_automation,CONTRIBUTOR,no,no,no,no,yes,14.219,359.65
,,,25,coder/coder,mixed,agent_runtime_infra,supporting_infrastructure,issue,21614,https://github.com/coder/coder/issues/21614,open,2026-01-21T17:07:20Z,,,joytianya,NONE,human_account,no,no,no,no,no,no,no,no,no,no,no,no,no,no,no,0,no,yes,yes,no,no,unknown,yes,yes,0,0,0,0,no,no,no,no,1,0,,,,0,0,,,,,no,no,no,yes,yes,,359.65
,,,25,coder/coder,mixed,agent_runtime_infra,supporting_infrastructure,pull_request,26590,https://github.com/coder/coder/pull/26590,closed_unmerged,2026-06-22T23:37:09Z,2026-07-07T00:27:48Z,,cstyan,CONTRIBUTOR,human_account,no,yes,yes,no,yes,no,yes,no,yes,yes,yes,no,no,no,no,19,no,yes,yes,no,no,yes,yes,yes,20,21,3,0,yes,yes,no,no,3,6,0.018,,,1,1,github-actions[bot],automation_bot,conventional_automation,CONTRIBUTOR,no,no,no,yes,no,14.035,359.65
,,,25,coder/coder,mixed,agent_runtime_infra,supporting_infrastructure,pull_request,24158,https://github.com/coder/coder/pull/24158,merged,2026-04-08T16:20:18Z,2026-04-09T16:48:36Z,2026-04-09T16:48:36Z,johnstcn,MEMBER,human_account,no,yes,yes,yes,no,no,yes,no,yes,yes,yes,yes,no,no,no,2,no,yes,yes,yes,no,no,no,no,3,2,3,0,yes,yes,no,no,3,2,3.553,24.471,24.471,3,1,johnstcn,human_account,not_automation,MEMBER,yes,yes,no,no,yes,1.02,359.65
,,,25,coder/coder,mixed,agent_runtime_infra,supporting_infrastructure,pull_request,27465,https://github.com/coder/coder/pull/27465,closed_unmerged,2026-07-23T19:17:39Z,2026-07-23T20:43:56Z,,nickvigilante,CONTRIBUTOR,human_account,no,yes,yes,yes,no,no,yes,no,yes,no,no,no,no,no,no,1,no,yes,yes,no,no,yes,yes,yes,2,2,0,0,no,no,no,no,3,1,0.001,,,1,0,nickvigilante,human_account,not_automation,CONTRIBUTOR,yes,no,no,yes,no,0.06,359.65
,,,25,coder/coder,mixed,agent_runtime_infra,supporting_infrastructure,pull_request,22518,https://github.com/coder/coder/pull/22518,closed_unmerged,2026-03-02T20:45:13Z,2026-03-02T20:50:34Z,,zedkipp,CONTRIBUTOR,human_account,no,yes,no,no,no,no,yes,no,no,no,no,no,no,no,no,0,no,yes,yes,no,no,unknown,yes,yes,0,1,0,0,no,no,no,no,1,0,,,,1,0,zedkipp,human_account,not_automation,CONTRIBUTOR,yes,no,no,yes,yes,0.004,359.65
,,,25,coder/coder,mixed,agent_runtime_infra,supporting_infrastructure,pull_request,27786,https://github.com/coder/coder/pull/27786,merged,2026-08-03T11:33:49Z,2026-08-03T15:13:52Z,2026-08-03T15:13:52Z,jakehwll,CONTRIBUTOR,human_account,no,yes,yes,yes,no,no,yes,no,yes,yes,yes,no,no,no,no,2,no,yes,yes,no,no,no,no,yes,5,3,3,0,yes,no,no,no,3,2,0.172,1.615,,1,0,jakehwll,human_account,not_automation,CONTRIBUTOR,yes,no,no,yes,no,0.153,359.65
,,,25,coder/coder,mixed,agent_runtime_infra,supporting_infrastructure,pull_request,23930,https://github.com/coder/coder/pull/23930,closed_unmerged,2026-04-01T16:02:35Z,2026-04-14T00:19:35Z,,stirby,COLLABORATOR,human_account,no,yes,no,no,no,no,yes,no,no,no,no,no,no,no,no,0,no,yes,yes,yes,no,unknown,yes,yes,0,1,0,0,no,no,no,no,1,0,,,,1,0,github-actions[bot],automation_bot,conventional_automation,CONTRIBUTOR,no,no,no,no,yes,12.345,359.65
,,,25,coder/coder,mixed,agent_runtime_infra,supporting_infrastructure,pull_request,22419,https://github.com/coder/coder/pull/22419,merged,2026-02-27T21:55:47Z,2026-02-27T23:06:54Z,2026-02-27T23:06:54Z,kylecarbs,MEMBER,human_account,no,yes,no,no,no,no,yes,no,no,no,no,no,no,no,no,0,no,yes,yes,yes,no,unknown,yes,yes,0,0,0,0,no,no,no,no,1,0,,,,1,0,kylecarbs,human_account,not_automation,MEMBER,yes,yes,no,no,yes,0.049,359.65
,,,25,coder/coder,mixed,agent_runtime_infra,supporting_infrastructure,pull_request,24133,https://github.com/coder/coder/pull/24133,merged,2026-04-07T23:09:56Z,2026-04-09T16:47:44Z,2026-04-09T16:47:44Z,geokat,CONTRIBUTOR,human_account,no,yes,yes,yes,no,no,yes,no,yes,no,yes,yes,no,no,no,1,no,yes,yes,yes,no,no,no,no,2,1,1,0,yes,no,no,no,3,2,0.686,41.626,41.626,1,0,f0ssel,human_account,not_automation,MEMBER,yes,yes,no,yes,yes,1.735,359.65
,,,25,coder/coder,mixed,agent_runtime_infra,supporting_infrastructure,issue,21815,https://github.com/coder/coder/issues/21815,open,2026-01-31T11:59:01Z,,,blinkagent[bot],CONTRIBUTOR,automation_bot,no,yes,no,no,no,no,yes,no,no,no,no,no,no,no,no,0,no,yes,no,no,no,unknown,yes,yes,0,0,0,0,no,no,no,no,1,0,,,,0,0,matifali,human_account,not_automation,MEMBER,yes,yes,no,yes,yes,,359.65
,,,25,coder/coder,mixed,agent_runtime_infra,supporting_infrastructure,pull_request,23744,https://github.com/coder/coder/pull/23744,merged,2026-03-28T14:57:29Z,2026-03-28T15:16:11Z,2026-03-28T15:16:11Z,kylecarbs,MEMBER,human_account,no,yes,no,no,no,no,yes,no,no,no,yes,yes,no,no,no,0,no,yes,yes,yes,no,no,no,no,1,0,1,0,yes,no,no,no,2,0,0.299,0.299,0.299,1,0,kylecarbs,human_account,not_automation,MEMBER,yes,yes,no,no,yes,0.013,359.65
,,,25,coder/coder,mixed,agent_runtime_infra,supporting_infrastructure,pull_request,27269,https://github.com/coder/coder/pull/27269,merged,2026-07-15T16:45:59Z,2026-07-21T12:34:23Z,2026-07-21T12:34:23Z,SasSwart,CONTRIBUTOR,human_account,no,yes,yes,yes,no,no,yes,no,yes,no,yes,yes,no,no,no,2,no,yes,yes,yes,no,no,no,no,14,12,4,0,yes,yes,no,no,6,4,0.001,114.396,114.396,7,7,SasSwart,human_account,not_automation,CONTRIBUTOR,yes,no,no,yes,no,5.825,359.65
,,,25,coder/coder,mixed,agent_runtime_infra,supporting_infrastructure,pull_request,25392,https://github.com/coder/coder/pull/25392,merged,2026-05-15T13:32:19Z,2026-05-15T13:39:52Z,2026-05-15T13:39:52Z,DanielleMaywood,CONTRIBUTOR,human_account,no,yes,no,no,no,no,yes,no,no,no,yes,yes,no,no,no,0,no,yes,yes,yes,no,no,no,no,1,0,1,0,yes,no,no,no,2,0,0.064,0.064,0.064,1,0,DanielleMaywood,human_account,not_automation,CONTRIBUTOR,yes,no,no,yes,yes,0.005,359.65
,,,25,coder/coder,mixed,agent_runtime_infra,supporting_infrastructure,issue,24144,https://github.com/coder/coder/issues/24144,closed,2026-04-08T11:31:25Z,2026-04-29T16:31:05Z,,pawbana,CONTRIBUTOR,human_account,no,yes,yes,yes,no,no,no,no,yes,no,no,no,no,no,yes,2,no,yes,yes,no,no,yes,yes,yes,1,1,0,0,no,no,no,no,2,1,508.994,,,0,0,linear-code[bot],automation_bot,coding_agent,NONE,no,no,yes,yes,yes,21.208,359.65
,,,25,coder/coder,mixed,agent_runtime_infra,supporting_infrastructure,pull_request,22639,https://github.com/coder/coder/pull/22639,merged,2026-03-05T01:42:29Z,2026-03-05T02:01:57Z,2026-03-05T02:01:56Z,kylecarbs,MEMBER,human_account,no,yes,no,no,no,no,yes,no,no,no,yes,no,no,no,no,0,no,yes,yes,yes,no,no,no,yes,1,0,1,0,yes,no,no,no,2,0,0.324,0.324,,1,0,kylecarbs,human_account,not_automation,MEMBER,yes,yes,no,no,yes,0.014,359.65
,,,26,vercel/ai,llm_native,agent_framework,agent_building,pull_request,12782,https://github.com/vercel/ai/pull/12782,merged,2026-02-23T22:27:00Z,2026-02-23T22:31:11Z,2026-02-23T22:31:11Z,ghost,NONE,human_account,no,yes,no,no,no,no,yes,no,no,no,yes,yes,no,no,no,0,no,yes,yes,yes,no,no,no,no,1,0,1,0,yes,no,no,no,2,0,0.016,0.016,0.016,1,0,gr2m,human_account,not_automation,COLLABORATOR,yes,yes,no,yes,yes,0.003,413.75
,,,26,vercel/ai,llm_native,agent_framework,agent_building,pull_request,13256,https://github.com/vercel/ai/pull/13256,merged,2026-03-09T16:58:03Z,2026-03-09T18:22:38Z,2026-03-09T18:22:38Z,aayush-kapoor,COLLABORATOR,human_account,no,yes,no,no,no,no,yes,no,no,no,yes,yes,no,no,no,0,no,yes,yes,yes,no,no,no,no,3,2,1,0,yes,no,no,no,3,0,1.406,1.406,1.406,3,0,gr2m,human_account,not_automation,COLLABORATOR,yes,yes,no,no,yes,0.059,413.75
,,,26,vercel/ai,llm_native,agent_framework,agent_building,pull_request,16769,https://github.com/vercel/ai/pull/16769,merged,2026-07-06T15:58:56Z,2026-07-14T16:46:07Z,2026-07-14T16:46:07Z,gr2m,COLLABORATOR,human_account,no,yes,no,no,no,no,yes,no,no,no,yes,yes,no,no,no,0,no,yes,yes,yes,no,no,no,no,4,3,5,0,yes,yes,no,no,4,0,0.181,0.181,0.181,5,3,gr2m,human_account,not_automation,COLLABORATOR,yes,yes,no,no,no,8.033,413.75
,,,26,vercel/ai,llm_native,agent_framework,agent_building,pull_request,16578,https://github.com/vercel/ai/pull/16578,merged,2026-07-02T12:38:32Z,2026-07-02T14:41:55Z,2026-07-02T14:41:55Z,lgrammel,COLLABORATOR,human_account,no,yes,no,no,no,no,yes,no,no,no,yes,yes,no,no,no,0,no,yes,yes,yes,no,no,no,no,2,1,1,0,yes,no,no,no,3,1,1.943,1.943,1.943,2,0,lgrammel,human_account,not_automation,COLLABORATOR,yes,yes,no,no,no,0.086,413.75
,,,26,vercel/ai,llm_native,agent_framework,agent_building,pull_request,12880,https://github.com/vercel/ai/pull/12880,merged,2026-02-26T15:38:33Z,2026-04-07T14:17:51Z,2026-04-07T14:17:51Z,felixarntz,COLLABORATOR,human_account,no,yes,no,no,no,no,yes,no,no,no,yes,yes,no,no,no,0,no,yes,yes,yes,no,no,no,no,4,6,3,0,yes,yes,no,no,3,0,957.372,957.372,957.372,35,19,felixarntz,human_account,not_automation,COLLABORATOR,yes,yes,no,no,yes,39.944,413.75
,,,26,vercel/ai,llm_native,agent_framework,agent_building,pull_request,14542,https://github.com/vercel/ai/pull/14542,merged,2026-04-16T16:23:21Z,2026-04-16T19:19:47Z,2026-04-16T19:19:47Z,R-Taneja,CONTRIBUTOR,human_account,no,yes,yes,no,yes,no,yes,no,no,no,yes,yes,no,no,no,1,no,yes,yes,yes,no,no,no,no,4,1,3,0,yes,yes,no,no,4,0,0.384,0.384,0.384,8,6,R-Taneja,human_account,not_automation,CONTRIBUTOR,yes,no,no,yes,yes,0.123,413.75
,,,26,vercel/ai,llm_native,agent_framework,agent_building,pull_request,13945,https://github.com/vercel/ai/pull/13945,merged,2026-03-30T22:48:07Z,2026-03-30T23:37:45Z,2026-03-30T23:37:45Z,ghost,NONE,human_account,no,yes,no,no,no,no,yes,no,no,no,yes,no,no,no,no,0,no,yes,yes,no,no,no,no,yes,4,3,2,0,yes,yes,no,no,3,4,0.407,0.752,,2,1,,unknown,not_automation,,no,no,no,yes,yes,0.034,413.75
,,,26,vercel/ai,llm_native,agent_framework,agent_building,pull_request,18818,https://github.com/vercel/ai/pull/18818,merged,2026-08-12T22:44:55Z,2026-08-13T21:19:41Z,2026-08-13T21:19:41Z,ai-sdk-factory[bot],CONTRIBUTOR,automation_bot,no,yes,yes,yes,no,no,yes,yes,no,no,yes,yes,no,no,no,19,no,yes,yes,yes,no,no,no,no,2,7,1,0,yes,no,no,no,3,2,22.578,22.578,22.578,6,0,gr2m,human_account,not_automation,COLLABORATOR,yes,yes,no,yes,no,0.941,413.75
,,,26,vercel/ai,llm_native,agent_framework,agent_building,pull_request,18444,https://github.com/vercel/ai/pull/18444,merged,2026-08-05T01:07:38Z,2026-08-05T02:00:51Z,2026-08-05T02:00:51Z,github-actions[bot],CONTRIBUTOR,automation_bot,no,yes,no,no,no,no,yes,no,no,no,yes,no,no,no,no,0,no,yes,yes,no,no,no,no,yes,1,0,1,0,yes,no,no,no,2,1,0.774,0.774,,1,0,joshualipman123,human_account,not_automation,CONTRIBUTOR,yes,no,no,yes,no,0.037,413.75
,,,26,vercel/ai,llm_native,agent_framework,agent_building,pull_request,18835,https://github.com/vercel/ai/pull/18835,closed_unmerged,2026-08-13T16:59:01Z,2026-08-19T18:48:16Z,,ai-sdk-factory[bot],CONTRIBUTOR,automation_bot,no,yes,yes,yes,no,no,no,yes,no,no,no,no,no,no,no,5,no,yes,no,no,no,unknown,yes,yes,0,0,0,0,no,no,no,no,1,0,,,,1,0,gr2m,human_account,not_automation,COLLABORATOR,yes,yes,no,yes,no,6.076,413.75
,,,26,vercel/ai,llm_native,agent_framework,agent_building,pull_request,16419,https://github.com/vercel/ai/pull/16419,merged,2026-06-26T17:44:18Z,2026-06-26T18:07:20Z,2026-06-26T18:07:20Z,felixarntz,COLLABORATOR,human_account,no,yes,no,no,no,no,yes,no,no,no,yes,yes,no,no,no,0,no,yes,yes,yes,no,no,no,no,1,0,1,0,yes,no,no,no,2,0,0.378,0.378,0.378,2,0,gr2m,human_account,not_automation,COLLABORATOR,yes,yes,no,no,no,0.016,413.75
,,,26,vercel/ai,llm_native,agent_framework,agent_building,pull_request,18550,https://github.com/vercel/ai/pull/18550,open,2026-08-06T21:45:30Z,,,ai-sdk-factory[bot],CONTRIBUTOR,automation_bot,no,yes,yes,yes,no,no,no,yes,no,no,no,no,no,no,no,4,no,yes,no,no,no,unknown,yes,yes,0,0,0,0,no,no,no,no,1,0,,,,1,0,,,,,no,no,no,yes,no,,413.75
,,,26,vercel/ai,llm_native,agent_framework,agent_building,pull_request,15251,https://github.com/vercel/ai/pull/15251,merged,2026-05-13T15:16:25Z,2026-05-13T15:47:40Z,2026-05-13T15:47:40Z,github-actions[bot],CONTRIBUTOR,automation_bot,no,yes,no,no,no,no,yes,no,no,no,yes,yes,no,no,no,0,no,yes,yes,yes,no,no,no,no,1,0,1,0,yes,no,no,no,2,1,0.52,0.52,0.52,1,0,gr2m,human_account,not_automation,COLLABORATOR,yes,yes,no,yes,yes,0.022,413.75
,,,26,vercel/ai,llm_native,agent_framework,agent_building,pull_request,15276,https://github.com/vercel/ai/pull/15276,merged,2026-05-13T22:14:12Z,2026-05-14T03:03:50Z,2026-05-14T03:03:50Z,Jaaneek,CONTRIBUTOR,human_account,no,yes,no,no,no,no,yes,no,no,no,yes,yes,no,no,no,0,no,yes,yes,yes,no,no,no,no,3,2,1,0,yes,no,no,no,4,2,4.817,4.817,4.817,2,0,dancer,human_account,not_automation,COLLABORATOR,yes,yes,no,yes,yes,0.201,413.75
,,,26,vercel/ai,llm_native,agent_framework,agent_building,pull_request,18492,https://github.com/vercel/ai/pull/18492,open,2026-08-05T21:49:35Z,,,ai-sdk-factory[bot],CONTRIBUTOR,automation_bot,no,yes,yes,yes,no,no,no,yes,no,no,no,no,no,no,no,4,no,yes,no,no,no,unknown,yes,yes,0,0,0,0,no,no,no,no,1,0,,,,1,0,,,,,no,no,no,yes,no,,413.75
,,,26,vercel/ai,llm_native,agent_framework,agent_building,pull_request,18727,https://github.com/vercel/ai/pull/18727,open,2026-08-11T20:58:00Z,,,ai-sdk-factory[bot],CONTRIBUTOR,automation_bot,no,yes,yes,yes,no,no,no,yes,no,no,no,no,no,no,no,4,no,yes,no,no,no,unknown,yes,yes,0,0,0,0,no,no,no,no,1,0,,,,1,0,,,,,no,no,no,yes,no,,413.75
,,,26,vercel/ai,llm_native,agent_framework,agent_building,issue,17156,https://github.com/vercel/ai/issues/17156,closed,2026-07-13T16:41:43Z,2026-07-13T20:41:09Z,,gr2m,COLLABORATOR,human_account,no,yes,yes,yes,no,no,yes,no,no,no,no,no,no,no,no,1,no,yes,yes,yes,no,yes,yes,yes,1,5,0,0,no,no,no,no,2,1,4.908,,,0,0,gr2m,human_account,not_automation,COLLABORATOR,yes,yes,no,no,no,0.166,413.75
,,,26,vercel/ai,llm_native,agent_framework,agent_building,pull_request,16174,https://github.com/vercel/ai/pull/16174,merged,2026-06-16T20:36:15Z,2026-06-17T04:22:52Z,2026-06-17T04:22:51Z,gr2m,COLLABORATOR,human_account,no,yes,no,no,no,no,yes,no,no,no,no,no,no,no,no,0,no,yes,yes,yes,no,unknown,yes,yes,0,0,0,0,no,no,no,no,1,0,,,,1,0,gr2m,human_account,not_automation,COLLABORATOR,yes,yes,no,no,no,0.324,413.75
,,,26,vercel/ai,llm_native,agent_framework,agent_building,pull_request,16407,https://github.com/vercel/ai/pull/16407,closed_unmerged,2026-06-26T10:46:37Z,2026-06-26T18:49:18Z,,miachillgood,CONTRIBUTOR,human_account,no,no,no,no,no,no,no,no,no,no,yes,yes,no,no,no,0,no,yes,yes,yes,no,no,no,no,1,0,1,0,yes,no,no,no,2,0,8.031,8.031,8.031,1,0,aayush-kapoor,human_account,not_automation,COLLABORATOR,yes,yes,no,yes,no,0.335,413.75
,,,26,vercel/ai,llm_native,agent_framework,agent_building,pull_request,18494,https://github.com/vercel/ai/pull/18494,open,2026-08-05T22:02:02Z,,,ai-sdk-factory[bot],CONTRIBUTOR,automation_bot,no,yes,yes,yes,no,no,no,yes,no,no,no,no,no,no,no,5,no,yes,no,no,no,unknown,yes,yes,0,0,0,0,no,no,no,no,1,0,,,,1,0,,,,,no,no,no,yes,no,,413.75
,,,27,mastra-ai/mastra,llm_native,agent_framework,agent_building,pull_request,13031,https://github.com/mastra-ai/mastra/pull/13031,merged,2026-02-13T03:25:32Z,2026-02-17T22:24:37Z,2026-02-17T22:24:37Z,NikAiyer,MEMBER,human_account,no,yes,yes,no,yes,no,yes,no,yes,yes,yes,yes,no,no,no,11,no,yes,yes,yes,no,no,no,no,14,9,5,0,yes,yes,no,no,5,5,0.001,110.709,110.709,30,6,NikAiyer,human_account,not_automation,MEMBER,yes,yes,no,no,yes,4.791,547.85
,,,27,mastra-ai/mastra,llm_native,agent_framework,agent_building,pull_request,14942,https://github.com/mastra-ai/mastra/pull/14942,merged,2026-04-01T17:20:12Z,2026-04-01T18:16:38Z,2026-04-01T18:16:38Z,epinzur,MEMBER,human_account,no,yes,yes,yes,yes,no,yes,no,yes,yes,yes,yes,no,no,no,6,no,yes,yes,yes,no,no,no,no,8,6,2,0,yes,yes,no,no,5,2,0.001,0.72,0.72,3,2,abhiaiyer91,human_account,not_automation,MEMBER,yes,yes,no,no,yes,0.039,547.85
,,,27,mastra-ai/mastra,llm_native,agent_framework,agent_building,pull_request,17751,https://github.com/mastra-ai/mastra/pull/17751,closed_unmerged,2026-06-10T06:22:34Z,2026-06-18T10:18:37Z,,wardpeet,CONTRIBUTOR,human_account,no,yes,yes,yes,yes,yes,yes,no,yes,yes,no,no,no,no,no,55,no,yes,yes,no,no,yes,yes,yes,47,44,3,0,yes,yes,no,no,6,1,0.001,,,22,22,wardpeet,human_account,not_automation,CONTRIBUTOR,yes,no,no,yes,no,8.164,547.85
,,,27,mastra-ai/mastra,llm_native,agent_framework,agent_building,pull_request,17445,https://github.com/mastra-ai/mastra/pull/17445,merged,2026-06-02T03:53:58Z,2026-06-02T03:54:12Z,2026-06-02T03:54:12Z,abhiaiyer91,MEMBER,human_account,no,yes,yes,yes,yes,no,yes,no,yes,no,no,no,no,no,no,5,no,yes,yes,yes,no,yes,yes,yes,4,4,0,0,no,no,no,no,5,1,0.001,,,1,0,abhiaiyer91,human_account,not_automation,MEMBER,yes,yes,no,no,no,0.0,547.85
,,,27,mastra-ai/mastra,llm_native,agent_framework,agent_building,issue,19330,https://github.com/mastra-ai/mastra/issues/19330,closed,2026-07-13T03:14:14Z,2026-07-13T14:14:33Z,,devangpadhiyar,CONTRIBUTOR,human_account,no,yes,yes,yes,no,no,no,no,yes,no,no,no,no,no,no,4,no,yes,yes,no,no,no,no,yes,4,6,0,0,no,no,no,no,5,1,0.013,0.013,,0,0,abhiaiyer91,human_account,not_automation,MEMBER,yes,yes,no,yes,no,0.459,547.85
,,,27,mastra-ai/mastra,llm_native,agent_framework,agent_building,issue,18193,https://github.com/mastra-ai/mastra/issues/18193,closed,2026-06-19T08:04:09Z,2026-06-22T21:17:14Z,,daneatmastra,CONTRIBUTOR,human_account,no,no,no,no,no,no,no,no,no,no,no,no,no,no,no,0,no,yes,yes,no,no,no,no,yes,2,4,0,0,no,no,no,no,2,0,12.437,12.437,,0,0,labifrancis,human_account,not_automation,CONTRIBUTOR,yes,no,no,yes,no,3.551,547.85
,,,27,mastra-ai/mastra,llm_native,agent_framework,agent_building,pull_request,12090,https://github.com/mastra-ai/mastra/pull/12090,merged,2026-01-20T09:52:11Z,2026-01-20T13:36:57Z,2026-01-20T13:36:57Z,mfrachet,CONTRIBUTOR,human_account,no,yes,yes,no,yes,no,yes,no,yes,no,no,no,no,no,no,1,no,yes,yes,no,no,yes,yes,yes,3,3,0,0,no,no,no,no,4,1,0.001,,,11,0,mfrachet,human_account,not_automation,CONTRIBUTOR,yes,no,no,yes,yes,0.156,547.85
,,,27,mastra-ai/mastra,llm_native,agent_framework,agent_building,pull_request,21087,https://github.com/mastra-ai/mastra/pull/21087,closed_unmerged,2026-08-09T15:25:45Z,2026-08-09T15:50:58Z,,mastra-platform[bot],CONTRIBUTOR,automation_bot,no,yes,yes,yes,no,no,yes,no,yes,no,no,no,no,no,no,3,no,yes,no,no,no,yes,yes,yes,3,4,0,0,no,no,no,no,4,0,0.001,,,1,0,mastra-platform[bot],automation_bot,unknown_automation,CONTRIBUTOR,no,no,no,yes,no,0.018,547.85
,,,27,mastra-ai/mastra,llm_native,agent_framework,agent_building,issue,11807,https://github.com/mastra-ai/mastra/issues/11807,closed,2026-01-12T10:11:30Z,2026-01-19T12:19:42Z,,daneatmastra,CONTRIBUTOR,human_account,no,no,no,no,no,no,no,no,no,no,no,no,no,no,no,0,no,yes,yes,no,no,no,no,yes,1,2,0,0,no,no,no,no,2,0,170.137,170.137,,0,0,rase-,human_account,not_automation,CONTRIBUTOR,yes,no,no,yes,yes,7.089,547.85
,,,27,mastra-ai/mastra,llm_native,agent_framework,agent_building,pull_request,17267,https://github.com/mastra-ai/mastra/pull/17267,closed_unmerged,2026-05-29T09:46:19Z,2026-06-22T12:08:12Z,,nehaprasad-dev,CONTRIBUTOR,human_account,no,yes,yes,yes,yes,no,yes,no,yes,yes,no,no,no,no,no,7,no,yes,yes,yes,no,no,no,no,11,10,1,0,yes,yes,no,no,7,2,0.001,70.388,578.363,3,2,intojhanurag,human_account,not_automation,MEMBER,yes,yes,no,yes,yes,24.099,547.85
,,,27,mastra-ai/mastra,llm_native,agent_framework,agent_building,pull_request,14050,https://github.com/mastra-ai/mastra/pull/14050,closed_unmerged,2026-03-10T06:18:29Z,2026-04-22T10:09:26Z,,intojhanurag,MEMBER,human_account,no,yes,yes,no,yes,no,yes,no,yes,yes,no,no,no,no,no,10,no,yes,yes,yes,no,yes,yes,yes,12,9,4,0,yes,yes,no,no,4,2,0.001,,,6,6,intojhanurag,human_account,not_automation,MEMBER,yes,yes,no,no,yes,43.16,547.85
,,,27,mastra-ai/mastra,llm_native,agent_framework,agent_building,pull_request,14834,https://github.com/mastra-ai/mastra/pull/14834,merged,2026-03-30T09:22:16Z,2026-03-31T07:02:00Z,2026-03-31T07:02:00Z,LekoArts,MEMBER,human_account,no,yes,yes,no,yes,no,yes,no,yes,yes,yes,yes,no,no,no,3,no,yes,yes,yes,no,no,no,no,6,4,2,0,yes,no,no,no,5,2,0.001,7.113,7.113,1,0,LekoArts,human_account,not_automation,MEMBER,yes,yes,no,no,yes,0.903,547.85
,,,27,mastra-ai/mastra,llm_native,agent_framework,agent_building,pull_request,18637,https://github.com/mastra-ai/mastra/pull/18637,merged,2026-06-29T19:26:08Z,2026-06-29T19:57:17Z,2026-06-29T19:57:17Z,CalebBarnes,MEMBER,human_account,no,yes,yes,yes,yes,no,yes,no,yes,yes,yes,yes,no,no,no,8,no,yes,yes,yes,no,no,no,no,7,5,2,0,yes,no,no,no,6,3,0.002,0.025,0.025,2,0,CalebBarnes,human_account,not_automation,MEMBER,yes,yes,no,no,no,0.022,547.85
,,,27,mastra-ai/mastra,llm_native,agent_framework,agent_building,issue,15427,https://github.com/mastra-ai/mastra/issues/15427,closed,2026-04-16T06:35:12Z,2026-04-16T14:09:55Z,,calvintychan,NONE,human_account,no,no,no,no,no,no,no,no,no,no,no,no,no,no,no,0,no,yes,yes,no,no,unknown,yes,yes,0,0,0,0,no,no,no,no,1,0,,,,0,0,wardpeet,human_account,not_automation,CONTRIBUTOR,yes,no,no,yes,yes,0.316,547.85
,,,27,mastra-ai/mastra,llm_native,agent_framework,agent_building,pull_request,20515,https://github.com/mastra-ai/mastra/pull/20515,merged,2026-07-31T08:43:46Z,2026-07-31T10:21:34Z,2026-07-31T10:21:34Z,LekoArts,MEMBER,human_account,no,yes,yes,yes,yes,yes,yes,no,yes,yes,yes,yes,no,no,no,18,no,yes,yes,yes,no,no,no,no,16,13,4,0,yes,yes,no,no,8,3,0.002,1.416,1.416,8,1,LekoArts,human_account,not_automation,MEMBER,yes,yes,no,no,no,0.068,547.85
,,,27,mastra-ai/mastra,llm_native,agent_framework,agent_building,pull_request,15523,https://github.com/mastra-ai/mastra/pull/15523,merged,2026-04-20T13:01:01Z,2026-04-21T00:14:16Z,2026-04-21T00:14:16Z,daneatmastra,CONTRIBUTOR,human_account,no,yes,yes,no,yes,no,yes,no,yes,no,no,no,no,no,no,1,no,yes,yes,no,no,yes,yes,yes,6,3,3,0,yes,yes,no,no,5,1,0.001,,,2,2,abhiaiyer91,human_account,not_automation,MEMBER,yes,yes,no,yes,yes,0.468,547.85
,,,27,mastra-ai/mastra,llm_native,agent_framework,agent_building,pull_request,15800,https://github.com/mastra-ai/mastra/pull/15800,closed_unmerged,2026-04-27T13:11:06Z,2026-04-27T13:13:53Z,,mbenhamd,CONTRIBUTOR,human_account,no,yes,yes,yes,yes,no,yes,no,yes,no,no,no,no,no,no,2,no,yes,yes,no,no,no,no,yes,5,6,0,0,no,no,no,no,6,2,0.002,3.112,,1,0,mbenhamd,human_account,not_automation,CONTRIBUTOR,yes,no,no,yes,yes,0.002,547.85
,,,27,mastra-ai/mastra,llm_native,agent_framework,agent_building,pull_request,16436,https://github.com/mastra-ai/mastra/pull/16436,merged,2026-05-11T16:54:09Z,2026-05-12T05:38:42Z,2026-05-12T05:38:42Z,taofeeq-deru,CONTRIBUTOR,human_account,no,yes,yes,yes,yes,no,yes,no,yes,yes,yes,no,no,no,no,3,no,yes,yes,no,no,no,no,yes,5,3,2,0,yes,no,no,no,5,2,0.002,12.682,,2,0,taofeeq-deru,human_account,not_automation,CONTRIBUTOR,yes,no,no,yes,yes,0.531,547.85
,,,27,mastra-ai/mastra,llm_native,agent_framework,agent_building,pull_request,18999,https://github.com/mastra-ai/mastra/pull/18999,merged,2026-07-06T14:52:23Z,2026-07-27T10:28:18Z,2026-07-27T10:28:18Z,Rudra2637,CONTRIBUTOR,human_account,no,yes,yes,yes,yes,no,yes,no,yes,yes,yes,yes,no,yes,no,7,no,yes,yes,yes,no,no,no,no,14,21,5,1,yes,yes,yes,yes,7,4,0.002,5.207,5.207,19,19,NikAiyer,human_account,not_automation,MEMBER,yes,yes,no,yes,no,20.817,547.85
,,,27,mastra-ai/mastra,llm_native,agent_framework,agent_building,pull_request,21775,https://github.com/mastra-ai/mastra/pull/21775,merged,2026-08-18T16:13:57Z,2026-08-18T19:15:08Z,2026-08-18T19:15:08Z,jal-co,CONTRIBUTOR,human_account,no,yes,yes,yes,yes,yes,yes,no,yes,yes,yes,yes,no,no,no,21,no,yes,yes,yes,no,no,no,no,20,23,3,0,yes,yes,no,no,7,4,0.002,2.78,2.78,8,1,jal-co,human_account,not_automation,CONTRIBUTOR,yes,no,no,yes,no,0.126,547.85
,,,28,vllm-project/vllm-omni,llm_native,model_infra,supporting_infrastructure,issue,3056,https://github.com/vllm-project/vllm-omni/issues/3056,closed,2026-04-23T05:39:00Z,2026-04-26T19:48:20Z,,LifeJiggy,NONE,human_account,no,no,no,no,no,no,no,no,no,no,no,no,no,no,no,0,no,yes,yes,no,no,unknown,yes,yes,0,0,0,0,no,no,no,no,1,0,,,,0,0,lishunyang12,human_account,not_automation,COLLABORATOR,yes,yes,no,yes,yes,3.59,306.75
,,,28,vllm-project/vllm-omni,llm_native,model_infra,supporting_infrastructure,pull_request,4761,https://github.com/vllm-project/vllm-omni/pull/4761,merged,2026-06-27T04:58:20Z,2026-07-18T05:49:11Z,2026-07-18T05:49:11Z,IneshReddy249,CONTRIBUTOR,human_account,no,yes,yes,yes,no,no,no,no,yes,no,yes,yes,no,no,no,1,no,yes,yes,yes,no,no,no,no,11,23,2,0,yes,yes,no,no,5,2,0.002,147.361,147.361,14,14,hsliuustc0106,human_account,not_automation,COLLABORATOR,yes,yes,no,yes,no,21.035,306.75
,,,28,vllm-project/vllm-omni,llm_native,model_infra,supporting_infrastructure,pull_request,4947,https://github.com/vllm-project/vllm-omni/pull/4947,open,2026-07-07T18:15:10Z,,,NickCao,COLLABORATOR,human_account,no,yes,yes,yes,no,no,no,no,yes,no,no,no,no,no,no,1,no,yes,yes,yes,no,yes,yes,yes,1,1,0,0,no,no,no,no,2,1,0.002,,,1,0,,,,,no,no,no,no,no,,306.75
,,,28,vllm-project/vllm-omni,llm_native,model_infra,supporting_infrastructure,issue,1512,https://github.com/vllm-project/vllm-omni/issues/1512,closed,2026-02-26T09:15:50Z,2026-02-26T12:27:37Z,,david6666666,COLLABORATOR,human_account,no,no,no,no,no,no,no,no,no,no,no,no,no,no,no,0,no,yes,yes,yes,no,unknown,yes,yes,0,0,0,0,no,no,no,no,1,0,,,,0,0,hsliuustc0106,human_account,not_automation,COLLABORATOR,yes,yes,no,no,yes,0.133,306.75
,,,28,vllm-project/vllm-omni,llm_native,model_infra,supporting_infrastructure,pull_request,5579,https://github.com/vllm-project/vllm-omni/pull/5579,open,2026-07-30T03:12:14Z,,,akshatvishu,CONTRIBUTOR,human_account,no,yes,yes,yes,no,no,no,no,yes,no,yes,yes,no,yes,no,1,no,yes,yes,yes,no,no,no,no,3,3,1,1,yes,no,yes,no,3,2,0.001,123.156,123.156,1,0,,,,,no,no,no,yes,no,,306.75
,,,28,vllm-project/vllm-omni,llm_native,model_infra,supporting_infrastructure,issue,1914,https://github.com/vllm-project/vllm-omni/issues/1914,closed,2026-03-16T08:40:17Z,2026-03-19T08:51:48Z,,lengrongfu,CONTRIBUTOR,human_account,no,no,no,no,no,no,no,no,no,no,no,no,no,no,no,0,no,yes,yes,no,no,unknown,yes,yes,0,1,0,0,no,no,no,no,1,0,,,,0,0,wtomin,human_account,not_automation,COLLABORATOR,yes,yes,no,yes,yes,3.008,306.75
,,,28,vllm-project/vllm-omni,llm_native,model_infra,supporting_infrastructure,pull_request,1417,https://github.com/vllm-project/vllm-omni/pull/1417,merged,2026-02-21T03:06:34Z,2026-03-09T01:17:10Z,2026-03-09T01:17:10Z,RomanKoshkin,CONTRIBUTOR,human_account,no,yes,yes,yes,no,no,no,no,yes,yes,yes,yes,no,yes,no,2,no,yes,yes,yes,no,no,no,no,33,37,9,1,yes,yes,yes,yes,7,2,0.067,1.499,1.499,1,1,hsliuustc0106,human_account,not_automation,COLLABORATOR,yes,yes,no,yes,yes,15.924,306.75
,,,28,vllm-project/vllm-omni,llm_native,model_infra,supporting_infrastructure,pull_request,1038,https://github.com/vllm-project/vllm-omni/pull/1038,merged,2026-01-28T21:56:16Z,2026-01-29T13:20:39Z,2026-01-29T13:20:39Z,divyanshsinghvi,CONTRIBUTOR,human_account,no,no,no,no,no,no,no,no,no,no,yes,yes,no,no,no,0,no,yes,yes,yes,no,no,no,no,7,5,3,0,yes,yes,no,no,4,0,2.203,2.203,2.203,4,3,hsliuustc0106,human_account,not_automation,COLLABORATOR,yes,yes,no,yes,yes,0.642,306.75
,,,28,vllm-project/vllm-omni,llm_native,model_infra,supporting_infrastructure,pull_request,6114,https://github.com/vllm-project/vllm-omni/pull/6114,open,2026-08-12T14:58:21Z,,,hsliuustc0106,COLLABORATOR,human_account,no,yes,yes,yes,yes,no,no,no,yes,yes,yes,yes,no,no,no,6,no,yes,yes,yes,no,yes,yes,yes,4,7,3,0,yes,yes,no,no,4,4,110.177,,,4,2,,,,,no,no,no,no,no,,306.75
,,,28,vllm-project/vllm-omni,llm_native,model_infra,supporting_infrastructure,pull_request,6056,https://github.com/vllm-project/vllm-omni/pull/6056,merged,2026-08-11T11:54:00Z,2026-08-11T13:11:40Z,2026-08-11T13:11:40Z,amy-why-3459,COLLABORATOR,human_account,no,yes,yes,yes,no,no,no,no,yes,no,yes,yes,no,no,no,1,no,yes,yes,yes,no,no,no,no,5,3,3,0,yes,no,no,no,3,2,0.001,0.326,0.326,1,0,amy-why-3459,human_account,not_automation,COLLABORATOR,yes,yes,no,no,no,0.054,306.75
,,,28,vllm-project/vllm-omni,llm_native,model_infra,supporting_infrastructure,pull_request,5836,https://github.com/vllm-project/vllm-omni/pull/5836,merged,2026-08-06T03:24:15Z,2026-08-06T16:12:08Z,2026-08-06T16:12:08Z,david6666666,COLLABORATOR,human_account,no,yes,yes,yes,no,no,no,no,yes,no,yes,yes,no,no,no,1,no,yes,yes,yes,no,no,no,no,2,1,1,0,yes,no,no,no,3,2,4.629,12.669,12.669,14,0,david6666666,human_account,not_automation,COLLABORATOR,yes,yes,no,no,no,0.533,306.75
,,,28,vllm-project/vllm-omni,llm_native,model_infra,supporting_infrastructure,pull_request,4774,https://github.com/vllm-project/vllm-omni/pull/4774,merged,2026-06-28T07:22:16Z,2026-07-01T02:56:23Z,2026-07-01T02:56:23Z,ayaka14732,CONTRIBUTOR,human_account,no,no,no,no,no,no,no,no,no,no,yes,yes,no,no,no,0,no,yes,yes,yes,no,no,no,no,5,5,2,0,yes,yes,no,no,4,0,0.111,0.111,0.991,4,1,hsliuustc0106,human_account,not_automation,COLLABORATOR,yes,yes,no,yes,no,2.815,306.75
,,,28,vllm-project/vllm-omni,llm_native,model_infra,supporting_infrastructure,issue,5369,https://github.com/vllm-project/vllm-omni/issues/5369,closed,2026-07-24T03:22:55Z,2026-08-10T03:27:53Z,,zhtmike,CONTRIBUTOR,human_account,no,no,no,no,no,no,no,no,no,no,no,no,no,no,no,0,no,yes,yes,yes,no,no,no,no,1,3,0,0,no,no,no,no,2,0,0.363,0.363,0.363,0,0,wtomin,human_account,not_automation,COLLABORATOR,yes,yes,no,yes,no,17.003,306.75
,,,28,vllm-project/vllm-omni,llm_native,model_infra,supporting_infrastructure,issue,5627,https://github.com/vllm-project/vllm-omni/issues/5627,closed,2026-07-31T02:12:34Z,2026-08-01T15:43:49Z,,congw729,COLLABORATOR,human_account,no,no,no,no,no,no,no,no,no,no,no,no,no,no,no,0,no,yes,yes,yes,no,no,no,no,1,1,0,0,no,no,no,no,2,0,0.085,0.085,0.085,0,0,Gaohan123,human_account,not_automation,COLLABORATOR,yes,yes,no,no,no,1.563,306.75
,,,28,vllm-project/vllm-omni,llm_native,model_infra,supporting_infrastructure,issue,3633,https://github.com/vllm-project/vllm-omni/issues/3633,closed,2026-05-15T03:09:42Z,2026-05-20T14:26:21Z,,knlnguyen1802,CONTRIBUTOR,human_account,no,no,no,no,no,no,no,no,no,no,no,no,no,no,no,0,no,yes,yes,yes,no,no,no,no,2,2,0,0,no,no,no,no,3,0,2.857,2.857,2.857,0,0,SamitHuang,human_account,not_automation,COLLABORATOR,yes,yes,no,yes,yes,5.47,306.75
,,,28,vllm-project/vllm-omni,llm_native,model_infra,supporting_infrastructure,pull_request,3253,https://github.com/vllm-project/vllm-omni/pull/3253,merged,2026-04-29T15:14:33Z,2026-04-29T23:25:39Z,2026-04-29T23:25:39Z,NickCao,COLLABORATOR,human_account,no,yes,yes,yes,no,no,no,no,yes,no,yes,yes,no,no,no,1,no,yes,yes,yes,no,no,no,no,4,6,1,0,yes,yes,no,no,3,2,0.001,7.278,7.278,2,1,linyueqian,human_account,not_automation,COLLABORATOR,yes,yes,no,no,yes,0.341,306.75
,,,28,vllm-project/vllm-omni,llm_native,model_infra,supporting_infrastructure,pull_request,4766,https://github.com/vllm-project/vllm-omni/pull/4766,open,2026-06-27T11:00:38Z,,,botbikamordehai2-sketch,NONE,human_account,no,yes,yes,yes,no,no,no,no,yes,no,no,no,no,no,no,1,no,yes,yes,no,no,yes,yes,yes,1,1,0,0,no,no,no,no,2,1,0.002,,,1,0,,,,,no,no,no,yes,no,,306.75
,,,28,vllm-project/vllm-omni,llm_native,model_infra,supporting_infrastructure,pull_request,2605,https://github.com/vllm-project/vllm-omni/pull/2605,closed_unmerged,2026-04-08T17:41:54Z,2026-04-09T04:10:54Z,,lishunyang12,COLLABORATOR,human_account,no,yes,yes,yes,no,no,no,no,yes,no,no,no,no,no,no,1,no,yes,yes,yes,no,yes,yes,yes,1,2,0,0,no,no,no,no,2,2,0.002,,,40,0,lishunyang12,human_account,not_automation,COLLABORATOR,yes,yes,no,no,yes,0.437,306.75
,,,28,vllm-project/vllm-omni,llm_native,model_infra,supporting_infrastructure,pull_request,699,https://github.com/vllm-project/vllm-omni/pull/699,closed_unmerged,2026-01-08T07:30:50Z,2026-03-12T02:23:24Z,,Bounty-hunter,CONTRIBUTOR,human_account,no,yes,yes,yes,no,no,no,no,yes,yes,yes,yes,no,no,no,2,no,yes,yes,yes,no,no,no,no,6,6,2,0,yes,yes,no,no,4,2,0.021,0.542,0.542,1,1,hsliuustc0106,human_account,not_automation,COLLABORATOR,yes,yes,no,yes,yes,62.787,306.75
,,,28,vllm-project/vllm-omni,llm_native,model_infra,supporting_infrastructure,pull_request,4344,https://github.com/vllm-project/vllm-omni/pull/4344,merged,2026-06-11T08:32:31Z,2026-07-02T04:14:13Z,2026-07-02T04:14:12Z,Celeste-jq,CONTRIBUTOR,human_account,no,yes,yes,yes,no,no,no,no,yes,no,yes,yes,no,no,no,2,no,yes,yes,yes,no,no,no,no,24,31,8,0,yes,yes,no,no,7,4,0.001,122.496,126.52,33,27,Gaohan123,human_account,not_automation,COLLABORATOR,yes,yes,no,yes,no,20.821,306.75
,,,29,QwenLM/qwen-code,llm_native,agent_application,direct_agent_experience,issue,7805,https://github.com/QwenLM/qwen-code/issues/7805,open,2026-07-27T05:09:23Z,,,doudouOUC,COLLABORATOR,human_account,no,yes,no,no,no,no,yes,no,no,no,no,no,no,no,no,0,no,yes,yes,yes,no,yes,yes,no,2,2,0,0,no,no,no,no,2,1,0.004,,0.004,0,0,,,,,no,no,no,no,no,,440.9
,,,29,QwenLM/qwen-code,llm_native,agent_application,direct_agent_experience,issue,8232,https://github.com/QwenLM/qwen-code/issues/8232,closed,2026-07-31T12:55:57Z,2026-08-01T08:40:30Z,,Eric-GoodBoy-Tech,CONTRIBUTOR,human_account,no,yes,no,no,no,no,yes,no,no,no,no,no,no,no,no,0,no,yes,yes,yes,no,no,no,no,3,3,0,0,no,no,no,no,3,2,0.005,1.418,0.005,0,0,wenshao,human_account,not_automation,COLLABORATOR,yes,yes,no,yes,no,0.823,440.9
,,,29,QwenLM/qwen-code,llm_native,agent_application,direct_agent_experience,issue,5366,https://github.com/QwenLM/qwen-code/issues/5366,closed,2026-06-18T21:47:22Z,2026-06-19T09:40:01Z,,miruji,NONE,human_account,no,yes,no,no,no,no,yes,no,no,no,no,no,no,no,no,0,no,yes,yes,yes,no,no,no,no,3,3,0,0,no,no,no,no,3,2,0.018,11.001,0.018,0,0,wenshao,human_account,not_automation,COLLABORATOR,yes,yes,no,yes,no,0.495,440.9
,,,29,QwenLM/qwen-code,llm_native,agent_application,direct_agent_experience,pull_request,3482,https://github.com/QwenLM/qwen-code/pull/3482,merged,2026-04-20T16:43:52Z,2026-04-21T06:39:13Z,2026-04-21T06:39:13Z,wenshao,COLLABORATOR,human_account,no,no,no,no,no,no,no,no,no,no,yes,yes,no,no,no,0,no,yes,yes,yes,no,no,no,no,3,2,4,0,yes,yes,no,no,2,0,10.321,10.321,10.321,8,4,wenshao,human_account,not_automation,COLLABORATOR,yes,yes,no,no,yes,0.58,440.9
,,,29,QwenLM/qwen-code,llm_native,agent_application,direct_agent_experience,pull_request,3642,https://github.com/QwenLM/qwen-code/pull/3642,merged,2026-04-26T10:18:32Z,2026-04-28T03:06:50Z,2026-04-28T03:06:50Z,wenshao,COLLABORATOR,human_account,no,yes,no,no,no,no,yes,no,no,no,yes,yes,no,no,no,0,no,yes,yes,yes,no,no,no,no,17,29,15,0,yes,yes,no,no,5,4,0.919,6.678,6.678,11,10,wenshao,human_account,not_automation,COLLABORATOR,yes,yes,no,no,yes,1.7,440.9
,,,29,QwenLM/qwen-code,llm_native,agent_application,direct_agent_experience,issue,3957,https://github.com/QwenLM/qwen-code/issues/3957,closed,2026-05-08T09:32:29Z,2026-07-20T17:08:20Z,,yiliang114,COLLABORATOR,human_account,no,no,no,no,no,no,no,no,no,no,no,no,no,no,no,0,no,yes,yes,yes,no,unknown,yes,yes,0,1,0,0,no,no,no,no,1,0,,,,0,0,yiliang114,human_account,not_automation,COLLABORATOR,yes,yes,no,no,yes,73.317,440.9
,,,29,QwenLM/qwen-code,llm_native,agent_application,direct_agent_experience,pull_request,6648,https://github.com/QwenLM/qwen-code/pull/6648,merged,2026-07-10T06:03:34Z,2026-07-10T12:10:15Z,2026-07-10T12:10:15Z,joeytoday,COLLABORATOR,human_account,no,yes,no,no,no,no,yes,no,no,no,yes,yes,no,no,no,0,no,yes,yes,yes,no,no,no,no,7,4,3,0,yes,no,no,no,3,2,0.034,2.979,0.034,1,0,wenshao,human_account,not_automation,COLLABORATOR,yes,yes,no,no,no,0.255,440.9
,,,29,QwenLM/qwen-code,llm_native,agent_application,direct_agent_experience,pull_request,2001,https://github.com/QwenLM/qwen-code/pull/2001,merged,2026-02-28T04:20:18Z,2026-03-15T13:15:53Z,2026-03-15T13:15:53Z,hs-ye,NONE,human_account,no,no,no,no,no,no,no,no,no,no,yes,yes,no,no,no,0,no,yes,yes,yes,no,no,no,no,1,0,1,0,yes,no,no,no,2,0,368.924,368.924,368.924,3,0,tanzhenxin,human_account,not_automation,COLLABORATOR,yes,yes,no,yes,yes,15.372,440.9
,,,29,QwenLM/qwen-code,llm_native,agent_application,direct_agent_experience,issue,6007,https://github.com/QwenLM/qwen-code/issues/6007,closed,2026-06-29T11:07:57Z,2026-06-30T23:49:38Z,,tanzhenxin,COLLABORATOR,human_account,no,yes,no,no,no,no,yes,no,no,no,no,no,no,no,no,0,yes,yes,yes,yes,no,unknown,yes,no,3,3,0,0,no,no,no,no,3,2,0.026,,0.026,0,0,wenshao,human_account,not_automation,COLLABORATOR,yes,yes,no,no,no,1.529,440.9
,,,29,QwenLM/qwen-code,llm_native,agent_application,direct_agent_experience,pull_request,9857,https://github.com/QwenLM/qwen-code/pull/9857,merged,2026-08-24T05:45:06Z,2026-08-25T08:46:10Z,2026-08-25T08:46:10Z,AaronZ345,CONTRIBUTOR,human_account,no,yes,no,no,no,no,yes,no,no,no,yes,yes,no,no,no,0,no,yes,yes,yes,no,no,no,no,15,11,6,1,yes,yes,yes,yes,3,7,0.043,23.78,0.043,5,4,wenshao,human_account,not_automation,COLLABORATOR,yes,yes,no,yes,no,1.126,440.9
,,,29,QwenLM/qwen-code,llm_native,agent_application,direct_agent_experience,pull_request,4540,https://github.com/QwenLM/qwen-code/pull/4540,merged,2026-05-26T08:02:59Z,2026-05-31T05:15:56Z,2026-05-31T05:15:56Z,DragonnZhang,COLLABORATOR,human_account,no,yes,no,no,no,no,yes,no,no,no,yes,yes,no,yes,no,0,no,yes,yes,yes,no,no,no,no,14,11,7,1,yes,yes,yes,yes,4,2,0.076,1.109,1.109,3,2,DragonnZhang,human_account,not_automation,COLLABORATOR,yes,yes,no,no,yes,4.884,440.9
,,,29,QwenLM/qwen-code,llm_native,agent_application,direct_agent_experience,pull_request,4868,https://github.com/QwenLM/qwen-code/pull/4868,merged,2026-06-08T16:10:19Z,2026-06-12T02:27:50Z,2026-06-12T02:27:50Z,yiliang114,COLLABORATOR,human_account,no,yes,yes,yes,no,no,yes,no,yes,yes,yes,yes,no,yes,no,3,no,yes,yes,yes,no,no,no,no,53,41,17,3,yes,yes,yes,yes,6,11,0.356,5.764,5.764,8,7,wenshao,human_account,not_automation,COLLABORATOR,yes,yes,no,no,no,3.429,440.9
,,,29,QwenLM/qwen-code,llm_native,agent_application,direct_agent_experience,pull_request,4426,https://github.com/QwenLM/qwen-code/pull/4426,merged,2026-05-22T06:22:12Z,2026-05-25T05:07:09Z,2026-05-25T05:07:08Z,qqqys,COLLABORATOR,human_account,no,yes,no,no,no,no,yes,no,no,no,yes,yes,no,yes,no,0,no,yes,yes,yes,no,no,no,no,13,7,6,1,yes,yes,yes,yes,4,2,0.027,0.413,0.413,3,2,wenshao,human_account,not_automation,COLLABORATOR,yes,yes,no,no,yes,2.948,440.9
,,,29,QwenLM/qwen-code,llm_native,agent_application,direct_agent_experience,pull_request,1485,https://github.com/QwenLM/qwen-code/pull/1485,merged,2026-01-14T02:30:57Z,2026-01-14T02:31:55Z,2026-01-14T02:31:55Z,pomelo-nwu,COLLABORATOR,human_account,no,yes,no,no,no,no,yes,no,no,no,yes,yes,no,no,no,0,no,yes,yes,yes,no,no,no,no,3,2,1,0,yes,no,no,no,3,1,0.013,0.013,0.013,1,0,pomelo-nwu,human_account,not_automation,COLLABORATOR,yes,yes,no,no,yes,0.001,440.9
,,,29,QwenLM/qwen-code,llm_native,agent_application,direct_agent_experience,pull_request,5060,https://github.com/QwenLM/qwen-code/pull/5060,closed_unmerged,2026-06-12T22:49:26Z,2026-06-22T10:38:55Z,,jperla,NONE,human_account,no,yes,no,no,no,no,yes,no,no,no,yes,yes,no,no,no,0,no,yes,yes,yes,no,no,no,no,15,8,7,1,yes,yes,yes,yes,6,2,2.692,2.692,2.692,2,1,pomelo-nwu,human_account,not_automation,COLLABORATOR,yes,yes,no,yes,no,9.493,440.9
,,,29,QwenLM/qwen-code,llm_native,agent_application,direct_agent_experience,issue,7044,https://github.com/QwenLM/qwen-code/issues/7044,open,2026-07-16T15:46:21Z,,,rayzzl,NONE,human_account,no,yes,no,no,no,no,yes,no,no,no,no,no,no,no,no,0,yes,yes,yes,yes,no,yes,yes,no,2,4,0,0,no,no,no,no,2,2,0.02,,0.02,0,0,,,,,no,no,no,yes,no,,440.9
,,,29,QwenLM/qwen-code,llm_native,agent_application,direct_agent_experience,pull_request,6410,https://github.com/QwenLM/qwen-code/pull/6410,merged,2026-07-06T17:18:22Z,2026-07-07T01:40:18Z,2026-07-07T01:40:18Z,doudouOUC,COLLABORATOR,human_account,no,yes,yes,yes,no,no,yes,no,yes,yes,yes,yes,no,yes,no,2,no,yes,yes,yes,no,no,no,no,30,16,14,2,yes,yes,yes,yes,4,8,3.659,4.133,3.659,8,6,wenshao,human_account,not_automation,COLLABORATOR,yes,yes,no,no,no,0.349,440.9
,,,29,QwenLM/qwen-code,llm_native,agent_application,direct_agent_experience,pull_request,6608,https://github.com/QwenLM/qwen-code/pull/6608,merged,2026-07-09T13:36:14Z,2026-07-10T01:47:17Z,2026-07-10T01:47:17Z,yiliang114,COLLABORATOR,human_account,no,yes,no,no,no,no,yes,no,no,no,yes,yes,no,no,no,0,no,yes,yes,yes,no,no,no,no,20,11,10,1,yes,yes,yes,yes,6,8,0.039,5.372,0.039,8,7,wenshao,human_account,not_automation,COLLABORATOR,yes,yes,no,no,no,0.508,440.9
,,,29,QwenLM/qwen-code,llm_native,agent_application,direct_agent_experience,pull_request,4755,https://github.com/QwenLM/qwen-code/pull/4755,merged,2026-06-04T03:04:14Z,2026-06-08T08:09:10Z,2026-06-08T08:09:10Z,ZevGit,CONTRIBUTOR,human_account,no,yes,no,no,no,no,yes,no,no,no,yes,yes,no,yes,no,0,no,yes,yes,yes,no,no,no,no,29,28,10,4,yes,yes,yes,yes,3,0,22.978,22.978,22.978,14,12,tanzhenxin,human_account,not_automation,COLLABORATOR,yes,yes,no,yes,no,4.212,440.9
,,,29,QwenLM/qwen-code,llm_native,agent_application,direct_agent_experience,pull_request,2878,https://github.com/QwenLM/qwen-code/pull/2878,closed_unmerged,2026-04-04T08:23:50Z,2026-04-04T09:55:03Z,,itzrnvr,NONE,human_account,no,no,no,no,no,no,no,no,no,no,no,no,no,no,no,0,no,yes,yes,no,no,unknown,yes,yes,0,1,0,0,no,no,no,no,1,0,,,,1,0,itzrnvr,human_account,not_automation,NONE,yes,no,no,yes,yes,0.063,440.9
,,,30,langgenius/dify,llm_native,agent_framework,agent_building,pull_request,39651,https://github.com/langgenius/dify/pull/39651,closed_unmerged,2026-07-27T11:07:34Z,2026-08-17T04:34:38Z,,SpiliosDimakopoulos,CONTRIBUTOR,human_account,no,yes,yes,no,no,yes,no,no,no,no,no,no,no,no,no,1,no,yes,yes,no,no,unknown,yes,yes,0,0,0,0,no,no,no,no,1,0,,,,4,0,SpiliosDimakopoulos,human_account,not_automation,CONTRIBUTOR,yes,no,no,yes,no,20.727,510.05
,,,30,langgenius/dify,llm_native,agent_framework,agent_building,issue,32137,https://github.com/langgenius/dify/issues/32137,closed,2026-02-09T07:40:43Z,2026-02-09T08:16:19Z,,rixin183,NONE,human_account,no,yes,yes,no,no,yes,no,no,yes,no,no,no,no,no,no,2,no,yes,yes,yes,no,no,no,no,2,2,0,0,no,no,no,no,3,2,0.069,0.593,0.593,0,0,crazywoola,human_account,not_automation,MEMBER,yes,yes,no,yes,yes,0.025,510.05
,,,30,langgenius/dify,llm_native,agent_framework,agent_building,pull_request,33225,https://github.com/langgenius/dify/pull/33225,merged,2026-03-10T14:13:25Z,2026-03-22T16:29:18Z,2026-03-22T16:29:18Z,cryptus-neoxys,CONTRIBUTOR,human_account,no,yes,yes,yes,yes,yes,yes,no,yes,yes,yes,no,no,no,no,36,no,yes,yes,no,no,no,no,yes,43,43,6,0,yes,yes,no,no,5,6,0.03,290.257,,7,6,QuantumGhost,human_account,not_automation,CONTRIBUTOR,yes,no,no,yes,yes,12.094,510.05
,,,30,langgenius/dify,llm_native,agent_framework,agent_building,issue,2586,https://github.com/langgenius/dify-official-plugins/issues/2586,closed,2026-02-13T02:33:01Z,2026-03-06T16:03:16Z,,15171452351,NONE,human_account,no,yes,yes,no,no,yes,no,no,yes,no,no,no,no,no,no,4,no,yes,yes,no,no,yes,yes,yes,1,1,0,0,no,no,no,no,2,1,,,,0,0,crazywoola,human_account,not_automation,MEMBER,yes,yes,no,yes,yes,21.563,510.05
,,,30,langgenius/dify,llm_native,agent_framework,agent_building,pull_request,31759,https://github.com/langgenius/dify/pull/31759,merged,2026-01-30T10:00:28Z,2026-01-30T10:10:26Z,2026-01-30T10:10:26Z,iamjoel,CONTRIBUTOR,human_account,no,yes,yes,yes,yes,yes,yes,no,yes,yes,yes,yes,no,no,no,8,no,yes,yes,yes,no,no,no,no,7,4,3,0,yes,yes,no,no,4,2,0.004,0.102,0.102,2,1,iamjoel,human_account,not_automation,CONTRIBUTOR,yes,no,no,yes,yes,0.007,510.05
,,,30,langgenius/dify,llm_native,agent_framework,agent_building,pull_request,41306,https://github.com/langgenius/dify/pull/41306,closed_unmerged,2026-08-26T09:12:53Z,2026-08-27T07:50:17Z,,BenjaminX,CONTRIBUTOR,human_account,no,yes,yes,no,no,yes,yes,no,no,no,no,no,no,no,no,1,no,yes,yes,no,no,unknown,yes,yes,0,0,0,0,no,no,no,no,1,0,,,,1,0,BenjaminX,human_account,not_automation,CONTRIBUTOR,yes,no,no,yes,no,0.943,510.05
,,,30,langgenius/dify,llm_native,agent_framework,agent_building,pull_request,32683,https://github.com/langgenius/dify/pull/32683,merged,2026-02-27T06:22:34Z,2026-02-27T06:28:31Z,2026-02-27T06:28:31Z,laipz8200,MEMBER,human_account,no,yes,yes,no,yes,yes,yes,no,yes,no,no,no,no,no,no,3,no,yes,yes,yes,no,yes,yes,yes,3,3,0,0,no,no,no,no,3,1,0.001,,,1,0,laipz8200,human_account,not_automation,MEMBER,yes,yes,no,no,yes,0.004,510.05
,,,30,langgenius/dify,llm_native,agent_framework,agent_building,pull_request,34237,https://github.com/langgenius/dify/pull/34237,merged,2026-03-29T04:32:03Z,2026-03-30T04:05:19Z,2026-03-30T04:05:19Z,lyzno1,MEMBER,human_account,no,yes,yes,no,no,yes,yes,no,no,no,yes,yes,no,no,no,2,no,yes,yes,yes,no,no,no,no,2,1,1,0,yes,no,no,no,3,2,0.176,23.411,23.411,1,0,lyzno1,human_account,not_automation,MEMBER,yes,yes,no,no,yes,0.981,510.05
,,,30,langgenius/dify,llm_native,agent_framework,agent_building,issue,35602,https://github.com/langgenius/dify/issues/35602,closed,2026-04-27T09:16:31Z,2026-04-27T09:22:28Z,,xieshifeng985,NONE,human_account,no,yes,yes,no,no,yes,no,no,yes,no,no,no,no,no,no,2,no,yes,yes,no,no,yes,yes,yes,1,1,0,0,no,no,no,no,2,1,0.014,,,0,0,xieshifeng985,human_account,not_automation,NONE,yes,no,no,yes,yes,0.004,510.05
,,,30,langgenius/dify,llm_native,agent_framework,agent_building,pull_request,36446,https://github.com/langgenius/dify/pull/36446,merged,2026-05-20T10:05:42Z,2026-05-21T03:22:59Z,2026-05-21T03:22:59Z,lyzno1,MEMBER,human_account,no,yes,yes,no,no,yes,yes,no,no,no,yes,yes,no,no,no,3,no,yes,yes,yes,no,no,no,no,2,1,1,0,yes,no,no,no,3,2,0.064,17.094,17.094,11,0,lyzno1,human_account,not_automation,MEMBER,yes,yes,no,no,yes,0.72,510.05
,,,30,langgenius/dify,llm_native,agent_framework,agent_building,pull_request,39574,https://github.com/langgenius/dify/pull/39574,merged,2026-07-25T13:56:14Z,2026-07-26T07:16:16Z,2026-07-26T07:16:16Z,lyzno1,MEMBER,human_account,no,yes,yes,no,no,yes,yes,no,no,no,yes,yes,no,no,no,2,no,yes,yes,yes,no,no,no,no,2,1,1,0,yes,no,no,no,3,2,0.053,17.209,17.209,3,0,lyzno1,human_account,not_automation,MEMBER,yes,yes,no,no,no,0.722,510.05
,,,30,langgenius/dify,llm_native,agent_framework,agent_building,pull_request,33991,https://github.com/langgenius/dify/pull/33991,open,2026-03-24T02:12:25Z,,,shiyuanfang2nd,CONTRIBUTOR,human_account,no,yes,yes,no,yes,yes,yes,no,yes,no,no,no,no,no,no,2,no,yes,yes,no,no,yes,yes,yes,4,4,0,0,no,no,no,no,3,1,0.001,,,4,0,,,,,no,no,no,yes,yes,,510.05
,,,30,langgenius/dify,llm_native,agent_framework,agent_building,pull_request,38038,https://github.com/langgenius/dify/pull/38038,closed_unmerged,2026-06-26T15:12:54Z,2026-07-23T07:15:44Z,,jashwanth-reddy-g,CONTRIBUTOR,human_account,no,yes,yes,no,no,yes,yes,no,no,no,no,no,no,no,no,4,no,yes,yes,yes,no,no,no,no,4,5,0,0,no,no,no,no,4,2,0.038,157.03,157.03,6,0,crazywoola,human_account,not_automation,MEMBER,yes,yes,no,yes,no,26.669,510.05
,,,30,langgenius/dify,llm_native,agent_framework,agent_building,pull_request,34614,https://github.com/langgenius/dify/pull/34614,merged,2026-04-06T18:59:08Z,2026-04-07T01:21:26Z,2026-04-07T01:21:26Z,iamPulakesh,CONTRIBUTOR,human_account,no,yes,yes,no,no,yes,yes,no,no,no,yes,no,no,no,no,4,no,yes,yes,no,no,no,no,yes,2,1,1,0,yes,no,no,no,3,1,6.056,6.056,,1,0,asukaminato0721,human_account,not_automation,CONTRIBUTOR,yes,no,no,yes,yes,0.265,510.05
,,,30,langgenius/dify,llm_native,agent_framework,agent_building,pull_request,36100,https://github.com/langgenius/dify/pull/36100,merged,2026-05-13T05:16:29Z,2026-05-13T07:23:45Z,2026-05-13T07:23:45Z,asukaminato0721,CONTRIBUTOR,human_account,no,yes,yes,yes,no,yes,yes,no,yes,yes,yes,yes,no,no,no,5,no,yes,yes,yes,no,no,no,no,4,2,2,0,yes,yes,no,no,4,2,0.032,1.958,1.958,2,1,asukaminato0721,human_account,not_automation,CONTRIBUTOR,yes,no,no,yes,yes,0.088,510.05
,,,30,langgenius/dify,llm_native,agent_framework,agent_building,issue,37911,https://github.com/langgenius/dify/issues/37911,closed,2026-06-25T02:45:47Z,2026-06-25T07:50:59Z,,QuantumGhost,CONTRIBUTOR,human_account,no,yes,yes,no,no,yes,yes,no,yes,no,no,no,no,no,no,2,no,yes,yes,no,no,yes,yes,yes,1,1,0,0,no,no,no,no,2,1,0.123,,,0,0,QuantumGhost,human_account,not_automation,CONTRIBUTOR,yes,no,no,yes,no,0.212,510.05
,,,30,langgenius/dify,llm_native,agent_framework,agent_building,pull_request,35876,https://github.com/langgenius/dify/pull/35876,merged,2026-05-07T06:41:16Z,2026-05-07T07:53:27Z,2026-05-07T07:53:26Z,iamjoel,CONTRIBUTOR,human_account,no,yes,yes,no,no,yes,yes,no,no,no,yes,no,no,no,no,3,no,yes,yes,no,no,no,no,yes,2,1,1,0,yes,no,no,no,3,2,0.119,1.086,,3,0,CodingOnStar,human_account,not_automation,CONTRIBUTOR,yes,no,no,yes,yes,0.05,510.05
,,,30,langgenius/dify,llm_native,agent_framework,agent_building,pull_request,37837,https://github.com/langgenius/dify/pull/37837,merged,2026-06-23T19:37:03Z,2026-06-24T05:26:02Z,2026-06-24T05:26:02Z,Jingyi-Dify,CONTRIBUTOR,human_account,no,yes,yes,no,no,yes,yes,no,no,no,yes,yes,no,no,no,2,no,yes,yes,yes,no,no,no,no,2,1,1,0,yes,no,no,no,3,2,0.05,9.683,9.683,1,0,lyzno1,human_account,not_automation,MEMBER,yes,yes,no,yes,no,0.409,510.05
,,,30,langgenius/dify,llm_native,agent_framework,agent_building,pull_request,35288,https://github.com/langgenius/dify/pull/35288,merged,2026-04-16T03:06:16Z,2026-04-16T04:46:07Z,2026-04-16T04:46:07Z,dependabot[bot],CONTRIBUTOR,automation_bot,no,yes,yes,no,no,yes,yes,no,no,no,yes,no,no,no,no,2,no,yes,yes,no,no,no,no,yes,1,0,1,0,yes,no,no,no,2,1,1.484,1.484,,1,0,asukaminato0721,human_account,not_automation,CONTRIBUTOR,yes,no,no,yes,yes,0.069,510.05
,,,30,langgenius/dify,llm_native,agent_framework,agent_building,pull_request,40746,https://github.com/langgenius/dify/pull/40746,merged,2026-08-13T21:07:32Z,2026-08-26T07:03:35Z,2026-08-26T07:03:35Z,Taranum01,CONTRIBUTOR,human_account,no,yes,yes,no,no,yes,yes,no,yes,no,yes,no,no,no,no,3,no,yes,yes,yes,no,no,no,no,4,3,1,0,yes,no,no,no,5,2,0.032,245.371,245.371,2,0,QuantumGhost,human_account,not_automation,CONTRIBUTOR,yes,no,no,yes,no,12.414,510.05
,,,31,warpdotdev/warp,mixed,agent_application,direct_agent_experience,pull_request,12850,https://github.com/warpdotdev/warp/pull/12850,open,2026-06-20T00:17:35Z,,,warp-agent-staging[bot],CONTRIBUTOR,automation_bot,no,yes,yes,yes,no,no,yes,yes,no,no,no,no,no,no,no,0,yes,yes,no,no,no,unknown,yes,yes,0,0,0,0,no,no,no,no,1,0,,,,2,0,,,,,no,no,no,yes,no,,362.4
,,,31,warpdotdev/warp,mixed,agent_application,direct_agent_experience,pull_request,13382,https://github.com/warpdotdev/warp/pull/13382,merged,2026-07-04T20:51:50Z,2026-07-05T16:48:28Z,2026-07-05T16:48:28Z,warp-agent-staging[bot],CONTRIBUTOR,automation_bot,no,yes,yes,yes,no,no,yes,yes,yes,yes,yes,no,no,no,no,9,yes,yes,yes,no,no,no,no,yes,4,4,2,0,yes,yes,no,no,3,1,0.004,19.558,,3,2,acarl005,human_account,not_automation,CONTRIBUTOR,yes,no,no,yes,no,0.831,362.4
,,,31,warpdotdev/warp,mixed,agent_application,direct_agent_experience,pull_request,15453,https://github.com/warpdotdev/warp/pull/15453,merged,2026-08-22T17:57:49Z,2026-08-23T00:33:02Z,2026-08-23T00:33:02Z,vorporeal,CONTRIBUTOR,human_account,no,yes,yes,yes,no,no,yes,no,yes,yes,yes,no,no,no,no,4,no,yes,yes,no,no,no,no,yes,5,3,2,0,yes,no,no,no,3,3,4.102,4.118,,1,0,vorporeal,human_account,not_automation,CONTRIBUTOR,yes,no,no,yes,no,0.274,362.4
,,,31,warpdotdev/warp,mixed,agent_application,direct_agent_experience,pull_request,14147,https://github.com/warpdotdev/warp/pull/14147,merged,2026-07-22T18:25:20Z,2026-07-22T19:12:32Z,2026-07-22T19:12:32Z,kevinyang372,MEMBER,human_account,no,yes,yes,yes,no,no,yes,no,yes,yes,yes,yes,no,no,no,3,no,yes,yes,yes,no,no,no,yes,5,5,2,0,yes,no,no,no,3,2,0.004,0.366,,1,0,kevinyang372,human_account,not_automation,MEMBER,yes,yes,no,no,no,0.033,362.4
,,,31,warpdotdev/warp,mixed,agent_application,direct_agent_experience,pull_request,12496,https://github.com/warpdotdev/warp/pull/12496,merged,2026-06-11T06:58:27Z,2026-06-11T23:45:40Z,2026-06-11T23:45:40Z,maxmilian,CONTRIBUTOR,human_account,no,yes,yes,yes,no,no,yes,no,yes,yes,yes,no,no,no,no,3,no,yes,yes,no,no,no,no,yes,6,6,2,0,yes,no,no,no,4,2,0.005,10.818,,1,0,vorporeal,human_account,not_automation,CONTRIBUTOR,yes,no,no,yes,no,0.699,362.4
,,,31,warpdotdev/warp,mixed,agent_application,direct_agent_experience,issue,10995,https://github.com/warpdotdev/warp/issues/10995,open,2026-05-15T08:20:18Z,,,majiayu000,NONE,human_account,no,yes,yes,yes,no,no,no,no,yes,no,no,no,no,no,no,10,yes,yes,yes,no,no,no,no,yes,3,8,0,0,no,no,no,no,3,4,0.004,782.316,,0,0,,,,,no,no,no,yes,yes,,362.4
,,,31,warpdotdev/warp,mixed,agent_application,direct_agent_experience,issue,10146,https://github.com/warpdotdev/warp/issues/10146,closed,2026-05-05T13:50:49Z,2026-05-05T16:38:53Z,,snuffxxx,NONE,human_account,no,yes,yes,yes,no,no,no,no,yes,no,no,no,no,no,no,8,no,yes,yes,no,no,yes,yes,yes,1,2,0,0,no,no,no,no,2,2,0.005,,,0,0,peicodes,human_account,not_automation,,yes,no,no,yes,yes,0.117,362.4
,,,31,warpdotdev/warp,mixed,agent_application,direct_agent_experience,issue,12316,https://github.com/warpdotdev/warp/issues/12316,open,2026-06-07T05:50:00Z,,,zc911,NONE,human_account,no,yes,yes,yes,no,no,no,no,yes,no,no,no,no,no,no,10,yes,yes,yes,no,no,no,no,yes,3,5,0,0,no,no,no,no,3,4,0.003,375.986,,0,0,,,,,no,no,no,yes,no,,362.4
,,,31,warpdotdev/warp,mixed,agent_application,direct_agent_experience,pull_request,11392,https://github.com/warpdotdev/warp/pull/11392,closed_unmerged,2026-05-20T06:28:26Z,2026-07-30T23:31:38Z,,david-engelmann,CONTRIBUTOR,human_account,no,yes,yes,yes,no,no,yes,no,yes,yes,yes,no,yes,yes,no,16,yes,yes,yes,no,no,no,no,yes,37,35,8,5,yes,yes,yes,yes,5,15,0.005,14.442,,7,7,acarl005,human_account,not_automation,CONTRIBUTOR,yes,no,no,yes,yes,71.711,362.4
,,,31,warpdotdev/warp,mixed,agent_application,direct_agent_experience,pull_request,9224,https://github.com/warpdotdev/warp/pull/9224,closed_unmerged,2026-04-28T14:41:29Z,2026-06-15T06:36:01Z,,dependabot[bot],CONTRIBUTOR,automation_bot,no,yes,no,no,no,no,yes,no,no,no,no,no,no,no,no,0,no,yes,yes,no,no,no,no,yes,1,2,0,0,no,no,no,no,2,2,1143.909,1143.909,,1,0,liliwilson,human_account,not_automation,CONTRIBUTOR,yes,no,no,yes,yes,47.663,362.4
,,,31,warpdotdev/warp,mixed,agent_application,direct_agent_experience,pull_request,12640,https://github.com/warpdotdev/warp/pull/12640,merged,2026-06-15T10:47:33Z,2026-06-24T15:08:33Z,2026-06-24T15:08:32Z,senseFy,CONTRIBUTOR,human_account,no,yes,yes,yes,no,no,yes,no,yes,yes,yes,no,no,no,no,11,no,yes,yes,no,no,no,no,yes,14,14,5,0,yes,yes,no,no,4,10,0.001,220.085,,2,2,liliwilson,human_account,not_automation,CONTRIBUTOR,yes,no,no,yes,no,9.181,362.4
,,,31,warpdotdev/warp,mixed,agent_application,direct_agent_experience,issue,12198,https://github.com/warpdotdev/warp/issues/12198,closed,2026-06-04T15:38:12Z,2026-06-11T00:32:33Z,,oz-for-x[bot],CONTRIBUTOR,automation_bot,no,yes,yes,yes,no,no,no,no,yes,no,no,no,no,no,no,2,no,yes,no,no,no,yes,yes,yes,1,1,0,0,no,no,no,no,2,0,0.003,,,0,0,vikvang,human_account,not_automation,,yes,no,no,yes,no,6.371,362.4
,,,31,warpdotdev/warp,mixed,agent_application,direct_agent_experience,pull_request,12531,https://github.com/warpdotdev/warp/pull/12531,closed_unmerged,2026-06-11T19:20:57Z,2026-06-12T16:51:28Z,,harryalbert,CONTRIBUTOR,human_account,no,yes,yes,yes,no,no,yes,no,yes,yes,yes,no,no,yes,no,4,no,yes,yes,no,no,no,no,yes,5,4,2,1,yes,no,yes,no,3,2,0.089,20.098,,1,0,harryalbert,human_account,not_automation,CONTRIBUTOR,yes,no,no,yes,no,0.896,362.4
,,,31,warpdotdev/warp,mixed,agent_application,direct_agent_experience,issue,8899,https://github.com/warpdotdev/warp/issues/8899,open,2026-03-18T17:53:27Z,,,Valeron2206,NONE,human_account,no,yes,yes,yes,no,no,no,no,no,no,no,no,no,no,no,3,no,yes,yes,no,no,no,no,yes,1,1,0,0,no,no,no,no,2,0,3816.349,3816.349,,0,0,,,,,no,no,no,yes,yes,,362.4
,,,31,warpdotdev/warp,mixed,agent_application,direct_agent_experience,issue,10632,https://github.com/warpdotdev/warp/issues/10632,closed,2026-05-11T11:27:20Z,2026-05-11T16:43:06Z,,michabbb,NONE,human_account,no,yes,yes,yes,no,no,no,no,yes,no,no,no,no,no,no,8,no,yes,yes,no,no,yes,yes,yes,1,1,0,0,no,no,no,no,2,1,0.004,,,0,0,peicodes,human_account,not_automation,,yes,no,no,yes,yes,0.219,362.4
,,,31,warpdotdev/warp,mixed,agent_application,direct_agent_experience,issue,11694,https://github.com/warpdotdev/warp/issues/11694,closed,2026-05-26T17:03:26Z,2026-05-26T17:40:32Z,,seemeroland,CONTRIBUTOR,human_account,no,yes,yes,yes,no,no,no,no,yes,no,no,no,no,no,no,8,no,yes,yes,no,no,yes,yes,yes,2,3,0,0,no,no,no,no,2,3,0.004,,,0,0,seemeroland,human_account,not_automation,CONTRIBUTOR,yes,no,no,yes,yes,0.026,362.4
,,,31,warpdotdev/warp,mixed,agent_application,direct_agent_experience,issue,10903,https://github.com/warpdotdev/warp/issues/10903,open,2026-05-14T14:14:42Z,,,Bonatti123,NONE,human_account,no,yes,yes,yes,no,no,no,no,yes,no,no,no,no,no,no,6,no,yes,yes,no,no,yes,yes,yes,1,1,0,0,no,no,no,no,2,1,0.004,,,0,0,,,,,no,no,no,yes,yes,,362.4
,,,31,warpdotdev/warp,mixed,agent_application,direct_agent_experience,pull_request,9255,https://github.com/warpdotdev/warp/pull/9255,closed_unmerged,2026-04-28T17:03:04Z,2026-06-06T12:46:19Z,,jcrabapple,NONE,human_account,no,yes,yes,yes,no,no,yes,no,yes,yes,no,no,yes,no,no,3,yes,yes,yes,no,no,yes,yes,yes,7,6,1,1,yes,no,yes,no,4,1,0.001,,,1,0,github-actions[bot],automation_bot,conventional_automation,CONTRIBUTOR,no,no,no,yes,yes,38.822,362.4
,,,31,warpdotdev/warp,mixed,agent_application,direct_agent_experience,pull_request,14950,https://github.com/warpdotdev/warp/pull/14950,open,2026-08-11T18:31:30Z,,,warp-agent-staging[bot],CONTRIBUTOR,automation_bot,no,yes,yes,yes,no,no,yes,yes,no,yes,no,no,no,no,no,5,yes,yes,no,no,no,unknown,yes,yes,0,3,1,0,yes,yes,no,no,1,0,,,,6,5,,,,,no,no,no,yes,no,,362.4
,,,31,warpdotdev/warp,mixed,agent_application,direct_agent_experience,pull_request,14065,https://github.com/warpdotdev/warp/pull/14065,closed_unmerged,2026-07-21T06:14:18Z,2026-07-21T19:10:43Z,,warp-agent-staging[bot],CONTRIBUTOR,automation_bot,no,yes,yes,yes,no,no,yes,yes,yes,yes,no,no,no,no,yes,7,yes,no,no,no,unknown,yes,yes,yes,2,2,2,0,yes,no,no,no,2,0,0.003,,,3,0,warp-agent-staging[bot],automation_bot,coding_agent,CONTRIBUTOR,no,no,yes,yes,no,0.539,362.4
,,,32,paperclipai/paperclip,llm_native,agent_framework,agent_building,pull_request,8347,https://github.com/paperclipai/paperclip/pull/8347,merged,2026-06-19T22:48:43Z,2026-06-20T04:39:50Z,2026-06-20T04:39:50Z,levineam,CONTRIBUTOR,human_account,no,yes,yes,yes,yes,yes,no,no,yes,yes,no,no,no,no,no,12,yes,yes,yes,no,no,unknown,yes,yes,8,7,1,0,yes,yes,no,no,5,2,0.005,,,1,1,devinfoley,candidate_review,not_automation,CONTRIBUTOR,no,no,no,yes,no,0.244,611.55
,,,32,paperclipai/paperclip,llm_native,agent_framework,agent_building,pull_request,8140,https://github.com/paperclipai/paperclip/pull/8140,closed_unmerged,2026-06-15T00:59:07Z,2026-06-15T01:23:54Z,,codelk-bingoai,NONE,human_account,no,yes,yes,yes,yes,no,no,no,yes,yes,no,no,no,no,no,5,no,yes,yes,no,no,yes,yes,yes,5,5,1,0,yes,no,no,no,3,2,0.006,,,5,0,codelk-bingoai,human_account,not_automation,NONE,yes,no,no,yes,no,0.017,611.55
,,,32,paperclipai/paperclip,llm_native,agent_framework,agent_building,issue,5090,https://github.com/paperclipai/paperclip/issues/5090,open,2026-05-03T12:42:55Z,,,ptrkdan,NONE,human_account,no,no,no,no,no,no,no,no,no,no,no,no,no,no,no,0,no,yes,yes,no,no,no,no,yes,1,1,0,0,no,no,no,no,2,0,15.91,15.91,,0,0,,,,,no,no,no,yes,yes,,611.55
,,,32,paperclipai/paperclip,llm_native,agent_framework,agent_building,pull_request,4203,https://github.com/paperclipai/paperclip/pull/4203,closed_unmerged,2026-04-21T10:21:02Z,2026-07-01T20:07:15Z,,dayour,NONE,human_account,no,yes,yes,yes,yes,no,no,no,yes,yes,no,no,no,no,yes,7,no,yes,yes,no,no,no,no,yes,7,6,1,0,yes,no,no,no,4,3,0.049,15.634,,1,0,commitperclip[bot],automation_bot,coding_agent,NONE,no,no,yes,yes,yes,71.407,611.55
,,,32,paperclipai/paperclip,llm_native,agent_framework,agent_building,issue,8827,https://github.com/paperclipai/paperclip/issues/8827,open,2026-07-01T20:20:13Z,,,b0o,NONE,human_account,no,no,no,no,no,no,no,no,no,no,no,no,no,no,no,0,yes,yes,yes,no,no,unknown,yes,yes,0,0,0,0,no,no,no,no,1,0,,,,0,0,,,,,no,no,no,yes,no,,611.55
,,,32,paperclipai/paperclip,llm_native,agent_framework,agent_building,pull_request,8386,https://github.com/paperclipai/paperclip/pull/8386,closed_unmerged,2026-06-20T12:13:33Z,2026-07-09T20:45:03Z,,Etogerman,NONE,human_account,no,yes,yes,yes,yes,no,no,no,yes,yes,no,no,no,no,no,5,no,yes,yes,no,no,yes,yes,yes,5,4,1,0,yes,no,no,no,3,1,0.005,,,1,0,Etogerman,human_account,not_automation,NONE,yes,no,no,yes,no,19.355,611.55
,,,32,paperclipai/paperclip,llm_native,agent_framework,agent_building,pull_request,9068,https://github.com/paperclipai/paperclip/pull/9068,merged,2026-07-06T06:20:22Z,2026-07-07T17:02:44Z,2026-07-07T17:02:44Z,dependabot[bot],CONTRIBUTOR,automation_bot,no,yes,yes,no,yes,yes,yes,no,yes,no,yes,no,no,no,no,2,no,yes,yes,no,no,no,no,yes,3,2,1,0,yes,no,no,no,4,1,0.001,34.704,,1,0,nickyleach,human_account,not_automation,CONTRIBUTOR,yes,no,no,yes,no,1.446,611.55
,,,32,paperclipai/paperclip,llm_native,agent_framework,agent_building,issue,4996,https://github.com/paperclipai/paperclip/issues/4996,closed,2026-05-02T06:38:40Z,2026-06-20T20:13:37Z,,obrunuaf,NONE,human_account,no,no,no,no,no,no,no,no,no,no,no,no,no,no,no,0,no,yes,yes,no,no,unknown,yes,yes,0,1,0,0,no,no,no,no,1,0,,,,0,0,obrunuaf,human_account,not_automation,NONE,yes,no,no,yes,yes,49.566,611.55
,,,32,paperclipai/paperclip,llm_native,agent_framework,agent_building,pull_request,10403,https://github.com/paperclipai/paperclip/pull/10403,merged,2026-07-28T21:34:12Z,2026-07-28T22:08:18Z,2026-07-28T22:08:18Z,nickyleach,CONTRIBUTOR,human_account,no,yes,yes,no,yes,no,no,no,yes,yes,no,no,no,no,no,3,no,yes,yes,no,no,yes,yes,yes,3,2,1,0,yes,yes,no,no,2,1,0.041,,,3,2,nickyleach,human_account,not_automation,CONTRIBUTOR,yes,no,no,yes,no,0.024,611.55
,,,32,paperclipai/paperclip,llm_native,agent_framework,agent_building,pull_request,5752,https://github.com/paperclipai/paperclip/pull/5752,open,2026-05-12T01:03:37Z,,,rsavitt,NONE,human_account,no,yes,yes,no,yes,no,no,no,yes,yes,no,no,no,no,no,4,no,yes,yes,no,no,yes,yes,yes,4,3,1,0,yes,yes,no,no,2,1,0.063,,,2,1,,,,,no,no,no,yes,yes,,611.55
,,,32,paperclipai/paperclip,llm_native,agent_framework,agent_building,pull_request,2665,https://github.com/paperclipai/paperclip/pull/2665,closed_unmerged,2026-04-03T18:32:08Z,2026-04-27T03:41:25Z,,MindSyncHub,CONTRIBUTOR,human_account,no,yes,yes,no,yes,no,no,no,yes,yes,no,no,no,no,no,4,no,yes,yes,no,no,yes,yes,yes,4,5,1,0,yes,yes,no,no,2,2,0.054,,,1,1,MindSyncHub,human_account,not_automation,CONTRIBUTOR,yes,no,no,yes,yes,23.381,611.55
,,,32,paperclipai/paperclip,llm_native,agent_framework,agent_building,issue,12163,https://github.com/paperclipai/paperclip/issues/12163,open,2026-08-25T13:52:37Z,,,jcfischer-2hr,NONE,human_account,no,no,no,no,no,no,no,no,no,no,no,no,no,no,no,0,no,yes,yes,no,no,unknown,yes,yes,0,0,0,0,no,no,no,no,1,0,,,,0,0,,,,,no,no,no,yes,no,,611.55
,,,32,paperclipai/paperclip,llm_native,agent_framework,agent_building,pull_request,9010,https://github.com/paperclipai/paperclip/pull/9010,merged,2026-07-04T17:43:28Z,2026-08-15T04:21:34Z,2026-08-15T04:21:34Z,0xopaque,CONTRIBUTOR,human_account,no,yes,yes,yes,yes,no,no,no,yes,yes,no,no,no,no,yes,5,no,yes,yes,no,no,yes,yes,yes,3,3,1,0,yes,yes,no,no,2,2,0.036,,,2,1,commitperclip[bot],automation_bot,coding_agent,NONE,no,no,yes,yes,no,41.443,611.55
,,,32,paperclipai/paperclip,llm_native,agent_framework,agent_building,pull_request,8064,https://github.com/paperclipai/paperclip/pull/8064,open,2026-06-12T19:12:41Z,,,hassan-albalawi,NONE,human_account,no,yes,yes,yes,yes,no,no,no,yes,yes,no,no,no,no,no,5,no,yes,yes,no,no,yes,yes,yes,5,4,1,0,yes,yes,no,no,3,1,0.006,,,2,1,,,,,no,no,no,yes,no,,611.55
,,,32,paperclipai/paperclip,llm_native,agent_framework,agent_building,pull_request,10273,https://github.com/paperclipai/paperclip/pull/10273,open,2026-07-26T03:50:50Z,,,aduduman031084,NONE,human_account,no,yes,yes,yes,yes,yes,no,no,yes,yes,yes,no,no,no,no,20,no,yes,yes,no,no,yes,yes,yes,15,13,7,0,yes,yes,no,no,4,2,0.005,,,7,6,aduduman031084,human_account,not_automation,NONE,yes,no,no,yes,no,,611.55
,,,32,paperclipai/paperclip,llm_native,agent_framework,agent_building,pull_request,10976,https://github.com/paperclipai/paperclip/pull/10976,open,2026-08-06T14:12:52Z,,,aduduman031084,NONE,human_account,no,yes,yes,yes,yes,no,no,no,yes,no,no,no,no,no,no,2,yes,yes,yes,no,no,yes,yes,yes,2,4,0,0,no,no,no,no,3,3,0.045,,,2,0,,,,,no,no,no,yes,no,,611.55
,,,32,paperclipai/paperclip,llm_native,agent_framework,agent_building,issue,3165,https://github.com/paperclipai/paperclip/issues/3165,closed,2026-04-08T23:31:02Z,2026-08-20T04:42:03Z,,berlinguyinca,NONE,human_account,no,yes,yes,yes,no,no,no,no,yes,no,no,no,no,no,yes,2,no,yes,yes,no,no,no,no,yes,4,5,0,0,no,no,no,no,5,1,22.672,22.672,,0,0,commitperclip[bot],automation_bot,coding_agent,NONE,no,no,yes,yes,yes,133.216,611.55
,,,32,paperclipai/paperclip,llm_native,agent_framework,agent_building,issue,6716,https://github.com/paperclipai/paperclip/issues/6716,open,2026-05-26T06:19:33Z,,,busla,NONE,human_account,no,no,no,no,no,no,no,no,no,no,no,no,no,no,no,0,no,yes,yes,no,no,unknown,yes,yes,0,0,0,0,no,no,no,no,1,0,,,,0,0,,,,,no,no,no,yes,yes,,611.55
,,,32,paperclipai/paperclip,llm_native,agent_framework,agent_building,pull_request,11460,https://github.com/paperclipai/paperclip/pull/11460,open,2026-08-16T02:32:06Z,,,YukiCrisp,NONE,human_account,no,yes,yes,no,yes,no,no,no,yes,yes,no,no,no,no,no,3,no,yes,yes,no,no,yes,yes,yes,3,4,1,0,yes,yes,no,no,2,2,0.038,,,2,1,,,,,no,no,no,yes,no,,611.55
,,,32,paperclipai/paperclip,llm_native,agent_framework,agent_building,pull_request,4461,https://github.com/paperclipai/paperclip/pull/4461,closed_unmerged,2026-04-25T08:29:01Z,2026-04-26T01:29:22Z,,willblanchard,NONE,human_account,no,yes,yes,no,yes,no,no,no,yes,yes,no,no,no,no,no,6,no,yes,yes,no,no,yes,yes,yes,6,5,1,0,yes,yes,no,no,2,1,0.054,,,1,1,willblanchard,human_account,not_automation,NONE,yes,no,no,yes,yes,0.709,611.55
,,,33,vllm-project/vllm-ascend,llm_native,model_infra,supporting_infrastructure,issue,11947,https://github.com/vllm-project/vllm-ascend/issues/11947,closed,2026-07-13T12:42:07Z,2026-07-15T01:10:21Z,,Zz-Dai,CONTRIBUTOR,human_account,no,yes,no,no,no,no,yes,no,no,no,no,no,no,no,no,0,no,yes,yes,no,no,unknown,yes,yes,0,1,0,0,no,no,no,no,1,0,,,,0,0,Zz-Dai,human_account,not_automation,CONTRIBUTOR,yes,no,no,yes,no,1.52,483.7
,,,33,vllm-project/vllm-ascend,llm_native,model_infra,supporting_infrastructure,pull_request,13031,https://github.com/vllm-project/vllm-ascend/pull/13031,merged,2026-07-28T15:21:25Z,2026-07-30T01:08:37Z,2026-07-30T01:08:37Z,tyy0829,CONTRIBUTOR,human_account,no,yes,yes,no,yes,no,yes,no,yes,yes,yes,yes,no,no,no,3,no,yes,yes,yes,no,no,no,no,5,3,2,0,yes,yes,no,no,4,2,0.002,33.721,33.721,2,2,weijinqian0,human_account,not_automation,COLLABORATOR,yes,yes,no,yes,no,1.408,483.7
,,,33,vllm-project/vllm-ascend,llm_native,model_infra,supporting_infrastructure,pull_request,10288,https://github.com/vllm-project/vllm-ascend/pull/10288,merged,2026-06-10T09:45:48Z,2026-06-11T02:07:59Z,2026-06-11T02:07:59Z,wangxiyuan,COLLABORATOR,human_account,no,yes,yes,no,yes,no,yes,no,yes,no,no,no,no,no,no,1,no,yes,yes,yes,no,yes,yes,yes,2,2,0,0,no,no,no,no,3,1,0.002,,,1,0,wangxiyuan,human_account,not_automation,COLLABORATOR,yes,yes,no,no,no,0.682,483.7
,,,33,vllm-project/vllm-ascend,llm_native,model_infra,supporting_infrastructure,pull_request,8309,https://github.com/vllm-project/vllm-ascend/pull/8309,merged,2026-04-15T10:44:15Z,2026-04-17T08:29:30Z,2026-04-17T08:29:30Z,vllm-ascend-ci,COLLABORATOR,human_account,no,yes,yes,no,yes,no,no,no,yes,yes,yes,yes,no,no,no,15,no,yes,yes,yes,no,no,no,no,16,14,2,0,yes,no,no,no,3,2,0.003,45.638,45.638,1,0,zzzzwwjj,human_account,not_automation,COLLABORATOR,yes,yes,no,no,yes,1.906,483.7
,,,33,vllm-project/vllm-ascend,llm_native,model_infra,supporting_infrastructure,pull_request,9923,https://github.com/vllm-project/vllm-ascend/pull/9923,closed_unmerged,2026-06-03T05:17:39Z,2026-07-31T00:59:05Z,,CarterDuan,NONE,human_account,no,yes,yes,no,yes,no,yes,no,yes,yes,yes,no,no,no,no,5,no,yes,yes,yes,no,no,no,no,9,13,1,0,yes,yes,no,no,4,6,0.003,21.312,21.312,2,2,CarterDuan,human_account,not_automation,NONE,yes,no,no,yes,no,57.82,483.7
,,,33,vllm-project/vllm-ascend,llm_native,model_infra,supporting_infrastructure,pull_request,15223,https://github.com/vllm-project/vllm-ascend/pull/15223,open,2026-08-28T09:23:29Z,,,tangtang1152,NONE,human_account,no,yes,yes,no,yes,no,yes,no,yes,yes,no,no,no,no,no,3,no,yes,yes,no,no,yes,yes,yes,4,3,1,0,yes,no,no,no,3,1,0.002,,,2,0,,,,,no,no,no,yes,no,,483.7
,,,33,vllm-project/vllm-ascend,llm_native,model_infra,supporting_infrastructure,issue,9768,https://github.com/vllm-project/vllm-ascend/issues/9768,closed,2026-05-30T09:25:14Z,2026-07-27T16:08:58Z,,xinru-yan,NONE,human_account,no,yes,no,no,no,no,yes,no,no,no,no,no,no,no,no,0,no,yes,yes,yes,no,no,no,no,3,3,0,0,no,no,no,no,3,1,63.692,63.692,63.692,0,0,github-actions[bot],automation_bot,conventional_automation,CONTRIBUTOR,no,no,no,yes,yes,58.28,483.7
,,,33,vllm-project/vllm-ascend,llm_native,model_infra,supporting_infrastructure,pull_request,7115,https://github.com/vllm-project/vllm-ascend/pull/7115,closed_unmerged,2026-03-10T07:47:41Z,2026-05-20T03:39:12Z,,wenba0,CONTRIBUTOR,human_account,no,yes,yes,no,yes,no,yes,no,yes,yes,no,no,no,no,no,4,no,yes,yes,yes,no,no,no,no,7,7,1,0,yes,yes,no,no,4,4,0.046,1699.859,1699.859,1,1,wangxiyuan,human_account,not_automation,COLLABORATOR,yes,yes,no,yes,yes,70.827,483.7
,,,33,vllm-project/vllm-ascend,llm_native,model_infra,supporting_infrastructure,issue,11745,https://github.com/vllm-project/vllm-ascend/issues/11745,open,2026-07-09T12:07:08Z,,,MINGJING-WU,COLLABORATOR,human_account,no,no,no,no,no,no,no,no,no,no,no,no,no,no,no,0,no,yes,yes,yes,no,unknown,yes,yes,0,0,0,0,no,no,no,no,1,0,,,,0,0,,,,,no,no,no,no,no,,483.7
,,,33,vllm-project/vllm-ascend,llm_native,model_infra,supporting_infrastructure,pull_request,11417,https://github.com/vllm-project/vllm-ascend/pull/11417,closed_unmerged,2026-07-03T10:02:40Z,2026-07-18T06:43:41Z,,ShuhaoZhangTony,NONE,human_account,no,yes,yes,no,yes,no,yes,no,yes,yes,no,no,no,no,no,4,no,yes,yes,no,no,yes,yes,yes,5,5,1,0,yes,yes,no,no,3,2,0.002,,,1,1,ShuhaoZhangTony,human_account,not_automation,NONE,yes,no,no,yes,no,14.862,483.7
,,,33,vllm-project/vllm-ascend,llm_native,model_infra,supporting_infrastructure,pull_request,10395,https://github.com/vllm-project/vllm-ascend/pull/10395,merged,2026-06-12T05:37:13Z,2026-06-12T13:56:08Z,2026-06-12T13:56:08Z,Bybbbb11,CONTRIBUTOR,human_account,no,yes,yes,no,yes,no,yes,no,yes,yes,yes,yes,no,no,no,3,no,yes,yes,yes,no,no,no,no,6,3,3,0,yes,yes,no,no,5,2,0.003,3.393,3.393,2,1,MengqingCao,human_account,not_automation,COLLABORATOR,yes,yes,no,yes,no,0.346,483.7
,,,33,vllm-project/vllm-ascend,llm_native,model_infra,supporting_infrastructure,pull_request,11590,https://github.com/vllm-project/vllm-ascend/pull/11590,closed_unmerged,2026-07-08T01:23:54Z,2026-07-08T01:26:56Z,,wangxiyuan,COLLABORATOR,human_account,no,yes,yes,no,yes,no,yes,no,yes,yes,no,no,no,no,no,2,no,yes,yes,yes,no,yes,yes,yes,3,2,1,0,yes,no,no,no,3,1,0.002,,,1,0,wangxiyuan,human_account,not_automation,COLLABORATOR,yes,yes,no,no,no,0.002,483.7
,,,33,vllm-project/vllm-ascend,llm_native,model_infra,supporting_infrastructure,pull_request,13662,https://github.com/vllm-project/vllm-ascend/pull/13662,open,2026-08-06T01:42:30Z,,,xqchen7,CONTRIBUTOR,human_account,no,yes,yes,no,yes,no,yes,no,yes,no,no,no,no,no,no,1,no,yes,yes,no,no,yes,yes,yes,3,4,0,0,no,no,no,no,3,3,0.001,,,5,0,,,,,no,no,no,yes,no,,483.7
,,,33,vllm-project/vllm-ascend,llm_native,model_infra,supporting_infrastructure,pull_request,10302,https://github.com/vllm-project/vllm-ascend/pull/10302,merged,2026-06-10T14:59:07Z,2026-06-22T08:58:39Z,2026-06-22T08:58:39Z,wangx700,CONTRIBUTOR,human_account,no,yes,yes,no,yes,no,no,no,yes,yes,yes,yes,no,no,no,3,no,yes,yes,yes,no,no,no,no,4,2,2,0,yes,yes,no,no,3,2,0.043,185.921,185.921,5,5,weijinqian0,human_account,not_automation,COLLABORATOR,yes,yes,no,yes,no,11.75,483.7
,,,33,vllm-project/vllm-ascend,llm_native,model_infra,supporting_infrastructure,pull_request,13869,https://github.com/vllm-project/vllm-ascend/pull/13869,closed_unmerged,2026-08-09T01:57:25Z,2026-08-09T12:55:54Z,,guxin108,CONTRIBUTOR,human_account,no,yes,yes,no,yes,no,yes,no,yes,no,no,no,no,no,no,1,no,yes,yes,yes,no,no,no,no,4,5,0,0,no,no,no,no,4,3,0.001,2.13,2.13,5,0,guxin108,human_account,not_automation,CONTRIBUTOR,yes,no,no,yes,no,0.457,483.7
,,,33,vllm-project/vllm-ascend,llm_native,model_infra,supporting_infrastructure,pull_request,9957,https://github.com/vllm-project/vllm-ascend/pull/9957,open,2026-06-03T13:45:09Z,,,calyoung80,NONE,human_account,no,yes,yes,no,yes,no,yes,no,yes,yes,no,no,no,no,no,3,no,yes,yes,no,no,yes,yes,yes,5,4,1,0,yes,yes,no,no,3,1,0.007,,,12,11,calyoung80,human_account,not_automation,NONE,yes,no,no,yes,no,,483.7
,,,33,vllm-project/vllm-ascend,llm_native,model_infra,supporting_infrastructure,pull_request,13371,https://github.com/vllm-project/vllm-ascend/pull/13371,closed_unmerged,2026-08-03T04:13:54Z,2026-08-13T10:18:35Z,,czydyy,COLLABORATOR,human_account,no,yes,yes,no,yes,no,yes,no,yes,yes,no,no,no,no,no,7,no,yes,yes,yes,no,yes,yes,yes,9,8,1,0,yes,yes,no,no,3,1,0.02,,,16,6,czydyy,human_account,not_automation,COLLABORATOR,yes,yes,no,no,no,10.253,483.7
,,,33,vllm-project/vllm-ascend,llm_native,model_infra,supporting_infrastructure,pull_request,6503,https://github.com/vllm-project/vllm-ascend/pull/6503,merged,2026-02-03T08:15:30Z,2026-03-03T12:13:43Z,2026-03-03T12:13:43Z,MrZ20,CONTRIBUTOR,human_account,no,yes,yes,no,yes,no,yes,no,yes,yes,yes,yes,no,no,no,5,no,yes,yes,yes,no,no,no,no,12,10,3,0,yes,yes,no,no,5,3,0.004,650.096,650.096,5,5,wangxiyuan,human_account,not_automation,COLLABORATOR,yes,yes,no,yes,yes,28.165,483.7
,,,33,vllm-project/vllm-ascend,llm_native,model_infra,supporting_infrastructure,issue,10372,https://github.com/vllm-project/vllm-ascend/issues/10372,closed,2026-06-12T01:38:45Z,2026-08-10T07:02:28Z,,MandyMengjie,NONE,human_account,no,yes,no,no,no,no,yes,no,no,no,no,no,no,no,no,0,no,yes,yes,yes,no,no,no,no,4,5,0,0,no,no,no,no,4,1,2.021,2.021,2.021,0,0,github-actions[bot],automation_bot,conventional_automation,CONTRIBUTOR,no,no,no,yes,no,59.225,483.7
,,,33,vllm-project/vllm-ascend,llm_native,model_infra,supporting_infrastructure,pull_request,7908,https://github.com/vllm-project/vllm-ascend/pull/7908,closed_unmerged,2026-04-01T09:22:33Z,2026-06-29T11:22:03Z,,Wangbei25,CONTRIBUTOR,human_account,no,yes,yes,no,yes,no,yes,no,yes,yes,no,no,no,no,no,3,no,yes,yes,no,no,yes,yes,yes,4,3,1,0,yes,no,no,no,3,1,0.003,,,1,0,Wangbei25,human_account,not_automation,CONTRIBUTOR,yes,no,no,yes,yes,89.083,483.7
,,,34,open-metadata/OpenMetadata,mixed,model_infra,supporting_infrastructure,pull_request,25805,https://github.com/open-metadata/OpenMetadata/pull/25805,closed_unmerged,2026-02-11T07:28:37Z,2026-02-11T07:29:19Z,,Copilot,CONTRIBUTOR,automation_bot,no,yes,yes,yes,yes,no,no,yes,yes,no,no,no,no,no,no,5,no,yes,no,no,no,yes,yes,yes,1,1,0,0,no,no,no,no,2,0,0.131,,,1,0,karanh37,human_account,not_automation,CONTRIBUTOR,yes,no,no,yes,yes,0.0,357.0
,,,34,open-metadata/OpenMetadata,mixed,model_infra,supporting_infrastructure,pull_request,26778,https://github.com/open-metadata/OpenMetadata/pull/26778,merged,2026-03-25T21:25:25Z,2026-05-11T11:10:50Z,2026-05-11T11:10:50Z,Ryadlotfimahtal,CONTRIBUTOR,human_account,no,yes,yes,no,yes,no,yes,no,yes,yes,yes,yes,no,no,no,7,no,yes,yes,yes,no,no,no,no,19,17,5,0,yes,yes,no,no,5,4,0.007,968.551,968.551,9,9,ulixius9,human_account,not_automation,MEMBER,yes,yes,no,yes,yes,46.573,357.0
,,,34,open-metadata/OpenMetadata,mixed,model_infra,supporting_infrastructure,pull_request,29068,https://github.com/open-metadata/OpenMetadata/pull/29068,merged,2026-06-16T08:50:32Z,2026-06-17T10:29:12Z,2026-06-17T10:29:12Z,shah-harshit,CONTRIBUTOR,human_account,no,yes,yes,no,yes,no,yes,no,yes,yes,yes,yes,no,no,no,3,no,yes,yes,yes,no,no,no,no,10,6,4,0,yes,yes,no,no,6,5,0.005,20.059,20.059,7,6,shah-harshit,human_account,not_automation,CONTRIBUTOR,yes,no,no,yes,no,1.069,357.0
,,,34,open-metadata/OpenMetadata,mixed,model_infra,supporting_infrastructure,issue,26256,https://github.com/open-metadata/OpenMetadata/issues/26256,closed,2026-03-05T10:08:53Z,2026-03-16T06:58:21Z,,siddhant1,MEMBER,human_account,no,yes,no,no,no,no,yes,no,no,no,no,no,no,no,no,0,no,yes,yes,yes,no,unknown,yes,yes,0,0,0,0,no,no,no,no,1,0,,,,0,0,siddhant1,human_account,not_automation,MEMBER,yes,yes,no,no,yes,10.868,357.0
,,,34,open-metadata/OpenMetadata,mixed,model_infra,supporting_infrastructure,issue,26859,https://github.com/open-metadata/OpenMetadata/issues/26859,closed,2026-03-30T11:39:44Z,2026-04-08T22:55:45Z,,predkambrij,NONE,human_account,no,yes,no,no,no,no,yes,no,no,no,no,no,no,no,no,0,no,yes,yes,yes,no,no,no,no,1,2,0,0,no,no,no,no,2,0,227.264,227.264,227.264,0,0,harshach,human_account,not_automation,COLLABORATOR,yes,yes,no,yes,yes,9.469,357.0
,,,34,open-metadata/OpenMetadata,mixed,model_infra,supporting_infrastructure,pull_request,27316,https://github.com/open-metadata/OpenMetadata/pull/27316,closed_unmerged,2026-04-13T10:09:47Z,2026-04-15T04:11:22Z,,harsh-vador,CONTRIBUTOR,human_account,no,yes,yes,no,yes,no,yes,no,yes,no,yes,yes,no,no,no,1,no,yes,yes,yes,no,no,no,no,5,4,1,0,yes,no,no,no,5,2,0.023,6.353,6.353,1,0,harsh-vador,human_account,not_automation,CONTRIBUTOR,yes,no,no,yes,yes,1.751,357.0
,,,34,open-metadata/OpenMetadata,mixed,model_infra,supporting_infrastructure,pull_request,28016,https://github.com/open-metadata/OpenMetadata/pull/28016,closed_unmerged,2026-05-10T17:25:30Z,2026-07-27T10:19:45Z,,harshach,COLLABORATOR,human_account,no,yes,yes,yes,yes,no,yes,no,yes,yes,no,no,no,no,no,4,no,yes,yes,yes,no,yes,yes,yes,8,6,2,0,yes,no,no,no,4,1,0.035,,,1,0,github-actions[bot],automation_bot,conventional_automation,CONTRIBUTOR,no,no,no,no,yes,77.704,357.0
,,,34,open-metadata/OpenMetadata,mixed,model_infra,supporting_infrastructure,pull_request,25243,https://github.com/open-metadata/OpenMetadata/pull/25243,merged,2026-01-13T06:08:48Z,2026-01-29T06:34:48Z,2026-01-29T06:34:48Z,Copilot,CONTRIBUTOR,automation_bot,no,yes,yes,yes,yes,no,yes,yes,yes,yes,yes,no,no,no,no,29,yes,yes,yes,no,no,no,no,yes,24,16,8,0,yes,yes,no,no,6,7,0.22,7.793,,18,14,anuj-kumary,human_account,not_automation,MEMBER,yes,yes,no,yes,yes,16.018,357.0
,,,34,open-metadata/OpenMetadata,mixed,model_infra,supporting_infrastructure,issue,26792,https://github.com/open-metadata/OpenMetadata/issues/26792,closed,2026-03-26T09:46:38Z,2026-08-20T16:47:00Z,,DK905,NONE,human_account,no,yes,no,no,no,no,yes,no,no,no,no,no,no,no,no,0,no,yes,yes,no,no,unknown,yes,yes,0,1,0,0,no,no,no,no,1,0,,,,0,0,IceS2,human_account,not_automation,,yes,no,no,yes,yes,147.292,357.0
,,,34,open-metadata/OpenMetadata,mixed,model_infra,supporting_infrastructure,pull_request,31576,https://github.com/open-metadata/OpenMetadata/pull/31576,merged,2026-08-15T09:02:14Z,2026-08-16T06:05:05Z,2026-08-16T06:05:05Z,ShaileshParmar11,CONTRIBUTOR,human_account,no,yes,yes,no,yes,no,yes,no,yes,no,yes,yes,no,no,no,1,no,yes,yes,yes,no,no,no,no,7,6,1,0,yes,no,no,no,4,3,0.003,6.816,6.816,2,0,ShaileshParmar11,human_account,not_automation,CONTRIBUTOR,yes,no,no,yes,no,0.877,357.0
,,,34,open-metadata/OpenMetadata,mixed,model_infra,supporting_infrastructure,pull_request,28596,https://github.com/open-metadata/OpenMetadata/pull/28596,closed_unmerged,2026-06-01T15:17:07Z,2026-06-01T15:20:57Z,,sonika-shah,COLLABORATOR,human_account,no,yes,yes,no,yes,no,yes,no,yes,no,no,no,no,no,no,1,no,yes,yes,yes,no,yes,yes,yes,4,5,0,0,no,no,no,no,4,3,0.023,,,1,0,sonika-shah,human_account,not_automation,COLLABORATOR,yes,yes,no,no,no,0.003,357.0
,,,34,open-metadata/OpenMetadata,mixed,model_infra,supporting_infrastructure,issue,28908,https://github.com/open-metadata/OpenMetadata/issues/28908,open,2026-06-10T09:04:42Z,,,ulixius9,MEMBER,human_account,no,yes,no,no,no,no,yes,no,no,no,no,no,no,no,no,0,no,yes,yes,yes,no,unknown,yes,yes,0,0,0,0,no,no,no,no,1,0,,,,0,0,,,,,no,no,no,no,no,,357.0
,,,34,open-metadata/OpenMetadata,mixed,model_infra,supporting_infrastructure,pull_request,31538,https://github.com/open-metadata/OpenMetadata/pull/31538,open,2026-08-14T12:13:26Z,,,sonika-shah,COLLABORATOR,human_account,no,yes,yes,yes,yes,no,yes,no,yes,yes,no,no,no,no,no,8,no,yes,yes,yes,no,yes,yes,yes,10,6,4,0,yes,no,no,no,4,1,0.054,,,1,0,,,,,no,no,no,no,no,,357.0
,,,34,open-metadata/OpenMetadata,mixed,model_infra,supporting_infrastructure,pull_request,29296,https://github.com/open-metadata/OpenMetadata/pull/29296,merged,2026-06-22T11:56:58Z,2026-06-23T11:47:26Z,2026-06-23T11:47:26Z,chirag-madlani,COLLABORATOR,human_account,no,yes,yes,no,yes,no,yes,no,yes,yes,yes,yes,no,no,no,3,no,yes,yes,yes,no,no,no,no,8,6,2,0,yes,yes,no,no,5,3,0.031,19.007,19.007,3,2,chirag-madlani,human_account,not_automation,COLLABORATOR,yes,yes,no,no,no,0.993,357.0
,,,34,open-metadata/OpenMetadata,mixed,model_infra,supporting_infrastructure,pull_request,26258,https://github.com/open-metadata/OpenMetadata/pull/26258,merged,2026-03-05T10:29:55Z,2026-03-05T14:26:00Z,2026-03-05T14:26:00Z,pmbrull,MEMBER,human_account,no,yes,yes,no,yes,no,yes,no,yes,yes,yes,yes,no,no,no,11,no,yes,yes,yes,no,no,no,no,13,7,6,0,yes,yes,no,no,4,3,0.034,0.438,0.438,4,3,pmbrull,human_account,not_automation,MEMBER,yes,yes,no,no,yes,0.164,357.0
,,,34,open-metadata/OpenMetadata,mixed,model_infra,supporting_infrastructure,pull_request,25334,https://github.com/open-metadata/OpenMetadata/pull/25334,closed_unmerged,2026-01-16T08:50:05Z,2026-01-16T09:34:46Z,,pmbrull,MEMBER,human_account,no,yes,yes,no,yes,no,yes,no,yes,no,no,no,no,no,no,1,no,yes,yes,yes,no,yes,yes,yes,4,4,0,0,no,no,no,no,4,1,0.056,,,3,0,pmbrull,human_account,not_automation,MEMBER,yes,yes,no,no,yes,0.031,357.0
,,,34,open-metadata/OpenMetadata,mixed,model_infra,supporting_infrastructure,pull_request,26035,https://github.com/open-metadata/OpenMetadata/pull/26035,merged,2026-02-23T05:53:09Z,2026-02-23T12:17:27Z,2026-02-23T12:17:27Z,karanh37,CONTRIBUTOR,human_account,no,yes,yes,no,yes,no,yes,no,yes,yes,yes,yes,no,no,no,23,yes,yes,yes,yes,no,no,no,no,27,14,13,0,yes,yes,no,no,5,5,0.079,2.998,2.998,10,9,chirag-madlani,human_account,not_automation,COLLABORATOR,yes,yes,no,yes,yes,0.267,357.0
,,,34,open-metadata/OpenMetadata,mixed,model_infra,supporting_infrastructure,issue,28435,https://github.com/open-metadata/OpenMetadata/issues/28435,open,2026-05-26T10:39:33Z,,,jnrimjhim,NONE,human_account,no,yes,no,no,no,no,yes,no,no,no,no,no,no,no,no,0,no,yes,yes,no,no,unknown,yes,yes,0,0,0,0,no,no,no,no,1,0,,,,0,0,,,,,no,no,no,yes,yes,,357.0
,,,34,open-metadata/OpenMetadata,mixed,model_infra,supporting_infrastructure,pull_request,29733,https://github.com/open-metadata/OpenMetadata/pull/29733,merged,2026-07-03T11:57:30Z,2026-07-06T11:30:54Z,2026-07-06T11:30:54Z,chirag-madlani,COLLABORATOR,human_account,no,yes,yes,yes,yes,no,yes,no,yes,yes,yes,no,no,no,no,5,no,yes,yes,yes,no,no,no,yes,10,6,4,0,yes,yes,no,no,6,3,0.002,2.724,,3,2,chirag-madlani,human_account,not_automation,COLLABORATOR,yes,yes,no,no,no,2.982,357.0
,,,34,open-metadata/OpenMetadata,mixed,model_infra,supporting_infrastructure,pull_request,26566,https://github.com/open-metadata/OpenMetadata/pull/26566,merged,2026-03-17T23:12:43Z,2026-03-18T13:13:07Z,2026-03-18T13:13:07Z,TeddyCr,COLLABORATOR,human_account,no,yes,yes,yes,yes,no,yes,no,yes,yes,yes,yes,no,no,no,17,no,yes,yes,yes,no,no,no,no,22,16,7,0,yes,yes,no,no,6,5,0.053,0.946,0.946,4,3,TeddyCr,human_account,not_automation,COLLABORATOR,yes,yes,no,no,yes,0.584,357.0
,,,35,microsoft/onnxruntime,traditional,model_infra,supporting_infrastructure,pull_request,28673,https://github.com/microsoft/onnxruntime/pull/28673,open,2026-05-26T15:49:29Z,,,artus9033,NONE,human_account,no,no,no,no,no,no,no,no,no,no,no,no,no,no,no,0,no,yes,yes,no,no,unknown,yes,yes,0,0,0,0,no,no,no,no,1,0,,,,1,0,,,,,no,no,no,yes,yes,,152.75
,,,35,microsoft/onnxruntime,traditional,model_infra,supporting_infrastructure,pull_request,26961,https://github.com/microsoft/onnxruntime/pull/26961,merged,2026-01-10T07:46:33Z,2026-01-12T20:54:51Z,2026-01-12T20:54:51Z,baijumeswani,CONTRIBUTOR,human_account,no,no,no,no,no,no,no,no,no,no,yes,no,no,no,no,0,no,yes,yes,no,no,no,no,yes,1,0,1,0,yes,no,no,no,2,0,60.771,60.771,,1,0,baijumeswani,human_account,not_automation,CONTRIBUTOR,yes,no,no,yes,yes,2.547,152.75
,,,35,microsoft/onnxruntime,traditional,model_infra,supporting_infrastructure,pull_request,31191,https://github.com/microsoft/onnxruntime/pull/31191,open,2026-07-30T19:09:11Z,,,tianleiwu,CONTRIBUTOR,human_account,no,yes,yes,yes,no,no,no,no,yes,yes,no,no,no,no,no,4,no,yes,yes,no,no,yes,yes,yes,4,3,1,0,yes,no,no,no,2,1,561.56,,,4,0,,,,,no,no,no,yes,no,,152.75
,,,35,microsoft/onnxruntime,traditional,model_infra,supporting_infrastructure,pull_request,28467,https://github.com/microsoft/onnxruntime/pull/28467,merged,2026-05-12T00:16:03Z,2026-05-20T05:56:50Z,2026-05-20T05:56:50Z,tianleiwu,CONTRIBUTOR,human_account,no,yes,yes,yes,no,no,yes,no,yes,yes,yes,no,no,no,no,1,no,yes,yes,no,no,no,no,yes,26,21,12,0,yes,yes,no,no,6,2,0.162,192.697,,20,19,tianleiwu,human_account,not_automation,CONTRIBUTOR,yes,no,no,yes,yes,8.237,152.75
,,,35,microsoft/onnxruntime,traditional,model_infra,supporting_infrastructure,pull_request,28045,https://github.com/microsoft/onnxruntime/pull/28045,merged,2026-04-13T02:41:56Z,2026-04-25T02:26:00Z,2026-04-25T02:26:00Z,Copilot,CONTRIBUTOR,automation_bot,no,yes,yes,yes,no,no,yes,yes,no,yes,yes,no,no,no,no,10,yes,yes,yes,no,no,no,no,yes,18,16,5,0,yes,yes,no,no,4,7,162.826,162.826,,12,4,tianleiwu,human_account,not_automation,CONTRIBUTOR,yes,no,no,yes,yes,11.989,152.75
,,,35,microsoft/onnxruntime,traditional,model_infra,supporting_infrastructure,pull_request,27517,https://github.com/microsoft/onnxruntime/pull/27517,merged,2026-03-03T00:04:40Z,2026-03-05T01:39:30Z,2026-03-05T01:39:30Z,edgchen1,CONTRIBUTOR,human_account,no,no,no,no,no,no,no,no,no,no,yes,no,no,no,no,0,no,yes,yes,no,no,no,no,yes,1,0,1,0,yes,no,no,no,2,0,6.732,6.732,,1,0,edgchen1,human_account,not_automation,CONTRIBUTOR,yes,no,no,yes,yes,2.066,152.75
,,,35,microsoft/onnxruntime,traditional,model_infra,supporting_infrastructure,pull_request,28513,https://github.com/microsoft/onnxruntime/pull/28513,closed_unmerged,2026-05-14T18:17:26Z,2026-05-14T19:03:43Z,,yuslepukhin,CONTRIBUTOR,human_account,no,yes,yes,yes,no,no,no,no,yes,yes,yes,no,no,no,no,1,no,yes,yes,no,no,no,no,yes,2,0,2,0,yes,no,no,no,3,2,0.095,0.772,,1,0,yuslepukhin,human_account,not_automation,CONTRIBUTOR,yes,no,no,yes,yes,0.032,152.75
,,,35,microsoft/onnxruntime,traditional,model_infra,supporting_infrastructure,pull_request,27478,https://github.com/microsoft/onnxruntime/pull/27478,merged,2026-02-27T08:55:50Z,2026-02-27T20:21:33Z,2026-02-27T20:21:33Z,xhcao,CONTRIBUTOR,human_account,no,yes,no,no,no,no,yes,no,no,no,yes,yes,no,no,no,0,no,yes,yes,yes,no,no,no,no,4,3,2,0,yes,no,no,no,4,1,3.854,3.854,3.854,1,0,guschmue,human_account,not_automation,CONTRIBUTOR,yes,no,no,yes,yes,0.476,152.75
,,,35,microsoft/onnxruntime,traditional,model_infra,supporting_infrastructure,pull_request,29466,https://github.com/microsoft/onnxruntime/pull/29466,merged,2026-07-01T22:40:31Z,2026-07-03T22:32:08Z,2026-07-03T22:32:08Z,hariharans29,MEMBER,human_account,no,yes,yes,yes,no,no,yes,no,yes,yes,yes,no,no,no,no,9,no,yes,yes,yes,no,no,no,yes,10,6,5,0,yes,yes,no,no,3,2,0.182,22.812,,22,5,hariharans29,human_account,not_automation,MEMBER,yes,yes,no,no,no,1.994,152.75
,,,35,microsoft/onnxruntime,traditional,model_infra,supporting_infrastructure,pull_request,28320,https://github.com/microsoft/onnxruntime/pull/28320,merged,2026-05-02T00:30:28Z,2026-05-06T22:00:49Z,2026-05-06T22:00:49Z,yuslepukhin,CONTRIBUTOR,human_account,no,yes,yes,yes,no,no,no,no,yes,yes,yes,no,no,no,no,27,no,yes,yes,no,no,no,no,yes,36,38,9,0,yes,yes,no,no,3,6,0.1,72.44,,9,6,yuslepukhin,human_account,not_automation,CONTRIBUTOR,yes,no,no,yes,yes,4.896,152.75
,,,35,microsoft/onnxruntime,traditional,model_infra,supporting_infrastructure,pull_request,27027,https://github.com/microsoft/onnxruntime/pull/27027,closed_unmerged,2026-01-15T21:58:21Z,2026-01-16T01:22:11Z,,jambayk,CONTRIBUTOR,human_account,no,no,no,no,no,no,no,no,no,no,no,no,no,no,no,0,no,yes,yes,no,no,unknown,yes,yes,0,0,0,0,no,no,no,no,1,0,,,,7,0,jambayk,human_account,not_automation,CONTRIBUTOR,yes,no,no,yes,yes,0.142,152.75
,,,35,microsoft/onnxruntime,traditional,model_infra,supporting_infrastructure,pull_request,27208,https://github.com/microsoft/onnxruntime/pull/27208,closed_unmerged,2026-01-29T23:56:19Z,2026-01-31T08:14:29Z,,tianleiwu,CONTRIBUTOR,human_account,no,yes,yes,yes,no,no,no,no,yes,yes,yes,no,no,no,no,2,no,yes,yes,no,no,no,no,yes,5,3,2,0,yes,yes,no,no,4,2,0.378,0.397,,2,1,tianleiwu,human_account,not_automation,CONTRIBUTOR,yes,no,no,yes,yes,1.346,152.75
,,,35,microsoft/onnxruntime,traditional,model_infra,supporting_infrastructure,pull_request,32267,https://github.com/microsoft/onnxruntime/pull/32267,open,2026-08-25T21:54:25Z,,,GopalakrishnanN,CONTRIBUTOR,human_account,no,no,no,no,no,no,no,no,no,no,no,no,no,no,no,0,no,yes,yes,no,no,unknown,yes,yes,0,0,0,0,no,no,no,no,1,0,,,,2,0,,,,,no,no,no,yes,no,,152.75
,,,35,microsoft/onnxruntime,traditional,model_infra,supporting_infrastructure,issue,29790,https://github.com/microsoft/onnxruntime/issues/29790,open,2026-07-20T13:02:38Z,,,martinkjlarsson,NONE,human_account,no,yes,no,no,no,no,yes,no,no,no,no,no,no,no,no,0,no,yes,yes,no,no,yes,yes,yes,1,1,0,0,no,no,no,no,2,1,722.004,,,0,0,,,,,no,no,no,yes,no,,152.75
,,,35,microsoft/onnxruntime,traditional,model_infra,supporting_infrastructure,pull_request,32071,https://github.com/microsoft/onnxruntime/pull/32071,open,2026-08-13T20:03:37Z,,,chilo-ms,CONTRIBUTOR,human_account,no,no,no,no,no,no,no,no,no,no,no,no,no,no,no,0,no,yes,yes,no,no,unknown,yes,yes,0,0,0,0,no,no,no,no,1,0,,,,6,0,,,,,no,no,no,yes,no,,152.75
,,,35,microsoft/onnxruntime,traditional,model_infra,supporting_infrastructure,pull_request,27646,https://github.com/microsoft/onnxruntime/pull/27646,merged,2026-03-13T17:47:58Z,2026-03-23T18:22:30Z,2026-03-23T18:22:29Z,tianleiwu,CONTRIBUTOR,human_account,no,yes,yes,yes,no,no,yes,no,yes,yes,yes,no,no,yes,no,7,no,yes,yes,no,no,no,no,yes,29,19,12,1,yes,yes,yes,yes,4,4,0.37,151.616,,17,13,tianleiwu,human_account,not_automation,CONTRIBUTOR,yes,no,no,yes,yes,10.024,152.75
,,,35,microsoft/onnxruntime,traditional,model_infra,supporting_infrastructure,pull_request,28028,https://github.com/microsoft/onnxruntime/pull/28028,merged,2026-04-09T20:59:00Z,2026-04-14T03:03:50Z,2026-04-14T03:03:50Z,yuslepukhin,CONTRIBUTOR,human_account,no,yes,yes,yes,no,no,yes,no,yes,yes,yes,no,no,yes,no,36,no,yes,yes,no,no,no,no,yes,46,43,11,1,yes,yes,yes,yes,3,10,0.121,21.989,,15,14,yuslepukhin,human_account,not_automation,CONTRIBUTOR,yes,no,no,yes,yes,4.253,152.75
,,,35,microsoft/onnxruntime,traditional,model_infra,supporting_infrastructure,issue,31730,https://github.com/microsoft/onnxruntime/issues/31730,open,2026-08-08T12:54:10Z,,,martinkjlarsson,NONE,human_account,no,no,no,no,no,no,no,no,no,no,no,no,no,no,no,0,no,yes,yes,no,no,unknown,yes,yes,0,0,0,0,no,no,no,no,1,0,,,,0,0,,,,,no,no,no,yes,no,,152.75
,,,35,microsoft/onnxruntime,traditional,model_infra,supporting_infrastructure,pull_request,27050,https://github.com/microsoft/onnxruntime/pull/27050,merged,2026-01-18T04:28:53Z,2026-01-19T03:32:15Z,2026-01-19T03:32:15Z,chilo-ms,CONTRIBUTOR,human_account,no,no,no,no,no,no,no,no,no,no,yes,no,no,no,no,0,no,yes,yes,no,no,no,no,yes,3,2,2,0,yes,no,no,no,3,0,15.454,15.454,,52,0,chilo-ms,human_account,not_automation,CONTRIBUTOR,yes,no,no,yes,yes,0.961,152.75
,,,35,microsoft/onnxruntime,traditional,model_infra,supporting_infrastructure,issue,28617,https://github.com/microsoft/onnxruntime/issues/28617,closed,2026-05-21T23:27:34Z,2026-05-29T00:03:24Z,,adrianlizarraga,CONTRIBUTOR,human_account,no,no,no,no,no,no,no,no,no,no,no,no,no,no,no,0,no,yes,yes,no,no,unknown,yes,yes,0,0,0,0,no,no,no,no,1,0,,,,0,0,yuslepukhin,human_account,not_automation,CONTRIBUTOR,yes,no,no,yes,yes,7.025,152.75
,,,36,CherryHQ/cherry-studio,llm_native,agent_application,direct_agent_experience,issue,12978,https://github.com/CherryHQ/cherry-studio/issues/12978,closed,2026-02-20T15:39:15Z,2026-04-21T00:54:27Z,,astatine-213,NONE,human_account,no,yes,yes,no,no,yes,yes,no,no,no,no,no,no,no,no,2,no,yes,yes,no,no,yes,yes,yes,1,1,0,0,no,no,no,no,2,1,1185.141,,,0,0,github-actions[bot],automation_bot,conventional_automation,CONTRIBUTOR,no,no,no,yes,yes,59.386,364.0
,,,36,CherryHQ/cherry-studio,llm_native,agent_application,direct_agent_experience,issue,12938,https://github.com/CherryHQ/cherry-studio/issues/12938,closed,2026-02-15T17:43:09Z,2026-04-21T00:54:35Z,,wzgrx,NONE,human_account,no,yes,yes,no,no,yes,yes,no,no,no,no,no,no,no,no,1,no,yes,yes,no,no,yes,yes,yes,1,1,0,0,no,no,no,no,2,1,1303.079,,,0,0,github-actions[bot],automation_bot,conventional_automation,CONTRIBUTOR,no,no,no,yes,yes,64.3,364.0
,,,36,CherryHQ/cherry-studio,llm_native,agent_application,direct_agent_experience,pull_request,17230,https://github.com/CherryHQ/cherry-studio/pull/17230,open,2026-07-21T09:36:05Z,,,SiinXu,COLLABORATOR,human_account,no,yes,yes,yes,no,no,no,no,yes,yes,yes,yes,no,yes,no,13,no,yes,yes,yes,no,no,no,no,31,27,10,4,yes,yes,yes,yes,6,1,21.455,21.455,21.455,12,12,,,,,no,no,no,no,no,,364.0
,,,36,CherryHQ/cherry-studio,llm_native,agent_application,direct_agent_experience,issue,14957,https://github.com/CherryHQ/cherry-studio/issues/14957,closed,2026-05-09T07:46:25Z,2026-08-08T05:24:50Z,,1z1-zz,NONE,human_account,no,yes,yes,no,no,yes,yes,no,no,no,no,no,no,no,no,2,no,yes,yes,yes,no,no,no,no,2,2,0,0,no,no,no,no,3,0,31.876,31.876,31.876,0,0,Pleasurecruise,human_account,not_automation,COLLABORATOR,yes,yes,no,yes,yes,90.902,364.0
,,,36,CherryHQ/cherry-studio,llm_native,agent_application,direct_agent_experience,pull_request,13404,https://github.com/CherryHQ/cherry-studio/pull/13404,merged,2026-03-12T00:36:05Z,2026-03-12T01:44:29Z,2026-03-12T01:44:29Z,github-actions[bot],CONTRIBUTOR,automation_bot,no,yes,no,no,no,no,yes,no,no,no,yes,yes,no,no,no,0,no,yes,yes,yes,no,no,no,no,1,0,1,0,yes,no,no,no,2,1,1.137,1.137,1.137,1,0,kangfenmao,human_account,not_automation,COLLABORATOR,yes,yes,no,yes,yes,0.047,364.0
,,,36,CherryHQ/cherry-studio,llm_native,agent_application,direct_agent_experience,issue,16785,https://github.com/CherryHQ/cherry-studio/issues/16785,closed,2026-07-06T15:30:42Z,2026-08-17T00:20:36Z,,copnyX,NONE,human_account,no,yes,yes,no,no,yes,yes,no,no,no,no,no,no,no,no,1,no,yes,yes,no,no,yes,yes,yes,2,2,0,0,no,no,no,no,2,1,729.158,,,0,0,github-actions[bot],automation_bot,conventional_automation,CONTRIBUTOR,no,no,no,yes,no,41.368,364.0
,,,36,CherryHQ/cherry-studio,llm_native,agent_application,direct_agent_experience,pull_request,17294,https://github.com/CherryHQ/cherry-studio/pull/17294,merged,2026-07-22T17:48:04Z,2026-07-24T12:55:48Z,2026-07-24T12:55:48Z,kennyzheng-builds,COLLABORATOR,human_account,no,no,no,no,no,no,no,no,no,no,yes,yes,no,no,no,0,no,yes,yes,yes,no,no,no,no,16,24,4,0,yes,yes,no,no,3,0,18.679,18.679,18.679,8,8,0xfullex,human_account,not_automation,MEMBER,yes,yes,no,no,no,1.797,364.0
,,,36,CherryHQ/cherry-studio,llm_native,agent_application,direct_agent_experience,issue,18217,https://github.com/CherryHQ/cherry-studio/issues/18217,closed,2026-08-08T16:37:20Z,2026-08-27T12:27:22Z,,kennyzheng-builds,COLLABORATOR,human_account,no,yes,yes,no,no,yes,yes,no,no,no,no,no,no,no,no,1,no,yes,yes,yes,no,no,no,yes,1,1,0,0,no,no,no,no,2,0,435.831,435.831,,0,0,ousugo,human_account,not_automation,,yes,no,no,no,no,18.826,364.0
,,,36,CherryHQ/cherry-studio,llm_native,agent_application,direct_agent_experience,pull_request,18420,https://github.com/CherryHQ/cherry-studio/pull/18420,closed_unmerged,2026-08-12T03:17:29Z,2026-08-12T09:52:13Z,,404-Page-Found,COLLABORATOR,human_account,no,no,no,no,no,no,no,no,no,no,yes,no,no,no,no,0,no,yes,yes,yes,no,no,no,no,2,2,1,0,yes,no,no,no,3,0,2.468,2.468,3.147,1,0,404-Page-Found,human_account,not_automation,COLLABORATOR,yes,yes,no,no,no,0.274,364.0
,,,36,CherryHQ/cherry-studio,llm_native,agent_application,direct_agent_experience,issue,19002,https://github.com/CherryHQ/cherry-studio/issues/19002,open,2026-08-20T05:50:08Z,,,SiinXu,COLLABORATOR,human_account,no,yes,yes,no,no,yes,yes,no,no,no,no,no,no,no,no,1,no,yes,yes,yes,no,unknown,yes,yes,0,0,0,0,no,no,no,no,1,0,,,,0,0,,,,,no,no,no,no,no,,364.0
,,,36,CherryHQ/cherry-studio,llm_native,agent_application,direct_agent_experience,issue,15761,https://github.com/CherryHQ/cherry-studio/issues/15761,closed,2026-06-07T02:51:30Z,2026-07-19T00:48:55Z,,NanjingCDK,NONE,human_account,no,yes,no,no,no,no,yes,no,no,no,no,no,no,no,no,0,no,yes,yes,no,no,yes,yes,yes,1,1,0,0,no,no,no,no,2,1,741.928,,,0,0,github-actions[bot],automation_bot,conventional_automation,CONTRIBUTOR,no,no,no,yes,no,41.915,364.0
,,,36,CherryHQ/cherry-studio,llm_native,agent_application,direct_agent_experience,issue,13466,https://github.com/CherryHQ/cherry-studio/issues/13466,closed,2026-03-14T12:43:45Z,2026-03-15T01:49:21Z,,NemH,NONE,human_account,no,yes,yes,yes,no,yes,no,no,yes,no,no,no,no,no,no,2,no,yes,yes,yes,no,no,no,no,2,2,0,0,no,no,no,no,3,2,0.17,2.972,2.972,0,0,kangfenmao,human_account,not_automation,COLLABORATOR,yes,yes,no,yes,yes,0.546,364.0
,,,36,CherryHQ/cherry-studio,llm_native,agent_application,direct_agent_experience,pull_request,16348,https://github.com/CherryHQ/cherry-studio/pull/16348,merged,2026-06-24T12:04:53Z,2026-06-24T12:54:44Z,2026-06-24T12:54:44Z,kangfenmao,COLLABORATOR,human_account,no,no,no,no,no,no,no,no,no,no,yes,yes,no,no,no,0,no,yes,yes,yes,no,no,no,no,5,4,4,0,yes,yes,no,no,4,0,0.181,0.181,0.181,6,2,0xfullex,human_account,not_automation,MEMBER,yes,yes,no,no,no,0.035,364.0
,,,36,CherryHQ/cherry-studio,llm_native,agent_application,direct_agent_experience,pull_request,12852,https://github.com/CherryHQ/cherry-studio/pull/12852,merged,2026-02-10T08:11:25Z,2026-02-10T11:37:09Z,2026-02-10T11:37:09Z,DeJeune,COLLABORATOR,human_account,no,no,no,no,no,no,no,no,no,no,yes,yes,no,no,no,0,no,yes,yes,yes,no,no,no,no,2,0,2,0,yes,yes,no,no,2,0,0.69,0.69,0.69,2,1,kangfenmao,human_account,not_automation,COLLABORATOR,yes,yes,no,no,yes,0.143,364.0
,,,36,CherryHQ/cherry-studio,llm_native,agent_application,direct_agent_experience,pull_request,19480,https://github.com/CherryHQ/cherry-studio/pull/19480,merged,2026-08-26T11:40:23Z,2026-08-27T09:07:01Z,2026-08-27T09:07:00Z,DeJeune,COLLABORATOR,human_account,no,yes,yes,yes,no,no,no,no,yes,yes,yes,yes,no,yes,no,5,no,yes,yes,yes,no,no,no,no,8,3,5,1,yes,yes,yes,yes,3,3,0.268,0.268,0.268,3,2,DeJeune,human_account,not_automation,COLLABORATOR,yes,yes,no,no,no,0.893,364.0
,,,36,CherryHQ/cherry-studio,llm_native,agent_application,direct_agent_experience,issue,13107,https://github.com/CherryHQ/cherry-studio/issues/13107,open,2026-02-28T02:23:59Z,,,zjl578254155,NONE,human_account,no,no,no,no,no,no,no,no,no,no,no,no,no,no,no,0,no,yes,yes,no,no,unknown,yes,yes,0,0,0,0,no,no,no,no,1,0,,,,0,0,,,,,no,no,no,yes,yes,,364.0
,,,36,CherryHQ/cherry-studio,llm_native,agent_application,direct_agent_experience,issue,19581,https://github.com/CherryHQ/cherry-studio/issues/19581,closed,2026-08-27T09:48:01Z,2026-08-28T11:27:36Z,,G-1982,NONE,human_account,no,yes,no,no,no,no,yes,no,no,no,no,no,no,no,no,0,no,yes,yes,no,no,unknown,yes,yes,0,0,0,0,no,no,no,no,1,0,,,,0,0,eeee0717,human_account,not_automation,COLLABORATOR,yes,yes,no,yes,no,1.069,364.0
,,,36,CherryHQ/cherry-studio,llm_native,agent_application,direct_agent_experience,issue,16417,https://github.com/CherryHQ/cherry-studio/issues/16417,closed,2026-06-25T14:30:15Z,2026-07-01T16:29:21Z,,kennyzheng-builds,COLLABORATOR,human_account,no,yes,no,no,no,no,yes,no,no,no,no,no,no,no,no,0,no,yes,yes,yes,no,unknown,yes,yes,0,0,0,0,no,no,no,no,1,0,,,,0,0,kennyzheng-builds,human_account,not_automation,COLLABORATOR,yes,yes,no,no,no,6.083,364.0
,,,36,CherryHQ/cherry-studio,llm_native,agent_application,direct_agent_experience,pull_request,16969,https://github.com/CherryHQ/cherry-studio/pull/16969,closed_unmerged,2026-07-13T08:44:23Z,2026-08-13T13:22:13Z,,vaayne,COLLABORATOR,human_account,no,no,no,no,no,no,no,no,no,no,no,no,no,no,no,0,no,yes,yes,yes,no,unknown,yes,yes,0,0,0,0,no,no,no,no,1,0,,,,38,0,vaayne,human_account,not_automation,COLLABORATOR,yes,yes,no,no,no,31.193,364.0
,,,36,CherryHQ/cherry-studio,llm_native,agent_application,direct_agent_experience,pull_request,16033,https://github.com/CherryHQ/cherry-studio/pull/16033,merged,2026-06-13T16:08:24Z,2026-06-15T04:34:57Z,2026-06-15T04:34:57Z,0xfullex,MEMBER,human_account,no,yes,yes,no,yes,no,no,no,yes,no,yes,yes,no,no,no,6,no,yes,yes,yes,no,no,no,no,12,10,3,0,yes,yes,no,no,4,2,0.152,9.63,9.63,3,1,0xfullex,human_account,not_automation,MEMBER,yes,yes,no,no,no,1.518,364.0
,,,37,pingdotgg/t3code,llm_native,agent_application,direct_agent_experience,issue,4744,https://github.com/pingdotgg/t3code/issues/4744,closed,2026-07-28T12:56:30Z,2026-08-15T09:46:14Z,,colinmollenhour,NONE,human_account,no,no,no,no,no,no,no,no,no,no,no,no,no,no,no,0,yes,yes,yes,no,no,unknown,yes,yes,0,0,0,0,no,no,no,no,1,0,,,,0,0,,,,,no,no,no,yes,no,17.868,402.55
,,,37,pingdotgg/t3code,llm_native,agent_application,direct_agent_experience,pull_request,4698,https://github.com/pingdotgg/t3code/pull/4698,closed_unmerged,2026-07-28T03:20:31Z,2026-07-30T04:41:43Z,,GenKerensky,NONE,human_account,no,yes,yes,yes,yes,no,yes,no,yes,yes,yes,no,no,no,no,34,yes,yes,yes,no,no,yes,yes,yes,34,39,11,0,yes,yes,no,no,4,22,0.003,,,24,24,GenKerensky,human_account,not_automation,NONE,yes,no,no,yes,no,2.056,402.55
,,,37,pingdotgg/t3code,llm_native,agent_application,direct_agent_experience,issue,6141,https://github.com/pingdotgg/t3code/issues/6141,closed,2026-08-11T11:06:24Z,2026-08-20T21:54:49Z,,isaachorowitz,NONE,human_account,no,yes,yes,yes,no,no,no,no,yes,no,no,no,no,no,yes,2,no,yes,yes,yes,no,no,no,no,3,5,0,0,no,no,no,no,3,1,0.966,0.966,0.966,0,0,t3-code[bot],automation_bot,coding_agent,CONTRIBUTOR,no,no,yes,yes,no,9.45,402.55
,,,37,pingdotgg/t3code,llm_native,agent_application,direct_agent_experience,pull_request,1738,https://github.com/pingdotgg/t3code/pull/1738,closed_unmerged,2026-04-04T17:42:37Z,2026-04-04T17:42:46Z,,bizmythy,NONE,human_account,no,yes,yes,no,yes,no,yes,no,yes,yes,no,no,no,no,no,4,no,yes,yes,no,no,yes,yes,yes,4,3,1,0,yes,no,no,no,3,1,0.003,,,3,0,bizmythy,human_account,not_automation,NONE,yes,no,no,yes,yes,0.0,402.55
,,,37,pingdotgg/t3code,llm_native,agent_application,direct_agent_experience,issue,1033,https://github.com/pingdotgg/t3code/issues/1033,closed,2026-03-13T16:46:24Z,2026-03-26T06:59:00Z,,juliusmarminge,MEMBER,human_account,no,no,no,no,no,no,no,no,no,no,no,no,no,no,no,0,no,yes,yes,yes,no,unknown,yes,yes,0,0,0,0,no,no,no,no,1,0,,,,0,0,juliusmarminge,human_account,not_automation,MEMBER,yes,yes,no,no,yes,12.592,402.55
,,,37,pingdotgg/t3code,llm_native,agent_application,direct_agent_experience,pull_request,902,https://github.com/pingdotgg/t3code/pull/902,closed_unmerged,2026-03-11T10:18:49Z,2026-06-19T23:43:36Z,,binbandit,CONTRIBUTOR,human_account,no,yes,yes,no,yes,no,yes,no,yes,no,no,no,no,no,no,1,no,yes,yes,yes,no,no,no,no,3,4,0,0,no,no,no,no,3,2,0.003,37.322,37.322,3,0,juliusmarminge,human_account,not_automation,MEMBER,yes,yes,no,yes,yes,100.559,402.55
,,,37,pingdotgg/t3code,llm_native,agent_application,direct_agent_experience,issue,8221,https://github.com/pingdotgg/t3code/issues/8221,open,2026-08-25T19:38:58Z,,,roc-ops,NONE,human_account,no,no,no,no,no,no,no,no,no,no,no,no,no,no,no,0,no,yes,yes,no,no,unknown,yes,yes,0,0,0,0,no,no,no,no,1,0,,,,0,0,,,,,no,no,no,yes,no,,402.55
,,,37,pingdotgg/t3code,llm_native,agent_application,direct_agent_experience,pull_request,4446,https://github.com/pingdotgg/t3code/pull/4446,merged,2026-07-24T11:22:31Z,2026-07-24T12:25:01Z,2026-07-24T12:25:01Z,juliusmarminge,MEMBER,human_account,no,yes,yes,yes,yes,no,yes,no,yes,yes,yes,yes,no,no,no,33,no,yes,yes,yes,no,yes,yes,yes,9,6,4,0,yes,yes,no,no,4,3,0.002,,,6,5,juliusmarminge,human_account,not_automation,MEMBER,yes,yes,no,no,no,0.043,402.55
,,,37,pingdotgg/t3code,llm_native,agent_application,direct_agent_experience,issue,4046,https://github.com/pingdotgg/t3code/issues/4046,closed,2026-07-16T14:31:55Z,2026-07-20T12:59:48Z,,pzep1,NONE,human_account,no,no,no,no,no,no,no,no,no,no,no,no,no,no,no,0,no,yes,yes,yes,no,no,no,no,1,2,0,0,no,no,no,no,2,0,92.736,92.736,92.736,0,0,pzep1,human_account,not_automation,NONE,yes,no,no,yes,no,3.936,402.55
,,,37,pingdotgg/t3code,llm_native,agent_application,direct_agent_experience,issue,5786,https://github.com/pingdotgg/t3code/issues/5786,closed,2026-08-09T04:45:13Z,2026-08-15T09:50:47Z,,saphid,CONTRIBUTOR,human_account,no,no,no,no,no,no,no,no,no,no,no,no,no,no,no,0,yes,yes,yes,no,no,unknown,yes,yes,0,0,0,0,no,no,no,no,1,0,,,,0,0,,,,,no,no,no,yes,no,6.212,402.55
,,,37,pingdotgg/t3code,llm_native,agent_application,direct_agent_experience,issue,8037,https://github.com/pingdotgg/t3code/issues/8037,open,2026-08-23T22:41:24Z,,,grey-tsosie,NONE,human_account,no,no,no,no,no,no,no,no,no,no,no,no,no,no,no,0,no,yes,yes,no,no,unknown,yes,yes,0,0,0,0,no,no,no,no,1,0,,,,0,0,,,,,no,no,no,yes,no,,402.55
,,,37,pingdotgg/t3code,llm_native,agent_application,direct_agent_experience,pull_request,1796,https://github.com/pingdotgg/t3code/pull/1796,closed_unmerged,2026-04-06T21:51:07Z,2026-06-20T00:08:50Z,,gergesh,NONE,human_account,no,yes,yes,yes,yes,no,yes,no,yes,yes,no,no,no,no,no,15,no,yes,yes,yes,no,no,no,no,16,12,4,0,yes,yes,no,no,5,2,0.003,1778.294,1778.294,2,1,juliusmarminge,human_account,not_automation,MEMBER,yes,yes,no,yes,yes,74.096,402.55
,,,37,pingdotgg/t3code,llm_native,agent_application,direct_agent_experience,pull_request,1143,https://github.com/pingdotgg/t3code/pull/1143,closed_unmerged,2026-03-16T19:22:16Z,2026-03-17T00:26:31Z,,cursor[bot],CONTRIBUTOR,automation_bot,no,yes,yes,yes,yes,no,yes,yes,yes,yes,no,no,no,no,no,2,yes,yes,no,no,no,yes,yes,yes,2,1,1,0,yes,no,no,no,2,0,0.07,,,1,0,juliusmarminge,human_account,not_automation,MEMBER,yes,yes,no,yes,yes,0.211,402.55
,,,37,pingdotgg/t3code,llm_native,agent_application,direct_agent_experience,pull_request,430,https://github.com/pingdotgg/t3code/pull/430,closed_unmerged,2026-03-07T20:42:45Z,2026-03-07T20:44:31Z,,Emmanuek5,NONE,human_account,no,yes,yes,yes,yes,no,no,no,yes,yes,no,no,no,no,no,4,no,yes,yes,yes,no,no,no,no,4,3,1,0,yes,no,no,no,4,3,0.004,0.029,0.029,1,0,t3dotgg,human_account,not_automation,MEMBER,yes,yes,no,yes,yes,0.001,402.55
,,,37,pingdotgg/t3code,llm_native,agent_application,direct_agent_experience,pull_request,4897,https://github.com/pingdotgg/t3code/pull/4897,merged,2026-07-30T00:58:12Z,2026-07-30T08:46:11Z,2026-07-30T08:46:11Z,t3dotgg,MEMBER,human_account,no,yes,yes,yes,yes,no,yes,no,yes,yes,yes,yes,no,no,no,9,no,yes,yes,yes,no,yes,yes,yes,8,8,3,0,yes,yes,no,no,4,3,0.002,,,2,1,t3dotgg,human_account,not_automation,MEMBER,yes,yes,no,no,no,0.325,402.55
,,,37,pingdotgg/t3code,llm_native,agent_application,direct_agent_experience,pull_request,8393,https://github.com/pingdotgg/t3code/pull/8393,open,2026-08-27T12:23:51Z,,,gsimone,CONTRIBUTOR,human_account,no,yes,yes,no,yes,no,yes,no,yes,yes,no,no,no,no,no,4,no,yes,yes,no,no,yes,yes,yes,4,3,1,0,yes,yes,no,no,3,1,0.002,,,3,2,,,,,no,no,no,yes,no,,402.55
,,,37,pingdotgg/t3code,llm_native,agent_application,direct_agent_experience,pull_request,3277,https://github.com/pingdotgg/t3code/pull/3277,merged,2026-06-20T10:42:35Z,2026-06-20T18:23:39Z,2026-06-20T18:23:39Z,juliusmarminge,MEMBER,human_account,no,yes,yes,no,yes,no,yes,no,yes,yes,no,no,no,no,no,7,no,yes,yes,yes,no,yes,yes,yes,5,2,3,0,yes,yes,no,no,3,1,0.002,,,3,3,juliusmarminge,human_account,not_automation,MEMBER,yes,yes,no,no,no,0.32,402.55
,,,37,pingdotgg/t3code,llm_native,agent_application,direct_agent_experience,pull_request,1948,https://github.com/pingdotgg/t3code/pull/1948,closed_unmerged,2026-04-12T04:40:15Z,2026-04-12T04:48:54Z,,GambitsAgents,NONE,candidate_review,no,yes,yes,yes,yes,no,yes,no,yes,yes,no,no,no,no,no,8,yes,yes,no,no,no,yes,yes,yes,8,7,2,0,yes,no,no,no,4,3,0.003,,,1,0,GambitsAgents,candidate_review,not_automation,NONE,no,no,no,yes,yes,0.006,402.55
,,,37,pingdotgg/t3code,llm_native,agent_application,direct_agent_experience,pull_request,4394,https://github.com/pingdotgg/t3code/pull/4394,closed_unmerged,2026-07-23T20:24:14Z,2026-08-28T12:16:11Z,,colonelpanic8,CONTRIBUTOR,human_account,no,yes,yes,yes,yes,no,yes,no,yes,yes,yes,no,no,no,no,18,no,yes,yes,yes,no,no,no,no,19,15,6,0,yes,yes,no,no,5,6,0.002,855.854,855.854,8,8,t3dotgg,human_account,not_automation,MEMBER,yes,yes,no,yes,no,35.661,402.55
,,,37,pingdotgg/t3code,llm_native,agent_application,direct_agent_experience,issue,7554,https://github.com/pingdotgg/t3code/issues/7554,open,2026-08-19T14:00:48Z,,,TheNomadInOrbit,NONE,human_account,no,no,no,no,no,no,no,no,no,no,no,no,no,no,no,0,no,yes,yes,no,no,unknown,yes,yes,0,0,0,0,no,no,no,no,1,0,,,,0,0,,,,,no,no,no,yes,no,,402.55
,,,38,milvus-io/milvus,traditional,agent_runtime_infra,supporting_infrastructure,pull_request,47282,https://github.com/milvus-io/milvus/pull/47282,closed_unmerged,2026-01-23T16:03:05Z,2026-02-03T12:45:49Z,,xiaofan-luan,COLLABORATOR,human_account,no,yes,yes,yes,yes,no,yes,no,yes,yes,yes,yes,no,no,no,17,no,yes,yes,yes,no,no,no,no,43,44,5,0,yes,no,no,no,7,6,0.016,93.211,93.211,0,0,xiaofan-luan,human_account,not_automation,COLLABORATOR,yes,yes,no,no,yes,10.863,305.75
,,,38,milvus-io/milvus,traditional,agent_runtime_infra,supporting_infrastructure,pull_request,51870,https://github.com/milvus-io/milvus/pull/51870,merged,2026-07-27T00:46:31Z,2026-07-27T10:48:19Z,2026-07-27T10:48:19Z,xiaofan-luan,COLLABORATOR,human_account,no,yes,yes,yes,no,no,yes,no,yes,no,yes,yes,no,no,no,1,no,yes,yes,yes,no,no,no,no,8,7,1,0,yes,no,no,no,5,6,0.002,8.662,8.662,3,0,sre-ci-robot,automation_service_account,conventional_automation,CONTRIBUTOR,no,no,no,no,no,0.418,305.75
,,,38,milvus-io/milvus,traditional,agent_runtime_infra,supporting_infrastructure,issue,52949,https://github.com/milvus-io/milvus/issues/52949,open,2026-08-27T08:59:44Z,,,zhuwenxing,CONTRIBUTOR,human_account,no,yes,no,no,no,no,yes,no,no,no,no,no,no,no,no,0,no,yes,yes,no,no,no,no,yes,1,1,0,0,no,no,no,no,2,0,1.859,1.859,,0,0,,,,,no,no,no,yes,no,,305.75
,,,38,milvus-io/milvus,traditional,agent_runtime_infra,supporting_infrastructure,pull_request,52099,https://github.com/milvus-io/milvus/pull/52099,closed_unmerged,2026-08-01T01:41:14Z,2026-08-06T19:54:38Z,,xiaofan-luan,COLLABORATOR,human_account,no,yes,yes,yes,no,no,yes,no,yes,no,no,no,no,no,no,1,no,yes,yes,yes,no,yes,yes,yes,7,8,0,0,no,no,no,no,3,4,0.499,,,3,0,xiaofan-luan,human_account,not_automation,COLLABORATOR,yes,yes,no,no,no,5.759,305.75
,,,38,milvus-io/milvus,traditional,agent_runtime_infra,supporting_infrastructure,pull_request,47583,https://github.com/milvus-io/milvus/pull/47583,closed_unmerged,2026-02-05T07:17:45Z,2026-03-19T03:02:04Z,,sre-ci-robot,CONTRIBUTOR,automation_service_account,no,yes,no,no,no,no,yes,no,no,no,no,no,no,no,no,0,no,yes,no,no,no,yes,yes,yes,3,5,0,0,no,no,no,no,4,1,0.841,,,1,0,stale[bot],automation_bot,conventional_automation,NONE,no,no,no,yes,yes,41.822,305.75
,,,38,milvus-io/milvus,traditional,agent_runtime_infra,supporting_infrastructure,issue,50025,https://github.com/milvus-io/milvus/issues/50025,closed,2026-05-25T02:31:00Z,2026-07-13T04:21:48Z,,hxxbbqabc,NONE,human_account,no,yes,no,no,no,no,yes,no,no,no,no,no,no,no,no,0,no,yes,yes,yes,no,no,no,no,6,6,0,0,no,no,no,no,7,3,0.003,30.492,178.917,0,0,stale[bot],automation_bot,conventional_automation,NONE,no,no,no,yes,yes,49.077,305.75
,,,38,milvus-io/milvus,traditional,agent_runtime_infra,supporting_infrastructure,issue,47867,https://github.com/milvus-io/milvus/issues/47867,closed,2026-02-25T11:18:45Z,2026-04-18T09:13:28Z,,yanliang567,CONTRIBUTOR,human_account,no,yes,yes,yes,no,no,yes,no,no,no,no,no,no,no,no,2,no,yes,yes,no,no,yes,yes,yes,1,1,0,0,no,no,no,no,2,1,1077.059,,,0,0,stale[bot],automation_bot,conventional_automation,NONE,no,no,no,yes,yes,51.913,305.75
,,,38,milvus-io/milvus,traditional,agent_runtime_infra,supporting_infrastructure,pull_request,52404,https://github.com/milvus-io/milvus/pull/52404,open,2026-08-11T07:22:38Z,,,SpadeA-Tang,CONTRIBUTOR,human_account,no,yes,no,no,no,no,yes,no,no,no,no,no,no,no,no,0,no,yes,yes,no,no,yes,yes,yes,3,3,0,0,no,no,no,no,2,1,0.006,,,1,0,,,,,no,no,no,yes,no,,305.75
,,,38,milvus-io/milvus,traditional,agent_runtime_infra,supporting_infrastructure,issue,47209,https://github.com/milvus-io/milvus/issues/47209,closed,2026-01-21T04:07:03Z,2026-01-22T08:07:26Z,,zhuwenxing,CONTRIBUTOR,human_account,no,yes,no,no,no,no,yes,no,no,no,no,no,no,no,no,0,no,yes,yes,no,no,unknown,yes,yes,0,1,0,0,no,no,no,no,1,0,,,,0,0,zhuwenxing,human_account,not_automation,CONTRIBUTOR,yes,no,no,yes,yes,1.167,305.75
,,,38,milvus-io/milvus,traditional,agent_runtime_infra,supporting_infrastructure,issue,50459,https://github.com/milvus-io/milvus/issues/50459,closed,2026-06-11T02:57:35Z,2026-06-26T03:53:33Z,,zhuwenxing,CONTRIBUTOR,human_account,no,yes,no,no,no,no,yes,no,no,no,no,no,no,no,no,0,no,yes,yes,yes,no,no,no,no,2,4,0,0,no,no,no,no,3,0,273.547,273.547,323.435,0,0,zhuwenxing,human_account,not_automation,CONTRIBUTOR,yes,no,no,yes,no,15.039,305.75
,,,38,milvus-io/milvus,traditional,agent_runtime_infra,supporting_infrastructure,pull_request,50290,https://github.com/milvus-io/milvus/pull/50290,merged,2026-06-04T07:12:07Z,2026-06-08T04:38:33Z,2026-06-08T04:38:33Z,marcelo-cjl,CONTRIBUTOR,human_account,no,yes,no,no,no,no,yes,no,no,no,yes,yes,no,no,no,0,no,yes,yes,yes,no,no,no,no,4,3,1,0,yes,no,no,no,4,4,0.166,93.434,93.434,1,0,liliu-z,human_account,not_automation,MEMBER,yes,yes,no,yes,no,3.893,305.75
,,,38,milvus-io/milvus,traditional,agent_runtime_infra,supporting_infrastructure,pull_request,52134,https://github.com/milvus-io/milvus/pull/52134,open,2026-08-03T08:36:02Z,,,congqixia,CONTRIBUTOR,human_account,no,yes,no,no,no,no,yes,no,no,no,yes,yes,no,no,no,0,no,yes,yes,yes,no,no,no,no,9,7,2,0,yes,no,no,no,3,3,0.002,6.992,6.992,1,0,,,,,no,no,no,yes,no,,305.75
,,,38,milvus-io/milvus,traditional,agent_runtime_infra,supporting_infrastructure,issue,51419,https://github.com/milvus-io/milvus/issues/51419,open,2026-07-15T11:37:12Z,,,congqixia,CONTRIBUTOR,human_account,no,yes,no,no,no,no,yes,no,no,no,no,no,no,no,no,0,no,yes,yes,no,no,unknown,yes,yes,0,0,0,0,no,no,no,no,1,0,,,,0,0,,,,,no,no,no,yes,no,,305.75
,,,38,milvus-io/milvus,traditional,agent_runtime_infra,supporting_infrastructure,pull_request,50161,https://github.com/milvus-io/milvus/pull/50161,merged,2026-05-28T10:02:55Z,2026-06-01T08:58:20Z,2026-06-01T08:58:20Z,bigsheeper,CONTRIBUTOR,human_account,no,yes,no,no,no,no,yes,no,no,no,yes,yes,no,no,no,0,no,yes,yes,yes,no,no,no,no,14,14,4,0,yes,yes,no,no,5,6,0.052,11.645,11.645,1,1,sre-ci-robot,automation_service_account,conventional_automation,CONTRIBUTOR,no,no,no,yes,yes,3.955,305.75
,,,38,milvus-io/milvus,traditional,agent_runtime_infra,supporting_infrastructure,pull_request,52317,https://github.com/milvus-io/milvus/pull/52317,merged,2026-08-07T17:24:05Z,2026-08-08T03:27:51Z,2026-08-08T03:27:51Z,xiaofan-luan,COLLABORATOR,human_account,no,yes,no,no,no,no,yes,no,no,no,no,no,no,no,no,0,no,yes,yes,yes,no,yes,yes,yes,2,2,0,0,no,no,no,no,2,1,0.002,,,1,0,xiaofan-luan,human_account,not_automation,COLLABORATOR,yes,yes,no,no,no,0.419,305.75
,,,38,milvus-io/milvus,traditional,agent_runtime_infra,supporting_infrastructure,pull_request,47505,https://github.com/milvus-io/milvus/pull/47505,closed_unmerged,2026-02-03T05:24:29Z,2026-05-27T03:42:19Z,,weiliu1031,CONTRIBUTOR,human_account,no,yes,no,no,no,no,yes,no,no,no,no,no,no,no,no,0,no,yes,yes,no,no,yes,yes,yes,6,7,0,0,no,no,no,no,6,5,0.015,,,3,0,stale[bot],automation_bot,conventional_automation,NONE,no,no,no,yes,yes,112.929,305.75
,,,38,milvus-io/milvus,traditional,agent_runtime_infra,supporting_infrastructure,issue,47812,https://github.com/milvus-io/milvus/issues/47812,closed,2026-02-20T19:02:47Z,2026-02-23T19:06:32Z,,desiorac,NONE,human_account,no,no,no,no,no,no,no,no,no,no,no,no,no,no,no,0,no,yes,yes,yes,no,no,no,no,1,2,0,0,no,no,no,no,2,0,47.739,47.739,47.739,0,0,desiorac,human_account,not_automation,NONE,yes,no,no,yes,yes,3.003,305.75
,,,38,milvus-io/milvus,traditional,agent_runtime_infra,supporting_infrastructure,pull_request,50616,https://github.com/milvus-io/milvus/pull/50616,merged,2026-06-17T19:55:30Z,2026-06-20T03:27:11Z,2026-06-20T03:27:11Z,xiaofan-luan,COLLABORATOR,human_account,no,yes,no,no,no,no,yes,no,no,no,yes,yes,no,no,no,0,no,yes,yes,yes,no,no,no,no,18,21,1,0,yes,yes,no,no,4,8,0.02,51.484,51.484,1,1,xiaofan-luan,human_account,not_automation,COLLABORATOR,yes,yes,no,no,no,2.314,305.75
,,,38,milvus-io/milvus,traditional,agent_runtime_infra,supporting_infrastructure,pull_request,52813,https://github.com/milvus-io/milvus/pull/52813,merged,2026-08-24T11:08:57Z,2026-08-26T16:53:22Z,2026-08-26T16:53:22Z,xiaocai2333,CONTRIBUTOR,human_account,no,yes,no,no,no,no,yes,no,no,no,yes,yes,no,no,no,0,no,yes,yes,yes,no,no,no,no,5,4,1,0,yes,no,no,no,3,3,0.025,53.725,53.725,1,0,sre-ci-robot,automation_service_account,conventional_automation,CONTRIBUTOR,no,no,no,yes,no,2.239,305.75
,,,38,milvus-io/milvus,traditional,agent_runtime_infra,supporting_infrastructure,pull_request,48515,https://github.com/milvus-io/milvus/pull/48515,merged,2026-03-25T05:06:45Z,2026-03-25T08:51:16Z,2026-03-25T08:51:16Z,chyezh,CONTRIBUTOR,human_account,no,yes,no,no,no,no,yes,no,no,no,yes,yes,no,no,no,0,no,yes,yes,yes,no,no,no,no,3,2,1,0,yes,no,no,no,3,3,0.016,3.737,3.737,1,0,liliu-z,human_account,not_automation,MEMBER,yes,yes,no,yes,yes,0.156,305.75
,,,39,earendil-works/pi,llm_native,agent_application,direct_agent_experience,issue,4615,https://github.com/earendil-works/pi/issues/4615,closed,2026-05-17T08:36:02Z,2026-05-17T08:36:11Z,,duckfriend123,NONE,human_account,no,yes,no,no,no,no,yes,no,no,no,no,no,no,no,no,0,no,yes,yes,no,no,yes,yes,yes,1,1,0,0,no,no,no,no,2,1,0.002,,,0,0,mitsuhiko,human_account,not_automation,MEMBER,yes,yes,no,yes,yes,0.0,404.8
,,,39,earendil-works/pi,llm_native,agent_application,direct_agent_experience,issue,7304,https://github.com/earendil-works/pi/issues/7304,closed,2026-07-30T07:17:43Z,2026-07-30T11:00:07Z,,a8156268,NONE,human_account,no,yes,no,no,no,no,yes,no,no,no,no,no,no,no,no,0,no,yes,yes,yes,no,no,no,no,3,3,0,0,no,no,no,no,3,2,0.003,0.204,0.204,0,0,badlogic,human_account,not_automation,COLLABORATOR,yes,yes,no,yes,no,0.154,404.8
,,,39,earendil-works/pi,llm_native,agent_application,direct_agent_experience,issue,6911,https://github.com/earendil-works/pi/issues/6911,closed,2026-07-21T14:51:45Z,2026-07-21T14:51:56Z,,catoncat,NONE,human_account,no,yes,no,no,no,no,yes,no,no,no,no,no,no,no,no,0,no,yes,yes,yes,no,no,no,no,4,5,0,0,no,no,no,no,4,2,0.003,5.281,15.454,0,0,github-actions[bot],automation_bot,conventional_automation,CONTRIBUTOR,no,no,no,yes,no,0.0,404.8
,,,39,earendil-works/pi,llm_native,agent_application,direct_agent_experience,issue,2407,https://github.com/earendil-works/pi/issues/2407,closed,2026-03-19T10:24:02Z,2026-03-19T21:04:11Z,,bolasblack,NONE,human_account,no,no,no,no,no,no,no,no,no,no,no,no,no,no,no,0,no,yes,yes,yes,no,no,no,no,1,1,0,0,no,no,no,no,2,0,10.669,10.669,10.669,0,0,badlogic,human_account,not_automation,COLLABORATOR,yes,yes,no,yes,yes,0.445,404.8
,,,39,earendil-works/pi,llm_native,agent_application,direct_agent_experience,issue,6005,https://github.com/earendil-works/pi/issues/6005,closed,2026-06-23T13:55:17Z,2026-06-23T13:55:32Z,,gukoff,CONTRIBUTOR,human_account,no,yes,no,no,no,no,yes,no,no,no,no,no,no,no,no,0,no,yes,yes,yes,no,no,no,no,2,2,0,0,no,no,no,no,3,2,0.004,18.731,18.731,0,0,github-actions[bot],automation_bot,conventional_automation,CONTRIBUTOR,no,no,no,yes,no,0.0,404.8
,,,39,earendil-works/pi,llm_native,agent_application,direct_agent_experience,issue,489,https://github.com/earendil-works/pi/issues/489,closed,2026-01-06T03:13:03Z,2026-01-06T09:44:51Z,,Dwsy,NONE,human_account,no,no,no,no,no,no,no,no,no,no,no,no,no,no,no,0,no,yes,yes,yes,no,no,no,no,1,1,0,0,no,no,no,no,2,0,6.53,6.53,6.53,0,0,badlogic,human_account,not_automation,COLLABORATOR,yes,yes,no,yes,yes,0.272,404.8
,,,39,earendil-works/pi,llm_native,agent_application,direct_agent_experience,issue,2953,https://github.com/earendil-works/pi/issues/2953,closed,2026-04-08T18:32:34Z,2026-04-08T18:33:04Z,,iRonin,NONE,human_account,no,yes,no,no,no,no,yes,no,no,no,no,no,no,no,no,0,no,yes,yes,no,no,yes,yes,yes,1,1,0,0,no,no,no,no,2,1,0.008,,,0,0,github-actions[bot],automation_bot,conventional_automation,CONTRIBUTOR,no,no,no,yes,yes,0.0,404.8
,,,39,earendil-works/pi,llm_native,agent_application,direct_agent_experience,pull_request,7407,https://github.com/earendil-works/pi/pull/7407,closed_unmerged,2026-07-31T21:43:07Z,2026-07-31T21:43:21Z,,tryingET,NONE,human_account,no,yes,no,no,no,no,yes,no,no,no,no,no,no,no,no,0,no,yes,yes,no,no,yes,yes,yes,1,1,0,0,no,no,no,no,2,1,0.004,,,3,0,github-actions[bot],automation_bot,conventional_automation,CONTRIBUTOR,no,no,no,yes,no,0.0,404.8
,,,39,earendil-works/pi,llm_native,agent_application,direct_agent_experience,issue,4480,https://github.com/earendil-works/pi/issues/4480,closed,2026-05-13T15:31:25Z,2026-05-20T22:21:34Z,,badlogic,COLLABORATOR,human_account,no,no,no,no,no,no,no,no,no,no,no,no,no,no,no,0,no,yes,yes,yes,no,no,no,no,1,2,0,0,no,no,no,no,2,0,151.718,151.718,151.718,0,0,badlogic,human_account,not_automation,COLLABORATOR,yes,yes,no,no,yes,7.285,404.8
,,,39,earendil-works/pi,llm_native,agent_application,direct_agent_experience,pull_request,5666,https://github.com/earendil-works/pi/pull/5666,merged,2026-06-12T12:31:35Z,2026-06-12T12:52:47Z,2026-06-12T12:52:47Z,rwachtler,COLLABORATOR,human_account,no,yes,no,no,no,no,yes,no,no,no,no,no,no,no,no,0,no,yes,yes,yes,no,unknown,yes,yes,0,0,0,0,no,no,no,no,1,0,,,,1,0,mitsuhiko,human_account,not_automation,MEMBER,yes,yes,no,no,no,0.015,404.8
,,,39,earendil-works/pi,llm_native,agent_application,direct_agent_experience,pull_request,7131,https://github.com/earendil-works/pi/pull/7131,closed_unmerged,2026-07-26T09:11:54Z,2026-07-26T09:12:05Z,,renaudhartert-db,CONTRIBUTOR,human_account,no,yes,no,no,no,no,yes,no,no,no,no,no,no,no,no,0,no,yes,yes,no,no,yes,yes,yes,1,1,0,0,no,no,no,no,2,1,0.003,,,1,0,github-actions[bot],automation_bot,conventional_automation,CONTRIBUTOR,no,no,no,yes,no,0.0,404.8
,,,39,earendil-works/pi,llm_native,agent_application,direct_agent_experience,issue,8640,https://github.com/earendil-works/pi/issues/8640,closed,2026-08-25T17:04:06Z,2026-08-25T17:04:15Z,,Felixkw12,NONE,human_account,no,yes,no,no,no,no,yes,no,no,no,no,no,no,no,no,0,no,yes,yes,no,no,yes,yes,yes,1,1,0,0,no,no,no,no,2,1,0.002,,,0,0,github-actions[bot],automation_bot,conventional_automation,CONTRIBUTOR,no,no,no,yes,no,0.0,404.8
,,,39,earendil-works/pi,llm_native,agent_application,direct_agent_experience,issue,1856,https://github.com/earendil-works/pi/issues/1856,closed,2026-03-05T22:07:50Z,2026-03-05T22:29:15Z,,icealtria,NONE,human_account,no,yes,no,no,no,no,yes,no,no,no,no,no,no,no,no,0,no,yes,yes,yes,no,no,no,no,1,1,0,0,no,no,no,no,2,0,0.384,0.384,0.384,0,0,badlogic,human_account,not_automation,COLLABORATOR,yes,yes,no,yes,yes,0.015,404.8
,,,39,earendil-works/pi,llm_native,agent_application,direct_agent_experience,issue,1229,https://github.com/earendil-works/pi/issues/1229,closed,2026-02-03T18:39:08Z,2026-02-04T00:50:09Z,,azais-corentin,NONE,human_account,no,no,no,no,no,no,no,no,no,no,no,no,no,no,no,0,no,yes,yes,yes,no,no,no,no,1,1,0,0,no,no,no,no,2,0,6.184,6.184,6.184,0,0,badlogic,human_account,not_automation,COLLABORATOR,yes,yes,no,yes,yes,0.258,404.8
,,,39,earendil-works/pi,llm_native,agent_application,direct_agent_experience,issue,3551,https://github.com/earendil-works/pi/issues/3551,closed,2026-04-22T14:57:07Z,2026-04-22T14:57:20Z,,devtingz,NONE,human_account,no,yes,no,no,no,no,yes,no,no,no,no,no,no,no,no,0,no,yes,yes,yes,no,no,no,no,2,3,0,0,no,no,no,no,3,2,0.003,1.598,1.598,0,0,github-actions[bot],automation_bot,conventional_automation,CONTRIBUTOR,no,no,no,yes,yes,0.0,404.8
,,,39,earendil-works/pi,llm_native,agent_application,direct_agent_experience,pull_request,2724,https://github.com/earendil-works/pi/pull/2724,closed_unmerged,2026-03-31T07:08:41Z,2026-03-31T07:08:51Z,,amdoi7,NONE,human_account,no,yes,no,no,no,no,yes,no,no,no,no,no,no,no,no,0,no,yes,yes,no,no,yes,yes,yes,1,1,0,0,no,no,no,no,2,1,0.003,,,1,0,github-actions[bot],automation_bot,conventional_automation,CONTRIBUTOR,no,no,no,yes,yes,0.0,404.8
,,,39,earendil-works/pi,llm_native,agent_application,direct_agent_experience,pull_request,5400,https://github.com/earendil-works/pi/pull/5400,closed_unmerged,2026-06-04T14:59:01Z,2026-06-04T14:59:13Z,,djgpp6,NONE,human_account,no,yes,no,no,no,no,yes,no,no,no,no,no,no,no,no,0,no,yes,yes,no,no,yes,yes,yes,1,1,0,0,no,no,no,no,2,1,0.003,,,1,0,github-actions[bot],automation_bot,conventional_automation,CONTRIBUTOR,no,no,no,yes,no,0.0,404.8
,,,39,earendil-works/pi,llm_native,agent_application,direct_agent_experience,issue,3898,https://github.com/earendil-works/pi/issues/3898,closed,2026-04-28T15:47:05Z,2026-04-28T15:47:17Z,,vlouppe,NONE,human_account,no,yes,no,no,no,no,yes,no,no,no,no,no,no,no,no,0,no,yes,yes,no,no,yes,yes,yes,1,1,0,0,no,no,no,no,2,1,0.003,,,0,0,mitsuhiko,human_account,not_automation,MEMBER,yes,yes,no,yes,yes,0.0,404.8
,,,39,earendil-works/pi,llm_native,agent_application,direct_agent_experience,issue,6712,https://github.com/earendil-works/pi/issues/6712,closed,2026-07-16T08:35:51Z,2026-07-16T08:36:01Z,,prayag0one4,NONE,human_account,no,yes,no,no,no,no,yes,no,no,no,no,no,no,no,no,0,no,yes,yes,yes,no,no,no,no,2,2,0,0,no,no,no,no,3,2,0.003,9.641,9.641,0,0,github-actions[bot],automation_bot,conventional_automation,CONTRIBUTOR,no,no,no,yes,no,0.0,404.8
,,,39,earendil-works/pi,llm_native,agent_application,direct_agent_experience,issue,8183,https://github.com/earendil-works/pi/issues/8183,closed,2026-08-15T18:28:19Z,2026-08-23T21:33:10Z,,MyGO-Mujica,NONE,human_account,no,yes,no,no,no,no,yes,no,no,no,no,no,no,no,no,0,no,yes,yes,yes,no,no,no,no,5,6,0,0,no,no,no,no,6,2,0.002,38.324,38.324,0,0,mitsuhiko,human_account,not_automation,MEMBER,yes,yes,no,yes,no,8.128,404.8
,,,41,triton-lang/triton,traditional,model_infra,supporting_infrastructure,pull_request,11397,https://github.com/triton-lang/triton/pull/11397,closed_unmerged,2026-08-21T20:48:20Z,2026-08-24T20:13:50Z,,antiagainst,MEMBER,human_account,no,no,no,no,no,no,no,no,no,no,no,no,no,no,no,0,no,yes,yes,yes,no,unknown,yes,yes,0,0,0,0,no,no,no,no,1,0,,,,1,0,antiagainst,human_account,not_automation,MEMBER,yes,yes,no,no,no,2.976,117.75
,,,41,triton-lang/triton,traditional,model_infra,supporting_infrastructure,issue,10745,https://github.com/triton-lang/triton/issues/10745,closed,2026-06-29T03:23:05Z,2026-07-12T02:09:21Z,,Hughshine,CONTRIBUTOR,human_account,no,no,no,no,no,no,no,no,no,no,no,no,no,no,no,0,no,yes,yes,no,no,unknown,yes,yes,0,0,0,0,no,no,no,no,1,0,,,,0,0,antiagainst,human_account,not_automation,MEMBER,yes,yes,no,yes,no,12.949,117.75
,,,41,triton-lang/triton,traditional,model_infra,supporting_infrastructure,pull_request,10655,https://github.com/triton-lang/triton/pull/10655,merged,2026-06-17T23:47:51Z,2026-06-26T21:17:13Z,2026-06-26T21:17:13Z,neildhar,COLLABORATOR,human_account,no,no,no,no,no,no,no,no,no,no,yes,yes,no,no,no,0,no,yes,yes,yes,no,no,no,no,1,0,1,0,yes,no,no,no,2,0,213.484,213.484,213.484,1,0,jeffniu-openai,human_account,not_automation,COLLABORATOR,yes,yes,no,no,no,8.895,117.75
,,,41,triton-lang/triton,traditional,model_infra,supporting_infrastructure,pull_request,9148,https://github.com/triton-lang/triton/pull/9148,merged,2026-01-06T11:54:34Z,2026-01-08T17:06:06Z,2026-01-08T17:06:06Z,AlexAUT,CONTRIBUTOR,human_account,no,yes,no,no,no,no,yes,no,no,no,yes,yes,no,no,no,0,no,yes,yes,yes,no,no,no,no,3,2,2,0,yes,yes,no,no,3,0,7.251,7.251,7.251,5,2,antiagainst,human_account,not_automation,MEMBER,yes,yes,no,yes,yes,2.216,117.75
,,,41,triton-lang/triton,traditional,model_infra,supporting_infrastructure,pull_request,9472,https://github.com/triton-lang/triton/pull/9472,closed_unmerged,2026-02-16T03:10:24Z,2026-02-16T18:46:02Z,,Jokeren,CONTRIBUTOR,human_account,no,no,no,no,no,no,no,no,no,no,no,no,no,no,no,0,no,yes,yes,no,no,unknown,yes,yes,0,0,0,0,no,no,no,no,1,0,,,,2,0,Jokeren,human_account,not_automation,CONTRIBUTOR,yes,no,no,yes,yes,0.65,117.75
,,,41,triton-lang/triton,traditional,model_infra,supporting_infrastructure,pull_request,10967,https://github.com/triton-lang/triton/pull/10967,merged,2026-07-20T02:49:43Z,2026-07-22T13:12:49Z,2026-07-22T13:12:49Z,morluto,CONTRIBUTOR,human_account,no,yes,yes,yes,no,no,no,no,yes,no,yes,no,no,no,no,1,no,yes,yes,no,no,no,no,yes,2,1,1,0,yes,no,no,no,3,2,0.001,0.099,,1,0,Jokeren,human_account,not_automation,CONTRIBUTOR,yes,no,no,yes,no,2.433,117.75
,,,41,triton-lang/triton,traditional,model_infra,supporting_infrastructure,pull_request,9156,https://github.com/triton-lang/triton/pull/9156,closed_unmerged,2026-01-07T03:22:40Z,2026-01-07T03:23:05Z,,Albresky,NONE,human_account,no,no,no,no,no,no,no,no,no,no,no,no,no,no,no,0,no,yes,yes,no,no,unknown,yes,yes,0,0,0,0,no,no,no,no,1,0,,,,4,0,Albresky,human_account,not_automation,NONE,yes,no,no,yes,yes,0.0,117.75
,,,41,triton-lang/triton,traditional,model_infra,supporting_infrastructure,pull_request,10716,https://github.com/triton-lang/triton/pull/10716,merged,2026-06-25T04:51:16Z,2026-06-27T06:24:40Z,2026-06-27T06:24:40Z,bowencui123,CONTRIBUTOR,human_account,no,no,no,no,no,no,no,no,no,no,yes,yes,no,yes,no,0,no,yes,yes,yes,no,no,no,no,10,6,6,3,yes,yes,yes,yes,4,0,0.082,0.082,0.082,10,10,ThomasRaoux,human_account,not_automation,COLLABORATOR,yes,yes,no,yes,no,2.065,117.75
,,,41,triton-lang/triton,traditional,model_infra,supporting_infrastructure,pull_request,9711,https://github.com/triton-lang/triton/pull/9711,closed_unmerged,2026-03-13T04:36:53Z,2026-03-13T05:14:49Z,,zeroy0410,NONE,human_account,no,no,no,no,no,no,no,no,no,no,no,no,no,no,no,0,no,yes,yes,yes,no,no,no,no,1,1,0,0,no,no,no,no,2,0,0.632,0.632,0.632,1,0,ThomasRaoux,human_account,not_automation,COLLABORATOR,yes,yes,no,yes,yes,0.026,117.75
,,,41,triton-lang/triton,traditional,model_infra,supporting_infrastructure,pull_request,11233,https://github.com/triton-lang/triton/pull/11233,closed_unmerged,2026-08-10T02:19:26Z,2026-08-15T00:46:50Z,,guoriyue,CONTRIBUTOR,human_account,no,no,no,no,no,no,no,no,no,no,no,no,no,no,no,0,no,yes,yes,no,no,unknown,yes,yes,0,0,0,0,no,no,no,no,1,0,,,,1,0,guoriyue,human_account,not_automation,CONTRIBUTOR,yes,no,no,yes,no,4.936,117.75
,,,41,triton-lang/triton,traditional,model_infra,supporting_infrastructure,pull_request,9982,https://github.com/triton-lang/triton/pull/9982,merged,2026-04-09T18:53:01Z,2026-04-09T19:00:44Z,2026-04-09T19:00:44Z,ThomasRaoux,COLLABORATOR,human_account,no,no,no,no,no,no,no,no,no,no,no,no,no,no,no,0,no,yes,yes,yes,no,unknown,yes,yes,0,0,0,0,no,no,no,no,1,0,,,,1,0,ThomasRaoux,human_account,not_automation,COLLABORATOR,yes,yes,no,no,yes,0.005,117.75
,,,41,triton-lang/triton,traditional,model_infra,supporting_infrastructure,issue,10331,https://github.com/triton-lang/triton/issues/10331,open,2026-05-18T04:29:51Z,,,eniktab,NONE,human_account,no,no,no,no,no,no,no,no,no,no,no,no,no,no,no,0,no,yes,yes,no,no,no,no,yes,5,6,0,0,no,no,no,no,5,0,8.349,8.349,,0,0,,,,,no,no,no,yes,yes,,117.75
,,,41,triton-lang/triton,traditional,model_infra,supporting_infrastructure,pull_request,10654,https://github.com/triton-lang/triton/pull/10654,closed_unmerged,2026-06-17T23:45:27Z,2026-06-19T19:25:29Z,,warrendeng,COLLABORATOR,human_account,no,no,no,no,no,no,no,no,no,no,yes,yes,no,no,no,0,no,yes,yes,yes,no,no,no,no,7,10,1,0,yes,yes,no,no,4,0,2.429,2.429,2.429,1,1,antiagainst,human_account,not_automation,MEMBER,yes,yes,no,no,no,1.819,117.75
,,,41,triton-lang/triton,traditional,model_infra,supporting_infrastructure,pull_request,10983,https://github.com/triton-lang/triton/pull/10983,merged,2026-07-20T17:27:39Z,2026-07-20T19:13:55Z,2026-07-20T19:13:55Z,njriasan,COLLABORATOR,human_account,no,no,no,no,no,no,no,no,no,no,yes,yes,no,no,no,0,no,yes,yes,yes,no,no,no,no,1,0,1,0,yes,no,no,no,2,0,1.768,1.768,1.768,3,0,atalman,human_account,not_automation,COLLABORATOR,yes,yes,no,no,no,0.074,117.75
,,,41,triton-lang/triton,traditional,model_infra,supporting_infrastructure,pull_request,9715,https://github.com/triton-lang/triton/pull/9715,merged,2026-03-13T10:28:37Z,2026-03-13T19:15:13Z,2026-03-13T19:15:13Z,ravil-mobile,CONTRIBUTOR,human_account,no,yes,no,no,no,no,yes,no,no,no,yes,yes,no,no,no,0,no,yes,yes,yes,no,no,no,no,1,0,1,0,yes,no,no,no,2,0,8.771,8.771,8.771,1,0,antiagainst,human_account,not_automation,MEMBER,yes,yes,no,yes,yes,0.366,117.75
,,,41,triton-lang/triton,traditional,model_infra,supporting_infrastructure,pull_request,11175,https://github.com/triton-lang/triton/pull/11175,merged,2026-08-04T23:07:31Z,2026-08-07T17:04:52Z,2026-08-07T17:04:51Z,jeffniu-openai,COLLABORATOR,human_account,no,no,no,no,no,no,no,no,no,no,yes,yes,no,no,no,0,no,yes,yes,yes,no,no,no,yes,2,2,1,0,yes,yes,no,no,2,0,34.819,34.819,,11,4,jeffniu-openai,human_account,not_automation,COLLABORATOR,yes,yes,no,no,no,2.748,117.75
,,,41,triton-lang/triton,traditional,model_infra,supporting_infrastructure,issue,10860,https://github.com/triton-lang/triton/issues/10860,open,2026-07-13T15:20:19Z,,,sjw36,CONTRIBUTOR,human_account,no,no,no,no,no,no,no,no,no,no,no,no,no,no,no,0,no,yes,yes,no,no,no,no,yes,1,3,0,0,no,no,no,no,2,0,75.009,75.009,,0,0,,,,,no,no,no,yes,no,,117.75
,,,41,triton-lang/triton,traditional,model_infra,supporting_infrastructure,pull_request,9918,https://github.com/triton-lang/triton/pull/9918,merged,2026-04-03T17:21:18Z,2026-04-03T21:10:57Z,2026-04-03T21:10:57Z,yangshuxin,CONTRIBUTOR,human_account,no,yes,no,no,no,no,yes,no,no,no,yes,yes,no,no,no,0,no,yes,yes,yes,no,no,no,no,1,0,1,0,yes,no,no,no,2,0,3.814,3.814,3.814,1,0,antiagainst,human_account,not_automation,MEMBER,yes,yes,no,yes,yes,0.159,117.75
,,,41,triton-lang/triton,traditional,model_infra,supporting_infrastructure,pull_request,9549,https://github.com/triton-lang/triton/pull/9549,closed_unmerged,2026-02-24T00:05:24Z,2026-03-28T03:38:17Z,,neildhar,COLLABORATOR,human_account,no,no,no,no,no,no,no,no,no,no,yes,no,no,no,no,0,no,yes,yes,yes,no,no,no,no,11,16,1,0,yes,no,no,no,6,0,17.445,17.445,17.445,1,0,neildhar,human_account,not_automation,COLLABORATOR,yes,yes,no,no,yes,32.148,117.75
,,,41,triton-lang/triton,traditional,model_infra,supporting_infrastructure,pull_request,9326,https://github.com/triton-lang/triton/pull/9326,merged,2026-01-29T07:28:02Z,2026-01-29T21:16:39Z,2026-01-29T21:16:39Z,antiagainst,MEMBER,human_account,no,yes,no,no,no,no,yes,no,no,no,yes,yes,no,no,no,0,no,yes,yes,yes,no,no,no,no,1,0,1,0,yes,no,no,no,2,0,12.379,12.379,12.379,1,0,antiagainst,human_account,not_automation,MEMBER,yes,yes,no,no,yes,0.575,117.75
,,,42,zeroclaw-labs/zeroclaw,llm_native,agent_application,direct_agent_experience,pull_request,8113,https://github.com/zeroclaw-labs/zeroclaw/pull/8113,merged,2026-06-21T23:26:13Z,2026-06-23T11:38:45Z,2026-06-23T11:38:45Z,Audacity88,COLLABORATOR,human_account,no,yes,no,no,no,no,yes,no,no,no,yes,no,no,no,no,0,no,yes,yes,yes,no,no,no,yes,1,0,1,0,yes,no,no,no,2,0,23.914,23.914,,2,0,singlerider,human_account,not_automation,CONTRIBUTOR,yes,no,no,no,no,1.509,485.75
,,,42,zeroclaw-labs/zeroclaw,llm_native,agent_application,direct_agent_experience,issue,7577,https://github.com/zeroclaw-labs/zeroclaw/issues/7577,closed,2026-06-13T17:59:24Z,2026-06-15T10:40:08Z,,Audacity88,COLLABORATOR,human_account,no,yes,no,no,no,no,yes,no,no,no,no,no,no,no,no,0,no,yes,yes,yes,no,unknown,yes,yes,0,0,0,0,no,no,no,no,1,0,,,,0,0,singlerider,human_account,not_automation,CONTRIBUTOR,yes,no,no,no,no,1.695,485.75
,,,42,zeroclaw-labs/zeroclaw,llm_native,agent_application,direct_agent_experience,issue,8046,https://github.com/zeroclaw-labs/zeroclaw/issues/8046,open,2026-06-20T08:54:13Z,,,dakaii,NONE,human_account,no,yes,no,no,no,no,yes,no,no,no,no,no,no,no,no,0,no,yes,yes,yes,no,no,no,no,4,4,0,0,no,no,no,no,4,0,7.526,7.526,7.526,0,0,,,,,no,no,no,yes,no,,485.75
,,,42,zeroclaw-labs/zeroclaw,llm_native,agent_application,direct_agent_experience,pull_request,4255,https://github.com/zeroclaw-labs/zeroclaw/pull/4255,closed_unmerged,2026-03-22T13:45:10Z,2026-03-28T21:38:14Z,,Tenith01,CONTRIBUTOR,human_account,no,yes,no,no,no,no,yes,no,no,no,no,no,no,no,no,0,no,yes,yes,no,no,unknown,yes,yes,0,0,0,0,no,no,no,no,1,0,,,,3,0,,,,,no,no,no,yes,yes,6.329,485.75
,,,42,zeroclaw-labs/zeroclaw,llm_native,agent_application,direct_agent_experience,pull_request,6068,https://github.com/zeroclaw-labs/zeroclaw/pull/6068,merged,2026-04-24T14:50:19Z,2026-05-15T03:15:41Z,2026-05-15T03:15:41Z,mn13,CONTRIBUTOR,human_account,no,yes,no,no,no,no,yes,no,no,no,yes,yes,no,no,no,0,no,yes,yes,yes,no,no,no,no,3,2,3,0,yes,yes,no,no,2,0,170.469,170.469,170.469,4,4,Audacity88,human_account,not_automation,COLLABORATOR,yes,yes,no,yes,yes,20.518,485.75
,,,42,zeroclaw-labs/zeroclaw,llm_native,agent_application,direct_agent_experience,pull_request,3200,https://github.com/zeroclaw-labs/zeroclaw/pull/3200,merged,2026-03-11T15:53:03Z,2026-03-11T16:07:08Z,2026-03-11T16:07:08Z,whtiehack,CONTRIBUTOR,human_account,no,no,no,no,no,no,no,no,no,no,no,no,no,no,no,0,no,yes,yes,no,no,unknown,yes,yes,0,0,0,0,no,no,no,no,1,0,,,,1,0,theonlyhennygod,human_account,not_automation,COLLABORATOR,yes,yes,no,yes,yes,0.01,485.75
,,,42,zeroclaw-labs/zeroclaw,llm_native,agent_application,direct_agent_experience,issue,10257,https://github.com/zeroclaw-labs/zeroclaw/issues/10257,closed,2026-08-22T11:05:35Z,2026-08-25T12:14:06Z,,zyw02,CONTRIBUTOR,human_account,no,yes,no,no,no,no,yes,no,no,no,no,no,no,no,no,0,no,yes,yes,no,no,unknown,yes,yes,0,1,0,0,no,no,no,no,1,0,,,,0,0,Audacity88,human_account,not_automation,COLLABORATOR,yes,yes,no,yes,no,3.048,485.75
,,,42,zeroclaw-labs/zeroclaw,llm_native,agent_application,direct_agent_experience,pull_request,8323,https://github.com/zeroclaw-labs/zeroclaw/pull/8323,merged,2026-06-25T07:52:33Z,2026-06-26T12:40:33Z,2026-06-26T12:40:33Z,Audacity88,COLLABORATOR,human_account,no,yes,no,no,no,no,yes,no,no,no,yes,yes,no,no,no,0,no,yes,yes,yes,no,no,no,no,3,1,2,0,yes,yes,no,no,4,0,15.315,15.315,19.035,2,1,Audacity88,human_account,not_automation,COLLABORATOR,yes,yes,no,no,no,1.2,485.75
,,,42,zeroclaw-labs/zeroclaw,llm_native,agent_application,direct_agent_experience,pull_request,6755,https://github.com/zeroclaw-labs/zeroclaw/pull/6755,closed_unmerged,2026-05-18T08:52:08Z,2026-05-18T11:24:22Z,,kapelame,CONTRIBUTOR,human_account,no,yes,no,no,no,no,yes,no,no,no,no,no,no,no,no,0,no,yes,yes,no,no,unknown,yes,yes,0,1,0,0,no,no,no,no,1,0,,,,2,0,kapelame,human_account,not_automation,CONTRIBUTOR,yes,no,no,yes,yes,0.106,485.75
,,,42,zeroclaw-labs/zeroclaw,llm_native,agent_application,direct_agent_experience,pull_request,7595,https://github.com/zeroclaw-labs/zeroclaw/pull/7595,merged,2026-06-14T04:31:37Z,2026-06-15T07:18:32Z,2026-06-15T07:18:31Z,tidux,COLLABORATOR,human_account,no,yes,no,no,no,no,yes,no,no,no,yes,yes,no,no,no,0,no,yes,yes,yes,no,no,no,no,2,0,2,0,yes,yes,no,no,3,0,14.748,14.748,14.748,2,1,Audacity88,human_account,not_automation,COLLABORATOR,yes,yes,no,no,no,1.116,485.75
,,,42,zeroclaw-labs/zeroclaw,llm_native,agent_application,direct_agent_experience,pull_request,9141,https://github.com/zeroclaw-labs/zeroclaw/pull/9141,merged,2026-07-18T08:24:09Z,2026-07-21T15:51:12Z,2026-07-21T15:51:12Z,Audacity88,COLLABORATOR,human_account,no,no,no,no,no,no,no,no,no,no,yes,yes,no,no,no,0,no,yes,yes,yes,no,no,no,no,1,0,1,0,yes,no,no,no,2,0,78.714,78.714,78.714,2,0,IftekharUddin,human_account,not_automation,COLLABORATOR,yes,yes,no,no,no,3.31,485.75
,,,42,zeroclaw-labs/zeroclaw,llm_native,agent_application,direct_agent_experience,issue,663,https://github.com/zeroclaw-labs/zeroclaw/issues/663,closed,2026-02-17T20:56:05Z,2026-02-19T19:38:57Z,,agorevski,COLLABORATOR,human_account,no,yes,no,no,no,no,yes,no,no,no,no,no,no,no,no,0,no,yes,yes,yes,no,unknown,yes,yes,0,0,0,0,no,no,no,no,1,0,,,,0,0,agorevski,human_account,not_automation,COLLABORATOR,yes,yes,no,no,yes,1.946,485.75
,,,42,zeroclaw-labs/zeroclaw,llm_native,agent_application,direct_agent_experience,pull_request,9403,https://github.com/zeroclaw-labs/zeroclaw/pull/9403,merged,2026-07-26T17:08:19Z,2026-08-22T18:59:54Z,2026-08-22T18:59:54Z,IftekharUddin,COLLABORATOR,human_account,no,yes,yes,no,yes,no,yes,no,yes,no,yes,yes,no,yes,no,2,yes,yes,yes,yes,no,no,no,no,11,14,6,1,yes,yes,yes,yes,7,6,0.451,0.451,21.694,15,14,JordanTheJet,human_account,not_automation,COLLABORATOR,yes,yes,no,no,no,27.077,485.75
,,,42,zeroclaw-labs/zeroclaw,llm_native,agent_application,direct_agent_experience,pull_request,788,https://github.com/zeroclaw-labs/zeroclaw/pull/788,merged,2026-02-18T11:42:52Z,2026-02-18T12:54:49Z,2026-02-18T12:54:49Z,Marlinski,CONTRIBUTOR,human_account,no,yes,no,no,no,no,yes,no,no,no,no,no,no,no,no,0,no,yes,yes,no,no,no,no,yes,2,2,0,0,no,no,no,no,3,2,0.008,1.196,,1,0,chumyin,human_account,not_automation,CONTRIBUTOR,yes,no,no,yes,yes,0.05,485.75
,,,42,zeroclaw-labs/zeroclaw,llm_native,agent_application,direct_agent_experience,issue,5444,https://github.com/zeroclaw-labs/zeroclaw/issues/5444,closed,2026-04-07T07:13:10Z,2026-04-07T10:59:16Z,,ilteoood,CONTRIBUTOR,human_account,no,yes,no,no,no,no,yes,no,no,no,no,no,no,no,no,0,no,yes,yes,yes,no,no,no,no,1,2,0,0,no,no,no,no,2,0,3.768,3.768,3.768,0,0,theonlyhennygod,human_account,not_automation,COLLABORATOR,yes,yes,no,yes,yes,0.157,485.75
,,,42,zeroclaw-labs/zeroclaw,llm_native,agent_application,direct_agent_experience,pull_request,6719,https://github.com/zeroclaw-labs/zeroclaw/pull/6719,merged,2026-05-16T17:43:38Z,2026-07-08T18:32:36Z,2026-07-08T18:32:35Z,JordanTheJet,COLLABORATOR,human_account,no,yes,no,no,no,no,yes,no,no,no,yes,yes,no,no,no,0,no,yes,yes,yes,no,no,no,no,13,9,8,0,yes,yes,no,no,4,0,4.586,4.586,23.348,3,3,singlerider,human_account,not_automation,CONTRIBUTOR,yes,no,no,no,yes,53.034,485.75
,,,42,zeroclaw-labs/zeroclaw,llm_native,agent_application,direct_agent_experience,pull_request,4178,https://github.com/zeroclaw-labs/zeroclaw/pull/4178,merged,2026-03-21T22:27:22Z,2026-03-22T02:09:00Z,2026-03-22T02:09:00Z,WareWolf-MoonWall,CONTRIBUTOR,human_account,no,no,no,no,no,no,no,no,no,no,yes,yes,no,no,no,0,no,yes,yes,yes,no,no,no,no,1,0,1,0,yes,no,no,no,2,0,3.691,3.691,3.691,1,0,theonlyhennygod,human_account,not_automation,COLLABORATOR,yes,yes,no,yes,yes,0.154,485.75
,,,42,zeroclaw-labs/zeroclaw,llm_native,agent_application,direct_agent_experience,pull_request,4802,https://github.com/zeroclaw-labs/zeroclaw/pull/4802,closed_unmerged,2026-03-26T21:30:17Z,2026-03-28T21:30:55Z,,joehoyle,COLLABORATOR,human_account,no,yes,no,no,no,no,yes,no,no,no,no,no,no,no,no,0,no,yes,yes,yes,no,unknown,yes,yes,0,0,0,0,no,no,no,no,1,0,,,,1,0,,,,,no,no,no,no,yes,2.0,485.75
,,,42,zeroclaw-labs/zeroclaw,llm_native,agent_application,direct_agent_experience,pull_request,1283,https://github.com/zeroclaw-labs/zeroclaw/pull/1283,merged,2026-02-21T18:35:08Z,2026-02-21T18:39:08Z,2026-02-21T18:39:08Z,willsarg,CONTRIBUTOR,human_account,no,yes,yes,yes,no,no,yes,no,yes,yes,yes,yes,no,no,no,4,no,yes,yes,yes,no,no,no,no,6,4,2,0,yes,no,no,no,4,2,0.003,0.064,0.064,2,0,theonlyhennygod,human_account,not_automation,COLLABORATOR,yes,yes,no,yes,yes,0.003,485.75
,,,42,zeroclaw-labs/zeroclaw,llm_native,agent_application,direct_agent_experience,pull_request,3610,https://github.com/zeroclaw-labs/zeroclaw/pull/3610,merged,2026-03-15T17:39:50Z,2026-03-16T22:32:20Z,2026-03-16T22:32:20Z,rareba,CONTRIBUTOR,human_account,no,no,no,no,no,no,no,no,no,no,no,no,no,no,no,0,no,yes,yes,no,no,unknown,yes,yes,0,0,0,0,no,no,no,no,1,0,,,,5,0,SimianAstronaut7,human_account,not_automation,,yes,no,no,yes,yes,1.203,485.75
,,,43,docling-project/docling,mixed,model_infra,supporting_infrastructure,pull_request,3049,https://github.com/docling-project/docling/pull/3049,merged,2026-03-01T16:18:39Z,2026-03-02T06:15:20Z,2026-03-02T06:15:20Z,Br1an67,CONTRIBUTOR,human_account,no,yes,yes,no,no,yes,yes,no,yes,no,yes,yes,no,no,no,1,no,yes,yes,yes,no,no,no,no,5,4,1,0,yes,no,no,no,6,3,0.003,1.008,1.008,1,0,dolfim-ibm,human_account,not_automation,MEMBER,yes,yes,no,yes,yes,0.581,60.45
,,,43,docling-project/docling,mixed,model_infra,supporting_infrastructure,pull_request,3243,https://github.com/docling-project/docling/pull/3243,closed_unmerged,2026-04-07T05:12:55Z,2026-04-09T11:21:07Z,,Smeet-Agrawal,CONTRIBUTOR,human_account,no,yes,no,no,no,no,yes,no,no,no,yes,yes,no,yes,no,0,no,yes,yes,yes,no,no,no,no,4,4,1,1,yes,no,yes,no,5,2,0.003,24.061,24.061,2,0,Smeet-Agrawal,human_account,not_automation,CONTRIBUTOR,yes,no,no,yes,yes,2.256,60.45
,,,43,docling-project/docling,mixed,model_infra,supporting_infrastructure,issue,2964,https://github.com/docling-project/docling/issues/2964,open,2026-02-08T16:53:53Z,,,RiddheshMore,NONE,human_account,no,yes,yes,no,no,yes,no,no,yes,no,no,no,no,no,no,1,no,yes,yes,no,no,yes,yes,yes,1,1,0,0,no,no,no,no,2,1,0.085,,,0,0,,,,,no,no,no,yes,yes,,60.45
,,,43,docling-project/docling,mixed,model_infra,supporting_infrastructure,pull_request,4001,https://github.com/docling-project/docling/pull/4001,open,2026-08-15T14:38:12Z,,,leny0714,NONE,human_account,no,yes,no,no,no,no,yes,no,no,no,yes,yes,no,yes,no,0,no,yes,yes,yes,no,no,no,no,6,5,1,1,yes,no,yes,no,5,2,0.003,212.188,212.188,1,0,,,,,no,no,no,yes,no,,60.45
,,,43,docling-project/docling,mixed,model_infra,supporting_infrastructure,pull_request,3817,https://github.com/docling-project/docling/pull/3817,merged,2026-07-17T07:14:10Z,2026-08-14T14:05:49Z,2026-08-14T14:05:48Z,chuenchen309,CONTRIBUTOR,human_account,no,yes,yes,no,no,yes,yes,no,no,no,yes,yes,no,no,no,1,no,yes,yes,yes,no,no,no,no,7,8,2,0,yes,no,no,no,6,2,0.003,0.937,0.937,3,0,ceberam,human_account,not_automation,MEMBER,yes,yes,no,yes,no,28.286,60.45
,,,43,docling-project/docling,mixed,model_infra,supporting_infrastructure,pull_request,2952,https://github.com/docling-project/docling/pull/2952,closed_unmerged,2026-02-04T16:17:49Z,2026-06-16T07:57:33Z,,cau-git,MEMBER,human_account,no,yes,yes,no,no,yes,yes,no,yes,no,yes,yes,no,no,no,1,no,yes,yes,yes,no,no,no,no,5,7,1,0,yes,no,no,no,6,2,0.03,286.657,286.657,46,0,cau-git,human_account,not_automation,MEMBER,yes,yes,no,no,yes,131.653,60.45
,,,43,docling-project/docling,mixed,model_infra,supporting_infrastructure,pull_request,3889,https://github.com/docling-project/docling/pull/3889,open,2026-07-27T04:35:41Z,,,dobi02,NONE,human_account,no,yes,no,no,no,no,yes,no,no,no,no,no,no,no,no,0,no,yes,yes,yes,no,no,no,no,5,6,0,0,no,no,no,no,6,2,0.003,52.886,52.886,2,0,,,,,no,no,no,yes,no,,60.45
,,,43,docling-project/docling,mixed,model_infra,supporting_infrastructure,pull_request,3661,https://github.com/docling-project/docling/pull/3661,merged,2026-06-19T11:21:33Z,2026-06-22T05:42:30Z,2026-06-22T05:42:30Z,PeterStaar-IBM,MEMBER,human_account,no,yes,no,no,no,no,yes,no,no,no,yes,yes,no,no,no,0,no,yes,yes,yes,no,no,no,no,5,3,2,0,yes,no,no,no,6,2,0.003,2.413,2.413,3,0,PeterStaar-IBM,human_account,not_automation,MEMBER,yes,yes,no,no,no,2.765,60.45
,,,43,docling-project/docling,mixed,model_infra,supporting_infrastructure,pull_request,3180,https://github.com/docling-project/docling/pull/3180,merged,2026-03-24T15:12:43Z,2026-03-24T16:59:55Z,2026-03-24T16:59:55Z,cau-git,MEMBER,human_account,no,yes,yes,no,no,yes,yes,no,no,no,yes,yes,no,no,no,2,no,yes,yes,yes,no,no,no,no,4,3,1,0,yes,no,no,no,5,2,0.003,0.796,0.796,8,0,cau-git,human_account,not_automation,MEMBER,yes,yes,no,no,yes,0.074,60.45
,,,43,docling-project/docling,mixed,model_infra,supporting_infrastructure,pull_request,3834,https://github.com/docling-project/docling/pull/3834,merged,2026-07-20T16:48:52Z,2026-07-23T08:15:06Z,2026-07-23T08:15:06Z,pablopupo,CONTRIBUTOR,human_account,no,yes,no,no,no,no,yes,no,no,no,yes,yes,no,no,no,0,no,yes,yes,yes,no,no,no,no,6,4,2,0,yes,yes,no,no,6,4,0.003,14.739,14.739,3,1,dolfim-ibm,human_account,not_automation,MEMBER,yes,yes,no,yes,no,2.643,60.45
,,,43,docling-project/docling,mixed,model_infra,supporting_infrastructure,issue,3452,https://github.com/docling-project/docling/issues/3452,closed,2026-05-15T17:33:40Z,2026-05-17T06:33:32Z,,AG6GR,CONTRIBUTOR,human_account,no,yes,yes,no,no,yes,no,no,yes,no,no,no,no,no,no,1,no,yes,yes,no,no,yes,yes,yes,1,1,0,0,no,no,no,no,2,1,0.117,,,0,0,PeterStaar-IBM,human_account,not_automation,MEMBER,yes,yes,no,yes,yes,1.542,60.45
,,,43,docling-project/docling,mixed,model_infra,supporting_infrastructure,issue,3887,https://github.com/docling-project/docling/issues/3887,open,2026-07-27T04:04:44Z,,,dobi02,NONE,human_account,no,yes,yes,no,no,yes,no,no,yes,no,no,no,no,no,no,1,no,yes,yes,no,no,yes,yes,yes,1,1,0,0,no,no,no,no,2,1,0.087,,,0,0,,,,,no,no,no,yes,no,,60.45
,,,43,docling-project/docling,mixed,model_infra,supporting_infrastructure,issue,3326,https://github.com/docling-project/docling/issues/3326,open,2026-04-17T17:20:58Z,,,mostafatouny,NONE,human_account,no,no,no,no,no,no,no,no,no,no,no,no,no,no,no,0,no,yes,yes,no,no,no,no,yes,1,3,0,0,no,no,no,no,2,0,133.928,133.928,,0,0,,,,,no,no,no,yes,yes,,60.45
,,,43,docling-project/docling,mixed,model_infra,supporting_infrastructure,issue,3467,https://github.com/docling-project/docling/issues/3467,closed,2026-05-17T23:12:47Z,2026-06-26T09:33:30Z,,yasqdb,CONTRIBUTOR,human_account,no,yes,no,no,no,no,no,no,no,no,no,no,no,no,no,0,no,yes,yes,no,no,unknown,yes,yes,0,0,0,0,no,no,no,no,1,0,,,,0,0,ceberam,human_account,not_automation,MEMBER,yes,yes,no,yes,yes,39.431,60.45
,,,43,docling-project/docling,mixed,model_infra,supporting_infrastructure,pull_request,3974,https://github.com/docling-project/docling/pull/3974,merged,2026-08-10T15:35:30Z,2026-08-11T13:27:28Z,2026-08-11T13:27:28Z,PeterStaar-IBM,MEMBER,human_account,no,yes,no,no,no,no,yes,no,no,no,yes,yes,no,no,no,0,no,yes,yes,yes,no,no,no,no,6,3,3,0,yes,no,no,no,7,2,0.003,20.273,20.273,1,0,dolfim-ibm,human_account,not_automation,MEMBER,yes,yes,no,no,no,0.911,60.45
,,,43,docling-project/docling,mixed,model_infra,supporting_infrastructure,pull_request,3575,https://github.com/docling-project/docling/pull/3575,open,2026-06-09T17:47:42Z,,,AbhinPT,NONE,human_account,no,yes,no,no,no,no,yes,no,no,no,no,no,no,no,no,0,no,yes,yes,yes,no,no,no,no,4,4,0,0,no,no,no,no,5,3,0.003,22.821,22.821,2,0,,,,,no,no,no,yes,no,,60.45
,,,43,docling-project/docling,mixed,model_infra,supporting_infrastructure,pull_request,3734,https://github.com/docling-project/docling/pull/3734,merged,2026-07-02T14:49:04Z,2026-07-03T08:53:47Z,2026-07-03T08:53:47Z,ceberam,MEMBER,human_account,no,yes,no,no,no,no,yes,no,no,no,yes,yes,no,no,no,0,no,yes,yes,yes,no,no,no,no,5,3,2,0,yes,yes,no,no,6,4,0.011,15.019,15.019,1,1,ceberam,human_account,not_automation,MEMBER,yes,yes,no,no,no,0.753,60.45
,,,43,docling-project/docling,mixed,model_infra,supporting_infrastructure,issue,3943,https://github.com/docling-project/docling/issues/3943,open,2026-08-05T12:35:48Z,,,bitfinop,CONTRIBUTOR,human_account,no,no,no,no,no,no,no,no,no,no,no,no,no,no,no,0,no,yes,yes,no,no,unknown,yes,yes,0,0,0,0,no,no,no,no,1,0,,,,0,0,,,,,no,no,no,yes,no,,60.45
,,,43,docling-project/docling,mixed,model_infra,supporting_infrastructure,pull_request,3977,https://github.com/docling-project/docling/pull/3977,merged,2026-08-11T08:58:09Z,2026-08-11T09:19:17Z,2026-08-11T09:19:17Z,dolfim-ibm,MEMBER,human_account,no,yes,no,no,no,no,yes,no,no,no,yes,yes,no,no,no,0,no,yes,yes,yes,no,no,no,no,5,3,2,0,yes,no,no,no,6,2,0.003,0.248,0.248,1,0,dolfim-ibm,human_account,not_automation,MEMBER,yes,yes,no,no,no,0.015,60.45
,,,43,docling-project/docling,mixed,model_infra,supporting_infrastructure,issue,3487,https://github.com/docling-project/docling/issues/3487,closed,2026-05-21T14:27:25Z,2026-05-28T04:58:02Z,,drukpa1455,CONTRIBUTOR,human_account,no,yes,yes,no,no,yes,no,no,yes,no,no,no,no,no,no,1,no,yes,yes,no,no,yes,yes,yes,1,1,0,0,no,no,no,no,2,1,0.089,,,0,0,PeterStaar-IBM,human_account,not_automation,MEMBER,yes,yes,no,yes,yes,6.605,60.45
,,,44,datahub-project/datahub,mixed,model_infra,supporting_infrastructure,pull_request,18240,https://github.com/datahub-project/datahub/pull/18240,merged,2026-07-07T16:51:00Z,2026-07-07T17:44:25Z,2026-07-07T17:44:25Z,annadoesdesign,CONTRIBUTOR,human_account,no,yes,yes,no,yes,no,yes,no,yes,no,yes,no,no,no,no,1,no,yes,yes,no,no,no,no,yes,5,4,1,0,yes,no,no,no,5,2,0.116,0.865,,1,0,annadoesdesign,human_account,not_automation,CONTRIBUTOR,yes,no,no,yes,no,0.037,185.25
,,,44,datahub-project/datahub,mixed,model_infra,supporting_infrastructure,pull_request,17341,https://github.com/datahub-project/datahub/pull/17341,merged,2026-05-07T12:45:57Z,2026-05-09T02:36:37Z,2026-05-09T02:36:37Z,dennisliu-wag,CONTRIBUTOR,human_account,no,yes,no,no,no,no,yes,no,no,no,yes,no,no,no,no,0,no,yes,yes,no,no,no,no,yes,2,1,1,0,yes,no,no,no,3,2,0.004,37.833,,2,0,askumar27,human_account,not_automation,CONTRIBUTOR,yes,no,no,yes,yes,1.577,185.25
,,,44,datahub-project/datahub,mixed,model_infra,supporting_infrastructure,pull_request,18707,https://github.com/datahub-project/datahub/pull/18707,open,2026-07-29T01:19:15Z,,,kyungsoo-datahub,CONTRIBUTOR,human_account,no,yes,no,no,no,no,yes,no,no,no,no,no,no,no,no,0,no,yes,yes,no,no,yes,yes,yes,2,2,0,0,no,no,no,no,3,1,0.051,,,1,0,,,,,no,no,no,yes,no,,185.25
,,,44,datahub-project/datahub,mixed,model_infra,supporting_infrastructure,pull_request,17637,https://github.com/datahub-project/datahub/pull/17637,merged,2026-05-29T12:22:34Z,2026-06-19T08:07:18Z,2026-06-19T08:07:18Z,lakshay-nasa,CONTRIBUTOR,human_account,no,yes,no,no,no,no,yes,no,no,no,yes,yes,no,no,no,0,no,yes,yes,yes,no,no,no,no,1,0,1,0,yes,no,no,no,2,0,499.494,499.494,499.494,2,0,lakshay-nasa,human_account,not_automation,CONTRIBUTOR,yes,no,no,yes,yes,20.823,185.25
,,,44,datahub-project/datahub,mixed,model_infra,supporting_infrastructure,pull_request,17010,https://github.com/datahub-project/datahub/pull/17010,merged,2026-04-14T01:10:40Z,2026-04-14T13:09:28Z,2026-04-14T13:09:28Z,david-leifker,COLLABORATOR,human_account,no,yes,no,no,no,no,yes,no,no,no,yes,no,no,no,no,0,no,yes,yes,yes,no,no,no,yes,2,1,1,0,yes,no,no,no,3,2,0.386,8.734,,1,0,david-leifker,human_account,not_automation,COLLABORATOR,yes,yes,no,no,yes,0.499,185.25
,,,44,datahub-project/datahub,mixed,model_infra,supporting_infrastructure,pull_request,16960,https://github.com/datahub-project/datahub/pull/16960,merged,2026-04-09T08:35:57Z,2026-04-14T09:43:06Z,2026-04-14T09:43:06Z,sgomezvillamor,CONTRIBUTOR,human_account,no,yes,yes,yes,yes,no,yes,no,yes,no,yes,no,no,no,no,6,yes,yes,yes,no,no,no,no,yes,10,10,2,0,yes,yes,no,no,6,2,0.066,118.867,,25,2,sgomezvillamor,human_account,not_automation,CONTRIBUTOR,yes,no,no,yes,yes,5.047,185.25
,,,44,datahub-project/datahub,mixed,model_infra,supporting_infrastructure,pull_request,19487,https://github.com/datahub-project/datahub/pull/19487,open,2026-08-27T18:18:37Z,,,acrylJonny,COLLABORATOR,human_account,no,yes,yes,yes,yes,no,yes,no,yes,yes,yes,yes,no,no,no,12,no,yes,yes,yes,no,yes,yes,yes,14,12,4,0,yes,yes,no,no,5,2,0.004,,,6,5,,,,,no,no,no,no,no,,185.25
,,,44,datahub-project/datahub,mixed,model_infra,supporting_infrastructure,pull_request,19177,https://github.com/datahub-project/datahub/pull/19177,merged,2026-08-13T19:44:04Z,2026-08-13T20:15:34Z,2026-08-13T20:15:34Z,david-leifker,COLLABORATOR,human_account,no,yes,yes,no,yes,no,yes,no,yes,yes,yes,no,no,no,no,1,no,yes,yes,yes,no,no,no,yes,3,1,2,0,yes,no,no,no,4,2,0.108,0.463,,1,0,david-leifker,human_account,not_automation,COLLABORATOR,yes,yes,no,no,no,0.022,185.25
,,,44,datahub-project/datahub,mixed,model_infra,supporting_infrastructure,pull_request,18313,https://github.com/datahub-project/datahub/pull/18313,merged,2026-07-10T07:19:06Z,2026-08-19T21:35:46Z,2026-08-19T21:35:46Z,takeuchiiiiii,CONTRIBUTOR,human_account,no,yes,yes,yes,no,no,yes,no,no,no,yes,no,no,no,no,1,no,yes,yes,no,no,no,no,yes,5,5,1,0,yes,yes,no,no,5,2,0.003,786.198,,7,6,ani-malgari,human_account,not_automation,CONTRIBUTOR,yes,no,no,yes,no,40.595,185.25
,,,44,datahub-project/datahub,mixed,model_infra,supporting_infrastructure,pull_request,19439,https://github.com/datahub-project/datahub/pull/19439,merged,2026-08-25T21:23:24Z,2026-08-25T21:34:55Z,2026-08-25T21:34:55Z,AdrianMachado,CONTRIBUTOR,human_account,no,yes,yes,no,yes,no,yes,no,yes,yes,yes,no,no,no,no,1,no,yes,yes,no,no,no,no,yes,2,0,2,0,yes,no,no,no,3,2,0.059,0.113,,1,0,AdrianMachado,human_account,not_automation,CONTRIBUTOR,yes,no,no,yes,no,0.008,185.25
,,,44,datahub-project/datahub,mixed,model_infra,supporting_infrastructure,pull_request,18368,https://github.com/datahub-project/datahub/pull/18368,merged,2026-07-13T14:18:05Z,2026-07-21T07:50:20Z,2026-07-21T07:50:20Z,billpratt,CONTRIBUTOR,human_account,no,yes,no,no,no,no,yes,no,no,no,yes,no,no,no,no,0,no,yes,yes,no,no,no,no,yes,10,10,4,0,yes,yes,no,no,3,2,0.005,20.497,,2,1,sgomezvillamor,human_account,not_automation,CONTRIBUTOR,yes,no,no,yes,no,7.731,185.25
,,,44,datahub-project/datahub,mixed,model_infra,supporting_infrastructure,pull_request,16621,https://github.com/datahub-project/datahub/pull/16621,merged,2026-03-17T01:59:08Z,2026-04-07T16:04:29Z,2026-04-07T16:04:29Z,ligfx,CONTRIBUTOR,human_account,no,yes,no,no,no,no,yes,no,no,no,yes,no,no,no,no,0,no,yes,yes,yes,no,no,no,no,5,5,1,0,yes,no,no,no,5,4,0.003,0.779,0.779,4,0,ligfx,human_account,not_automation,CONTRIBUTOR,yes,no,no,yes,yes,21.587,185.25
,,,44,datahub-project/datahub,mixed,model_infra,supporting_infrastructure,pull_request,17546,https://github.com/datahub-project/datahub/pull/17546,open,2026-05-21T23:42:37Z,,,dependabot[bot],CONTRIBUTOR,automation_bot,no,yes,no,no,no,no,yes,no,no,no,no,no,no,no,no,0,no,yes,no,no,no,yes,yes,yes,1,1,0,0,no,no,no,no,2,0,0.003,,,1,0,,,,,no,no,no,yes,yes,,185.25
,,,44,datahub-project/datahub,mixed,model_infra,supporting_infrastructure,pull_request,17148,https://github.com/datahub-project/datahub/pull/17148,merged,2026-04-22T15:18:20Z,2026-04-22T16:30:25Z,2026-04-22T16:30:25Z,max-datahub,COLLABORATOR,human_account,no,yes,yes,no,yes,no,yes,no,yes,no,yes,yes,no,no,no,1,no,yes,yes,yes,no,no,no,no,5,4,1,0,yes,yes,no,no,5,3,0.003,0.018,0.018,2,1,max-datahub,human_account,not_automation,COLLABORATOR,yes,yes,no,no,yes,0.05,185.25
,,,44,datahub-project/datahub,mixed,model_infra,supporting_infrastructure,pull_request,18708,https://github.com/datahub-project/datahub/pull/18708,merged,2026-07-29T03:02:57Z,2026-07-29T04:23:57Z,2026-07-29T04:23:57Z,nwadams,COLLABORATOR,human_account,no,yes,no,no,no,no,yes,no,no,no,yes,no,no,no,no,0,no,yes,yes,yes,no,no,no,yes,3,2,1,0,yes,no,no,no,3,2,0.333,1.336,,1,0,nwadams,human_account,not_automation,COLLABORATOR,yes,yes,no,no,no,0.056,185.25
,,,44,datahub-project/datahub,mixed,model_infra,supporting_infrastructure,pull_request,18559,https://github.com/datahub-project/datahub/pull/18559,closed_unmerged,2026-07-22T18:54:04Z,2026-07-23T07:39:25Z,,max-datahub,COLLABORATOR,human_account,no,yes,no,no,no,no,yes,no,no,no,yes,yes,no,no,no,0,no,yes,yes,yes,no,no,no,no,2,2,1,0,yes,no,no,no,2,0,12.298,12.298,12.298,1,0,max-datahub,human_account,not_automation,COLLABORATOR,yes,yes,no,no,no,0.531,185.25
,,,44,datahub-project/datahub,mixed,model_infra,supporting_infrastructure,pull_request,16365,https://github.com/datahub-project/datahub/pull/16365,merged,2026-02-26T15:15:17Z,2026-02-27T19:10:48Z,2026-02-27T19:10:48Z,chriscollins3456,COLLABORATOR,human_account,no,yes,yes,no,yes,no,yes,no,yes,no,yes,yes,no,no,no,1,no,yes,yes,yes,no,no,no,no,5,4,1,0,yes,yes,no,no,5,2,0.004,1.942,1.942,5,1,chriscollins3456,human_account,not_automation,COLLABORATOR,yes,yes,no,no,yes,1.164,185.25
,,,44,datahub-project/datahub,mixed,model_infra,supporting_infrastructure,pull_request,17704,https://github.com/datahub-project/datahub/pull/17704,merged,2026-06-03T08:53:49Z,2026-06-04T06:58:02Z,2026-06-04T06:58:02Z,max-datahub,COLLABORATOR,human_account,no,yes,no,no,no,no,yes,no,no,no,yes,yes,no,no,no,0,no,yes,yes,yes,no,no,no,yes,5,6,1,0,yes,yes,no,no,3,2,0.151,9.771,,5,3,max-datahub,human_account,not_automation,COLLABORATOR,yes,yes,no,no,no,0.92,185.25
,,,44,datahub-project/datahub,mixed,model_infra,supporting_infrastructure,pull_request,16287,https://github.com/datahub-project/datahub/pull/16287,merged,2026-02-19T21:51:59Z,2026-03-19T17:50:04Z,2026-03-19T17:50:04Z,annadoesdesign,CONTRIBUTOR,human_account,no,yes,yes,no,yes,no,yes,no,yes,no,yes,no,no,no,no,1,no,yes,yes,no,no,no,no,yes,9,7,2,0,yes,yes,no,no,5,2,0.088,637.099,,27,8,annadoesdesign,human_account,not_automation,CONTRIBUTOR,yes,no,no,yes,yes,27.832,185.25
,,,44,datahub-project/datahub,mixed,model_infra,supporting_infrastructure,pull_request,17437,https://github.com/datahub-project/datahub/pull/17437,closed_unmerged,2026-05-14T08:46:53Z,2026-05-20T11:19:17Z,,gdatahub,CONTRIBUTOR,human_account,no,yes,yes,no,yes,no,yes,no,yes,no,no,no,no,no,no,1,no,yes,yes,no,no,yes,yes,yes,3,4,0,0,no,no,no,no,3,2,0.048,,,14,0,gdatahub,human_account,not_automation,CONTRIBUTOR,yes,no,no,yes,yes,6.106,185.25
,,,45,lobehub/lobehub,llm_native,agent_application,direct_agent_experience,pull_request,18696,https://github.com/lobehub/lobehub/pull/18696,merged,2026-08-25T16:45:49Z,2026-08-26T03:24:20Z,2026-08-26T03:24:20Z,arvinxx,MEMBER,human_account,no,yes,yes,yes,no,yes,yes,no,yes,yes,yes,yes,no,no,no,4,no,yes,yes,yes,no,yes,yes,yes,5,5,1,0,yes,yes,no,no,5,3,0.002,,,8,8,ONLY-yours,human_account,not_automation,MEMBER,yes,yes,no,no,no,0.443,370.55
,,,45,lobehub/lobehub,llm_native,agent_application,direct_agent_experience,issue,14112,https://github.com/lobehub/lobehub/issues/14112,closed,2026-04-24T03:56:29Z,2026-05-19T00:28:41Z,,forever-lwy,NONE,human_account,no,yes,yes,no,no,yes,yes,no,no,no,no,no,no,no,no,2,no,yes,yes,yes,no,yes,yes,no,2,2,0,0,no,no,no,no,3,2,0.027,,0.027,0,0,lobehubbot,automation_service_account,conventional_automation,MEMBER,no,yes,no,yes,yes,24.856,370.55
,,,45,lobehub/lobehub,llm_native,agent_application,direct_agent_experience,pull_request,17281,https://github.com/lobehub/lobehub/pull/17281,merged,2026-07-16T20:52:32Z,2026-07-23T07:38:29Z,2026-07-23T07:38:29Z,zerafachris,NONE,human_account,no,yes,yes,no,no,yes,yes,no,no,no,no,no,no,no,no,1,no,yes,yes,yes,no,yes,yes,no,2,2,0,0,no,no,no,no,3,2,0.001,,154.998,3,0,tjx666,human_account,not_automation,MEMBER,yes,yes,no,yes,no,6.449,370.55
,,,45,lobehub/lobehub,llm_native,agent_application,direct_agent_experience,pull_request,13034,https://github.com/lobehub/lobehub/pull/13034,closed_unmerged,2026-03-16T12:01:17Z,2026-03-17T02:30:37Z,,rdmclin2,COLLABORATOR,human_account,no,yes,yes,no,yes,no,yes,no,yes,yes,no,no,no,no,no,2,no,yes,yes,yes,no,yes,yes,yes,4,3,1,0,yes,no,no,no,4,1,0.002,,,1,0,rdmclin2,human_account,not_automation,COLLABORATOR,yes,yes,no,no,yes,0.604,370.55
,,,45,lobehub/lobehub,llm_native,agent_application,direct_agent_experience,pull_request,12600,https://github.com/lobehub/lobehub/pull/12600,closed_unmerged,2026-03-02T16:34:02Z,2026-03-30T10:42:44Z,,arvinxx,MEMBER,human_account,no,yes,yes,yes,yes,no,yes,no,yes,yes,no,no,no,no,no,3,no,yes,yes,yes,no,yes,yes,yes,5,3,2,0,yes,no,no,no,5,1,0.001,,,1,0,arvinxx,human_account,not_automation,MEMBER,yes,yes,no,no,yes,27.756,370.55
,,,45,lobehub/lobehub,llm_native,agent_application,direct_agent_experience,issue,17831,https://github.com/lobehub/lobehub/issues/17831,closed,2026-08-02T10:50:57Z,2026-08-03T03:33:18Z,,totoCZ,NONE,human_account,no,yes,yes,no,no,yes,yes,no,yes,no,no,no,no,no,no,3,no,yes,yes,yes,no,yes,yes,no,3,4,0,0,no,no,no,no,4,4,0.046,,16.708,0,0,tjx666,human_account,not_automation,MEMBER,yes,yes,no,yes,no,0.696,370.55
,,,45,lobehub/lobehub,llm_native,agent_application,direct_agent_experience,pull_request,13383,https://github.com/lobehub/lobehub/pull/13383,merged,2026-03-29T14:51:49Z,2026-03-30T15:46:36Z,2026-03-30T15:46:36Z,Innei,MEMBER,human_account,no,yes,yes,no,yes,no,yes,no,yes,yes,no,no,no,no,no,1,yes,yes,yes,yes,no,yes,yes,no,5,4,1,0,yes,yes,no,no,5,4,0.001,,0.017,1,1,Innei,human_account,not_automation,MEMBER,yes,yes,no,no,yes,1.038,370.55
,,,45,lobehub/lobehub,llm_native,agent_application,direct_agent_experience,pull_request,12643,https://github.com/lobehub/lobehub/pull/12643,merged,2026-03-03T15:26:14Z,2026-03-03T15:26:47Z,2026-03-03T15:26:47Z,arvinxx,MEMBER,human_account,no,yes,yes,yes,yes,no,yes,no,yes,yes,no,no,no,no,no,5,no,yes,yes,yes,no,yes,yes,no,7,5,2,0,yes,no,no,no,5,3,0.002,,0.013,1,0,arvinxx,human_account,not_automation,MEMBER,yes,yes,no,no,yes,0.0,370.55
,,,45,lobehub/lobehub,llm_native,agent_application,direct_agent_experience,pull_request,16746,https://github.com/lobehub/lobehub/pull/16746,merged,2026-07-05T04:27:44Z,2026-07-05T04:29:14Z,2026-07-05T04:29:14Z,arvinxx,MEMBER,human_account,no,yes,yes,yes,yes,yes,yes,no,yes,yes,no,no,no,no,no,4,no,yes,yes,yes,no,yes,yes,yes,4,2,2,0,yes,no,no,no,4,1,0.002,,,1,0,arvinxx,human_account,not_automation,MEMBER,yes,yes,no,no,no,0.001,370.55
,,,45,lobehub/lobehub,llm_native,agent_application,direct_agent_experience,issue,16077,https://github.com/lobehub/lobehub/issues/16077,closed,2026-06-20T00:49:49Z,2026-06-26T08:17:12Z,,wellsoren,NONE,human_account,no,yes,yes,no,no,yes,yes,no,yes,no,no,no,no,no,no,2,no,yes,yes,yes,no,no,no,no,7,7,0,0,no,no,no,no,6,5,0.026,6.147,0.026,0,0,AmAzing129,human_account,not_automation,CONTRIBUTOR,yes,no,no,yes,no,6.311,370.55
,,,45,lobehub/lobehub,llm_native,agent_application,direct_agent_experience,pull_request,15700,https://github.com/lobehub/lobehub/pull/15700,merged,2026-06-11T15:23:22Z,2026-06-11T15:52:26Z,2026-06-11T15:52:26Z,arvinxx,MEMBER,human_account,no,yes,yes,no,yes,yes,yes,no,yes,yes,no,no,no,no,no,4,no,yes,yes,yes,no,yes,yes,yes,3,2,1,0,yes,yes,no,no,4,1,0.001,,,2,2,arvinxx,human_account,not_automation,MEMBER,yes,yes,no,no,no,0.02,370.55
,,,45,lobehub/lobehub,llm_native,agent_application,direct_agent_experience,issue,17284,https://github.com/lobehub/lobehub/issues/17284,open,2026-07-17T02:29:25Z,,,Forcome-Database,NONE,human_account,no,yes,yes,no,no,yes,yes,no,yes,no,no,no,no,no,no,5,no,yes,yes,yes,no,yes,yes,no,3,4,0,0,no,no,no,no,3,4,0.15,,576.553,0,0,tjx666,human_account,not_automation,MEMBER,yes,yes,no,yes,no,,370.55
,,,45,lobehub/lobehub,llm_native,agent_application,direct_agent_experience,pull_request,15682,https://github.com/lobehub/lobehub/pull/15682,merged,2026-06-11T08:18:42Z,2026-06-22T06:23:30Z,2026-06-22T06:23:30Z,nekomeowww,MEMBER,human_account,no,yes,yes,no,yes,yes,yes,no,yes,yes,no,no,no,no,no,4,no,yes,yes,yes,no,yes,yes,yes,3,2,1,0,yes,yes,no,no,4,1,0.002,,,2,2,nekomeowww,human_account,not_automation,MEMBER,yes,yes,no,no,no,10.92,370.55
,,,45,lobehub/lobehub,llm_native,agent_application,direct_agent_experience,pull_request,14456,https://github.com/lobehub/lobehub/pull/14456,merged,2026-05-06T06:55:23Z,2026-05-06T07:38:40Z,2026-05-06T07:38:40Z,tjx666,MEMBER,human_account,no,yes,yes,no,yes,yes,yes,no,yes,yes,no,no,no,no,no,5,no,yes,yes,yes,no,yes,yes,yes,3,2,1,0,yes,no,no,no,4,1,0.002,,,1,0,tjx666,human_account,not_automation,MEMBER,yes,yes,no,no,yes,0.03,370.55
,,,45,lobehub/lobehub,llm_native,agent_application,direct_agent_experience,issue,14668,https://github.com/lobehub/lobehub/issues/14668,closed,2026-05-11T10:32:06Z,2026-05-11T15:08:28Z,,arvinxx,MEMBER,human_account,no,yes,no,no,no,no,yes,no,no,no,no,no,no,no,no,0,no,yes,yes,yes,no,yes,yes,no,2,2,0,0,no,no,no,no,3,2,4.61,,4.61,0,0,arvinxx,human_account,not_automation,MEMBER,yes,yes,no,no,yes,0.192,370.55
,,,45,lobehub/lobehub,llm_native,agent_application,direct_agent_experience,pull_request,12353,https://github.com/lobehub/lobehub/pull/12353,merged,2026-02-16T03:06:28Z,2026-02-18T15:47:49Z,2026-02-18T15:47:49Z,lobehubbot,MEMBER,automation_service_account,no,yes,yes,no,yes,no,yes,no,yes,yes,no,no,no,no,no,3,no,yes,no,yes,no,yes,yes,yes,4,4,1,0,yes,yes,no,no,3,2,0.001,,,2,2,arvinxx,human_account,not_automation,MEMBER,yes,yes,no,no,yes,2.529,370.55
,,,45,lobehub/lobehub,llm_native,agent_application,direct_agent_experience,issue,15053,https://github.com/lobehub/lobehub/issues/15053,closed,2026-05-21T03:42:59Z,2026-05-25T03:11:40Z,,yincangshiwei,NONE,human_account,no,yes,yes,no,no,yes,yes,no,no,no,no,no,no,no,no,4,no,yes,yes,yes,no,yes,yes,no,5,5,0,0,no,no,no,no,3,4,0.081,,0.081,0,0,lobehubbot,automation_service_account,conventional_automation,MEMBER,no,yes,no,yes,yes,3.978,370.55
,,,45,lobehub/lobehub,llm_native,agent_application,direct_agent_experience,pull_request,17191,https://github.com/lobehub/lobehub/pull/17191,merged,2026-07-14T12:35:49Z,2026-07-15T00:49:16Z,2026-07-15T00:49:16Z,rivertwilight,CONTRIBUTOR,human_account,no,yes,yes,no,no,yes,yes,no,no,no,no,no,no,no,no,2,no,yes,yes,no,no,yes,yes,yes,2,2,0,0,no,no,no,no,3,1,0.002,,,1,0,rivertwilight,human_account,not_automation,CONTRIBUTOR,yes,no,no,yes,no,0.509,370.55
,,,45,lobehub/lobehub,llm_native,agent_application,direct_agent_experience,pull_request,16140,https://github.com/lobehub/lobehub/pull/16140,merged,2026-06-21T02:10:55Z,2026-06-21T05:52:15Z,2026-06-21T05:52:15Z,arvinxx,MEMBER,human_account,no,yes,yes,yes,yes,yes,yes,no,yes,yes,no,no,no,no,no,7,no,yes,yes,yes,no,yes,yes,yes,6,4,2,0,yes,yes,no,no,5,1,0.001,,,3,3,arvinxx,human_account,not_automation,MEMBER,yes,yes,no,no,no,0.154,370.55
,,,45,lobehub/lobehub,llm_native,agent_application,direct_agent_experience,issue,15957,https://github.com/lobehub/lobehub/issues/15957,open,2026-06-17T04:19:48Z,,,chung1912,CONTRIBUTOR,human_account,no,yes,yes,no,no,yes,yes,no,yes,no,no,no,no,no,no,1,no,yes,yes,yes,no,no,no,no,3,3,0,0,no,no,no,no,4,2,0.056,602.909,602.909,0,0,,,,,no,no,no,yes,no,,370.55
,,,46,AstrBotDevs/AstrBot,llm_native,agent_application,direct_agent_experience,pull_request,6817,https://github.com/AstrBotDevs/AstrBot/pull/6817,open,2026-03-22T18:00:58Z,,,mzwing,CONTRIBUTOR,human_account,no,yes,yes,yes,yes,yes,no,no,yes,yes,yes,no,no,no,no,22,no,yes,yes,no,no,yes,yes,yes,19,22,7,0,yes,yes,no,no,4,9,0.005,,,5,3,,,,,no,no,no,yes,yes,,269.55
,,,46,AstrBotDevs/AstrBot,llm_native,agent_application,direct_agent_experience,pull_request,8966,https://github.com/AstrBotDevs/AstrBot/pull/8966,closed_unmerged,2026-06-23T05:48:22Z,2026-06-27T07:13:50Z,,FloranceYeh,CONTRIBUTOR,human_account,no,yes,yes,no,yes,yes,yes,no,yes,yes,no,no,no,no,no,11,no,yes,yes,yes,no,no,no,no,10,8,2,0,yes,yes,no,no,5,2,0.002,97.424,97.424,11,3,Soulter,human_account,not_automation,MEMBER,yes,yes,no,yes,no,4.059,269.55
,,,46,AstrBotDevs/AstrBot,llm_native,agent_application,direct_agent_experience,issue,8754,https://github.com/AstrBotDevs/AstrBot/issues/8754,closed,2026-06-13T05:36:15Z,2026-06-13T09:39:31Z,,WZL0813,NONE,human_account,no,yes,yes,no,no,yes,no,no,no,no,no,no,no,no,no,1,no,yes,yes,yes,no,no,no,no,1,3,0,0,no,no,no,no,2,0,4.054,4.054,4.054,0,0,Soulter,human_account,not_automation,MEMBER,yes,yes,no,yes,no,0.169,269.55
,,,46,AstrBotDevs/AstrBot,llm_native,agent_application,direct_agent_experience,issue,6962,https://github.com/AstrBotDevs/AstrBot/issues/6962,closed,2026-03-25T19:27:20Z,2026-03-26T09:27:01Z,,jark006,NONE,human_account,no,yes,yes,no,no,yes,no,no,yes,no,no,no,no,no,no,2,no,yes,yes,yes,no,no,no,no,2,3,0,0,no,no,no,no,3,2,0.051,13.995,13.995,0,0,RC-CHN,human_account,not_automation,MEMBER,yes,yes,no,yes,yes,0.583,269.55
,,,46,AstrBotDevs/AstrBot,llm_native,agent_application,direct_agent_experience,issue,4620,https://github.com/AstrBotDevs/AstrBot/issues/4620,closed,2026-01-23T03:39:28Z,2026-06-08T02:52:08Z,,ziqingzhu,NONE,human_account,no,yes,yes,no,no,yes,no,no,yes,no,no,no,no,no,no,5,no,yes,yes,yes,no,no,no,no,3,4,0,0,no,no,no,no,3,4,0.078,3263.211,3263.211,0,0,Soulter,human_account,not_automation,MEMBER,yes,yes,no,yes,yes,135.967,269.55
,,,46,AstrBotDevs/AstrBot,llm_native,agent_application,direct_agent_experience,issue,5783,https://github.com/AstrBotDevs/AstrBot/issues/5783,closed,2026-03-06T01:29:15Z,2026-03-11T02:33:55Z,,xu654,NONE,human_account,no,yes,yes,no,yes,yes,yes,no,yes,no,no,no,no,no,no,3,no,yes,yes,no,no,yes,yes,yes,2,2,0,0,no,no,no,no,3,1,0.001,,,0,0,astrbot-plugin-copybara[bot],automation_bot,conventional_automation,NONE,no,no,no,yes,yes,5.045,269.55
,,,46,AstrBotDevs/AstrBot,llm_native,agent_application,direct_agent_experience,issue,4752,https://github.com/AstrBotDevs/AstrBot/issues/4752,closed,2026-01-29T21:30:11Z,2026-01-31T10:03:12Z,,Chinachani,NONE,human_account,no,yes,yes,no,yes,yes,no,no,yes,no,no,no,no,no,no,3,no,yes,yes,yes,no,no,no,no,3,3,0,0,no,no,no,no,4,2,0.001,17.255,36.55,0,0,Soulter,human_account,not_automation,MEMBER,yes,yes,no,yes,yes,1.523,269.55
,,,46,AstrBotDevs/AstrBot,llm_native,agent_application,direct_agent_experience,issue,9440,https://github.com/AstrBotDevs/AstrBot/issues/9440,closed,2026-07-29T08:44:39Z,2026-07-31T04:40:09Z,,OWWZO,CONTRIBUTOR,human_account,no,yes,yes,no,no,yes,yes,no,yes,no,no,no,no,no,no,2,no,yes,yes,no,no,yes,yes,yes,1,1,0,0,no,no,no,no,2,1,0.219,,,0,0,Soulter,human_account,not_automation,MEMBER,yes,yes,no,yes,no,1.83,269.55
,,,46,AstrBotDevs/AstrBot,llm_native,agent_application,direct_agent_experience,issue,5182,https://github.com/AstrBotDevs/AstrBot/issues/5182,closed,2026-02-18T03:39:15Z,2026-02-18T13:38:29Z,,qa296,NONE,human_account,no,yes,yes,no,no,yes,no,no,no,no,no,no,no,no,no,1,no,yes,yes,no,no,no,no,yes,3,4,0,0,no,no,no,no,3,0,0.834,0.834,,0,0,Soulter,human_account,not_automation,MEMBER,yes,yes,no,yes,yes,0.416,269.55
,,,46,AstrBotDevs/AstrBot,llm_native,agent_application,direct_agent_experience,issue,4283,https://github.com/AstrBotDevs/AstrBot/issues/4283,closed,2026-01-01T15:55:17Z,2026-01-01T16:03:01Z,,fuzzzzzz,NONE,human_account,no,yes,yes,no,yes,yes,no,no,yes,no,no,no,no,no,no,3,no,yes,yes,no,no,yes,yes,yes,1,1,0,0,no,no,no,no,2,1,0.001,,,0,0,fuzzzzzz,human_account,not_automation,NONE,yes,no,no,yes,yes,0.005,269.55
,,,46,AstrBotDevs/AstrBot,llm_native,agent_application,direct_agent_experience,issue,8158,https://github.com/AstrBotDevs/AstrBot/issues/8158,open,2026-05-12T03:58:38Z,,,VonLan233,NONE,human_account,no,yes,yes,no,no,yes,no,no,no,no,no,no,no,no,no,1,no,yes,yes,yes,no,no,no,no,1,2,0,0,no,no,no,no,2,0,11.277,11.277,11.277,0,0,,,,,no,no,no,yes,yes,,269.55
,,,46,AstrBotDevs/AstrBot,llm_native,agent_application,direct_agent_experience,pull_request,7881,https://github.com/AstrBotDevs/AstrBot/pull/7881,merged,2026-04-29T01:52:46Z,2026-04-29T02:26:20Z,2026-04-29T02:26:20Z,RC-CHN,MEMBER,human_account,no,yes,yes,no,yes,yes,yes,no,yes,yes,no,no,no,no,no,9,no,yes,yes,yes,no,yes,yes,yes,7,5,2,0,yes,yes,no,no,3,1,0.026,,,3,1,RC-CHN,human_account,not_automation,MEMBER,yes,yes,no,no,yes,0.023,269.55
,,,46,AstrBotDevs/AstrBot,llm_native,agent_application,direct_agent_experience,issue,5126,https://github.com/AstrBotDevs/AstrBot/issues/5126,closed,2026-02-15T14:27:00Z,2026-02-15T14:45:05Z,,chuyegzs,NONE,human_account,no,yes,yes,no,yes,yes,no,no,yes,no,no,no,no,no,no,3,no,yes,yes,no,no,yes,yes,yes,1,1,0,0,no,no,no,no,2,1,0.001,,,0,0,chuyegzs,human_account,not_automation,NONE,yes,no,no,yes,yes,0.013,269.55
,,,46,AstrBotDevs/AstrBot,llm_native,agent_application,direct_agent_experience,pull_request,9479,https://github.com/AstrBotDevs/AstrBot/pull/9479,merged,2026-07-31T05:06:13Z,2026-07-31T05:09:55Z,2026-07-31T05:09:55Z,Soulter,MEMBER,human_account,no,yes,yes,no,yes,yes,yes,no,yes,yes,no,no,no,no,no,5,no,yes,yes,yes,no,yes,yes,yes,3,2,1,0,yes,no,no,no,3,1,0.036,,,1,0,Soulter,human_account,not_automation,MEMBER,yes,yes,no,no,no,0.003,269.55
,,,46,AstrBotDevs/AstrBot,llm_native,agent_application,direct_agent_experience,issue,8496,https://github.com/AstrBotDevs/AstrBot/issues/8496,open,2026-06-01T16:38:29Z,,,zhishengyk,NONE,human_account,no,yes,yes,no,no,yes,no,no,no,no,no,no,no,no,no,2,no,yes,yes,yes,no,no,no,no,1,2,0,0,no,no,no,no,2,0,14.228,14.228,14.228,0,0,,,,,no,no,no,yes,no,,269.55
,,,46,AstrBotDevs/AstrBot,llm_native,agent_application,direct_agent_experience,issue,5720,https://github.com/AstrBotDevs/AstrBot/issues/5720,open,2026-03-03T15:35:13Z,,,976230600,NONE,human_account,no,yes,yes,no,yes,yes,no,no,yes,no,no,no,no,no,no,3,no,yes,yes,no,no,yes,yes,yes,1,1,0,0,no,no,no,no,2,1,0.001,,,0,0,,,,,no,no,no,yes,yes,,269.55
,,,46,AstrBotDevs/AstrBot,llm_native,agent_application,direct_agent_experience,issue,8174,https://github.com/AstrBotDevs/AstrBot/issues/8174,closed,2026-05-13T09:54:28Z,2026-05-30T09:26:37Z,,yuuuuuouo,NONE,human_account,no,yes,yes,no,no,yes,no,no,yes,no,no,no,no,no,no,4,no,yes,yes,no,no,no,no,yes,5,7,0,0,no,no,no,no,4,2,0.411,4.237,,0,0,Soulter,human_account,not_automation,MEMBER,yes,yes,no,yes,yes,16.981,269.55
,,,46,AstrBotDevs/AstrBot,llm_native,agent_application,direct_agent_experience,pull_request,6293,https://github.com/AstrBotDevs/AstrBot/pull/6293,merged,2026-03-14T18:55:41Z,2026-03-14T19:15:10Z,2026-03-14T19:15:10Z,LIghtJUNction,CONTRIBUTOR,human_account,no,yes,yes,yes,yes,yes,no,no,yes,yes,no,no,no,no,no,6,no,yes,yes,no,no,yes,yes,yes,5,2,3,0,yes,no,no,no,4,1,0.003,,,1,0,LIghtJUNction,human_account,not_automation,CONTRIBUTOR,yes,no,no,yes,yes,0.014,269.55
,,,46,AstrBotDevs/AstrBot,llm_native,agent_application,direct_agent_experience,pull_request,6982,https://github.com/AstrBotDevs/AstrBot/pull/6982,closed_unmerged,2026-03-26T04:35:37Z,2026-03-29T08:24:13Z,,ANGJustinl,NONE,human_account,no,yes,yes,yes,yes,yes,no,no,yes,yes,no,no,no,no,no,11,no,yes,yes,yes,no,no,no,no,11,10,3,0,yes,no,no,no,5,4,0.039,23.209,23.209,1,0,Soulter,human_account,not_automation,MEMBER,yes,yes,no,yes,yes,3.159,269.55
,,,46,AstrBotDevs/AstrBot,llm_native,agent_application,direct_agent_experience,issue,8657,https://github.com/AstrBotDevs/AstrBot/issues/8657,closed,2026-06-07T13:10:26Z,2026-06-08T01:01:05Z,,a1071711189-sketch,NONE,human_account,no,yes,yes,no,no,yes,no,no,yes,no,no,no,no,no,no,14,no,yes,yes,no,no,yes,yes,yes,5,9,0,0,no,no,no,no,2,9,0.046,,,0,0,a1071711189-sketch,human_account,not_automation,NONE,yes,no,no,yes,no,0.494,269.55
,,,47,HKUDS/nanobot,llm_native,agent_application,direct_agent_experience,pull_request,2316,https://github.com/HKUDS/nanobot/pull/2316,closed_unmerged,2026-03-21T03:35:20Z,2026-08-11T06:00:33Z,,howyoungchen,NONE,human_account,no,no,no,no,no,no,no,no,no,no,no,no,no,no,no,0,no,yes,yes,no,no,no,no,yes,1,1,0,0,no,no,no,no,2,0,10.367,10.367,,27,0,chengyongru,human_account,not_automation,COLLABORATOR,yes,yes,no,yes,yes,143.101,262.6
,,,47,HKUDS/nanobot,llm_native,agent_application,direct_agent_experience,pull_request,567,https://github.com/HKUDS/nanobot/pull/567,merged,2026-02-12T16:08:16Z,2026-02-13T04:55:15Z,2026-02-13T04:55:15Z,3927o,CONTRIBUTOR,human_account,no,yes,no,no,no,no,no,no,no,no,no,no,no,no,no,0,no,yes,yes,no,no,unknown,yes,yes,0,0,0,0,no,no,no,no,1,0,,,,1,0,Re-bin,human_account,not_automation,COLLABORATOR,yes,yes,no,yes,yes,0.533,262.6
,,,47,HKUDS/nanobot,llm_native,agent_application,direct_agent_experience,pull_request,1298,https://github.com/HKUDS/nanobot/pull/1298,closed_unmerged,2026-02-27T18:12:37Z,2026-08-11T07:54:24Z,,Darkflib,NONE,human_account,no,yes,yes,yes,no,no,no,no,yes,yes,no,no,no,no,no,18,no,yes,yes,no,no,yes,yes,yes,13,11,2,0,yes,yes,no,no,3,1,0.086,,,8,7,Darkflib,human_account,not_automation,NONE,yes,no,no,yes,yes,164.571,262.6
,,,47,HKUDS/nanobot,llm_native,agent_application,direct_agent_experience,pull_request,3212,https://github.com/HKUDS/nanobot/pull/3212,merged,2026-04-16T09:53:29Z,2026-04-17T05:45:39Z,2026-04-17T05:45:39Z,chengyongru,COLLABORATOR,human_account,no,no,no,no,no,no,no,no,no,no,yes,yes,no,no,no,0,no,yes,yes,yes,no,no,no,no,1,0,1,0,yes,no,no,no,2,0,19.867,19.867,19.867,2,0,Re-bin,human_account,not_automation,COLLABORATOR,yes,yes,no,no,yes,0.828,262.6
,,,47,HKUDS/nanobot,llm_native,agent_application,direct_agent_experience,issue,3581,https://github.com/HKUDS/nanobot/issues/3581,closed,2026-05-01T15:39:23Z,2026-05-01T16:07:46Z,,rdnot,NONE,human_account,no,yes,no,no,no,no,yes,no,no,no,no,no,no,no,no,0,no,yes,yes,no,no,unknown,yes,yes,0,0,0,0,no,no,no,no,1,0,,,,0,0,Re-bin,human_account,not_automation,COLLABORATOR,yes,yes,no,yes,yes,0.02,262.6
,,,47,HKUDS/nanobot,llm_native,agent_application,direct_agent_experience,pull_request,4115,https://github.com/HKUDS/nanobot/pull/4115,merged,2026-05-31T04:56:06Z,2026-06-02T09:14:39Z,2026-06-02T09:14:39Z,chengyongru,COLLABORATOR,human_account,no,yes,no,no,no,no,yes,no,no,no,no,no,no,no,no,0,no,yes,yes,yes,no,unknown,yes,yes,0,1,0,0,no,no,no,no,1,0,,,,8,0,Re-bin,human_account,not_automation,COLLABORATOR,yes,yes,no,no,yes,2.18,262.6
,,,47,HKUDS/nanobot,llm_native,agent_application,direct_agent_experience,pull_request,3385,https://github.com/HKUDS/nanobot/pull/3385,merged,2026-04-22T10:30:53Z,2026-04-22T12:02:19Z,2026-04-22T12:02:19Z,chengyongru,COLLABORATOR,human_account,no,no,no,no,no,no,no,no,no,no,yes,yes,no,no,no,0,no,yes,yes,yes,no,no,no,no,1,0,1,0,yes,no,no,no,2,0,1.522,1.522,1.522,1,0,Re-bin,human_account,not_automation,COLLABORATOR,yes,yes,no,no,yes,0.063,262.6
,,,47,HKUDS/nanobot,llm_native,agent_application,direct_agent_experience,pull_request,2589,https://github.com/HKUDS/nanobot/pull/2589,open,2026-03-28T11:50:34Z,,,rizperdana,NONE,human_account,no,no,no,no,no,no,no,no,no,no,no,no,no,no,no,0,no,yes,yes,no,no,unknown,yes,yes,0,0,0,0,no,no,no,no,1,0,,,,1,0,,,,,no,no,no,yes,yes,,262.6
,,,47,HKUDS/nanobot,llm_native,agent_application,direct_agent_experience,pull_request,4535,https://github.com/HKUDS/nanobot/pull/4535,merged,2026-06-26T03:29:30Z,2026-06-27T03:04:12Z,2026-06-27T03:04:12Z,chengyongru,COLLABORATOR,human_account,no,yes,no,no,no,no,yes,no,no,no,yes,yes,no,no,no,0,no,yes,yes,yes,no,no,no,no,1,0,2,0,yes,no,no,no,2,0,23.551,23.551,23.551,3,0,Re-bin,human_account,not_automation,COLLABORATOR,yes,yes,no,no,no,0.982,262.6
,,,47,HKUDS/nanobot,llm_native,agent_application,direct_agent_experience,pull_request,3223,https://github.com/HKUDS/nanobot/pull/3223,closed_unmerged,2026-04-16T17:20:36Z,2026-05-16T11:59:35Z,,MuataSr,CONTRIBUTOR,human_account,no,yes,no,no,no,no,yes,no,no,no,no,no,no,no,no,0,no,yes,yes,yes,no,no,no,no,1,3,0,0,no,no,no,no,2,0,61.44,61.44,61.44,1,0,MuataSr,human_account,not_automation,CONTRIBUTOR,yes,no,no,yes,yes,29.777,262.6
,,,47,HKUDS/nanobot,llm_native,agent_application,direct_agent_experience,pull_request,3016,https://github.com/HKUDS/nanobot/pull/3016,open,2026-04-10T15:40:54Z,,,razzh7,CONTRIBUTOR,human_account,no,no,no,no,no,no,no,no,no,no,no,no,no,no,no,0,no,yes,yes,no,no,unknown,yes,yes,0,0,0,0,no,no,no,no,1,0,,,,3,0,,,,,no,no,no,yes,yes,,262.6
,,,47,HKUDS/nanobot,llm_native,agent_application,direct_agent_experience,issue,5306,https://github.com/HKUDS/nanobot/issues/5306,closed,2026-08-09T09:11:05Z,2026-08-13T03:05:06Z,,YLChen-007,NONE,human_account,no,yes,no,no,no,no,yes,no,no,no,no,no,no,no,no,0,no,yes,yes,no,no,no,no,yes,1,1,0,0,no,no,no,no,2,0,57.083,57.083,,0,0,chengyongru,human_account,not_automation,COLLABORATOR,yes,yes,no,yes,no,3.746,262.6
,,,47,HKUDS/nanobot,llm_native,agent_application,direct_agent_experience,issue,1292,https://github.com/HKUDS/nanobot/issues/1292,closed,2026-02-27T15:50:04Z,2026-04-21T10:29:04Z,,superhero75,NONE,human_account,no,yes,no,no,no,no,yes,no,no,no,no,no,no,no,no,0,no,yes,yes,yes,no,no,no,no,2,2,0,0,no,no,no,no,3,0,5.681,5.681,1266.65,0,0,chengyongru,human_account,not_automation,COLLABORATOR,yes,yes,no,yes,yes,52.777,262.6
,,,47,HKUDS/nanobot,llm_native,agent_application,direct_agent_experience,issue,1649,https://github.com/HKUDS/nanobot/issues/1649,closed,2026-03-07T07:32:20Z,2026-07-27T08:23:24Z,,techntrails,NONE,human_account,no,yes,no,no,no,no,yes,no,no,no,no,no,no,no,no,0,no,yes,yes,yes,no,no,no,no,1,1,0,0,no,no,no,no,2,0,3408.851,3408.851,3408.851,0,0,Re-bin,human_account,not_automation,COLLABORATOR,yes,yes,no,yes,yes,142.035,262.6
,,,47,HKUDS/nanobot,llm_native,agent_application,direct_agent_experience,issue,3185,https://github.com/HKUDS/nanobot/issues/3185,closed,2026-04-15T17:16:56Z,2026-04-16T07:22:22Z,,sohamb117,CONTRIBUTOR,human_account,no,no,no,no,no,no,no,no,no,no,no,no,no,no,no,0,no,yes,yes,no,no,unknown,yes,yes,0,0,0,0,no,no,no,no,1,0,,,,0,0,chengyongru,human_account,not_automation,COLLABORATOR,yes,yes,no,yes,yes,0.587,262.6
,,,47,HKUDS/nanobot,llm_native,agent_application,direct_agent_experience,pull_request,913,https://github.com/HKUDS/nanobot/pull/913,closed_unmerged,2026-02-20T18:57:20Z,2026-02-20T19:09:47Z,,Ospeto,NONE,human_account,no,no,no,no,no,no,no,no,no,no,no,no,no,no,no,0,no,yes,yes,no,no,unknown,yes,yes,0,0,0,0,no,no,no,no,1,0,,,,0,0,Ospeto,human_account,not_automation,NONE,yes,no,no,yes,yes,0.009,262.6
,,,47,HKUDS/nanobot,llm_native,agent_application,direct_agent_experience,pull_request,4962,https://github.com/HKUDS/nanobot/pull/4962,closed_unmerged,2026-07-17T03:02:17Z,2026-07-17T14:41:06Z,,QQQ300kuai,CONTRIBUTOR,human_account,no,yes,no,no,no,no,yes,no,no,no,no,no,no,no,no,0,no,yes,yes,yes,no,no,no,no,2,2,0,0,no,no,no,no,3,0,6.37,6.37,11.647,1,0,chengyongru,human_account,not_automation,COLLABORATOR,yes,yes,no,yes,no,0.485,262.6
,,,47,HKUDS/nanobot,llm_native,agent_application,direct_agent_experience,issue,659,https://github.com/HKUDS/nanobot/issues/659,closed,2026-02-14T21:53:09Z,2026-03-16T03:44:48Z,,orrinwitt,CONTRIBUTOR,human_account,no,no,no,no,no,no,no,no,no,no,no,no,no,no,no,0,no,yes,yes,yes,no,no,no,no,8,8,0,0,no,no,no,no,6,0,4.642,4.642,701.862,0,0,chengyongru,human_account,not_automation,COLLABORATOR,yes,yes,no,yes,yes,29.244,262.6
,,,47,HKUDS/nanobot,llm_native,agent_application,direct_agent_experience,pull_request,5027,https://github.com/HKUDS/nanobot/pull/5027,merged,2026-07-22T05:21:52Z,2026-07-22T06:10:09Z,2026-07-22T06:10:09Z,chengyongru,COLLABORATOR,human_account,no,no,no,no,no,no,no,no,no,no,no,no,no,no,no,0,no,yes,yes,yes,no,unknown,yes,yes,0,0,0,0,no,no,no,no,1,0,,,,9,0,chengyongru,human_account,not_automation,COLLABORATOR,yes,yes,no,no,no,0.034,262.6
,,,47,HKUDS/nanobot,llm_native,agent_application,direct_agent_experience,pull_request,3211,https://github.com/HKUDS/nanobot/pull/3211,closed_unmerged,2026-04-16T09:10:29Z,2026-08-04T04:28:21Z,,madkoding,NONE,human_account,no,no,no,no,no,no,no,no,no,no,no,no,no,no,no,0,no,yes,yes,no,no,unknown,yes,yes,0,0,0,0,no,no,no,no,1,0,,,,2,0,madkoding,human_account,not_automation,NONE,yes,no,no,yes,yes,109.804,262.6
,,,48,NVIDIA/Model-Optimizer,mixed,model_infra,supporting_infrastructure,issue,1308,https://github.com/NVIDIA/Model-Optimizer/issues/1308,open,2026-04-21T03:19:51Z,,,dododream,NONE,human_account,no,no,no,no,no,no,no,no,no,no,no,no,no,no,no,0,no,yes,yes,yes,no,no,no,no,24,24,0,0,no,no,no,no,7,0,13.804,13.804,85.954,0,0,,,,,no,no,no,yes,yes,,76.7
,,,48,NVIDIA/Model-Optimizer,mixed,model_infra,supporting_infrastructure,pull_request,2134,https://github.com/NVIDIA/Model-Optimizer/pull/2134,merged,2026-08-10T18:06:22Z,2026-08-10T20:52:53Z,2026-08-10T20:52:53Z,jenchen13,CONTRIBUTOR,human_account,no,yes,yes,no,yes,no,yes,no,yes,yes,yes,yes,no,no,no,7,no,yes,yes,yes,no,no,no,no,9,7,2,0,yes,no,no,no,5,3,0.039,0.074,0.074,5,0,jenchen13,human_account,not_automation,CONTRIBUTOR,yes,no,no,yes,no,0.116,76.7
,,,48,NVIDIA/Model-Optimizer,mixed,model_infra,supporting_infrastructure,pull_request,1143,https://github.com/NVIDIA/Model-Optimizer/pull/1143,merged,2026-03-30T20:09:13Z,2026-04-01T20:54:08Z,2026-04-01T20:54:08Z,kinjalpatel27,CONTRIBUTOR,human_account,no,yes,yes,no,yes,no,yes,no,yes,yes,yes,yes,no,no,no,6,no,yes,yes,yes,no,no,no,no,11,7,5,0,yes,yes,no,no,7,5,0.001,20.79,21.06,3,3,kinjalpatel27,human_account,not_automation,CONTRIBUTOR,yes,no,no,yes,yes,2.031,76.7
,,,48,NVIDIA/Model-Optimizer,mixed,model_infra,supporting_infrastructure,issue,1552,https://github.com/NVIDIA/Model-Optimizer/issues/1552,closed,2026-05-28T00:07:24Z,2026-05-29T06:52:39Z,,edmundshieh,CONTRIBUTOR,human_account,no,no,no,no,no,no,no,no,no,no,no,no,no,no,no,0,no,yes,yes,no,no,unknown,yes,yes,0,1,0,0,no,no,no,no,1,0,,,,0,0,kevalmorabia97,human_account,not_automation,COLLABORATOR,yes,yes,no,yes,yes,1.281,76.7
,,,48,NVIDIA/Model-Optimizer,mixed,model_infra,supporting_infrastructure,pull_request,2103,https://github.com/NVIDIA/Model-Optimizer/pull/2103,merged,2026-08-07T09:35:21Z,2026-08-07T11:42:46Z,2026-08-07T11:42:46Z,kevalmorabia97,COLLABORATOR,human_account,no,yes,yes,no,yes,no,yes,no,yes,yes,no,no,no,no,no,2,no,yes,yes,yes,no,yes,yes,yes,4,3,1,0,yes,yes,no,no,4,1,0.006,,,1,1,kevalmorabia97,human_account,not_automation,COLLABORATOR,yes,yes,no,no,no,0.088,76.7
,,,48,NVIDIA/Model-Optimizer,mixed,model_infra,supporting_infrastructure,pull_request,762,https://github.com/NVIDIA/Model-Optimizer/pull/762,merged,2026-01-12T08:34:49Z,2026-01-25T06:23:26Z,2026-01-25T06:23:26Z,ynankani,CONTRIBUTOR,human_account,no,yes,yes,no,yes,no,yes,no,yes,yes,yes,no,no,no,no,2,yes,yes,yes,no,no,no,no,yes,11,6,5,0,yes,yes,no,no,4,2,0.003,144.292,,8,8,ynankani,human_account,not_automation,CONTRIBUTOR,yes,no,no,yes,yes,12.909,76.7
,,,48,NVIDIA/Model-Optimizer,mixed,model_infra,supporting_infrastructure,pull_request,923,https://github.com/NVIDIA/Model-Optimizer/pull/923,merged,2026-02-24T00:51:11Z,2026-02-27T22:48:08Z,2026-02-27T22:48:08Z,rohansjoshi,CONTRIBUTOR,human_account,no,yes,yes,no,yes,no,yes,no,yes,yes,yes,no,no,no,no,2,no,yes,yes,yes,no,no,no,no,6,4,2,0,yes,yes,no,no,6,3,0.001,67.408,68.79,3,3,rohansjoshi,human_account,not_automation,CONTRIBUTOR,yes,no,no,yes,yes,3.915,76.7
,,,48,NVIDIA/Model-Optimizer,mixed,model_infra,supporting_infrastructure,pull_request,1907,https://github.com/NVIDIA/Model-Optimizer/pull/1907,closed_unmerged,2026-07-05T20:10:13Z,2026-07-06T09:54:43Z,,arham766,CONTRIBUTOR,human_account,no,yes,yes,no,yes,no,yes,no,yes,yes,no,no,no,no,no,2,no,yes,yes,no,no,yes,yes,yes,3,3,1,0,yes,yes,no,no,3,2,0.001,,,2,1,arham766,human_account,not_automation,CONTRIBUTOR,yes,no,no,yes,no,0.573,76.7
,,,48,NVIDIA/Model-Optimizer,mixed,model_infra,supporting_infrastructure,issue,1896,https://github.com/NVIDIA/Model-Optimizer/issues/1896,closed,2026-07-03T09:26:47Z,2026-07-23T18:01:46Z,,danielkorzekwa,CONTRIBUTOR,human_account,no,no,no,no,no,no,no,no,no,no,no,no,no,no,no,0,no,yes,yes,no,no,no,no,yes,4,8,0,0,no,no,no,no,3,0,40.807,40.807,,0,0,danielkorzekwa,human_account,not_automation,CONTRIBUTOR,yes,no,no,yes,no,20.358,76.7
,,,48,NVIDIA/Model-Optimizer,mixed,model_infra,supporting_infrastructure,issue,1961,https://github.com/NVIDIA/Model-Optimizer/issues/1961,closed,2026-07-10T13:54:14Z,2026-07-20T17:34:50Z,,canyueduxuan,NONE,human_account,no,no,no,no,no,no,no,no,no,no,no,no,no,no,no,0,no,yes,yes,no,no,no,no,yes,1,1,0,0,no,no,no,no,2,0,243.677,243.677,,0,0,ajrasane,human_account,not_automation,CONTRIBUTOR,yes,no,no,yes,no,10.153,76.7
,,,48,NVIDIA/Model-Optimizer,mixed,model_infra,supporting_infrastructure,pull_request,1330,https://github.com/NVIDIA/Model-Optimizer/pull/1330,merged,2026-04-23T09:23:35Z,2026-04-27T18:01:28Z,2026-04-27T18:01:28Z,grzegorz-k-karch,CONTRIBUTOR,human_account,no,yes,yes,no,yes,no,yes,no,yes,yes,yes,yes,no,no,no,12,no,yes,yes,yes,no,no,no,no,28,21,10,0,yes,yes,no,no,6,6,0.001,1.765,1.765,18,17,kevalmorabia97,human_account,not_automation,COLLABORATOR,yes,yes,no,yes,yes,4.36,76.7
,,,48,NVIDIA/Model-Optimizer,mixed,model_infra,supporting_infrastructure,pull_request,1089,https://github.com/NVIDIA/Model-Optimizer/pull/1089,merged,2026-03-20T23:35:59Z,2026-03-25T03:13:46Z,2026-03-25T03:13:46Z,ChenhanYu,COLLABORATOR,human_account,no,yes,yes,no,yes,no,yes,no,yes,yes,yes,yes,no,no,no,9,no,yes,yes,yes,no,no,no,no,19,14,6,0,yes,yes,no,no,7,5,0.004,73.693,76.742,3,3,ChenhanYu,human_account,not_automation,COLLABORATOR,yes,yes,no,no,yes,4.151,76.7
,,,48,NVIDIA/Model-Optimizer,mixed,model_infra,supporting_infrastructure,pull_request,1530,https://github.com/NVIDIA/Model-Optimizer/pull/1530,open,2026-05-21T22:48:24Z,,,realAsma,CONTRIBUTOR,human_account,no,yes,yes,no,yes,no,yes,no,yes,yes,no,no,no,no,no,3,no,yes,yes,no,no,yes,yes,yes,4,3,1,0,yes,no,no,no,3,1,0.004,,,1,0,,,,,no,no,no,yes,yes,,76.7
,,,48,NVIDIA/Model-Optimizer,mixed,model_infra,supporting_infrastructure,pull_request,1265,https://github.com/NVIDIA/Model-Optimizer/pull/1265,closed_unmerged,2026-04-15T04:26:34Z,2026-07-28T04:05:51Z,,AEON-7,NONE,human_account,no,yes,yes,no,yes,no,yes,no,yes,yes,no,no,no,no,no,3,no,yes,yes,no,no,no,no,yes,7,7,1,0,yes,yes,no,no,5,3,0.001,710.026,,2,2,github-actions[bot],automation_bot,conventional_automation,CONTRIBUTOR,no,no,no,yes,yes,103.986,76.7
,,,48,NVIDIA/Model-Optimizer,mixed,model_infra,supporting_infrastructure,pull_request,1543,https://github.com/NVIDIA/Model-Optimizer/pull/1543,merged,2026-05-26T07:47:30Z,2026-05-26T17:23:47Z,2026-05-26T17:23:47Z,danielkorzekwa,CONTRIBUTOR,human_account,no,yes,yes,no,yes,no,yes,no,yes,yes,yes,yes,no,no,no,4,no,yes,yes,yes,no,no,no,no,8,6,3,0,yes,yes,no,no,5,3,0.004,4.329,4.329,5,3,kevalmorabia97,human_account,not_automation,COLLABORATOR,yes,yes,no,yes,yes,0.4,76.7
,,,48,NVIDIA/Model-Optimizer,mixed,model_infra,supporting_infrastructure,pull_request,1365,https://github.com/NVIDIA/Model-Optimizer/pull/1365,merged,2026-04-28T20:39:16Z,2026-05-01T23:31:47Z,2026-05-01T23:31:47Z,h-guo18,CONTRIBUTOR,human_account,no,yes,yes,no,yes,no,yes,no,yes,no,yes,yes,no,no,no,1,no,yes,yes,yes,no,no,no,no,7,6,2,0,yes,yes,no,no,6,3,0.001,0.253,0.253,2,1,h-guo18,human_account,not_automation,CONTRIBUTOR,yes,no,no,yes,yes,3.12,76.7
,,,48,NVIDIA/Model-Optimizer,mixed,model_infra,supporting_infrastructure,issue,857,https://github.com/NVIDIA/Model-Optimizer/issues/857,closed,2026-02-05T09:03:11Z,2026-05-21T23:00:25Z,,tjdhg456,NONE,human_account,no,no,no,no,no,no,no,no,no,no,no,no,no,no,no,0,no,yes,yes,no,no,no,no,yes,1,2,0,0,no,no,no,no,2,0,2533.952,2533.952,,0,0,realAsma,human_account,not_automation,CONTRIBUTOR,yes,no,no,yes,yes,105.581,76.7
,,,48,NVIDIA/Model-Optimizer,mixed,model_infra,supporting_infrastructure,issue,2011,https://github.com/NVIDIA/Model-Optimizer/issues/2011,open,2026-07-23T19:54:02Z,,,frischeDaten,NONE,human_account,no,no,no,no,no,no,no,no,no,no,no,no,no,no,no,0,no,yes,yes,yes,no,no,no,no,4,6,0,0,no,no,no,no,3,0,0.894,0.894,220.831,0,0,,,,,no,no,no,yes,no,,76.7
,,,48,NVIDIA/Model-Optimizer,mixed,model_infra,supporting_infrastructure,pull_request,835,https://github.com/NVIDIA/Model-Optimizer/pull/835,open,2026-01-31T02:16:57Z,,,jingyu-ml,CONTRIBUTOR,human_account,no,yes,yes,no,yes,no,yes,no,yes,no,yes,no,no,no,no,1,no,yes,yes,no,no,no,no,yes,5,4,2,0,yes,yes,no,no,6,2,0.002,77.888,,5,1,,,,,no,no,no,yes,yes,,76.7
,,,48,NVIDIA/Model-Optimizer,mixed,model_infra,supporting_infrastructure,pull_request,1150,https://github.com/NVIDIA/Model-Optimizer/pull/1150,closed_unmerged,2026-03-31T18:55:25Z,2026-04-01T12:13:19Z,,realAsma,CONTRIBUTOR,human_account,no,yes,yes,no,yes,no,no,no,yes,yes,yes,yes,no,no,no,14,no,yes,yes,yes,no,no,no,no,15,13,2,0,yes,no,no,no,3,2,0.004,11.882,11.882,33,0,realAsma,human_account,not_automation,CONTRIBUTOR,yes,no,no,yes,yes,0.721,76.7
,,,49,cline/cline,llm_native,agent_application,direct_agent_experience,pull_request,9633,https://github.com/cline/cline/pull/9633,merged,2026-03-02T18:21:08Z,2026-03-02T18:34:27Z,2026-03-02T18:34:27Z,saoudrizwan,CONTRIBUTOR,human_account,no,yes,yes,yes,yes,no,yes,no,yes,yes,no,no,no,no,no,4,no,yes,yes,no,no,yes,yes,yes,5,3,2,0,yes,yes,no,no,4,1,0.001,,,11,8,saoudrizwan,human_account,not_automation,CONTRIBUTOR,yes,no,no,yes,yes,0.009,242.7
,,,49,cline/cline,llm_native,agent_application,direct_agent_experience,issue,12911,https://github.com/cline/cline/issues/12911,closed,2026-08-04T06:15:35Z,2026-08-05T19:07:27Z,,franjorub,NONE,human_account,no,yes,yes,yes,no,no,yes,no,yes,no,no,no,no,no,no,1,no,yes,yes,no,no,yes,yes,yes,1,1,0,0,no,no,no,no,2,1,0.001,,,0,0,reneehuang1,human_account,not_automation,,yes,no,no,yes,no,1.536,242.7
,,,49,cline/cline,llm_native,agent_application,direct_agent_experience,pull_request,12106,https://github.com/cline/cline/pull/12106,merged,2026-07-07T02:00:54Z,2026-07-08T19:17:21Z,2026-07-08T19:17:21Z,BarreiroT,COLLABORATOR,human_account,no,yes,yes,yes,yes,no,no,no,yes,yes,yes,no,no,no,no,5,no,yes,yes,yes,no,no,no,yes,6,4,2,0,yes,yes,no,no,4,2,0.046,19.334,,5,4,saoudrizwan,human_account,not_automation,CONTRIBUTOR,yes,no,no,no,no,1.72,242.7
,,,49,cline/cline,llm_native,agent_application,direct_agent_experience,pull_request,8751,https://github.com/cline/cline/pull/8751,merged,2026-01-20T20:39:15Z,2026-01-20T20:49:39Z,2026-01-20T20:49:39Z,BarreiroT,COLLABORATOR,human_account,no,yes,yes,yes,no,no,yes,no,yes,no,yes,no,no,no,no,1,no,yes,yes,yes,no,no,no,yes,4,3,1,0,yes,no,no,no,5,3,0.001,0.068,,1,0,BarreiroT,human_account,not_automation,COLLABORATOR,yes,yes,no,no,yes,0.007,242.7
,,,49,cline/cline,llm_native,agent_application,direct_agent_experience,pull_request,11420,https://github.com/cline/cline/pull/11420,closed_unmerged,2026-06-10T21:03:03Z,2026-08-05T16:46:41Z,,rodboev,NONE,human_account,no,yes,yes,no,yes,no,no,no,yes,yes,yes,no,no,no,no,5,no,yes,yes,no,no,no,no,yes,6,7,1,0,yes,no,no,no,3,4,0.087,1339.727,,1,0,dominiccooney,human_account,not_automation,CONTRIBUTOR,yes,no,no,yes,no,55.822,242.7
,,,49,cline/cline,llm_native,agent_application,direct_agent_experience,issue,10421,https://github.com/cline/cline/issues/10421,open,2026-04-26T15:56:17Z,,,maxdp66,NONE,human_account,no,yes,no,no,no,no,yes,no,no,no,no,no,no,no,no,0,no,yes,yes,no,no,yes,yes,yes,2,2,0,0,no,no,no,no,3,1,0.001,,,0,0,,,,,no,no,no,yes,yes,,242.7
,,,49,cline/cline,llm_native,agent_application,direct_agent_experience,pull_request,9430,https://github.com/cline/cline/pull/9430,closed_unmerged,2026-02-19T22:50:47Z,2026-03-10T19:32:28Z,,dependabot[bot],CONTRIBUTOR,automation_bot,no,yes,yes,no,yes,no,yes,no,yes,no,no,no,no,no,no,1,no,yes,no,no,no,yes,yes,yes,2,3,0,0,no,no,no,no,3,0,0.001,,,1,0,dependabot[bot],automation_bot,conventional_automation,CONTRIBUTOR,no,no,no,yes,yes,18.862,242.7
,,,49,cline/cline,llm_native,agent_application,direct_agent_experience,pull_request,8880,https://github.com/cline/cline/pull/8880,closed_unmerged,2026-01-27T12:39:04Z,2026-07-22T10:47:46Z,,naveen-kd,NONE,human_account,no,yes,no,no,no,no,yes,no,no,no,no,no,no,no,no,0,no,yes,yes,no,no,no,no,yes,2,2,0,0,no,no,no,no,3,2,0.001,4222.145,,1,0,dominiccooney,human_account,not_automation,CONTRIBUTOR,yes,no,no,yes,yes,175.923,242.7
,,,49,cline/cline,llm_native,agent_application,direct_agent_experience,pull_request,9560,https://github.com/cline/cline/pull/9560,closed_unmerged,2026-02-25T23:36:52Z,2026-02-27T23:35:45Z,,aikido-autofix[bot],CONTRIBUTOR,automation_bot,no,yes,yes,yes,yes,yes,yes,yes,yes,yes,no,no,no,no,yes,3,no,yes,no,no,no,yes,yes,yes,3,2,1,0,yes,no,no,no,4,0,0.002,,,1,0,aikido-autofix[bot],automation_bot,security_review_agent,CONTRIBUTOR,no,no,yes,yes,yes,1.999,242.7
,,,49,cline/cline,llm_native,agent_application,direct_agent_experience,pull_request,13096,https://github.com/cline/cline/pull/13096,merged,2026-08-08T18:26:19Z,2026-08-08T18:41:42Z,2026-08-08T18:41:42Z,saoudrizwan,CONTRIBUTOR,human_account,no,yes,yes,no,yes,no,no,no,yes,no,no,no,no,no,no,1,no,yes,yes,no,no,yes,yes,yes,1,1,0,0,no,no,no,no,2,1,0.032,,,3,0,saoudrizwan,human_account,not_automation,CONTRIBUTOR,yes,no,no,yes,no,0.011,242.7
,,,49,cline/cline,llm_native,agent_application,direct_agent_experience,issue,9683,https://github.com/cline/cline/issues/9683,closed,2026-03-05T10:51:24Z,2026-03-12T22:23:53Z,,tomasnagy,NONE,human_account,no,yes,no,no,no,no,yes,no,no,no,no,no,no,no,no,0,no,yes,yes,no,no,no,no,yes,3,5,0,0,no,no,no,no,4,2,0.001,177.982,,0,0,ClineXDiego,human_account,not_automation,CONTRIBUTOR,yes,no,no,yes,yes,7.481,242.7
,,,49,cline/cline,llm_native,agent_application,direct_agent_experience,pull_request,11803,https://github.com/cline/cline/pull/11803,merged,2026-06-24T23:14:13Z,2026-06-25T00:04:57Z,2026-06-25T00:04:57Z,abeatrix,COLLABORATOR,human_account,no,yes,yes,yes,yes,no,yes,no,yes,yes,yes,no,no,no,no,4,no,yes,yes,yes,no,no,no,yes,6,4,2,0,yes,no,no,no,5,2,0.004,0.141,,1,0,abeatrix,human_account,not_automation,COLLABORATOR,yes,yes,no,no,no,0.035,242.7
,,,49,cline/cline,llm_native,agent_application,direct_agent_experience,issue,9993,https://github.com/cline/cline/issues/9993,closed,2026-03-26T19:06:21Z,2026-04-01T18:43:44Z,,DLakomy,NONE,human_account,no,yes,no,no,no,no,yes,no,no,no,no,no,no,no,no,0,no,yes,yes,no,no,no,no,yes,3,4,0,0,no,no,no,no,4,2,0.001,143.623,,0,0,ClineXDiego,human_account,not_automation,CONTRIBUTOR,yes,no,no,yes,yes,5.984,242.7
,,,49,cline/cline,llm_native,agent_application,direct_agent_experience,pull_request,8721,https://github.com/cline/cline/pull/8721,closed_unmerged,2026-01-18T22:11:39Z,2026-01-25T19:26:56Z,,Mohammad-Faiz-Cloud-Engineer,NONE,human_account,no,yes,yes,yes,no,no,yes,no,yes,no,no,no,no,no,no,7,no,yes,yes,no,no,yes,yes,yes,8,10,0,0,no,no,no,no,3,4,0.001,,,22,0,Mohammad-Faiz-Cloud-Engineer,human_account,not_automation,NONE,yes,no,no,yes,yes,6.886,242.7
,,,49,cline/cline,llm_native,agent_application,direct_agent_experience,issue,12842,https://github.com/cline/cline/issues/12842,closed,2026-08-01T23:47:04Z,2026-08-04T02:28:34Z,,a690089735,NONE,human_account,no,yes,yes,yes,no,no,yes,no,yes,no,no,no,no,no,no,1,no,yes,yes,no,no,no,no,yes,4,7,0,0,no,no,no,no,3,2,0.001,3.924,,0,0,a690089735,human_account,not_automation,NONE,yes,no,no,yes,no,2.112,242.7
,,,49,cline/cline,llm_native,agent_application,direct_agent_experience,pull_request,8735,https://github.com/cline/cline/pull/8735,merged,2026-01-19T21:46:31Z,2026-01-27T15:53:03Z,2026-01-27T15:53:03Z,abeatrix,COLLABORATOR,human_account,no,yes,yes,yes,no,no,yes,no,yes,yes,yes,no,no,yes,no,8,no,yes,yes,yes,no,no,no,yes,13,7,6,1,yes,yes,yes,yes,7,4,0.001,44.408,,11,10,arafatkatze,human_account,not_automation,CONTRIBUTOR,yes,no,no,no,yes,7.755,242.7
,,,49,cline/cline,llm_native,agent_application,direct_agent_experience,issue,13029,https://github.com/cline/cline/issues/13029,open,2026-08-07T06:37:26Z,,,gitmeatarru,NONE,human_account,no,yes,yes,yes,no,no,yes,no,yes,no,no,no,no,no,no,1,no,yes,yes,no,no,no,no,yes,3,4,0,0,no,no,no,no,3,2,0.001,10.643,,0,0,,,,,no,no,no,yes,no,,242.7
,,,49,cline/cline,llm_native,agent_application,direct_agent_experience,issue,10861,https://github.com/cline/cline/issues/10861,open,2026-05-18T19:56:19Z,,,Muriel-Salvan,NONE,human_account,no,yes,yes,yes,no,no,yes,no,yes,no,no,no,no,no,no,1,no,yes,yes,no,no,yes,yes,yes,2,3,0,0,no,no,no,no,3,2,0.001,,,0,0,,,,,no,no,no,yes,yes,,242.7
,,,49,cline/cline,llm_native,agent_application,direct_agent_experience,pull_request,8789,https://github.com/cline/cline/pull/8789,merged,2026-01-22T02:28:03Z,2026-02-10T21:52:05Z,2026-02-10T21:52:05Z,robinnewhouse,CONTRIBUTOR,human_account,no,yes,no,no,no,no,yes,no,no,no,yes,no,no,no,no,0,yes,yes,yes,no,no,no,no,yes,3,2,1,0,yes,no,no,no,4,2,0.001,474.325,,1,0,robinnewhouse,human_account,not_automation,CONTRIBUTOR,yes,no,no,yes,yes,19.808,242.7
,,,49,cline/cline,llm_native,agent_application,direct_agent_experience,pull_request,9313,https://github.com/cline/cline/pull/9313,merged,2026-02-13T23:04:09Z,2026-02-13T23:13:37Z,2026-02-13T23:13:37Z,arafatkatze,CONTRIBUTOR,human_account,no,yes,yes,yes,yes,no,yes,no,yes,yes,yes,no,no,no,no,2,no,yes,yes,no,no,no,no,yes,4,2,2,0,yes,no,no,no,5,3,0.002,0.008,,1,0,arafatkatze,human_account,not_automation,CONTRIBUTOR,yes,no,no,yes,yes,0.007,242.7
,,,50,OpenHands/software-agent-sdk,llm_native,agent_framework,agent_building,pull_request,3079,https://github.com/OpenHands/software-agent-sdk/pull/3079,merged,2026-05-06T15:06:01Z,2026-05-07T15:40:09Z,2026-05-07T15:40:09Z,xingyaoww,CONTRIBUTOR,human_account,no,yes,yes,yes,no,no,yes,yes,yes,yes,yes,yes,no,no,yes,16,yes,yes,yes,yes,no,yes,yes,no,7,7,3,0,yes,yes,no,no,4,7,0.008,,24.387,4,2,xingyaoww,human_account,agent_mediated_user,CONTRIBUTOR,yes,no,yes,yes,yes,1.024,155.7
,,,50,OpenHands/software-agent-sdk,llm_native,agent_framework,agent_building,pull_request,3427,https://github.com/OpenHands/software-agent-sdk/pull/3427,merged,2026-05-28T23:22:23Z,2026-05-28T23:36:55Z,2026-05-28T23:36:55Z,juanmichelini,COLLABORATOR,human_account,yes,yes,yes,yes,no,no,yes,yes,yes,yes,no,yes,no,no,yes,14,yes,yes,yes,yes,no,no,no,no,8,6,2,0,yes,no,no,no,4,3,0.008,11.239,0.19,1,0,juanmichelini,human_account,agent_mediated_user,COLLABORATOR,yes,yes,yes,no,yes,0.01,155.7
,,,50,OpenHands/software-agent-sdk,llm_native,agent_framework,agent_building,issue,2767,https://github.com/OpenHands/software-agent-sdk/issues/2767,closed,2026-04-09T15:21:03Z,2026-06-04T02:23:56Z,,csmith49,CONTRIBUTOR,human_account,no,yes,yes,yes,no,no,yes,no,yes,no,no,no,no,no,no,5,yes,yes,yes,no,no,no,no,yes,6,6,0,0,no,no,no,no,4,3,96.485,96.485,,0,0,github-actions[bot],automation_bot,conventional_automation,CONTRIBUTOR,no,no,no,yes,yes,55.46,155.7
,,,50,OpenHands/software-agent-sdk,llm_native,agent_framework,agent_building,pull_request,2373,https://github.com/OpenHands/software-agent-sdk/pull/2373,closed_unmerged,2026-03-09T23:20:01Z,2026-03-16T03:20:53Z,,aivong-openhands,CONTRIBUTOR,human_account,no,yes,no,no,no,no,yes,no,no,no,no,no,no,no,no,0,no,yes,yes,no,no,yes,yes,yes,3,3,0,0,no,no,no,no,2,1,0.007,,,1,0,aivong-openhands,human_account,not_automation,CONTRIBUTOR,yes,no,no,yes,yes,6.167,155.7
,,,50,OpenHands/software-agent-sdk,llm_native,agent_framework,agent_building,issue,3730,https://github.com/OpenHands/software-agent-sdk/issues/3730,closed,2026-06-15T12:07:45Z,2026-07-10T07:08:21Z,,simonrosenberg,MEMBER,human_account,no,no,no,no,no,no,no,no,no,no,no,no,no,no,no,0,no,yes,yes,yes,no,unknown,yes,yes,0,4,0,0,no,no,no,no,1,0,,,,0,0,simonrosenberg,human_account,not_automation,MEMBER,yes,yes,no,no,no,24.792,155.7
,,,50,OpenHands/software-agent-sdk,llm_native,agent_framework,agent_building,pull_request,4590,https://github.com/OpenHands/software-agent-sdk/pull/4590,open,2026-08-23T16:25:14Z,,,lukegalea,NONE,human_account,no,yes,yes,yes,no,no,yes,no,yes,yes,yes,yes,no,no,no,9,no,yes,yes,yes,no,no,no,no,7,9,2,0,yes,yes,no,no,5,4,0.066,1.597,0.066,3,2,,,,,no,no,no,yes,no,,155.7
,,,50,OpenHands/software-agent-sdk,llm_native,agent_framework,agent_building,pull_request,4592,https://github.com/OpenHands/software-agent-sdk/pull/4592,open,2026-08-23T16:52:54Z,,,jstar0,NONE,human_account,no,yes,no,no,no,no,yes,no,no,no,no,no,no,no,no,0,no,yes,yes,no,no,unknown,yes,yes,0,0,0,0,no,no,no,no,1,0,,,,1,0,,,,,no,no,no,yes,no,,155.7
,,,50,OpenHands/software-agent-sdk,llm_native,agent_framework,agent_building,pull_request,3975,https://github.com/OpenHands/software-agent-sdk/pull/3975,merged,2026-07-03T02:34:16Z,2026-07-05T17:38:52Z,2026-07-05T17:38:52Z,tofarr,COLLABORATOR,human_account,no,yes,yes,yes,no,no,yes,yes,yes,yes,yes,yes,yes,yes,yes,23,yes,yes,yes,yes,no,no,no,no,9,7,4,1,yes,yes,yes,yes,4,3,0.009,15.313,10.946,8,4,tofarr,human_account,agent_mediated_user,COLLABORATOR,yes,yes,yes,no,no,2.628,155.7
,,,50,OpenHands/software-agent-sdk,llm_native,agent_framework,agent_building,issue,3716,https://github.com/OpenHands/software-agent-sdk/issues/3716,closed,2026-06-15T12:07:05Z,2026-06-17T18:42:23Z,,simonrosenberg,MEMBER,human_account,no,no,no,no,no,no,no,no,no,no,no,no,no,no,no,0,no,yes,yes,yes,no,unknown,yes,yes,0,0,0,0,no,no,no,no,1,0,,,,0,0,simonrosenberg,human_account,not_automation,MEMBER,yes,yes,no,no,no,2.275,155.7
,,,50,OpenHands/software-agent-sdk,llm_native,agent_framework,agent_building,pull_request,3215,https://github.com/OpenHands/software-agent-sdk/pull/3215,merged,2026-05-12T01:28:51Z,2026-05-12T01:38:45Z,2026-05-12T01:38:45Z,rbren,MEMBER,human_account,no,yes,yes,yes,no,no,yes,no,yes,yes,no,yes,no,no,no,2,yes,yes,yes,yes,no,yes,yes,no,5,3,2,0,yes,no,no,no,3,2,0.008,,0.037,1,0,rbren,human_account,not_automation,MEMBER,yes,yes,no,no,yes,0.007,155.7
,,,50,OpenHands/software-agent-sdk,llm_native,agent_framework,agent_building,pull_request,4622,https://github.com/OpenHands/software-agent-sdk/pull/4622,closed_unmerged,2026-08-24T19:07:20Z,2026-08-24T19:08:26Z,,milesangelo,NONE,human_account,no,yes,yes,yes,no,no,yes,no,yes,no,no,no,no,no,no,1,no,yes,yes,yes,no,yes,yes,no,1,1,0,0,no,no,no,no,2,1,0.01,,0.01,3,0,milesangelo,human_account,not_automation,NONE,yes,no,no,yes,no,0.001,155.7
,,,50,OpenHands/software-agent-sdk,llm_native,agent_framework,agent_building,issue,2944,https://github.com/OpenHands/software-agent-sdk/issues/2944,closed,2026-04-24T16:08:52Z,2026-06-17T02:25:43Z,,fasrm,NONE,human_account,no,yes,yes,yes,no,no,yes,no,yes,no,no,no,no,no,no,6,no,yes,yes,yes,no,no,no,no,4,5,0,0,no,no,no,no,4,3,68.65,68.933,68.65,0,0,github-actions[bot],automation_bot,conventional_automation,CONTRIBUTOR,no,no,no,yes,yes,53.428,155.7
,,,50,OpenHands/software-agent-sdk,llm_native,agent_framework,agent_building,pull_request,3340,https://github.com/OpenHands/software-agent-sdk/pull/3340,closed_unmerged,2026-05-21T06:45:22Z,2026-05-29T08:09:55Z,,dependabot[bot],CONTRIBUTOR,automation_bot,no,yes,yes,yes,no,no,yes,no,yes,no,no,no,no,no,no,1,no,yes,no,yes,no,yes,yes,no,4,5,0,0,no,no,no,no,3,2,0.009,,150.881,1,0,dependabot[bot],automation_bot,conventional_automation,CONTRIBUTOR,no,no,no,yes,yes,8.059,155.7
,,,50,OpenHands/software-agent-sdk,llm_native,agent_framework,agent_building,pull_request,4332,https://github.com/OpenHands/software-agent-sdk/pull/4332,merged,2026-08-03T09:07:57Z,2026-08-04T08:57:07Z,2026-08-04T08:57:07Z,VascoSch92,MEMBER,human_account,no,yes,yes,yes,no,no,yes,no,yes,yes,yes,yes,no,no,no,15,yes,yes,yes,yes,no,no,no,no,13,10,4,0,yes,yes,no,no,4,9,1.248,2.65,1.248,5,2,VascoSch92,human_account,not_automation,MEMBER,yes,yes,no,no,no,0.992,155.7
,,,50,OpenHands/software-agent-sdk,llm_native,agent_framework,agent_building,issue,3604,https://github.com/OpenHands/software-agent-sdk/issues/3604,closed,2026-06-09T21:07:58Z,2026-06-09T22:31:11Z,,enyst,MEMBER,human_account,yes,yes,yes,yes,no,no,yes,yes,yes,no,no,no,no,no,yes,7,yes,yes,yes,yes,no,yes,yes,yes,2,3,0,0,no,no,no,no,2,1,0.85,,,0,0,enyst,human_account,agent_mediated_user,MEMBER,yes,yes,yes,no,no,0.058,155.7
,,,50,OpenHands/software-agent-sdk,llm_native,agent_framework,agent_building,pull_request,2492,https://github.com/OpenHands/software-agent-sdk/pull/2492,merged,2026-03-18T14:52:51Z,2026-03-25T18:20:22Z,2026-03-25T18:20:21Z,VascoSch92,MEMBER,human_account,no,yes,yes,yes,no,no,yes,no,yes,yes,yes,yes,no,no,no,15,no,yes,yes,yes,no,no,no,no,16,12,6,0,yes,yes,no,no,5,10,0.009,120.349,0.038,4,3,VascoSch92,human_account,not_automation,MEMBER,yes,yes,no,no,yes,7.144,155.7
,,,50,OpenHands/software-agent-sdk,llm_native,agent_framework,agent_building,pull_request,3839,https://github.com/OpenHands/software-agent-sdk/pull/3839,closed_unmerged,2026-06-22T14:09:19Z,2026-06-24T13:15:26Z,,neubig,MEMBER,human_account,yes,yes,yes,yes,no,no,yes,no,yes,yes,no,yes,no,no,no,1,no,yes,yes,yes,no,yes,yes,no,3,4,1,0,yes,yes,no,no,3,4,0.007,,8.289,4,2,neubig,human_account,not_automation,MEMBER,yes,yes,no,no,no,1.963,155.7
,,,50,OpenHands/software-agent-sdk,llm_native,agent_framework,agent_building,pull_request,2614,https://github.com/OpenHands/software-agent-sdk/pull/2614,merged,2026-03-30T16:48:14Z,2026-03-31T00:10:06Z,2026-03-31T00:10:06Z,all-hands-bot,COLLABORATOR,automation_service_account,no,yes,yes,yes,no,no,yes,yes,yes,yes,yes,yes,no,no,yes,39,yes,yes,yes,yes,no,no,no,no,31,30,4,0,yes,yes,no,no,5,21,0.003,0.797,0.797,9,8,xingyaoww,human_account,agent_mediated_user,CONTRIBUTOR,yes,no,yes,no,yes,0.307,155.7
,,,50,OpenHands/software-agent-sdk,llm_native,agent_framework,agent_building,issue,2797,https://github.com/OpenHands/software-agent-sdk/issues/2797,closed,2026-04-10T13:27:19Z,2026-04-20T20:50:44Z,,VascoSch92,MEMBER,human_account,no,yes,yes,yes,no,no,yes,no,no,no,no,no,no,no,yes,2,no,yes,yes,yes,no,unknown,yes,yes,0,0,0,0,no,no,no,no,1,0,,,,0,0,xingyaoww,human_account,agent_mediated_user,CONTRIBUTOR,yes,no,yes,no,yes,10.308,155.7
,,,50,OpenHands/software-agent-sdk,llm_native,agent_framework,agent_building,pull_request,2504,https://github.com/OpenHands/software-agent-sdk/pull/2504,merged,2026-03-19T07:40:56Z,2026-03-19T09:54:18Z,2026-03-19T09:54:18Z,VascoSch92,MEMBER,human_account,no,yes,yes,yes,no,no,yes,no,yes,yes,yes,yes,no,no,no,3,yes,yes,yes,yes,no,no,no,no,4,2,2,0,yes,no,no,no,4,3,0.007,2.009,0.069,1,0,VascoSch92,human_account,not_automation,MEMBER,yes,yes,no,no,yes,0.093,155.7
,,,51,agentscope-ai/QwenPaw,llm_native,agent_application,direct_agent_experience,issue,6627,https://github.com/agentscope-ai/QwenPaw/issues/6627,open,2026-08-01T10:44:42Z,,,millievn,NONE,human_account,no,yes,no,no,no,no,yes,no,no,no,no,no,no,no,no,0,no,yes,yes,yes,no,no,no,no,2,2,0,0,no,no,no,no,3,2,0.003,87.208,87.208,0,0,,,,,no,no,no,yes,no,,359.4
,,,51,agentscope-ai/QwenPaw,llm_native,agent_application,direct_agent_experience,pull_request,5496,https://github.com/agentscope-ai/QwenPaw/pull/5496,merged,2026-06-24T12:51:09Z,2026-06-25T09:02:21Z,2026-06-25T09:02:21Z,qbc2016,MEMBER,human_account,no,yes,no,no,no,no,yes,no,no,no,yes,yes,no,no,no,0,no,yes,yes,yes,no,no,no,no,3,2,1,0,yes,no,no,no,4,2,0.003,20.179,20.179,2,0,xieyxclack,human_account,not_automation,MEMBER,yes,yes,no,no,no,0.841,359.4
,,,51,agentscope-ai/QwenPaw,llm_native,agent_application,direct_agent_experience,issue,6124,https://github.com/agentscope-ai/QwenPaw/issues/6124,closed,2026-07-15T00:59:42Z,2026-08-28T10:46:50Z,,BaiYouQing,NONE,human_account,no,yes,no,no,no,no,yes,no,no,no,no,no,no,no,no,0,no,yes,yes,yes,no,no,no,no,3,3,0,0,no,no,no,no,4,2,0.003,8.74,8.74,0,0,zhijianma,human_account,not_automation,MEMBER,yes,yes,no,yes,no,44.408,359.4
,,,51,agentscope-ai/QwenPaw,llm_native,agent_application,direct_agent_experience,issue,3795,https://github.com/agentscope-ai/QwenPaw/issues/3795,closed,2026-04-24T09:51:41Z,2026-04-27T09:26:22Z,,wltj920,NONE,human_account,no,yes,no,no,no,no,yes,no,no,no,no,no,no,no,no,0,no,yes,yes,yes,no,no,no,no,3,3,0,0,no,no,no,no,4,2,0.003,19.374,71.561,0,0,xieyxclack,human_account,not_automation,MEMBER,yes,yes,no,yes,yes,2.982,359.4
,,,51,agentscope-ai/QwenPaw,llm_native,agent_application,direct_agent_experience,pull_request,3289,https://github.com/agentscope-ai/QwenPaw/pull/3289,merged,2026-04-12T11:05:55Z,2026-04-12T11:26:24Z,2026-04-12T11:26:24Z,rayrayraykk,MEMBER,human_account,no,yes,yes,yes,no,no,yes,no,yes,yes,yes,yes,no,no,no,5,no,yes,yes,yes,no,no,no,no,7,5,2,0,yes,no,no,no,4,2,0.003,0.336,0.336,1,0,xieyxclack,human_account,not_automation,MEMBER,yes,yes,no,no,yes,0.014,359.4
,,,51,agentscope-ai/QwenPaw,llm_native,agent_application,direct_agent_experience,issue,2534,https://github.com/agentscope-ai/QwenPaw/issues/2534,closed,2026-03-30T06:44:06Z,2026-05-27T05:45:17Z,,buggiant-coder,NONE,human_account,no,yes,no,no,no,no,yes,no,no,no,no,no,no,no,no,0,no,yes,yes,yes,no,no,no,no,2,2,0,0,no,no,no,no,3,2,0.003,1391.02,1391.02,0,0,zhijianma,human_account,not_automation,MEMBER,yes,yes,no,yes,yes,57.959,359.4
,,,51,agentscope-ai/QwenPaw,llm_native,agent_application,direct_agent_experience,issue,3682,https://github.com/agentscope-ai/QwenPaw/issues/3682,open,2026-04-22T07:12:41Z,,,Zhu-Nancy,NONE,human_account,no,yes,no,no,no,no,yes,no,no,no,no,no,no,no,no,0,no,yes,yes,no,no,no,no,yes,2,2,0,0,no,no,no,no,3,2,0.003,9.153,,0,0,,,,,no,no,no,yes,yes,,359.4
,,,51,agentscope-ai/QwenPaw,llm_native,agent_application,direct_agent_experience,pull_request,6846,https://github.com/agentscope-ai/QwenPaw/pull/6846,closed_unmerged,2026-08-09T12:45:17Z,2026-08-09T12:45:33Z,,uaixo,NONE,human_account,no,yes,no,no,no,no,yes,no,no,no,no,no,no,no,no,0,yes,yes,yes,no,no,yes,yes,yes,1,2,0,0,no,no,no,no,2,2,0.003,,,45,0,uaixo,human_account,not_automation,NONE,yes,no,no,yes,no,0.0,359.4
,,,51,agentscope-ai/QwenPaw,llm_native,agent_application,direct_agent_experience,issue,1607,https://github.com/agentscope-ai/QwenPaw/issues/1607,closed,2026-03-16T17:37:48Z,2026-08-19T09:08:46Z,,lcq225,CONTRIBUTOR,human_account,no,yes,no,no,no,no,yes,no,no,no,no,no,no,no,no,0,no,yes,yes,yes,no,no,no,no,2,2,0,0,no,no,no,no,3,0,94.621,94.621,94.621,0,0,cuiyuebing,human_account,not_automation,MEMBER,yes,yes,no,yes,yes,155.647,359.4
,,,51,agentscope-ai/QwenPaw,llm_native,agent_application,direct_agent_experience,issue,2839,https://github.com/agentscope-ai/QwenPaw/issues/2839,open,2026-04-02T12:18:44Z,,,crazyFeng,NONE,human_account,no,yes,no,no,no,no,yes,no,no,no,no,no,no,no,no,0,no,yes,yes,yes,no,no,no,no,2,3,0,0,no,no,no,no,3,2,0.003,1.454,1.454,0,0,,,,,no,no,no,yes,yes,,359.4
,,,51,agentscope-ai/QwenPaw,llm_native,agent_application,direct_agent_experience,pull_request,1008,https://github.com/agentscope-ai/QwenPaw/pull/1008,merged,2026-03-09T06:42:23Z,2026-03-09T15:23:15Z,2026-03-09T15:23:15Z,jinliyl,MEMBER,human_account,no,yes,yes,no,yes,no,no,no,yes,yes,yes,yes,no,no,no,3,no,yes,yes,yes,no,no,no,no,4,2,2,0,yes,yes,no,no,3,2,0.005,8.677,8.677,2,1,xieyxclack,human_account,not_automation,MEMBER,yes,yes,no,no,yes,0.362,359.4
,,,51,agentscope-ai/QwenPaw,llm_native,agent_application,direct_agent_experience,pull_request,5610,https://github.com/agentscope-ai/QwenPaw/pull/5610,merged,2026-06-29T08:28:06Z,2026-06-30T02:01:53Z,2026-06-30T02:01:53Z,cuiyuebing,MEMBER,human_account,no,yes,yes,yes,no,no,yes,no,yes,yes,yes,yes,no,no,no,3,no,yes,yes,yes,no,no,no,no,5,3,2,0,yes,yes,no,no,4,2,0.003,0.587,0.587,2,1,cuiyuebing,human_account,not_automation,MEMBER,yes,yes,no,no,no,0.732,359.4
,,,51,agentscope-ai/QwenPaw,llm_native,agent_application,direct_agent_experience,pull_request,4324,https://github.com/agentscope-ai/QwenPaw/pull/4324,closed_unmerged,2026-05-14T04:52:54Z,2026-06-24T01:27:30Z,,aqilaziz,CONTRIBUTOR,human_account,no,yes,no,no,no,no,yes,no,no,no,no,no,no,no,no,0,no,yes,yes,no,no,yes,yes,yes,1,1,0,0,no,no,no,no,2,1,0.003,,,1,0,,,,,no,no,no,yes,yes,40.857,359.4
,,,51,agentscope-ai/QwenPaw,llm_native,agent_application,direct_agent_experience,pull_request,6085,https://github.com/agentscope-ai/QwenPaw/pull/6085,closed_unmerged,2026-07-14T06:24:26Z,2026-08-20T07:05:54Z,,zhaozhuang521,COLLABORATOR,human_account,no,yes,no,no,no,no,yes,no,no,no,no,no,no,no,no,0,no,yes,yes,yes,no,yes,yes,yes,2,2,0,0,no,no,no,no,2,1,0.003,,,4,0,zhaozhuang521,human_account,not_automation,COLLABORATOR,yes,yes,no,no,no,37.029,359.4
,,,51,agentscope-ai/QwenPaw,llm_native,agent_application,direct_agent_experience,issue,2841,https://github.com/agentscope-ai/QwenPaw/issues/2841,open,2026-04-02T12:23:26Z,,,ewtwd,NONE,human_account,no,yes,no,no,no,no,yes,no,no,no,no,no,no,no,no,0,no,yes,yes,yes,no,no,no,no,2,2,0,0,no,no,no,no,3,2,0.006,20.407,20.407,0,0,,,,,no,no,no,yes,yes,,359.4
,,,51,agentscope-ai/QwenPaw,llm_native,agent_application,direct_agent_experience,issue,1408,https://github.com/agentscope-ai/QwenPaw/issues/1408,closed,2026-03-13T02:21:57Z,2026-03-13T02:35:44Z,,2Bqingnian,NONE,human_account,no,no,no,no,no,no,no,no,no,no,no,no,no,no,no,0,no,yes,yes,yes,no,no,no,no,1,1,0,0,no,no,no,no,2,0,0.228,0.228,0.228,0,0,pan-x-c,human_account,not_automation,COLLABORATOR,yes,yes,no,yes,yes,0.01,359.4
,,,51,agentscope-ai/QwenPaw,llm_native,agent_application,direct_agent_experience,issue,3802,https://github.com/agentscope-ai/QwenPaw/issues/3802,open,2026-04-24T13:20:35Z,,,ooopzlong,NONE,human_account,no,yes,no,no,no,no,yes,no,no,no,no,no,no,no,no,0,no,yes,yes,no,no,yes,yes,yes,1,1,0,0,no,no,no,no,2,1,0.003,,,0,0,,,,,no,no,no,yes,yes,,359.4
,,,51,agentscope-ai/QwenPaw,llm_native,agent_application,direct_agent_experience,issue,4105,https://github.com/agentscope-ai/QwenPaw/issues/4105,closed,2026-05-08T02:52:39Z,2026-05-09T09:21:57Z,,ljl3937,NONE,human_account,no,yes,no,no,no,no,yes,no,no,no,no,no,no,no,no,0,no,yes,yes,yes,no,no,no,no,2,2,0,0,no,no,no,no,3,2,0.003,31.704,31.704,0,0,xieyxclack,human_account,not_automation,MEMBER,yes,yes,no,yes,yes,1.27,359.4
,,,51,agentscope-ai/QwenPaw,llm_native,agent_application,direct_agent_experience,pull_request,4658,https://github.com/agentscope-ai/QwenPaw/pull/4658,merged,2026-05-25T02:26:47Z,2026-05-25T02:37:13Z,2026-05-25T02:37:13Z,zhijianma,MEMBER,human_account,no,yes,no,no,no,no,yes,no,no,no,yes,yes,no,no,no,0,no,yes,yes,yes,no,no,no,no,2,1,1,0,yes,no,no,no,3,2,0.003,0.17,0.17,1,0,xieyxclack,human_account,not_automation,MEMBER,yes,yes,no,no,yes,0.007,359.4
,,,51,agentscope-ai/QwenPaw,llm_native,agent_application,direct_agent_experience,pull_request,5175,https://github.com/agentscope-ai/QwenPaw/pull/5175,closed_unmerged,2026-06-14T03:24:58Z,2026-06-17T02:29:04Z,,nguyenthanhthe,CONTRIBUTOR,human_account,no,yes,no,no,no,no,yes,no,no,no,no,no,no,no,no,0,no,yes,yes,yes,no,no,no,no,4,4,0,0,no,no,no,no,4,2,0.003,15.576,71.075,1,0,rayrayraykk,human_account,not_automation,MEMBER,yes,yes,no,yes,no,2.961,359.4
,,,52,NVIDIA-NeMo/RL,llm_native,model_infra,supporting_infrastructure,issue,1982,https://github.com/NVIDIA-NeMo/RL/issues/1982,open,2026-02-18T01:56:33Z,,,terrykong,COLLABORATOR,human_account,no,no,no,no,no,no,no,no,no,no,no,no,no,no,no,0,no,yes,yes,yes,no,unknown,yes,yes,0,0,0,0,no,no,no,no,1,0,,,,0,0,,,,,no,no,no,no,yes,,108.95
,,,52,NVIDIA-NeMo/RL,llm_native,model_infra,supporting_infrastructure,issue,2281,https://github.com/NVIDIA-NeMo/RL/issues/2281,open,2026-04-17T07:57:45Z,,,zpqiu,CONTRIBUTOR,human_account,no,no,no,no,no,no,no,no,no,no,no,no,no,no,no,0,no,yes,yes,no,no,unknown,yes,yes,0,0,0,0,no,no,no,no,1,0,,,,0,0,,,,,no,no,no,yes,yes,,108.95
,,,52,NVIDIA-NeMo/RL,llm_native,model_infra,supporting_infrastructure,issue,2157,https://github.com/NVIDIA-NeMo/RL/issues/2157,open,2026-03-26T15:34:54Z,,,jiosephlee,NONE,human_account,no,yes,no,no,no,no,yes,no,no,no,no,no,no,no,no,0,no,yes,yes,no,no,no,no,yes,1,1,0,0,no,no,no,no,2,0,158.766,158.766,,0,0,,,,,no,no,no,yes,yes,,108.95
,,,52,NVIDIA-NeMo/RL,llm_native,model_infra,supporting_infrastructure,pull_request,2481,https://github.com/NVIDIA-NeMo/RL/pull/2481,closed_unmerged,2026-05-13T03:00:00Z,2026-05-18T16:51:35Z,,kajalj22,CONTRIBUTOR,human_account,no,yes,no,no,no,no,yes,no,no,no,no,no,no,no,no,0,no,yes,yes,no,no,yes,yes,yes,1,2,0,0,no,no,no,no,2,2,0.001,,,1,0,kajalj22,human_account,not_automation,CONTRIBUTOR,yes,no,no,yes,yes,5.577,108.95
,,,52,NVIDIA-NeMo/RL,llm_native,model_infra,supporting_infrastructure,pull_request,3446,https://github.com/NVIDIA-NeMo/RL/pull/3446,closed_unmerged,2026-07-31T17:13:50Z,2026-08-02T23:56:50Z,,andrewwhitecdw,NONE,human_account,no,yes,no,no,no,no,yes,no,no,no,no,no,no,no,no,0,no,yes,yes,no,no,yes,yes,yes,1,1,0,0,no,no,no,no,2,1,0.001,,,1,0,andrewwhitecdw,human_account,not_automation,NONE,yes,no,no,yes,no,2.28,108.95
,,,52,NVIDIA-NeMo/RL,llm_native,model_infra,supporting_infrastructure,pull_request,1990,https://github.com/NVIDIA-NeMo/RL/pull/1990,merged,2026-02-19T13:17:39Z,2026-02-25T01:34:22Z,2026-02-25T01:34:22Z,ahmadki,MEMBER,human_account,no,yes,yes,no,yes,no,yes,no,yes,yes,yes,yes,no,no,no,2,no,yes,yes,yes,no,no,no,no,22,19,4,0,yes,yes,no,no,5,5,0.017,91.007,91.007,1,1,terrykong,human_account,not_automation,COLLABORATOR,yes,yes,no,no,yes,5.512,108.95
,,,52,NVIDIA-NeMo/RL,llm_native,model_infra,supporting_infrastructure,pull_request,2119,https://github.com/NVIDIA-NeMo/RL/pull/2119,merged,2026-03-17T04:16:42Z,2026-03-17T06:49:02Z,2026-03-17T06:49:02Z,yuki-97,CONTRIBUTOR,human_account,no,yes,yes,no,yes,no,yes,no,yes,yes,yes,yes,no,no,no,3,no,yes,yes,yes,no,no,no,no,7,8,3,0,yes,no,no,no,4,4,0.001,2.205,2.205,1,0,terrykong,human_account,not_automation,COLLABORATOR,yes,yes,no,yes,yes,0.106,108.95
,,,52,NVIDIA-NeMo/RL,llm_native,model_infra,supporting_infrastructure,issue,2863,https://github.com/NVIDIA-NeMo/RL/issues/2863,open,2026-06-17T09:03:48Z,,,bzantium,NONE,human_account,no,yes,yes,yes,no,no,yes,no,no,no,no,no,no,no,no,2,no,yes,yes,no,no,no,no,yes,1,1,0,0,no,no,no,no,2,0,190.695,190.695,,0,0,,,,,no,no,no,yes,no,,108.95
,,,52,NVIDIA-NeMo/RL,llm_native,model_infra,supporting_infrastructure,pull_request,3682,https://github.com/NVIDIA-NeMo/RL/pull/3682,closed_unmerged,2026-08-17T17:40:45Z,2026-08-19T02:47:18Z,,saumishr,CONTRIBUTOR,human_account,no,yes,yes,yes,no,no,yes,no,yes,no,no,no,no,no,no,1,no,yes,yes,no,no,yes,yes,yes,2,2,0,0,no,no,no,no,3,1,0.16,,,1,0,saumishr,human_account,not_automation,CONTRIBUTOR,yes,no,no,yes,no,1.38,108.95
,,,52,NVIDIA-NeMo/RL,llm_native,model_infra,supporting_infrastructure,pull_request,3572,https://github.com/NVIDIA-NeMo/RL/pull/3572,merged,2026-08-10T18:34:37Z,2026-08-10T18:43:23Z,2026-08-10T18:43:23Z,yfw,CONTRIBUTOR,human_account,no,yes,no,no,no,no,yes,no,no,no,no,no,no,no,no,0,no,yes,yes,no,no,yes,yes,yes,1,1,0,0,no,no,no,no,2,1,0.001,,,10,0,yfw,human_account,not_automation,CONTRIBUTOR,yes,no,no,yes,no,0.006,108.95
,,,52,NVIDIA-NeMo/RL,llm_native,model_infra,supporting_infrastructure,pull_request,2731,https://github.com/NVIDIA-NeMo/RL/pull/2731,merged,2026-06-05T23:54:08Z,2026-06-06T00:59:07Z,2026-06-06T00:59:07Z,yfw,CONTRIBUTOR,human_account,no,yes,no,no,no,no,yes,no,no,no,yes,yes,no,no,no,0,no,yes,yes,yes,no,no,no,no,2,2,1,0,yes,no,no,no,3,2,0.001,0.963,0.963,1,0,terrykong,human_account,not_automation,COLLABORATOR,yes,yes,no,yes,no,0.045,108.95
,,,52,NVIDIA-NeMo/RL,llm_native,model_infra,supporting_infrastructure,pull_request,1845,https://github.com/NVIDIA-NeMo/RL/pull/1845,closed_unmerged,2026-01-29T15:23:00Z,2026-01-29T15:23:17Z,,xavier-owkin,NONE,human_account,no,yes,yes,no,yes,no,yes,no,yes,no,no,no,no,no,no,1,no,yes,yes,no,no,yes,yes,yes,1,1,0,0,no,no,no,no,2,1,0.03,,,1,0,xavier-owkin,human_account,not_automation,NONE,yes,no,no,yes,yes,0.0,108.95
,,,52,NVIDIA-NeMo/RL,llm_native,model_infra,supporting_infrastructure,pull_request,2739,https://github.com/NVIDIA-NeMo/RL/pull/2739,merged,2026-06-08T16:40:41Z,2026-06-09T00:30:29Z,2026-06-09T00:30:29Z,ananthsub,CONTRIBUTOR,human_account,no,yes,no,no,no,no,yes,no,no,no,yes,no,no,no,no,0,no,yes,yes,no,no,no,no,yes,3,5,1,0,yes,no,no,no,3,4,0.001,7.803,,1,0,yfw,human_account,not_automation,CONTRIBUTOR,yes,no,no,yes,no,0.326,108.95
,,,52,NVIDIA-NeMo/RL,llm_native,model_infra,supporting_infrastructure,pull_request,1803,https://github.com/NVIDIA-NeMo/RL/pull/1803,closed_unmerged,2026-01-21T17:04:59Z,2026-05-06T20:46:10Z,,guyueh1,CONTRIBUTOR,human_account,no,yes,yes,no,yes,no,yes,no,yes,yes,no,no,no,no,no,3,no,yes,yes,no,no,yes,yes,yes,9,10,1,0,yes,yes,no,no,3,4,0.029,,,13,6,guyueh1,human_account,not_automation,CONTRIBUTOR,yes,no,no,yes,yes,105.154,108.95
,,,52,NVIDIA-NeMo/RL,llm_native,model_infra,supporting_infrastructure,pull_request,3875,https://github.com/NVIDIA-NeMo/RL/pull/3875,merged,2026-08-27T16:31:28Z,2026-08-27T16:42:43Z,2026-08-27T16:42:43Z,DanialTaheri,CONTRIBUTOR,human_account,no,yes,no,no,no,no,yes,no,no,no,no,no,no,no,no,0,no,yes,yes,no,no,yes,yes,yes,1,1,0,0,no,no,no,no,2,1,0.001,,,1,0,yfw,human_account,not_automation,CONTRIBUTOR,yes,no,no,yes,no,0.008,108.95
,,,52,NVIDIA-NeMo/RL,llm_native,model_infra,supporting_infrastructure,pull_request,2860,https://github.com/NVIDIA-NeMo/RL/pull/2860,closed_unmerged,2026-06-17T07:06:41Z,2026-06-18T07:06:21Z,,svcnvidia-nemo-ci,CONTRIBUTOR,human_account,no,yes,no,no,no,no,yes,no,no,no,no,no,no,no,no,0,no,yes,yes,no,no,yes,yes,yes,2,4,0,0,no,no,no,no,3,4,0.001,,,1,0,svcnvidia-nemo-ci,human_account,not_automation,CONTRIBUTOR,yes,no,no,yes,no,1.0,108.95
,,,52,NVIDIA-NeMo/RL,llm_native,model_infra,supporting_infrastructure,pull_request,2642,https://github.com/NVIDIA-NeMo/RL/pull/2642,merged,2026-05-30T07:13:44Z,2026-06-05T17:05:00Z,2026-06-05T17:05:00Z,lonexreb,CONTRIBUTOR,human_account,no,yes,no,no,no,no,yes,no,no,no,yes,no,no,no,no,0,no,yes,yes,no,no,no,no,yes,17,14,5,0,yes,yes,no,no,3,2,0.001,56.98,,5,5,yuki-97,human_account,not_automation,CONTRIBUTOR,yes,no,no,yes,yes,6.411,108.95
,,,52,NVIDIA-NeMo/RL,llm_native,model_infra,supporting_infrastructure,issue,2020,https://github.com/NVIDIA-NeMo/RL/issues/2020,open,2026-02-24T15:13:15Z,,,yuki-97,CONTRIBUTOR,human_account,no,no,no,no,no,no,no,no,no,no,no,no,no,no,no,0,no,yes,yes,no,no,no,no,yes,1,1,0,0,no,no,no,no,2,0,1.215,1.215,,0,0,,,,,no,no,no,yes,yes,,108.95
,,,52,NVIDIA-NeMo/RL,llm_native,model_infra,supporting_infrastructure,issue,2693,https://github.com/NVIDIA-NeMo/RL/issues/2693,open,2026-06-04T22:43:41Z,,,anwithk,CONTRIBUTOR,human_account,no,yes,yes,yes,no,no,no,no,no,no,no,no,no,no,no,1,no,yes,yes,no,no,unknown,yes,yes,0,0,0,0,no,no,no,no,1,0,,,,0,0,,,,,no,no,no,yes,no,,108.95
,,,52,NVIDIA-NeMo/RL,llm_native,model_infra,supporting_infrastructure,pull_request,2276,https://github.com/NVIDIA-NeMo/RL/pull/2276,closed_unmerged,2026-04-16T12:09:26Z,2026-04-17T16:48:45Z,,ko3n1g,CONTRIBUTOR,human_account,no,yes,no,no,no,no,yes,no,no,no,yes,no,no,no,no,0,no,yes,yes,no,no,no,no,yes,2,2,1,0,yes,no,no,no,3,2,0.001,28.621,,3,0,ko3n1g,human_account,not_automation,CONTRIBUTOR,yes,no,no,yes,yes,1.194,108.95
,,,53,pydantic/pydantic-ai,llm_native,agent_framework,agent_building,pull_request,6064,https://github.com/pydantic/pydantic-ai/pull/6064,merged,2026-06-25T16:59:06Z,2026-06-25T20:09:34Z,2026-06-25T20:09:34Z,dsfaccini,CONTRIBUTOR,human_account,no,yes,no,no,no,no,yes,no,no,no,no,no,no,no,no,0,no,yes,yes,no,no,unknown,yes,yes,0,1,0,0,no,no,no,no,1,0,,,,1,0,dsfaccini,human_account,not_automation,CONTRIBUTOR,yes,no,no,yes,no,0.132,195.35
,,,53,pydantic/pydantic-ai,llm_native,agent_framework,agent_building,pull_request,4489,https://github.com/pydantic/pydantic-ai/pull/4489,closed_unmerged,2026-03-01T11:28:24Z,2026-04-07T07:21:39Z,,adhikjoshi,NONE,human_account,no,yes,yes,yes,no,no,yes,no,yes,yes,no,no,no,no,no,10,no,yes,yes,yes,no,no,no,no,12,12,2,0,yes,yes,no,no,5,4,0.027,84.3,883.888,1,1,Kludex,human_account,not_automation,MEMBER,yes,yes,no,yes,yes,36.829,195.35
,,,53,pydantic/pydantic-ai,llm_native,agent_framework,agent_building,issue,7313,https://github.com/pydantic/pydantic-ai/issues/7313,closed,2026-08-09T00:19:12Z,2026-08-16T00:58:34Z,,github-actions[bot],CONTRIBUTOR,automation_bot,no,yes,no,no,no,no,yes,no,no,no,no,no,no,no,no,0,no,yes,no,no,no,yes,yes,yes,1,2,0,0,no,no,no,no,2,0,0.027,,,0,0,github-actions[bot],automation_bot,conventional_automation,CONTRIBUTOR,no,no,no,yes,no,7.027,195.35
,,,53,pydantic/pydantic-ai,llm_native,agent_framework,agent_building,pull_request,4354,https://github.com/pydantic/pydantic-ai/pull/4354,merged,2026-02-18T17:17:50Z,2026-02-18T21:19:02Z,2026-02-18T21:19:02Z,DouweM,CONTRIBUTOR,human_account,no,yes,yes,yes,no,no,yes,no,yes,yes,no,no,no,no,no,3,no,yes,yes,no,no,yes,yes,yes,8,4,4,0,yes,yes,no,no,3,1,0.189,,,6,4,DouweM,human_account,not_automation,CONTRIBUTOR,yes,no,no,yes,yes,0.167,195.35
,,,53,pydantic/pydantic-ai,llm_native,agent_framework,agent_building,pull_request,6147,https://github.com/pydantic/pydantic-ai/pull/6147,closed_unmerged,2026-06-30T05:45:03Z,2026-06-30T05:45:26Z,,conradlee,CONTRIBUTOR,human_account,no,yes,no,no,no,no,yes,no,no,no,no,no,no,no,no,0,no,yes,yes,no,no,yes,yes,yes,2,2,0,0,no,no,no,no,2,1,0.007,,,1,0,github-actions[bot],automation_bot,conventional_automation,CONTRIBUTOR,no,no,no,yes,no,0.0,195.35
,,,53,pydantic/pydantic-ai,llm_native,agent_framework,agent_building,issue,4343,https://github.com/pydantic/pydantic-ai/issues/4343,closed,2026-02-17T19:03:15Z,2026-06-17T16:55:41Z,,baraknaveh,NONE,human_account,no,no,no,no,no,no,no,no,no,no,no,no,no,no,no,0,no,yes,yes,no,no,no,no,yes,1,1,0,0,no,no,no,no,2,0,18.587,18.587,,0,0,dsfaccini,human_account,not_automation,CONTRIBUTOR,yes,no,no,yes,yes,119.911,195.35
,,,53,pydantic/pydantic-ai,llm_native,agent_framework,agent_building,pull_request,5457,https://github.com/pydantic/pydantic-ai/pull/5457,closed_unmerged,2026-05-15T15:04:02Z,2026-06-11T11:23:34Z,,adtyavrdhn,MEMBER,human_account,no,yes,no,no,no,no,yes,no,no,no,no,no,no,no,no,0,yes,yes,yes,yes,no,yes,yes,yes,1,1,0,0,no,no,no,no,2,1,0.126,,,1,0,adtyavrdhn,human_account,not_automation,MEMBER,yes,yes,no,no,yes,26.847,195.35
,,,53,pydantic/pydantic-ai,llm_native,agent_framework,agent_building,issue,6620,https://github.com/pydantic/pydantic-ai/issues/6620,closed,2026-07-20T22:41:57Z,2026-07-21T21:58:55Z,,dsfaccini,CONTRIBUTOR,human_account,no,yes,no,no,no,no,no,no,no,no,no,no,no,no,no,0,no,yes,yes,no,no,no,no,yes,2,2,0,0,no,no,no,no,3,2,0.015,23.282,,0,0,DouweM,human_account,not_automation,CONTRIBUTOR,yes,no,no,yes,no,0.97,195.35
,,,53,pydantic/pydantic-ai,llm_native,agent_framework,agent_building,pull_request,6247,https://github.com/pydantic/pydantic-ai/pull/6247,closed_unmerged,2026-07-03T13:45:32Z,2026-07-08T19:07:56Z,,kazmer97,CONTRIBUTOR,human_account,no,yes,yes,no,yes,no,yes,no,yes,yes,no,no,yes,no,no,5,no,yes,yes,no,no,no,no,yes,7,5,2,1,yes,yes,yes,yes,3,2,0.212,10.195,,5,3,DouweM,human_account,not_automation,CONTRIBUTOR,yes,no,no,yes,no,5.224,195.35
,,,53,pydantic/pydantic-ai,llm_native,agent_framework,agent_building,pull_request,5660,https://github.com/pydantic/pydantic-ai/pull/5660,merged,2026-05-25T23:47:13Z,2026-05-27T00:49:04Z,2026-05-27T00:49:04Z,strawgate,CONTRIBUTOR,human_account,no,yes,no,no,no,no,yes,no,no,no,no,no,no,no,no,0,no,yes,yes,no,no,yes,yes,yes,6,4,2,0,yes,yes,no,no,2,1,0.117,,,7,2,strawgate,human_account,not_automation,CONTRIBUTOR,yes,no,no,yes,yes,1.043,195.35
,,,53,pydantic/pydantic-ai,llm_native,agent_framework,agent_building,issue,4054,https://github.com/pydantic/pydantic-ai/issues/4054,closed,2026-01-21T09:25:49Z,2026-01-21T16:18:42Z,,chutien,NONE,human_account,no,no,no,no,no,no,no,no,no,no,no,no,no,no,no,0,no,yes,yes,no,no,no,no,yes,1,1,0,0,no,no,no,no,2,0,6.881,6.881,,0,0,DouweM,human_account,not_automation,CONTRIBUTOR,yes,no,no,yes,yes,0.287,195.35
,,,53,pydantic/pydantic-ai,llm_native,agent_framework,agent_building,issue,7670,https://github.com/pydantic/pydantic-ai/issues/7670,closed,2026-08-21T05:44:54Z,2026-08-25T14:18:21Z,,qdivan,NONE,human_account,no,yes,no,no,no,no,no,no,no,no,no,no,no,no,no,0,no,yes,yes,no,no,yes,yes,yes,1,1,0,0,no,no,no,no,2,1,0.564,,,0,0,mpfaffenberger,human_account,not_automation,,yes,no,no,yes,no,4.357,195.35
,,,53,pydantic/pydantic-ai,llm_native,agent_framework,agent_building,issue,7035,https://github.com/pydantic/pydantic-ai/issues/7035,closed,2026-08-02T11:11:54Z,2026-08-03T07:40:25Z,,Sameersribot,NONE,candidate_review,no,yes,no,no,no,no,no,no,no,no,no,no,no,no,no,0,yes,yes,yes,yes,no,no,no,no,2,2,0,0,no,no,no,no,3,2,0.009,20.475,20.475,0,0,adtyavrdhn,human_account,not_automation,MEMBER,yes,yes,no,yes,no,0.853,195.35
,,,53,pydantic/pydantic-ai,llm_native,agent_framework,agent_building,pull_request,7445,https://github.com/pydantic/pydantic-ai/pull/7445,merged,2026-08-13T20:24:08Z,2026-08-13T20:46:19Z,2026-08-13T20:46:19Z,dsfaccini,CONTRIBUTOR,human_account,no,yes,yes,no,yes,no,yes,no,yes,yes,no,no,no,no,no,2,no,yes,yes,no,no,yes,yes,yes,2,1,1,0,yes,no,no,no,2,1,0.039,,,1,0,dsfaccini,human_account,not_automation,CONTRIBUTOR,yes,no,no,yes,no,0.015,195.35
,,,53,pydantic/pydantic-ai,llm_native,agent_framework,agent_building,pull_request,4064,https://github.com/pydantic/pydantic-ai/pull/4064,merged,2026-01-22T16:40:01Z,2026-01-22T17:14:26Z,2026-01-22T17:14:25Z,dsfaccini,CONTRIBUTOR,human_account,no,no,no,no,no,no,no,no,no,no,no,no,no,no,no,0,no,yes,yes,no,no,unknown,yes,yes,0,0,0,0,no,no,no,no,1,0,,,,1,0,DouweM,human_account,not_automation,CONTRIBUTOR,yes,no,no,yes,yes,0.024,195.35
,,,53,pydantic/pydantic-ai,llm_native,agent_framework,agent_building,issue,7289,https://github.com/pydantic/pydantic-ai/issues/7289,open,2026-08-07T20:38:13Z,,,DouweM,CONTRIBUTOR,human_account,no,no,no,no,no,no,no,no,no,no,no,no,no,no,no,0,no,yes,yes,no,no,no,no,yes,1,1,0,0,no,no,no,no,2,0,226.502,226.502,,0,0,,,,,no,no,no,yes,no,,195.35
,,,53,pydantic/pydantic-ai,llm_native,agent_framework,agent_building,pull_request,5430,https://github.com/pydantic/pydantic-ai/pull/5430,merged,2026-05-13T20:24:38Z,2026-05-14T23:54:03Z,2026-05-14T23:54:03Z,navalprakhar,CONTRIBUTOR,human_account,no,yes,no,no,no,no,yes,no,no,no,yes,no,no,yes,no,0,no,yes,yes,no,no,no,no,yes,3,4,1,1,yes,yes,yes,yes,2,0,24.571,24.571,,1,1,DouweM,human_account,not_automation,CONTRIBUTOR,yes,no,no,yes,yes,1.145,195.35
,,,53,pydantic/pydantic-ai,llm_native,agent_framework,agent_building,pull_request,4713,https://github.com/pydantic/pydantic-ai/pull/4713,merged,2026-03-17T21:38:03Z,2026-03-17T22:14:20Z,2026-03-17T22:14:20Z,DouweM,CONTRIBUTOR,human_account,no,yes,yes,yes,no,no,yes,no,yes,yes,no,no,no,no,no,4,no,yes,yes,no,no,yes,yes,yes,4,3,1,0,yes,yes,no,no,3,1,0.083,,,2,1,DouweM,human_account,not_automation,CONTRIBUTOR,yes,no,no,yes,yes,0.025,195.35
,,,53,pydantic/pydantic-ai,llm_native,agent_framework,agent_building,pull_request,6280,https://github.com/pydantic/pydantic-ai/pull/6280,closed_unmerged,2026-07-05T13:29:28Z,2026-07-05T13:30:10Z,,RationallyPrime,NONE,human_account,no,yes,yes,no,yes,no,yes,no,yes,no,no,no,no,no,no,1,no,yes,yes,no,no,yes,yes,yes,2,2,0,0,no,no,no,no,3,1,0.011,,,1,0,github-actions[bot],automation_bot,conventional_automation,CONTRIBUTOR,no,no,no,yes,no,0.0,195.35
,,,53,pydantic/pydantic-ai,llm_native,agent_framework,agent_building,pull_request,6631,https://github.com/pydantic/pydantic-ai/pull/6631,merged,2026-07-21T15:23:38Z,2026-07-21T21:49:55Z,2026-07-21T21:49:55Z,dsfaccini,CONTRIBUTOR,human_account,no,yes,yes,no,yes,no,yes,no,yes,yes,yes,no,yes,no,no,11,no,yes,yes,no,no,yes,yes,yes,10,9,3,2,yes,yes,yes,yes,3,4,0.675,,,15,13,DouweM,human_account,not_automation,CONTRIBUTOR,yes,no,no,yes,no,0.268,195.35
,,,54,google-gemini/gemini-cli,llm_native,agent_application,direct_agent_experience,pull_request,26340,https://github.com/google-gemini/gemini-cli/pull/26340,merged,2026-05-01T17:09:54Z,2026-05-01T19:58:47Z,2026-05-01T19:58:47Z,SandyTao520,CONTRIBUTOR,human_account,no,yes,yes,yes,yes,no,yes,no,yes,yes,yes,no,no,no,no,4,no,yes,yes,no,no,no,no,yes,7,5,2,0,yes,yes,no,no,5,2,0.003,1.07,,3,2,SandyTao520,human_account,not_automation,CONTRIBUTOR,yes,no,no,yes,yes,0.117,637.0
,,,54,google-gemini/gemini-cli,llm_native,agent_application,direct_agent_experience,pull_request,22590,https://github.com/google-gemini/gemini-cli/pull/22590,open,2026-03-16T02:13:03Z,,,TravisHaa,NONE,human_account,no,yes,yes,yes,yes,no,yes,no,yes,yes,yes,no,no,no,yes,8,no,yes,yes,no,no,no,no,yes,9,8,3,0,yes,yes,no,no,6,2,0.004,570.184,,7,6,cocosheng-g,human_account,not_automation,CONTRIBUTOR,yes,no,no,yes,yes,,637.0
,,,54,google-gemini/gemini-cli,llm_native,agent_application,direct_agent_experience,issue,17275,https://github.com/google-gemini/gemini-cli/issues/17275,closed,2026-01-22T04:07:46Z,2026-04-16T20:21:35Z,,RMBeristain,NONE,human_account,no,yes,yes,yes,no,no,no,no,yes,no,no,no,no,no,no,4,no,yes,yes,no,no,no,no,yes,5,5,0,0,no,no,no,no,5,2,0.037,16.55,,0,0,Adib234,human_account,not_automation,CONTRIBUTOR,yes,no,no,yes,yes,84.676,637.0
,,,54,google-gemini/gemini-cli,llm_native,agent_application,direct_agent_experience,issue,24026,https://github.com/google-gemini/gemini-cli/issues/24026,closed,2026-03-27T17:27:48Z,2026-04-28T23:43:02Z,,hardiplanta,NONE,human_account,no,yes,yes,yes,no,no,no,no,yes,no,no,no,no,no,no,15,no,yes,yes,no,no,no,no,yes,2,2,0,0,no,no,no,no,3,2,0.053,774.254,,0,0,Samee24,human_account,not_automation,CONTRIBUTOR,yes,no,no,yes,yes,32.261,637.0
,,,54,google-gemini/gemini-cli,llm_native,agent_application,direct_agent_experience,issue,22193,https://github.com/google-gemini/gemini-cli/issues/22193,open,2026-03-12T18:23:31Z,,,gjuggler,NONE,human_account,no,yes,yes,yes,no,no,yes,no,yes,no,no,no,no,no,no,13,no,yes,yes,no,no,no,no,yes,7,9,0,0,no,no,no,no,6,6,0.054,671.69,,0,0,,,,,no,no,no,yes,yes,,637.0
,,,54,google-gemini/gemini-cli,llm_native,agent_application,direct_agent_experience,pull_request,28008,https://github.com/google-gemini/gemini-cli/pull/28008,closed_unmerged,2026-06-18T08:39:41Z,2026-06-22T08:24:56Z,,zaidazmi,NONE,human_account,no,yes,yes,yes,yes,no,yes,no,yes,yes,no,no,no,no,no,4,no,yes,yes,no,no,yes,yes,yes,4,3,1,0,yes,yes,no,no,4,1,0.003,,,1,1,zaidazmi,human_account,not_automation,NONE,yes,no,no,yes,no,3.99,637.0
,,,54,google-gemini/gemini-cli,llm_native,agent_application,direct_agent_experience,pull_request,23257,https://github.com/google-gemini/gemini-cli/pull/23257,merged,2026-03-20T16:07:16Z,2026-04-02T20:13:27Z,2026-04-02T20:13:27Z,jerop,CONTRIBUTOR,human_account,no,yes,yes,yes,yes,no,yes,no,yes,yes,yes,no,no,no,no,5,no,yes,yes,no,no,no,no,yes,10,10,3,0,yes,yes,no,no,4,3,0.006,0.146,,6,6,jerop,human_account,not_automation,CONTRIBUTOR,yes,no,no,yes,yes,13.171,637.0
,,,54,google-gemini/gemini-cli,llm_native,agent_application,direct_agent_experience,pull_request,16207,https://github.com/google-gemini/gemini-cli/pull/16207,merged,2026-01-08T23:17:31Z,2026-01-09T17:11:50Z,2026-01-09T17:11:50Z,chrstnb,CONTRIBUTOR,human_account,no,yes,yes,yes,yes,no,yes,no,yes,yes,yes,yes,no,no,no,5,no,yes,yes,yes,no,no,no,no,6,4,2,0,yes,yes,no,no,4,2,0.005,2.32,2.32,2,1,chrstnb,human_account,not_automation,CONTRIBUTOR,yes,no,no,yes,yes,0.746,637.0
,,,54,google-gemini/gemini-cli,llm_native,agent_application,direct_agent_experience,pull_request,21784,https://github.com/google-gemini/gemini-cli/pull/21784,merged,2026-03-09T23:41:26Z,2026-03-10T14:41:16Z,2026-03-10T14:41:16Z,yunaseoul,CONTRIBUTOR,human_account,no,yes,yes,yes,yes,no,yes,no,yes,yes,yes,no,no,no,no,7,no,yes,yes,no,no,no,no,yes,6,5,2,0,yes,no,no,no,5,2,0.003,2.287,,2,0,yunaseoul,human_account,not_automation,CONTRIBUTOR,yes,no,no,yes,yes,0.625,637.0
,,,54,google-gemini/gemini-cli,llm_native,agent_application,direct_agent_experience,issue,15892,https://github.com/google-gemini/gemini-cli/issues/15892,closed,2026-01-04T19:33:09Z,2026-04-05T00:43:04Z,,ccqpein,NONE,human_account,no,yes,yes,yes,no,no,no,no,yes,no,no,no,no,no,yes,5,no,yes,yes,no,no,yes,yes,yes,1,1,0,0,no,no,no,no,2,1,2165.165,,,0,0,gemini-cli[bot],automation_bot,coding_agent,CONTRIBUTOR,no,no,yes,yes,yes,90.215,637.0
,,,54,google-gemini/gemini-cli,llm_native,agent_application,direct_agent_experience,issue,25610,https://github.com/google-gemini/gemini-cli/issues/25610,closed,2026-04-18T05:15:15Z,2026-04-27T15:14:44Z,,GetOutOfThatGarden,NONE,human_account,no,yes,yes,yes,no,no,yes,no,yes,no,no,no,no,no,no,4,no,yes,yes,no,no,no,no,yes,9,9,0,0,no,no,no,no,5,2,0.034,0.428,,0,0,cynthialong0-0,human_account,not_automation,,yes,no,no,yes,yes,9.416,637.0
,,,54,google-gemini/gemini-cli,llm_native,agent_application,direct_agent_experience,issue,17683,https://github.com/google-gemini/gemini-cli/issues/17683,open,2026-01-27T18:43:22Z,,,gundermanc,MEMBER,human_account,no,yes,yes,yes,no,no,yes,no,yes,no,no,no,no,no,no,6,no,yes,yes,yes,no,yes,yes,yes,1,1,0,0,no,no,no,no,2,1,2476.587,,,0,0,,,,,no,no,no,no,yes,,637.0
,,,54,google-gemini/gemini-cli,llm_native,agent_application,direct_agent_experience,pull_request,16102,https://github.com/google-gemini/gemini-cli/pull/16102,merged,2026-01-07T22:52:28Z,2026-01-08T00:18:50Z,2026-01-08T00:18:50Z,NTaylorMullen,COLLABORATOR,human_account,no,yes,yes,yes,yes,no,yes,no,yes,yes,yes,yes,no,no,no,4,no,yes,yes,yes,no,no,no,no,5,3,2,0,yes,yes,no,no,4,2,0.004,0.119,0.119,2,2,NTaylorMullen,human_account,not_automation,COLLABORATOR,yes,yes,no,no,yes,0.06,637.0
,,,54,google-gemini/gemini-cli,llm_native,agent_application,direct_agent_experience,pull_request,26329,https://github.com/google-gemini/gemini-cli/pull/26329,merged,2026-05-01T14:41:27Z,2026-05-01T19:31:48Z,2026-05-01T19:31:48Z,Adib234,CONTRIBUTOR,human_account,no,yes,yes,yes,yes,no,yes,no,yes,yes,yes,no,no,no,no,5,no,yes,yes,no,no,no,no,yes,6,4,2,0,yes,yes,no,no,4,2,0.002,4.582,,4,3,Adib234,human_account,not_automation,CONTRIBUTOR,yes,no,no,yes,yes,0.202,637.0
,,,54,google-gemini/gemini-cli,llm_native,agent_application,direct_agent_experience,pull_request,20451,https://github.com/google-gemini/gemini-cli/pull/20451,closed_unmerged,2026-02-26T16:06:02Z,2026-02-26T16:32:10Z,,jaydendancer12,NONE,human_account,no,yes,yes,no,yes,no,yes,no,yes,yes,no,no,no,no,no,2,no,yes,yes,yes,no,no,no,no,4,3,1,0,yes,no,no,no,4,2,0.001,0.436,0.436,2,0,jackwotherspoon,human_account,not_automation,COLLABORATOR,yes,yes,no,yes,yes,0.018,637.0
,,,54,google-gemini/gemini-cli,llm_native,agent_application,direct_agent_experience,pull_request,28710,https://github.com/google-gemini/gemini-cli/pull/28710,merged,2026-08-06T14:34:05Z,2026-08-06T14:54:29Z,2026-08-06T14:54:29Z,gemini-cli-robot,COLLABORATOR,candidate_review,no,yes,yes,no,yes,no,yes,no,yes,yes,yes,no,no,no,no,3,yes,yes,yes,yes,no,no,no,yes,6,4,2,0,yes,yes,no,no,4,2,0.003,0.12,,3,2,DavidAPierce,human_account,not_automation,CONTRIBUTOR,yes,no,no,no,no,0.014,637.0
,,,54,google-gemini/gemini-cli,llm_native,agent_application,direct_agent_experience,pull_request,19380,https://github.com/google-gemini/gemini-cli/pull/19380,closed_unmerged,2026-02-18T07:44:48Z,2026-02-18T07:44:59Z,,google-admin,CONTRIBUTOR,human_account,no,yes,yes,yes,yes,no,no,no,yes,yes,no,no,no,no,yes,5,no,yes,yes,no,no,yes,yes,yes,4,3,1,0,yes,no,no,no,3,1,0.003,,,1,0,gemini-cli[bot],automation_bot,coding_agent,CONTRIBUTOR,no,no,yes,yes,yes,0.0,637.0
,,,54,google-gemini/gemini-cli,llm_native,agent_application,direct_agent_experience,pull_request,23077,https://github.com/google-gemini/gemini-cli/pull/23077,closed_unmerged,2026-03-19T06:29:23Z,2026-04-03T03:06:59Z,,OmkarTipugade,NONE,human_account,no,yes,yes,yes,yes,no,no,no,yes,yes,no,no,no,no,yes,5,no,yes,yes,no,no,yes,yes,yes,3,3,1,0,yes,no,no,no,3,3,0.003,,,2,0,gemini-cli[bot],automation_bot,coding_agent,CONTRIBUTOR,no,no,yes,yes,yes,14.859,637.0
,,,54,google-gemini/gemini-cli,llm_native,agent_application,direct_agent_experience,pull_request,26454,https://github.com/google-gemini/gemini-cli/pull/26454,merged,2026-05-04T17:11:07Z,2026-05-04T18:44:53Z,2026-05-04T18:44:53Z,cocosheng-g,CONTRIBUTOR,human_account,no,yes,yes,yes,yes,no,yes,no,yes,yes,yes,no,no,yes,no,6,no,yes,yes,no,no,no,no,yes,6,3,3,1,yes,yes,yes,no,4,2,0.014,0.652,,1,1,cocosheng-g,human_account,not_automation,CONTRIBUTOR,yes,no,no,yes,yes,0.065,637.0
,,,54,google-gemini/gemini-cli,llm_native,agent_application,direct_agent_experience,issue,27276,https://github.com/google-gemini/gemini-cli/issues/27276,closed,2026-05-19T20:09:51Z,2026-08-04T02:18:05Z,,jpmartins98,NONE,human_account,no,yes,yes,yes,no,no,no,no,yes,no,no,no,no,no,yes,10,no,yes,yes,no,no,yes,yes,yes,2,2,0,0,no,no,no,no,2,1,1471.144,,,0,0,gemini-cli[bot],automation_bot,coding_agent,CONTRIBUTOR,no,no,yes,yes,yes,76.256,637.0
,,,55,apache/iceberg,traditional,model_infra,supporting_infrastructure,issue,15225,https://github.com/apache/iceberg/issues/15225,closed,2026-02-03T10:55:56Z,2026-02-05T15:11:12Z,,lintingbin,CONTRIBUTOR,human_account,no,no,no,no,no,no,no,no,no,no,no,no,no,no,no,0,no,yes,yes,no,no,no,no,yes,4,4,0,0,no,no,no,no,3,0,0.514,0.514,,0,0,pvary,human_account,not_automation,CONTRIBUTOR,yes,no,no,yes,yes,2.177,145.45
,,,55,apache/iceberg,traditional,model_infra,supporting_infrastructure,issue,17314,https://github.com/apache/iceberg/issues/17314,open,2026-07-21T11:06:06Z,,,wangyum,MEMBER,human_account,no,no,no,no,no,no,no,no,no,no,no,no,no,no,no,0,no,yes,yes,yes,no,unknown,yes,yes,0,0,0,0,no,no,no,no,1,0,,,,0,0,,,,,no,no,no,no,no,,145.45
,,,55,apache/iceberg,traditional,model_infra,supporting_infrastructure,pull_request,16848,https://github.com/apache/iceberg/pull/16848,open,2026-06-17T12:36:14Z,,,vladislav-sidorovich,CONTRIBUTOR,human_account,no,yes,no,no,no,no,yes,no,no,no,yes,yes,no,no,no,0,no,yes,yes,yes,no,no,no,no,7,11,2,0,yes,no,no,no,3,2,8.418,8.418,8.418,1,0,,,,,no,no,no,yes,no,,145.45
,,,55,apache/iceberg,traditional,model_infra,supporting_infrastructure,pull_request,17644,https://github.com/apache/iceberg/pull/17644,open,2026-08-14T01:03:53Z,,,vbhanuchander-lang,NONE,human_account,no,yes,no,no,no,no,yes,no,no,no,no,no,no,no,no,0,no,yes,yes,no,no,unknown,yes,yes,0,0,0,0,no,no,no,no,1,0,,,,1,0,,,,,no,no,no,yes,no,,145.45
,,,55,apache/iceberg,traditional,model_infra,supporting_infrastructure,pull_request,16813,https://github.com/apache/iceberg/pull/16813,merged,2026-06-14T04:34:35Z,2026-06-14T07:06:19Z,2026-06-14T07:06:19Z,dependabot[bot],CONTRIBUTOR,automation_bot,no,yes,no,no,no,no,yes,no,no,no,yes,no,no,no,no,0,no,yes,yes,no,no,no,no,yes,2,0,2,0,yes,no,no,no,3,1,0.188,0.188,,1,0,huaxingao,human_account,not_automation,CONTRIBUTOR,yes,no,no,yes,no,0.105,145.45
,,,55,apache/iceberg,traditional,model_infra,supporting_infrastructure,pull_request,15891,https://github.com/apache/iceberg/pull/15891,merged,2026-04-05T04:35:14Z,2026-04-05T06:34:18Z,2026-04-05T06:34:18Z,dependabot[bot],CONTRIBUTOR,automation_bot,no,yes,no,no,no,no,yes,no,no,no,yes,no,no,no,no,0,no,yes,yes,no,no,no,no,yes,2,0,2,0,yes,no,no,no,3,1,0.298,0.298,,1,0,huaxingao,human_account,not_automation,CONTRIBUTOR,yes,no,no,yes,yes,0.083,145.45
,,,55,apache/iceberg,traditional,model_infra,supporting_infrastructure,issue,17146,https://github.com/apache/iceberg/issues/17146,open,2026-07-09T13:49:58Z,,,vladislav-sidorovich,CONTRIBUTOR,human_account,no,no,no,no,no,no,no,no,no,no,no,no,no,no,no,0,no,yes,yes,no,no,unknown,yes,yes,0,0,0,0,no,no,no,no,1,0,,,,0,0,,,,,no,no,no,yes,no,,145.45
,,,55,apache/iceberg,traditional,model_infra,supporting_infrastructure,issue,15622,https://github.com/apache/iceberg/issues/15622,open,2026-03-13T16:52:58Z,,,RussellSpitzer,MEMBER,human_account,no,no,no,no,no,no,no,no,no,no,no,no,no,no,no,0,no,yes,yes,yes,no,unknown,yes,yes,0,0,0,0,no,no,no,no,1,0,,,,0,0,,,,,no,no,no,no,yes,,145.45
,,,55,apache/iceberg,traditional,model_infra,supporting_infrastructure,pull_request,15545,https://github.com/apache/iceberg/pull/15545,closed_unmerged,2026-03-08T23:52:36Z,2026-04-14T17:06:36Z,,sungwy,CONTRIBUTOR,human_account,no,yes,yes,yes,no,no,yes,no,yes,yes,yes,no,no,no,no,2,no,yes,yes,no,no,no,no,yes,3,3,2,0,yes,yes,no,no,3,2,0.026,179.613,,2,1,sungwy,human_account,not_automation,CONTRIBUTOR,yes,no,no,yes,yes,36.718,145.45
,,,55,apache/iceberg,traditional,model_infra,supporting_infrastructure,pull_request,16273,https://github.com/apache/iceberg/pull/16273,closed_unmerged,2026-05-10T04:33:52Z,2026-05-11T17:27:30Z,,dependabot[bot],CONTRIBUTOR,automation_bot,no,yes,no,no,no,no,yes,no,no,no,no,no,no,no,no,0,no,yes,no,no,no,unknown,yes,yes,0,1,0,0,no,no,no,no,1,0,,,,1,0,huaxingao,human_account,not_automation,CONTRIBUTOR,yes,no,no,yes,yes,1.537,145.45
,,,55,apache/iceberg,traditional,model_infra,supporting_infrastructure,issue,16785,https://github.com/apache/iceberg/issues/16785,open,2026-06-12T04:23:51Z,,,liucao-dd,NONE,human_account,no,no,no,no,no,no,no,no,no,no,no,no,no,no,no,0,no,yes,yes,no,no,unknown,yes,yes,0,0,0,0,no,no,no,no,1,0,,,,0,0,,,,,no,no,no,yes,no,,145.45
,,,55,apache/iceberg,traditional,model_infra,supporting_infrastructure,pull_request,15345,https://github.com/apache/iceberg/pull/15345,closed_unmerged,2026-02-17T00:28:34Z,2026-04-01T00:31:20Z,,gurmeetsaran-ant,NONE,human_account,no,yes,no,no,no,no,yes,no,no,no,yes,yes,no,no,no,0,no,yes,yes,yes,no,no,no,no,5,6,1,0,yes,no,no,no,4,1,1.816,1.816,1.816,1,0,github-actions[bot],automation_bot,conventional_automation,NONE,no,no,no,yes,yes,43.002,145.45
,,,55,apache/iceberg,traditional,model_infra,supporting_infrastructure,pull_request,15310,https://github.com/apache/iceberg/pull/15310,closed_unmerged,2026-02-13T03:45:55Z,2026-05-18T00:43:00Z,,lirui-apache,CONTRIBUTOR,human_account,no,yes,yes,yes,no,no,yes,no,yes,yes,yes,no,no,no,no,1,no,yes,yes,no,no,no,no,yes,9,11,3,0,yes,yes,no,no,5,5,106.668,116.315,,3,3,github-actions[bot],automation_bot,conventional_automation,NONE,no,no,no,yes,yes,93.873,145.45
,,,55,apache/iceberg,traditional,model_infra,supporting_infrastructure,pull_request,16375,https://github.com/apache/iceberg/pull/16375,merged,2026-05-17T04:33:49Z,2026-05-17T06:18:47Z,2026-05-17T06:18:47Z,dependabot[bot],CONTRIBUTOR,automation_bot,no,yes,no,no,no,no,yes,no,no,no,yes,no,no,no,no,0,no,yes,yes,no,no,no,no,yes,1,0,1,0,yes,no,no,no,2,1,1.092,1.092,,1,0,huaxingao,human_account,not_automation,CONTRIBUTOR,yes,no,no,yes,yes,0.073,145.45
,,,55,apache/iceberg,traditional,model_infra,supporting_infrastructure,issue,15100,https://github.com/apache/iceberg/issues/15100,closed,2026-01-21T14:11:29Z,2026-02-18T12:42:41Z,,steveloughran,CONTRIBUTOR,human_account,no,no,no,no,no,no,no,no,no,no,no,no,no,no,no,0,no,yes,yes,yes,no,no,no,no,2,5,0,0,no,no,no,no,3,0,12.094,12.094,14.336,0,0,steveloughran,human_account,not_automation,CONTRIBUTOR,yes,no,no,yes,yes,27.938,145.45
,,,55,apache/iceberg,traditional,model_infra,supporting_infrastructure,issue,17501,https://github.com/apache/iceberg/issues/17501,open,2026-08-03T20:23:04Z,,,DuanRuixiao,NONE,human_account,no,no,no,no,no,no,no,no,no,no,no,no,no,no,no,0,no,yes,yes,no,no,no,no,yes,3,9,0,0,no,no,no,no,3,0,8.773,8.773,,0,0,,,,,no,no,no,yes,no,,145.45
,,,55,apache/iceberg,traditional,model_infra,supporting_infrastructure,pull_request,15193,https://github.com/apache/iceberg/pull/15193,closed_unmerged,2026-01-31T00:23:28Z,2026-05-09T00:39:10Z,,michalheld,NONE,human_account,no,yes,no,no,no,no,yes,no,no,no,yes,yes,no,yes,no,0,no,yes,yes,yes,no,no,no,no,26,29,11,1,yes,yes,yes,yes,6,1,60.511,60.511,64.924,1,1,github-actions[bot],automation_bot,conventional_automation,NONE,no,no,no,yes,yes,98.011,145.45
,,,55,apache/iceberg,traditional,model_infra,supporting_infrastructure,issue,15556,https://github.com/apache/iceberg/issues/15556,open,2026-03-09T01:45:57Z,,,manuzhang,MEMBER,human_account,no,no,no,no,no,no,no,no,no,no,no,no,no,no,no,0,no,yes,yes,yes,no,no,no,yes,1,1,0,0,no,no,no,no,2,0,2.563,2.563,,0,0,,,,,no,no,no,no,yes,,145.45
,,,55,apache/iceberg,traditional,model_infra,supporting_infrastructure,pull_request,15732,https://github.com/apache/iceberg/pull/15732,merged,2026-03-23T07:48:39Z,2026-03-23T15:32:28Z,2026-03-23T15:32:28Z,nastra,CONTRIBUTOR,human_account,no,yes,no,no,no,no,yes,no,no,no,yes,no,no,no,no,0,no,yes,yes,no,no,no,no,yes,1,0,1,0,yes,no,no,no,2,0,7.496,7.496,,1,0,nastra,human_account,not_automation,CONTRIBUTOR,yes,no,no,yes,yes,0.322,145.45
,,,55,apache/iceberg,traditional,model_infra,supporting_infrastructure,pull_request,16894,https://github.com/apache/iceberg/pull/16894,closed_unmerged,2026-06-21T00:21:29Z,2026-07-31T00:35:02Z,,thswlsqls,CONTRIBUTOR,human_account,no,yes,no,no,no,no,yes,no,no,no,no,no,no,no,no,0,no,yes,yes,no,no,yes,yes,yes,2,2,0,0,no,no,no,no,2,1,792.157,,,1,0,github-actions[bot],automation_bot,conventional_automation,NONE,no,no,no,yes,no,40.009,145.45
,,,56,infiniflow/ragflow,llm_native,agent_runtime_infra,supporting_infrastructure,issue,12454,https://github.com/infiniflow/ragflow/issues/12454,open,2026-01-05T13:16:43Z,,,meetcharan-practice,NONE,human_account,no,yes,yes,no,no,yes,no,no,yes,no,no,no,no,no,no,2,no,yes,yes,no,no,no,no,yes,3,4,0,0,no,no,no,no,4,2,0.04,12.484,,0,0,,,,,no,no,no,yes,yes,,323.5
,,,56,infiniflow/ragflow,llm_native,agent_runtime_infra,supporting_infrastructure,pull_request,13458,https://github.com/infiniflow/ragflow/pull/13458,open,2026-03-06T15:52:08Z,,,Achieve3318,CONTRIBUTOR,human_account,no,yes,yes,no,yes,yes,no,no,yes,yes,no,no,no,no,no,10,no,yes,yes,yes,no,no,no,no,9,19,1,0,yes,no,no,no,4,2,59.05,59.05,59.05,4,0,,,,,no,no,no,yes,yes,,323.5
,,,56,infiniflow/ragflow,llm_native,agent_runtime_infra,supporting_infrastructure,pull_request,18785,https://github.com/infiniflow/ragflow/pull/18785,merged,2026-08-26T06:10:45Z,2026-08-26T07:49:30Z,2026-08-26T07:49:29Z,jay77721,MEMBER,human_account,no,yes,yes,no,yes,yes,no,no,yes,yes,no,no,no,no,no,13,no,yes,yes,yes,no,yes,yes,yes,5,3,2,0,yes,yes,no,no,2,1,0.018,,,3,2,yuzhichang,human_account,not_automation,MEMBER,yes,yes,no,no,no,0.069,323.5
,,,56,infiniflow/ragflow,llm_native,agent_runtime_infra,supporting_infrastructure,issue,13162,https://github.com/infiniflow/ragflow/issues/13162,closed,2026-02-17T14:25:35Z,2026-02-17T14:37:35Z,,0587934204938,NONE,human_account,no,yes,yes,no,no,yes,no,no,yes,no,no,no,no,no,no,1,no,yes,yes,no,no,yes,yes,yes,1,1,0,0,no,no,no,no,2,1,0.071,,,0,0,0587934204938,human_account,not_automation,NONE,yes,no,no,yes,yes,0.008,323.5
,,,56,infiniflow/ragflow,llm_native,agent_runtime_infra,supporting_infrastructure,issue,15591,https://github.com/infiniflow/ragflow/issues/15591,open,2026-06-03T12:55:53Z,,,bitloi,CONTRIBUTOR,human_account,no,yes,yes,no,no,yes,no,no,yes,no,no,no,no,no,no,2,no,yes,yes,no,no,yes,yes,yes,1,2,0,0,no,no,no,no,2,1,0.12,,,0,0,,,,,no,no,no,yes,no,,323.5
,,,56,infiniflow/ragflow,llm_native,agent_runtime_infra,supporting_infrastructure,pull_request,18092,https://github.com/infiniflow/ragflow/pull/18092,merged,2026-08-11T07:37:08Z,2026-08-12T07:43:46Z,2026-08-12T07:43:46Z,jay77721,MEMBER,human_account,no,yes,yes,no,yes,yes,no,no,yes,yes,no,no,no,no,no,14,no,yes,yes,yes,no,yes,yes,yes,11,9,3,0,yes,yes,no,no,2,3,0.008,,,4,4,yuzhichang,human_account,not_automation,MEMBER,yes,yes,no,no,no,1.005,323.5
,,,56,infiniflow/ragflow,llm_native,agent_runtime_infra,supporting_infrastructure,pull_request,16247,https://github.com/infiniflow/ragflow/pull/16247,merged,2026-06-22T13:15:07Z,2026-06-23T07:17:43Z,2026-06-23T07:17:43Z,vincentlambert,CONTRIBUTOR,human_account,no,yes,yes,no,yes,yes,yes,no,yes,yes,yes,yes,no,no,no,8,no,yes,yes,yes,no,no,no,no,8,6,4,0,yes,yes,no,no,4,4,0.006,13.264,13.264,1,1,yuzhichang,human_account,not_automation,MEMBER,yes,yes,no,yes,no,0.752,323.5
,,,56,infiniflow/ragflow,llm_native,agent_runtime_infra,supporting_infrastructure,pull_request,12728,https://github.com/infiniflow/ragflow/pull/12728,merged,2026-01-20T10:01:46Z,2026-01-20T11:12:35Z,2026-01-20T11:12:35Z,darkness789,CONTRIBUTOR,human_account,no,yes,yes,no,no,yes,no,no,no,no,yes,yes,no,no,no,3,no,yes,yes,yes,no,no,no,no,1,0,1,0,yes,no,no,no,2,0,0.068,0.068,0.068,1,0,KevinHuSh,human_account,not_automation,,yes,no,no,yes,yes,0.049,323.5
,,,56,infiniflow/ragflow,llm_native,agent_runtime_infra,supporting_infrastructure,issue,14308,https://github.com/infiniflow/ragflow/issues/14308,open,2026-04-22T15:02:59Z,,,seasox,NONE,human_account,no,no,no,no,no,no,no,no,no,no,no,no,no,no,no,0,no,yes,yes,no,no,no,no,yes,1,1,0,0,no,no,no,no,2,0,1.973,1.973,,0,0,,,,,no,no,no,yes,yes,,323.5
,,,56,infiniflow/ragflow,llm_native,agent_runtime_infra,supporting_infrastructure,pull_request,13331,https://github.com/infiniflow/ragflow/pull/13331,closed_unmerged,2026-03-03T05:52:40Z,2026-03-17T01:53:57Z,,asiroliu,COLLABORATOR,human_account,no,yes,yes,no,no,yes,yes,no,no,no,no,no,no,no,no,1,no,yes,yes,yes,no,yes,yes,yes,1,1,0,0,no,no,no,no,2,1,0.381,,,7,0,asiroliu,human_account,not_automation,COLLABORATOR,yes,yes,no,no,yes,13.834,323.5
,,,56,infiniflow/ragflow,llm_native,agent_runtime_infra,supporting_infrastructure,pull_request,14892,https://github.com/infiniflow/ragflow/pull/14892,merged,2026-05-13T09:32:00Z,2026-05-15T04:29:52Z,2026-05-15T04:29:52Z,JinHai-CN,CONTRIBUTOR,human_account,no,yes,yes,no,yes,yes,yes,no,yes,yes,no,no,no,no,no,14,no,yes,yes,no,no,yes,yes,yes,11,10,1,0,yes,no,no,no,3,1,0.002,,,17,0,JinHai-CN,human_account,not_automation,CONTRIBUTOR,yes,no,no,yes,yes,1.79,323.5
,,,56,infiniflow/ragflow,llm_native,agent_runtime_infra,supporting_infrastructure,pull_request,17115,https://github.com/infiniflow/ragflow/pull/17115,merged,2026-07-20T10:03:58Z,2026-07-20T11:00:08Z,2026-07-20T11:00:08Z,cike8899,CONTRIBUTOR,human_account,no,yes,yes,no,yes,yes,no,no,yes,yes,no,no,no,no,no,11,no,yes,yes,no,no,yes,yes,yes,7,6,1,0,yes,no,no,no,2,1,0.014,,,7,0,yingfeng,human_account,not_automation,MEMBER,yes,yes,no,yes,no,0.039,323.5
,,,56,infiniflow/ragflow,llm_native,agent_runtime_infra,supporting_infrastructure,issue,14341,https://github.com/infiniflow/ragflow/issues/14341,open,2026-04-24T00:47:31Z,,,Czj1997-02,NONE,human_account,no,yes,yes,no,no,yes,no,no,yes,no,no,no,no,no,no,3,no,yes,yes,no,no,no,no,yes,2,2,0,0,no,no,no,no,3,1,341.858,341.858,,0,0,,,,,no,no,no,yes,yes,,323.5
,,,56,infiniflow/ragflow,llm_native,agent_runtime_infra,supporting_infrastructure,pull_request,13471,https://github.com/infiniflow/ragflow/pull/13471,merged,2026-03-09T06:47:29Z,2026-03-13T02:52:37Z,2026-03-13T02:52:37Z,6ba3i,COLLABORATOR,human_account,no,yes,yes,no,no,yes,yes,no,no,no,yes,no,no,no,no,4,no,yes,yes,yes,no,no,no,yes,2,1,1,0,yes,yes,no,no,3,2,0.397,32.352,,5,1,asiroliu,human_account,not_automation,COLLABORATOR,yes,yes,no,no,yes,3.837,323.5
,,,56,infiniflow/ragflow,llm_native,agent_runtime_infra,supporting_infrastructure,pull_request,13116,https://github.com/infiniflow/ragflow/pull/13116,merged,2026-02-11T10:18:49Z,2026-02-12T11:48:51Z,2026-02-12T11:48:51Z,levischd,CONTRIBUTOR,human_account,no,yes,yes,no,no,yes,yes,no,no,no,no,no,no,no,no,3,no,yes,yes,no,no,yes,yes,yes,1,2,0,0,no,no,no,no,2,1,21.983,,,2,0,KevinHuSh,human_account,not_automation,,yes,no,no,yes,yes,1.063,323.5
,,,56,infiniflow/ragflow,llm_native,agent_runtime_infra,supporting_infrastructure,pull_request,13986,https://github.com/infiniflow/ragflow/pull/13986,merged,2026-04-08T15:05:01Z,2026-05-14T05:27:05Z,2026-05-14T05:27:05Z,Ricardo-M-L,CONTRIBUTOR,human_account,no,yes,yes,no,yes,yes,yes,no,yes,no,no,no,no,no,no,3,no,yes,yes,no,no,yes,yes,yes,2,2,0,0,no,no,no,no,3,1,0.006,,,1,0,KevinHuSh,human_account,not_automation,,yes,no,no,yes,yes,35.599,323.5
,,,56,infiniflow/ragflow,llm_native,agent_runtime_infra,supporting_infrastructure,pull_request,15213,https://github.com/infiniflow/ragflow/pull/15213,merged,2026-05-25T09:38:40Z,2026-05-25T10:55:04Z,2026-05-25T10:55:04Z,Haruko386,MEMBER,human_account,no,yes,yes,no,yes,yes,yes,no,yes,yes,yes,yes,no,no,no,9,no,yes,yes,yes,no,yes,yes,yes,7,6,2,0,yes,no,no,no,3,3,0.004,,,1,0,JinHai-CN,human_account,not_automation,CONTRIBUTOR,yes,no,no,no,yes,0.053,323.5
,,,56,infiniflow/ragflow,llm_native,agent_runtime_infra,supporting_infrastructure,pull_request,15084,https://github.com/infiniflow/ragflow/pull/15084,closed_unmerged,2026-05-21T02:51:51Z,2026-05-21T02:53:32Z,,heyingyue,NONE,human_account,no,yes,yes,no,yes,yes,no,no,yes,no,no,no,no,no,no,6,no,yes,yes,no,no,yes,yes,yes,1,1,0,0,no,no,no,no,2,1,0.006,,,126,0,heyingyue,human_account,not_automation,NONE,yes,no,no,yes,yes,0.001,323.5
,,,56,infiniflow/ragflow,llm_native,agent_runtime_infra,supporting_infrastructure,issue,16776,https://github.com/infiniflow/ragflow/issues/16776,open,2026-07-09T07:40:46Z,,,emonupg,NONE,human_account,no,yes,yes,no,no,yes,no,no,yes,no,no,no,no,no,no,1,no,yes,yes,no,no,no,no,yes,2,2,0,0,no,no,no,no,3,2,0.036,2.404,,0,0,,,,,no,no,no,yes,no,,323.5
,,,56,infiniflow/ragflow,llm_native,agent_runtime_infra,supporting_infrastructure,issue,17265,https://github.com/infiniflow/ragflow/issues/17265,open,2026-07-22T16:45:13Z,,,hen1289,NONE,human_account,no,no,no,no,no,no,no,no,no,no,no,no,no,no,no,0,no,yes,yes,no,no,no,no,yes,1,1,0,0,no,no,no,no,2,0,105.284,105.284,,0,0,,,,,no,no,no,yes,no,,323.5
,,,57,wandb/wandb,traditional,model_infra,supporting_infrastructure,pull_request,11809,https://github.com/wandb/wandb/pull/11809,closed_unmerged,2026-04-30T01:49:18Z,2026-06-09T00:33:00Z,,kelu-wandb,CONTRIBUTOR,human_account,no,yes,yes,no,no,yes,yes,no,yes,no,yes,no,no,no,no,1,no,yes,yes,no,no,no,no,yes,35,59,7,0,yes,yes,no,no,6,4,0.157,44.446,,25,25,kelu-wandb,human_account,not_automation,CONTRIBUTOR,yes,no,no,yes,yes,39.947,70.85
,,,57,wandb/wandb,traditional,model_infra,supporting_infrastructure,pull_request,11972,https://github.com/wandb/wandb/pull/11972,merged,2026-05-29T20:05:50Z,2026-06-12T00:42:07Z,2026-06-12T00:42:07Z,kelu-wandb,CONTRIBUTOR,human_account,no,yes,yes,no,no,yes,yes,no,yes,no,yes,no,no,no,no,1,no,yes,yes,no,no,no,no,yes,16,25,3,0,yes,yes,no,no,5,2,0.016,122.391,,62,51,kelu-wandb,human_account,not_automation,CONTRIBUTOR,yes,no,no,yes,yes,13.192,70.85
,,,57,wandb/wandb,traditional,model_infra,supporting_infrastructure,pull_request,12203,https://github.com/wandb/wandb/pull/12203,merged,2026-07-13T23:00:35Z,2026-07-13T23:31:17Z,2026-07-13T23:31:17Z,timoffex,CONTRIBUTOR,human_account,no,no,no,no,no,no,no,no,no,no,yes,no,no,no,no,0,no,yes,yes,no,no,no,no,yes,3,4,2,0,yes,no,no,no,3,0,0.502,0.502,,1,0,timoffex,human_account,not_automation,CONTRIBUTOR,yes,no,no,yes,no,0.021,70.85
,,,57,wandb/wandb,traditional,model_infra,supporting_infrastructure,pull_request,11368,https://github.com/wandb/wandb/pull/11368,merged,2026-02-19T19:32:40Z,2026-02-19T21:14:33Z,2026-02-19T21:14:33Z,timoffex,CONTRIBUTOR,human_account,no,yes,no,no,no,no,yes,no,no,no,yes,no,no,no,no,0,no,yes,yes,no,no,no,no,yes,2,3,1,0,yes,yes,no,no,3,2,0.474,1.529,,1,1,timoffex,human_account,not_automation,CONTRIBUTOR,yes,no,no,yes,yes,0.071,70.85
,,,57,wandb/wandb,traditional,model_infra,supporting_infrastructure,pull_request,12143,https://github.com/wandb/wandb/pull/12143,merged,2026-07-01T22:59:55Z,2026-07-02T07:06:46Z,2026-07-02T07:06:46Z,dependabot[bot],CONTRIBUTOR,automation_bot,no,yes,no,no,no,no,yes,no,no,no,no,no,no,no,no,0,no,yes,no,no,no,unknown,yes,yes,0,0,0,0,no,no,no,no,1,0,,,,2,0,dmitryduev,human_account,not_automation,MEMBER,yes,yes,no,yes,no,0.338,70.85
,,,57,wandb/wandb,traditional,model_infra,supporting_infrastructure,pull_request,11676,https://github.com/wandb/wandb/pull/11676,closed_unmerged,2026-04-09T01:26:39Z,2026-04-13T18:16:55Z,,dependabot[bot],CONTRIBUTOR,automation_bot,no,yes,yes,no,no,yes,yes,no,yes,no,no,no,no,no,no,1,no,yes,no,no,no,yes,yes,yes,2,3,0,0,no,no,no,no,3,0,0.009,,,1,0,dependabot[bot],automation_bot,conventional_automation,CONTRIBUTOR,no,no,no,yes,yes,4.702,70.85
,,,57,wandb/wandb,traditional,model_infra,supporting_infrastructure,pull_request,11271,https://github.com/wandb/wandb/pull/11271,merged,2026-02-04T19:33:43Z,2026-02-06T21:04:32Z,2026-02-06T21:04:32Z,timoffex,CONTRIBUTOR,human_account,no,yes,no,no,no,no,yes,no,no,no,yes,no,no,no,no,0,no,yes,yes,no,no,no,no,yes,15,16,4,0,yes,yes,no,no,4,2,0.217,0.302,,2,2,timoffex,human_account,not_automation,CONTRIBUTOR,yes,no,no,yes,yes,2.063,70.85
,,,57,wandb/wandb,traditional,model_infra,supporting_infrastructure,pull_request,11976,https://github.com/wandb/wandb/pull/11976,merged,2026-05-29T21:58:09Z,2026-06-02T16:53:56Z,2026-06-02T16:53:56Z,kelu-wandb,CONTRIBUTOR,human_account,no,no,no,no,no,no,no,no,no,no,yes,yes,no,no,no,0,no,yes,yes,yes,no,no,no,no,1,1,1,0,yes,no,no,no,2,0,90.926,90.926,90.926,1,0,dmitryduev,human_account,not_automation,MEMBER,yes,yes,no,yes,yes,3.789,70.85
,,,57,wandb/wandb,traditional,model_infra,supporting_infrastructure,pull_request,11464,https://github.com/wandb/wandb/pull/11464,merged,2026-03-08T17:05:00Z,2026-03-09T17:04:27Z,2026-03-09T17:04:27Z,MaxwellCalkin,CONTRIBUTOR,human_account,no,no,no,no,no,no,no,no,no,no,yes,no,no,no,no,0,no,yes,yes,no,no,no,no,yes,1,0,1,0,yes,no,no,no,2,0,23.982,23.982,,1,0,timoffex,human_account,not_automation,CONTRIBUTOR,yes,no,no,yes,yes,1.0,70.85
,,,57,wandb/wandb,traditional,model_infra,supporting_infrastructure,pull_request,11458,https://github.com/wandb/wandb/pull/11458,merged,2026-03-06T23:05:35Z,2026-04-14T19:47:42Z,2026-04-14T19:47:42Z,timoffex,CONTRIBUTOR,human_account,no,yes,no,no,no,no,yes,no,no,no,yes,no,no,no,no,0,no,yes,yes,no,no,no,no,yes,9,15,2,0,yes,yes,no,no,3,2,0.095,140.461,,1,1,timoffex,human_account,not_automation,CONTRIBUTOR,yes,no,no,yes,yes,38.863,70.85
,,,57,wandb/wandb,traditional,model_infra,supporting_infrastructure,pull_request,12354,https://github.com/wandb/wandb/pull/12354,merged,2026-08-03T17:35:30Z,2026-08-03T18:00:56Z,2026-08-03T18:00:56Z,kmikowicz-wandb,CONTRIBUTOR,human_account,no,no,no,no,no,no,no,no,no,no,yes,no,no,no,no,0,no,yes,yes,no,no,no,no,yes,2,0,2,0,yes,no,no,no,3,0,0.046,0.046,,1,0,kmikowicz-wandb,human_account,not_automation,CONTRIBUTOR,yes,no,no,yes,no,0.018,70.85
,,,57,wandb/wandb,traditional,model_infra,supporting_infrastructure,pull_request,11633,https://github.com/wandb/wandb/pull/11633,merged,2026-03-31T19:38:46Z,2026-03-31T20:11:42Z,2026-03-31T20:11:42Z,timoffex,CONTRIBUTOR,human_account,no,yes,no,no,no,no,yes,no,no,no,yes,no,no,no,no,0,no,yes,yes,no,no,no,no,yes,2,3,1,0,yes,yes,no,no,3,2,0.247,0.333,,1,1,timoffex,human_account,not_automation,CONTRIBUTOR,yes,no,no,yes,yes,0.023,70.85
,,,57,wandb/wandb,traditional,model_infra,supporting_infrastructure,pull_request,12133,https://github.com/wandb/wandb/pull/12133,closed_unmerged,2026-06-30T14:19:20Z,2026-06-30T17:08:16Z,,RavSinghChandan,NONE,human_account,no,no,no,no,no,no,no,no,no,no,no,no,no,no,no,0,no,yes,yes,no,no,no,no,yes,1,1,0,0,no,no,no,no,2,0,2.816,2.816,,1,0,timoffex,human_account,not_automation,CONTRIBUTOR,yes,no,no,yes,no,0.117,70.85
,,,57,wandb/wandb,traditional,model_infra,supporting_infrastructure,pull_request,12381,https://github.com/wandb/wandb/pull/12381,merged,2026-08-06T22:48:59Z,2026-08-08T00:11:26Z,2026-08-08T00:11:26Z,dmitryduev,MEMBER,human_account,no,no,no,no,no,no,no,no,no,no,yes,no,no,no,no,0,no,yes,yes,yes,no,no,no,yes,2,1,1,0,yes,yes,no,no,2,0,24.381,24.381,,3,3,dmitryduev,human_account,not_automation,MEMBER,yes,yes,no,no,no,1.057,70.85
,,,57,wandb/wandb,traditional,model_infra,supporting_infrastructure,pull_request,11624,https://github.com/wandb/wandb/pull/11624,closed_unmerged,2026-03-28T03:14:46Z,2026-03-31T16:48:07Z,,tonyyli-wandb,CONTRIBUTOR,human_account,no,yes,no,no,no,no,yes,no,no,no,no,no,no,no,no,0,no,yes,yes,no,no,yes,yes,yes,1,2,0,0,no,no,no,no,2,1,0.143,,,1,0,tonyyli-wandb,human_account,not_automation,CONTRIBUTOR,yes,no,no,yes,yes,3.565,70.85
,,,57,wandb/wandb,traditional,model_infra,supporting_infrastructure,pull_request,11688,https://github.com/wandb/wandb/pull/11688,merged,2026-04-10T21:29:35Z,2026-04-15T20:24:05Z,2026-04-15T20:24:05Z,timoffex,CONTRIBUTOR,human_account,no,no,no,no,no,no,no,no,no,no,yes,no,no,no,no,0,no,yes,yes,no,no,no,no,yes,1,2,1,0,yes,yes,no,no,2,0,117.395,117.395,,1,1,timoffex,human_account,not_automation,CONTRIBUTOR,yes,no,no,yes,yes,4.955,70.85
,,,57,wandb/wandb,traditional,model_infra,supporting_infrastructure,pull_request,11753,https://github.com/wandb/wandb/pull/11753,closed_unmerged,2026-04-20T01:27:35Z,2026-04-20T19:56:36Z,,dependabot[bot],CONTRIBUTOR,automation_bot,no,yes,yes,no,no,yes,yes,no,yes,no,no,no,no,no,no,1,no,yes,no,no,no,yes,yes,yes,2,3,0,0,no,no,no,no,3,0,0.01,,,1,0,dependabot[bot],automation_bot,conventional_automation,CONTRIBUTOR,no,no,no,yes,yes,0.77,70.85
,,,57,wandb/wandb,traditional,model_infra,supporting_infrastructure,pull_request,12286,https://github.com/wandb/wandb/pull/12286,merged,2026-07-25T06:27:51Z,2026-08-14T20:19:33Z,2026-08-14T20:19:33Z,dmitryduev,MEMBER,human_account,no,no,no,no,no,no,no,no,no,no,yes,no,no,no,no,0,no,yes,yes,yes,no,no,no,yes,1,0,1,0,yes,yes,no,no,2,0,474.248,474.248,,3,3,dmitryduev,human_account,not_automation,MEMBER,yes,yes,no,no,no,20.578,70.85
,,,57,wandb/wandb,traditional,model_infra,supporting_infrastructure,pull_request,11319,https://github.com/wandb/wandb/pull/11319,merged,2026-02-10T22:55:23Z,2026-02-23T17:19:18Z,2026-02-23T17:19:18Z,amusipatla-wandb,CONTRIBUTOR,human_account,no,yes,no,no,no,no,yes,no,no,no,yes,no,no,no,no,0,no,yes,yes,no,no,no,no,yes,9,12,4,0,yes,yes,no,no,4,2,0.036,19.902,,10,10,amusipatla-wandb,human_account,not_automation,CONTRIBUTOR,yes,no,no,yes,yes,12.767,70.85
,,,57,wandb/wandb,traditional,model_infra,supporting_infrastructure,issue,11504,https://github.com/wandb/wandb/issues/11504,closed,2026-03-15T22:21:58Z,2026-03-17T15:44:22Z,,ori-cofounder,NONE,human_account,no,yes,no,no,no,no,yes,no,no,no,no,no,no,no,no,0,no,yes,yes,no,no,yes,yes,yes,1,1,0,0,no,no,no,no,2,1,16.968,,,0,0,JasonArkens17,human_account,not_automation,,yes,no,no,yes,yes,1.724,70.85
,,,58,agno-agi/agno,mixed,agent_framework,agent_building,issue,9612,https://github.com/agno-agi/agno/issues/9612,open,2026-08-18T23:46:25Z,,,VANDRANKI,CONTRIBUTOR,human_account,no,no,no,no,no,no,no,no,no,no,no,no,no,no,no,0,yes,yes,yes,no,no,no,no,yes,1,1,0,0,no,no,no,no,2,0,108.408,108.408,,0,0,,,,,no,no,no,yes,no,,189.05
,,,58,agno-agi/agno,mixed,agent_framework,agent_building,pull_request,6771,https://github.com/agno-agi/agno/pull/6771,closed_unmerged,2026-02-28T09:09:37Z,2026-02-28T19:10:34Z,,giulio-leone,CONTRIBUTOR,human_account,no,no,no,no,no,no,no,no,no,no,no,no,no,no,no,0,no,yes,yes,no,no,unknown,yes,yes,0,1,0,0,no,no,no,no,1,0,,,,1,0,giulio-leone,human_account,not_automation,CONTRIBUTOR,yes,no,no,yes,yes,0.417,189.05
,,,58,agno-agi/agno,mixed,agent_framework,agent_building,pull_request,6570,https://github.com/agno-agi/agno/pull/6570,merged,2026-02-15T00:00:58Z,2026-02-15T08:28:57Z,2026-02-15T08:28:57Z,ashpreetbedi,CONTRIBUTOR,human_account,no,yes,no,no,no,no,yes,no,no,no,no,no,no,no,no,0,no,yes,yes,no,no,yes,yes,yes,7,7,0,0,no,no,no,no,2,1,0.007,,,8,0,ashpreetbedi,human_account,not_automation,CONTRIBUTOR,yes,no,no,yes,yes,0.353,189.05
,,,58,agno-agi/agno,mixed,agent_framework,agent_building,issue,9716,https://github.com/agno-agi/agno/issues/9716,open,2026-08-22T19:27:31Z,,,adhabnr-ux,NONE,human_account,no,no,no,no,no,no,no,no,no,no,no,no,no,no,no,0,no,yes,yes,no,no,unknown,yes,yes,0,0,0,0,no,no,no,no,1,0,,,,0,0,,,,,no,no,no,yes,no,,189.05
,,,58,agno-agi/agno,mixed,agent_framework,agent_building,issue,9461,https://github.com/agno-agi/agno/issues/9461,open,2026-08-08T12:27:44Z,,,likebean,NONE,human_account,no,no,no,no,no,no,no,no,no,no,no,no,no,no,no,0,no,yes,yes,no,no,unknown,yes,yes,0,0,0,0,no,no,no,no,1,0,,,,0,0,,,,,no,no,no,yes,no,,189.05
,,,58,agno-agi/agno,mixed,agent_framework,agent_building,pull_request,8800,https://github.com/agno-agi/agno/pull/8800,closed_unmerged,2026-07-08T03:23:43Z,2026-07-08T03:23:53Z,,sjsjsjjs534,CONTRIBUTOR,human_account,no,yes,no,no,no,no,yes,no,no,no,no,no,no,no,no,0,no,yes,yes,no,no,yes,yes,yes,1,1,0,0,no,no,no,no,2,1,0.003,,,1,0,github-actions[bot],automation_bot,conventional_automation,CONTRIBUTOR,no,no,no,yes,no,0.0,189.05
,,,58,agno-agi/agno,mixed,agent_framework,agent_building,issue,8528,https://github.com/agno-agi/agno/issues/8528,open,2026-06-23T08:51:21Z,,,404notfoundyc-L,NONE,human_account,no,no,no,no,no,no,no,no,no,no,no,no,no,no,no,0,no,yes,yes,no,no,no,no,yes,3,3,0,0,no,no,no,no,4,0,2.279,2.279,,0,0,,,,,no,no,no,yes,no,,189.05
,,,58,agno-agi/agno,mixed,agent_framework,agent_building,pull_request,6428,https://github.com/agno-agi/agno/pull/6428,closed_unmerged,2026-02-10T01:59:13Z,2026-02-10T16:43:47Z,,ashpreetbedi,CONTRIBUTOR,human_account,no,yes,yes,yes,no,no,no,no,yes,no,yes,yes,no,no,no,1,yes,yes,yes,yes,no,no,no,no,19,16,4,0,yes,yes,no,no,4,2,2.889,2.889,2.889,27,24,ashpreetbedi,human_account,not_automation,CONTRIBUTOR,yes,no,no,yes,yes,0.614,189.05
,,,58,agno-agi/agno,mixed,agent_framework,agent_building,pull_request,9725,https://github.com/agno-agi/agno/pull/9725,open,2026-08-23T13:23:36Z,,,mikemikimike,NONE,human_account,no,yes,yes,no,yes,no,no,no,yes,yes,no,no,no,no,no,1,no,yes,yes,no,no,yes,yes,yes,1,0,1,0,yes,yes,no,no,2,1,0.002,,,4,3,,,,,no,no,no,yes,no,,189.05
,,,58,agno-agi/agno,mixed,agent_framework,agent_building,pull_request,8120,https://github.com/agno-agi/agno/pull/8120,open,2026-05-27T00:35:27Z,,,salimhamed,CONTRIBUTOR,human_account,no,yes,no,no,no,no,yes,no,no,no,yes,no,no,no,no,0,no,yes,yes,no,no,no,no,yes,2,3,1,0,yes,no,no,no,3,0,1234.084,1234.084,,1,0,,,,,no,no,no,yes,yes,,189.05
,,,58,agno-agi/agno,mixed,agent_framework,agent_building,issue,8688,https://github.com/agno-agi/agno/issues/8688,open,2026-07-01T10:17:30Z,,,FrankPlusPlus,NONE,human_account,no,no,no,no,no,no,no,no,no,no,no,no,no,no,no,0,no,yes,yes,no,no,unknown,yes,yes,0,0,0,0,no,no,no,no,1,0,,,,0,0,,,,,no,no,no,yes,no,,189.05
,,,58,agno-agi/agno,mixed,agent_framework,agent_building,pull_request,9635,https://github.com/agno-agi/agno/pull/9635,merged,2026-08-20T12:01:22Z,2026-08-20T13:09:26Z,2026-08-20T13:09:26Z,ashpreetbedi,CONTRIBUTOR,human_account,no,yes,yes,no,yes,no,no,no,yes,no,yes,yes,no,no,no,1,no,yes,yes,yes,no,no,no,no,2,1,1,0,yes,no,no,no,3,2,0.036,0.415,0.415,2,0,ashpreetbedi,human_account,not_automation,CONTRIBUTOR,yes,no,no,yes,no,0.047,189.05
,,,58,agno-agi/agno,mixed,agent_framework,agent_building,pull_request,6490,https://github.com/agno-agi/agno/pull/6490,closed_unmerged,2026-02-11T09:50:25Z,2026-02-11T13:07:50Z,,SamJupe,CONTRIBUTOR,human_account,no,no,no,no,no,no,no,no,no,no,no,no,no,no,no,0,no,yes,yes,no,no,unknown,yes,yes,0,1,0,0,no,no,no,no,1,0,,,,1,0,SamJupe,human_account,not_automation,CONTRIBUTOR,yes,no,no,yes,yes,0.137,189.05
,,,58,agno-agi/agno,mixed,agent_framework,agent_building,pull_request,7438,https://github.com/agno-agi/agno/pull/7438,open,2026-04-09T09:05:46Z,,,Shiv1909,CONTRIBUTOR,human_account,no,yes,no,no,no,no,yes,no,no,no,no,no,no,no,no,0,no,yes,yes,no,no,yes,yes,yes,2,2,0,0,no,no,no,no,2,1,0.003,,,12,0,,,,,no,no,no,yes,yes,,189.05
,,,58,agno-agi/agno,mixed,agent_framework,agent_building,pull_request,9693,https://github.com/agno-agi/agno/pull/9693,merged,2026-08-21T19:51:20Z,2026-08-21T20:19:21Z,2026-08-21T20:19:21Z,ashpreetbedi,CONTRIBUTOR,human_account,no,yes,yes,no,yes,no,no,no,yes,yes,no,no,no,no,no,1,no,yes,yes,no,no,yes,yes,yes,1,0,1,0,yes,no,no,no,2,1,0.001,,,1,0,ashpreetbedi,human_account,not_automation,CONTRIBUTOR,yes,no,no,yes,no,0.019,189.05
,,,58,agno-agi/agno,mixed,agent_framework,agent_building,issue,6885,https://github.com/agno-agi/agno/issues/6885,closed,2026-03-06T09:09:16Z,2026-03-06T14:36:53Z,,domvie,NONE,human_account,no,no,no,no,no,no,no,no,no,no,no,no,no,no,no,0,no,yes,yes,no,no,no,no,yes,1,1,0,0,no,no,no,no,2,0,2.152,2.152,,0,0,kausmeows,human_account,not_automation,CONTRIBUTOR,yes,no,no,yes,yes,0.228,189.05
,,,58,agno-agi/agno,mixed,agent_framework,agent_building,pull_request,6192,https://github.com/agno-agi/agno/pull/6192,merged,2026-01-27T09:04:39Z,2026-01-30T11:15:52Z,2026-01-30T11:15:52Z,willemcdejongh,CONTRIBUTOR,human_account,no,yes,yes,yes,no,no,no,no,yes,no,yes,no,no,no,no,5,yes,yes,yes,no,no,no,no,yes,12,12,3,0,yes,yes,no,no,3,2,0.005,46.404,,6,6,willemcdejongh,human_account,not_automation,CONTRIBUTOR,yes,no,no,yes,yes,3.091,189.05
,,,58,agno-agi/agno,mixed,agent_framework,agent_building,pull_request,8751,https://github.com/agno-agi/agno/pull/8751,open,2026-07-04T21:37:23Z,,,danialza,NONE,human_account,no,yes,no,no,no,no,yes,no,no,no,no,no,no,no,no,0,no,yes,yes,no,no,unknown,yes,yes,0,0,0,0,no,no,no,no,1,0,,,,1,0,,,,,no,no,no,yes,no,,189.05
,,,58,agno-agi/agno,mixed,agent_framework,agent_building,issue,6529,https://github.com/agno-agi/agno/issues/6529,open,2026-02-11T19:30:45Z,,,rodrigocoliveira,CONTRIBUTOR,human_account,no,no,no,no,no,no,no,no,no,no,no,no,no,no,no,0,no,yes,yes,no,no,unknown,yes,yes,0,1,0,0,no,no,no,no,1,0,,,,0,0,,,,,no,no,no,yes,yes,,189.05
,,,58,agno-agi/agno,mixed,agent_framework,agent_building,pull_request,6134,https://github.com/agno-agi/agno/pull/6134,closed_unmerged,2026-01-22T16:38:00Z,2026-04-08T20:46:54Z,,d8rt8v,CONTRIBUTOR,human_account,no,yes,yes,yes,no,no,no,no,yes,yes,no,no,no,no,no,2,no,yes,yes,no,no,yes,yes,yes,2,2,1,0,yes,no,no,no,2,2,0.143,,,2,0,d8rt8v,human_account,not_automation,CONTRIBUTOR,yes,no,no,yes,yes,76.173,189.05
,,,59,Kilo-Org/kilocode,llm_native,agent_application,direct_agent_experience,pull_request,7793,https://github.com/Kilo-Org/kilocode/pull/7793,merged,2026-03-27T14:23:44Z,2026-03-27T16:19:59Z,2026-03-27T16:19:59Z,marius-kilocode,COLLABORATOR,human_account,no,yes,yes,yes,no,no,no,no,yes,yes,yes,yes,no,no,no,5,yes,yes,yes,yes,no,no,no,no,5,3,2,0,yes,yes,no,no,3,2,0.051,1.937,1.937,2,1,marius-kilocode,human_account,not_automation,COLLABORATOR,yes,yes,no,no,yes,0.081,430.75
,,,59,Kilo-Org/kilocode,llm_native,agent_application,direct_agent_experience,pull_request,11289,https://github.com/Kilo-Org/kilocode/pull/11289,merged,2026-06-16T08:54:40Z,2026-06-16T10:53:17Z,2026-06-16T10:53:17Z,markijbema,CONTRIBUTOR,human_account,no,yes,yes,yes,no,no,no,no,yes,no,yes,yes,no,no,no,1,no,yes,yes,yes,no,no,no,no,3,1,2,0,yes,yes,no,no,4,2,0.041,0.94,1.609,4,1,markijbema,human_account,not_automation,CONTRIBUTOR,yes,no,no,yes,no,0.082,430.75
,,,59,Kilo-Org/kilocode,llm_native,agent_application,direct_agent_experience,pull_request,8299,https://github.com/Kilo-Org/kilocode/pull/8299,closed_unmerged,2026-04-03T20:44:42Z,2026-05-12T11:48:42Z,,NiloyTheSpd,NONE,human_account,no,yes,yes,yes,no,no,yes,no,yes,yes,no,no,no,no,no,24,no,yes,yes,no,no,no,no,yes,26,24,2,0,yes,no,no,no,5,2,0.013,927.067,,13,0,johnnyeric,human_account,not_automation,CONTRIBUTOR,yes,no,no,yes,yes,38.628,430.75
,,,59,Kilo-Org/kilocode,llm_native,agent_application,direct_agent_experience,issue,12352,https://github.com/Kilo-Org/kilocode/issues/12352,closed,2026-07-18T10:28:30Z,2026-07-18T12:34:31Z,,Githubguy132010,CONTRIBUTOR,human_account,no,no,no,no,no,no,no,no,no,no,no,no,no,no,no,0,no,yes,yes,no,no,unknown,yes,yes,0,0,0,0,no,no,no,no,1,0,,,,0,0,Githubguy132010,human_account,not_automation,CONTRIBUTOR,yes,no,no,yes,no,0.088,430.75
,,,59,Kilo-Org/kilocode,llm_native,agent_application,direct_agent_experience,pull_request,7558,https://github.com/Kilo-Org/kilocode/pull/7558,merged,2026-03-24T21:56:47Z,2026-03-25T07:17:15Z,2026-03-25T07:17:15Z,kirillk,CONTRIBUTOR,human_account,no,yes,yes,yes,no,no,yes,no,yes,yes,yes,no,no,no,no,5,no,yes,yes,no,no,no,no,yes,6,4,3,0,yes,yes,no,no,3,2,0.039,9.077,,7,4,markijbema,human_account,not_automation,CONTRIBUTOR,yes,no,no,yes,yes,0.389,430.75
,,,59,Kilo-Org/kilocode,llm_native,agent_application,direct_agent_experience,pull_request,5150,https://github.com/Kilo-Org/kilocode/pull/5150,merged,2026-01-17T09:51:19Z,2026-02-13T16:06:08Z,2026-02-13T16:06:08Z,hdcodedev,CONTRIBUTOR,human_account,no,yes,no,no,no,no,yes,no,no,no,yes,no,no,no,no,0,no,yes,yes,yes,no,no,no,no,3,4,2,0,yes,yes,no,no,4,2,0.001,120.768,120.768,16,9,kevinvandijk,human_account,not_automation,CONTRIBUTOR,yes,no,no,yes,yes,27.26,430.75
,,,59,Kilo-Org/kilocode,llm_native,agent_application,direct_agent_experience,pull_request,12098,https://github.com/Kilo-Org/kilocode/pull/12098,open,2026-07-10T12:19:24Z,,,Fidasek009,NONE,human_account,no,yes,yes,yes,no,no,no,no,yes,yes,yes,no,no,no,no,9,no,yes,yes,no,no,yes,yes,yes,9,12,3,0,yes,yes,no,no,2,6,0.123,,,10,10,,,,,no,no,no,yes,no,,430.75
,,,59,Kilo-Org/kilocode,llm_native,agent_application,direct_agent_experience,pull_request,13334,https://github.com/Kilo-Org/kilocode/pull/13334,closed_unmerged,2026-08-22T20:03:18Z,2026-08-22T20:39:45Z,,santhiprakash,NONE,human_account,no,yes,yes,yes,no,no,no,no,yes,no,no,no,no,no,no,1,no,yes,yes,no,no,yes,yes,yes,1,2,0,0,no,no,no,no,2,2,0.096,,,2,0,santhiprakash,human_account,not_automation,NONE,yes,no,no,yes,no,0.025,430.75
,,,59,Kilo-Org/kilocode,llm_native,agent_application,direct_agent_experience,pull_request,9698,https://github.com/Kilo-Org/kilocode/pull/9698,merged,2026-04-29T14:17:04Z,2026-04-29T14:27:35Z,2026-04-29T14:27:35Z,kilo-code-bot[bot],CONTRIBUTOR,automation_bot,no,yes,yes,yes,no,no,no,yes,no,no,yes,yes,no,no,no,4,no,yes,yes,yes,no,no,no,no,1,1,1,0,yes,no,no,no,2,1,0.07,0.07,0.07,1,0,markijbema,human_account,not_automation,CONTRIBUTOR,yes,no,no,yes,yes,0.007,430.75
,,,59,Kilo-Org/kilocode,llm_native,agent_application,direct_agent_experience,issue,12137,https://github.com/Kilo-Org/kilocode/issues/12137,open,2026-07-12T12:18:43Z,,,endolith,NONE,human_account,no,no,no,no,no,no,no,no,no,no,no,no,no,no,no,0,no,yes,yes,no,no,no,no,yes,3,3,0,0,no,no,no,no,3,0,7.441,7.441,,0,0,,,,,no,no,no,yes,no,,430.75
,,,59,Kilo-Org/kilocode,llm_native,agent_application,direct_agent_experience,issue,9872,https://github.com/Kilo-Org/kilocode/issues/9872,closed,2026-05-04T17:50:18Z,2026-05-07T05:51:36Z,,lambertjosh,CONTRIBUTOR,human_account,no,yes,no,no,no,no,yes,no,no,no,no,no,no,no,no,0,no,yes,yes,no,no,unknown,yes,yes,0,0,0,0,no,no,no,no,1,0,,,,0,0,lambertjosh,human_account,not_automation,CONTRIBUTOR,yes,no,no,yes,yes,2.501,430.75
,,,59,Kilo-Org/kilocode,llm_native,agent_application,direct_agent_experience,pull_request,10693,https://github.com/Kilo-Org/kilocode/pull/10693,merged,2026-05-28T20:04:55Z,2026-06-16T14:30:42Z,2026-06-16T14:30:42Z,evanjacobson,CONTRIBUTOR,human_account,no,yes,no,no,no,no,yes,no,no,no,yes,yes,no,no,no,0,no,yes,yes,yes,no,no,no,no,2,1,1,0,yes,no,no,no,3,2,0.001,14.598,14.598,1,0,LigiaZ,human_account,not_automation,,yes,no,no,yes,yes,18.768,430.75
,,,59,Kilo-Org/kilocode,llm_native,agent_application,direct_agent_experience,issue,6304,https://github.com/Kilo-Org/kilocode/issues/6304,closed,2026-02-19T08:26:43Z,2026-05-13T17:10:36Z,,cbrunnkvist,CONTRIBUTOR,human_account,no,yes,yes,yes,no,no,yes,no,no,no,no,no,no,no,no,7,no,yes,yes,no,no,unknown,yes,yes,0,0,0,0,no,no,no,no,1,0,,,,0,0,catrielmuller,human_account,not_automation,,yes,no,no,yes,yes,83.364,430.75
,,,59,Kilo-Org/kilocode,llm_native,agent_application,direct_agent_experience,issue,13494,https://github.com/Kilo-Org/kilocode/issues/13494,open,2026-08-27T00:29:19Z,,,mardausdennis,NONE,human_account,no,no,no,no,no,no,no,no,no,no,no,no,no,no,no,0,no,yes,yes,no,no,unknown,yes,yes,0,0,0,0,no,no,no,no,1,0,,,,0,0,,,,,no,no,no,yes,no,,430.75
,,,59,Kilo-Org/kilocode,llm_native,agent_application,direct_agent_experience,pull_request,11905,https://github.com/Kilo-Org/kilocode/pull/11905,closed_unmerged,2026-07-03T09:15:40Z,2026-08-03T07:01:54Z,,arkadiykondrashov,CONTRIBUTOR,human_account,no,yes,yes,yes,no,no,yes,no,yes,yes,yes,no,no,yes,no,4,no,yes,yes,no,no,no,no,yes,6,5,2,1,yes,no,yes,no,4,3,0.228,0.73,,1,0,github-actions[bot],automation_bot,conventional_automation,CONTRIBUTOR,no,no,no,yes,no,30.907,430.75
,,,59,Kilo-Org/kilocode,llm_native,agent_application,direct_agent_experience,pull_request,10860,https://github.com/Kilo-Org/kilocode/pull/10860,merged,2026-06-03T11:35:56Z,2026-06-03T15:58:10Z,2026-06-03T15:58:09Z,imanolmzd-svg,CONTRIBUTOR,human_account,no,yes,no,no,no,no,no,no,no,no,yes,yes,no,no,no,0,no,yes,yes,yes,no,no,no,no,1,0,1,0,yes,yes,no,no,2,0,0.073,0.073,0.073,2,1,imanolmzd-svg,human_account,not_automation,CONTRIBUTOR,yes,no,no,yes,no,0.182,430.75
,,,59,Kilo-Org/kilocode,llm_native,agent_application,direct_agent_experience,issue,9180,https://github.com/Kilo-Org/kilocode/issues/9180,closed,2026-04-19T08:09:26Z,2026-04-27T13:57:20Z,,lolpidupr-sketch,NONE,human_account,no,yes,no,no,no,no,yes,no,no,no,no,no,no,no,no,0,no,yes,yes,no,no,no,no,yes,3,3,0,0,no,no,no,no,3,0,161.369,161.369,,0,0,lambertjosh,human_account,not_automation,CONTRIBUTOR,yes,no,no,yes,yes,8.242,430.75
,,,59,Kilo-Org/kilocode,llm_native,agent_application,direct_agent_experience,issue,11314,https://github.com/Kilo-Org/kilocode/issues/11314,open,2026-06-16T16:28:28Z,,,mahdi-hosseinnion,NONE,human_account,no,no,no,no,no,no,no,no,no,no,no,no,no,no,no,0,no,yes,yes,no,no,no,no,yes,3,3,0,0,no,no,no,no,3,0,240.647,240.647,,0,0,,,,,no,no,no,yes,no,,430.75
,,,59,Kilo-Org/kilocode,llm_native,agent_application,direct_agent_experience,pull_request,11781,https://github.com/Kilo-Org/kilocode/pull/11781,merged,2026-06-29T09:07:18Z,2026-06-29T10:17:24Z,2026-06-29T10:17:24Z,markijbema,CONTRIBUTOR,human_account,no,yes,yes,yes,no,no,no,no,yes,no,yes,yes,no,no,no,1,no,yes,yes,yes,no,no,no,no,2,1,1,0,yes,no,no,no,3,1,0.083,0.083,0.083,1,0,markijbema,human_account,not_automation,CONTRIBUTOR,yes,no,no,yes,no,0.049,430.75
,,,59,Kilo-Org/kilocode,llm_native,agent_application,direct_agent_experience,pull_request,8597,https://github.com/Kilo-Org/kilocode/pull/8597,merged,2026-04-08T13:23:37Z,2026-04-08T13:49:58Z,2026-04-08T13:49:58Z,marius-kilocode,COLLABORATOR,human_account,no,yes,yes,yes,no,no,no,no,yes,yes,yes,yes,no,no,no,5,no,yes,yes,yes,no,no,no,yes,4,3,2,0,yes,no,no,no,3,2,0.301,0.439,,1,0,marius-kilocode,human_account,not_automation,COLLABORATOR,yes,yes,no,no,yes,0.018,430.75
,,,60,a2ui-project/a2ui,llm_native,agent_runtime_infra,supporting_infrastructure,issue,1867,https://github.com/a2ui-project/a2ui/issues/1867,closed,2026-07-02T00:54:10Z,2026-07-27T01:39:19Z,,polina-c,COLLABORATOR,human_account,no,yes,no,no,no,no,yes,no,no,no,no,no,no,no,no,0,no,yes,yes,yes,no,unknown,yes,yes,0,0,0,0,no,no,no,no,1,0,,,,0,0,jacobsimionato,human_account,not_automation,COLLABORATOR,yes,yes,no,no,no,25.031,97.35
,,,60,a2ui-project/a2ui,llm_native,agent_runtime_infra,supporting_infrastructure,pull_request,1447,https://github.com/a2ui-project/a2ui/pull/1447,merged,2026-05-15T21:58:13Z,2026-05-22T02:00:36Z,2026-05-22T02:00:36Z,josemontespg,COLLABORATOR,human_account,no,yes,yes,no,yes,no,yes,no,yes,yes,yes,yes,no,no,no,4,no,yes,yes,yes,no,no,no,no,8,11,3,0,yes,yes,no,no,3,2,0.094,99.978,99.978,18,16,josemontespg,human_account,not_automation,COLLABORATOR,yes,yes,no,no,yes,6.168,97.35
,,,60,a2ui-project/a2ui,llm_native,agent_runtime_infra,supporting_infrastructure,pull_request,1630,https://github.com/a2ui-project/a2ui/pull/1630,merged,2026-06-12T08:45:20Z,2026-06-15T20:27:37Z,2026-06-15T20:27:37Z,gaoachao,CONTRIBUTOR,human_account,no,yes,yes,no,yes,no,yes,no,yes,yes,yes,yes,no,no,no,1,no,yes,yes,yes,no,no,no,no,2,1,2,0,yes,yes,no,no,3,2,0.008,83.483,83.483,2,2,gspencergoog,human_account,not_automation,COLLABORATOR,yes,yes,no,yes,no,3.488,97.35
,,,60,a2ui-project/a2ui,llm_native,agent_runtime_infra,supporting_infrastructure,pull_request,2245,https://github.com/a2ui-project/a2ui/pull/2245,merged,2026-08-12T19:32:31Z,2026-08-12T21:31:34Z,2026-08-12T21:31:34Z,gspencergoog,COLLABORATOR,human_account,no,yes,yes,no,yes,no,yes,no,yes,yes,yes,yes,no,no,no,2,no,yes,yes,yes,no,no,no,no,3,2,2,0,yes,yes,no,no,3,2,0.046,1.822,1.822,5,3,gspencergoog,human_account,not_automation,COLLABORATOR,yes,yes,no,no,no,0.083,97.35
,,,60,a2ui-project/a2ui,llm_native,agent_runtime_infra,supporting_infrastructure,pull_request,1272,https://github.com/a2ui-project/a2ui/pull/1272,closed_unmerged,2026-04-24T19:39:10Z,2026-07-26T20:36:21Z,,manderson240,NONE,human_account,no,yes,yes,no,yes,no,yes,no,yes,yes,no,no,no,no,no,1,no,yes,yes,yes,no,no,no,no,4,3,1,0,yes,no,no,no,5,2,0.009,2232.952,2232.952,1,0,polina-c,human_account,not_automation,COLLABORATOR,yes,yes,no,yes,yes,93.04,97.35
,,,60,a2ui-project/a2ui,llm_native,agent_runtime_infra,supporting_infrastructure,issue,1955,https://github.com/a2ui-project/a2ui/issues/1955,closed,2026-07-08T02:03:53Z,2026-07-09T17:21:24Z,,jacobsimionato,COLLABORATOR,human_account,no,yes,no,no,no,no,yes,no,no,no,no,no,no,no,no,0,no,yes,yes,yes,no,no,no,no,2,2,0,0,no,no,no,no,3,0,32.885,32.885,32.885,0,0,ditman,human_account,not_automation,COLLABORATOR,yes,yes,no,no,no,1.637,97.35
,,,60,a2ui-project/a2ui,llm_native,agent_runtime_infra,supporting_infrastructure,pull_request,2349,https://github.com/a2ui-project/a2ui/pull/2349,open,2026-08-20T01:05:02Z,,,gspencergoog,COLLABORATOR,human_account,no,yes,yes,no,yes,no,yes,no,yes,yes,yes,yes,no,no,no,9,no,yes,yes,yes,no,no,no,no,25,26,7,0,yes,yes,no,no,3,4,0.045,17.218,17.218,15,15,,,,,no,no,no,no,no,,97.35
,,,60,a2ui-project/a2ui,llm_native,agent_runtime_infra,supporting_infrastructure,pull_request,504,https://github.com/a2ui-project/a2ui/pull/504,closed_unmerged,2026-01-16T16:56:01Z,2026-01-21T01:44:50Z,,wrenj,COLLABORATOR,human_account,no,yes,yes,no,yes,no,yes,no,yes,yes,yes,yes,no,no,no,5,no,yes,yes,yes,no,no,no,no,21,18,6,0,yes,yes,no,no,5,2,0.028,2.276,2.276,5,4,wrenj,human_account,not_automation,COLLABORATOR,yes,yes,no,no,yes,4.367,97.35
,,,60,a2ui-project/a2ui,llm_native,agent_runtime_infra,supporting_infrastructure,pull_request,1070,https://github.com/a2ui-project/a2ui/pull/1070,merged,2026-04-03T22:43:20Z,2026-04-08T17:21:35Z,2026-04-08T17:21:35Z,nan-yu,COLLABORATOR,human_account,no,yes,yes,no,yes,no,yes,no,yes,yes,yes,yes,no,no,no,9,no,yes,yes,yes,no,no,no,no,10,7,3,0,yes,yes,no,no,3,2,0.041,103.216,103.216,2,2,nan-yu,human_account,not_automation,COLLABORATOR,yes,yes,no,no,yes,4.777,97.35
,,,60,a2ui-project/a2ui,llm_native,agent_runtime_infra,supporting_infrastructure,pull_request,1612,https://github.com/a2ui-project/a2ui/pull/1612,merged,2026-06-11T05:48:55Z,2026-06-12T17:28:37Z,2026-06-12T17:28:37Z,nan-yu,COLLABORATOR,human_account,no,yes,yes,no,yes,no,yes,no,yes,yes,yes,yes,no,no,no,7,no,yes,yes,yes,no,no,no,no,18,28,3,0,yes,yes,no,no,3,2,0.056,0.584,0.584,8,8,nan-yu,human_account,not_automation,COLLABORATOR,yes,yes,no,no,no,1.486,97.35
,,,60,a2ui-project/a2ui,llm_native,agent_runtime_infra,supporting_infrastructure,issue,643,https://github.com/a2ui-project/a2ui/issues/643,closed,2026-02-19T20:00:09Z,2026-02-23T23:11:21Z,,jacobsimionato,COLLABORATOR,human_account,no,yes,no,no,no,no,yes,no,no,no,no,no,no,no,no,0,no,yes,yes,yes,no,unknown,yes,yes,0,0,0,0,no,no,no,no,1,0,,,,0,0,jacobsimionato,human_account,not_automation,COLLABORATOR,yes,yes,no,no,yes,4.133,97.35
,,,60,a2ui-project/a2ui,llm_native,agent_runtime_infra,supporting_infrastructure,pull_request,1367,https://github.com/a2ui-project/a2ui/pull/1367,merged,2026-05-07T23:50:25Z,2026-05-11T14:37:48Z,2026-05-11T14:37:48Z,brantmullinix,CONTRIBUTOR,human_account,no,yes,yes,no,yes,no,yes,no,yes,yes,yes,yes,no,no,no,2,no,yes,yes,yes,no,no,no,no,4,2,2,0,yes,yes,no,no,4,2,0.001,86.773,86.773,3,2,zeroasterisk,human_account,not_automation,COLLABORATOR,yes,yes,no,yes,yes,3.616,97.35
,,,60,a2ui-project/a2ui,llm_native,agent_runtime_infra,supporting_infrastructure,pull_request,2081,https://github.com/a2ui-project/a2ui/pull/2081,open,2026-07-23T08:19:44Z,,,gaoachao,CONTRIBUTOR,human_account,no,yes,yes,no,yes,no,yes,no,yes,yes,no,no,no,no,no,1,no,yes,yes,yes,no,no,no,no,4,4,1,0,yes,yes,no,no,4,2,0.02,23.199,23.199,2,1,,,,,no,no,no,yes,no,,97.35
,,,60,a2ui-project/a2ui,llm_native,agent_runtime_infra,supporting_infrastructure,issue,1106,https://github.com/a2ui-project/a2ui/issues/1106,open,2026-04-09T03:19:39Z,,,jacobsimionato,COLLABORATOR,human_account,no,yes,no,no,no,no,yes,no,no,no,no,no,no,no,no,0,no,yes,yes,yes,no,no,no,no,1,1,0,0,no,no,no,no,2,0,2611.282,2611.282,2611.282,0,0,,,,,no,no,no,no,yes,,97.35
,,,60,a2ui-project/a2ui,llm_native,agent_runtime_infra,supporting_infrastructure,issue,461,https://github.com/a2ui-project/a2ui/issues/461,closed,2026-01-09T16:39:55Z,2026-03-24T01:26:43Z,,yuantian-agentspace,COLLABORATOR,candidate_review,no,yes,no,no,no,no,yes,no,no,no,no,no,no,no,no,0,yes,yes,yes,yes,no,no,no,no,1,1,0,0,no,no,no,no,2,1,1760.78,1760.78,1760.78,0,0,jacobsimionato,human_account,not_automation,COLLABORATOR,yes,yes,no,no,yes,73.366,97.35
,,,60,a2ui-project/a2ui,llm_native,agent_runtime_infra,supporting_infrastructure,pull_request,1368,https://github.com/a2ui-project/a2ui/pull/1368,merged,2026-05-08T12:34:03Z,2026-05-19T22:47:32Z,2026-05-19T22:47:32Z,yuhang-dong,CONTRIBUTOR,human_account,no,yes,yes,no,yes,no,yes,no,yes,yes,yes,yes,no,no,no,3,no,yes,yes,yes,no,no,no,no,10,10,3,0,yes,yes,no,no,4,2,0.005,177.636,177.636,10,9,ditman,human_account,not_automation,COLLABORATOR,yes,yes,no,yes,yes,11.426,97.35
,,,60,a2ui-project/a2ui,llm_native,agent_runtime_infra,supporting_infrastructure,issue,2420,https://github.com/a2ui-project/a2ui/issues/2420,open,2026-08-27T18:07:15Z,,,polina-c,COLLABORATOR,human_account,no,yes,no,no,no,no,yes,no,no,no,no,no,no,no,no,0,no,yes,yes,yes,no,no,no,no,1,2,0,0,no,no,no,no,2,0,7.473,7.473,7.473,0,0,,,,,no,no,no,no,no,,97.35
,,,60,a2ui-project/a2ui,llm_native,agent_runtime_infra,supporting_infrastructure,pull_request,1616,https://github.com/a2ui-project/a2ui/pull/1616,merged,2026-06-11T16:48:04Z,2026-06-12T18:13:52Z,2026-06-12T18:13:52Z,gspencergoog,COLLABORATOR,human_account,no,yes,yes,no,yes,no,yes,no,yes,yes,yes,yes,no,no,no,14,no,yes,yes,yes,no,no,no,no,16,26,3,0,yes,yes,no,no,3,4,0.048,25.156,25.156,10,9,gspencergoog,human_account,not_automation,COLLABORATOR,yes,yes,no,no,no,1.06,97.35
,,,60,a2ui-project/a2ui,llm_native,agent_runtime_infra,supporting_infrastructure,pull_request,626,https://github.com/a2ui-project/a2ui/pull/626,merged,2026-02-13T21:08:44Z,2026-02-17T22:28:09Z,2026-02-17T22:28:09Z,wrenj,COLLABORATOR,human_account,no,yes,yes,no,yes,no,yes,no,yes,yes,yes,yes,no,no,no,1,no,yes,yes,yes,no,no,no,no,5,2,3,0,yes,yes,no,no,4,2,0.016,0.156,0.156,6,3,wrenj,human_account,not_automation,COLLABORATOR,yes,yes,no,no,yes,4.055,97.35
,,,60,a2ui-project/a2ui,llm_native,agent_runtime_infra,supporting_infrastructure,pull_request,1565,https://github.com/a2ui-project/a2ui/pull/1565,closed_unmerged,2026-06-06T00:07:01Z,2026-06-08T23:25:48Z,,dependabot[bot],CONTRIBUTOR,automation_bot,no,yes,no,no,no,no,yes,no,no,no,no,no,no,no,no,0,no,yes,no,no,no,unknown,yes,yes,0,1,0,0,no,no,no,no,1,0,,,,1,0,dependabot[bot],automation_bot,conventional_automation,CONTRIBUTOR,no,no,no,yes,no,2.971,97.35
,,,61,omnigent-ai/omnigent,llm_native,agent_framework,agent_building,pull_request,3784,https://github.com/omnigent-ai/omnigent/pull/3784,merged,2026-07-31T18:05:02Z,2026-08-01T15:51:55Z,2026-08-01T15:51:55Z,dbczumar,CONTRIBUTOR,human_account,no,yes,yes,yes,no,no,yes,no,yes,yes,yes,no,no,no,no,4,no,yes,yes,no,no,yes,yes,yes,5,3,3,0,yes,yes,no,no,3,3,0.133,,,4,3,dbczumar,human_account,not_automation,CONTRIBUTOR,yes,no,no,yes,no,0.908,286.15
,,,61,omnigent-ai/omnigent,llm_native,agent_framework,agent_building,issue,983,https://github.com/omnigent-ai/omnigent/issues/983,open,2026-06-23T02:02:29Z,,,rafaelsouza13,CONTRIBUTOR,human_account,no,yes,no,no,no,no,yes,no,no,no,no,no,no,no,no,0,no,yes,yes,no,no,no,no,yes,3,3,0,0,no,no,no,no,4,3,743.747,1043.521,,0,0,,,,,no,no,no,yes,no,,286.15
,,,61,omnigent-ai/omnigent,llm_native,agent_framework,agent_building,pull_request,5445,https://github.com/omnigent-ai/omnigent/pull/5445,closed_unmerged,2026-08-25T13:45:34Z,2026-08-25T13:58:37Z,,omni-resolve-agent[bot],CONTRIBUTOR,automation_bot,no,yes,yes,yes,no,no,yes,yes,no,no,no,no,no,no,no,2,no,yes,yes,yes,no,no,no,no,5,5,1,0,yes,no,no,no,5,2,0.131,0.217,0.217,2,0,serena-ruan,human_account,not_automation,COLLABORATOR,yes,yes,no,yes,no,0.009,286.15
,,,61,omnigent-ai/omnigent,llm_native,agent_framework,agent_building,pull_request,2161,https://github.com/omnigent-ai/omnigent/pull/2161,merged,2026-07-08T03:16:49Z,2026-07-09T19:08:18Z,2026-07-09T19:08:18Z,tomsen02,CONTRIBUTOR,human_account,no,yes,no,no,no,no,yes,no,no,no,yes,no,no,no,no,0,no,yes,yes,no,no,no,no,yes,5,4,1,0,yes,no,no,no,4,3,2.524,39.783,,1,0,SabhyaC26,human_account,not_automation,CONTRIBUTOR,yes,no,no,yes,no,1.661,286.15
,,,61,omnigent-ai/omnigent,llm_native,agent_framework,agent_building,issue,101,https://github.com/omnigent-ai/omnigent/issues/101,closed,2026-06-15T08:45:47Z,2026-06-15T17:13:44Z,,dp1620,NONE,human_account,no,no,no,no,no,no,no,no,no,no,no,no,no,no,no,0,no,yes,yes,yes,no,no,no,no,3,4,0,0,no,no,no,no,4,0,8.349,8.349,8.349,0,0,dp1620,human_account,not_automation,NONE,yes,no,no,yes,no,0.353,286.15
,,,61,omnigent-ai/omnigent,llm_native,agent_framework,agent_building,pull_request,3019,https://github.com/omnigent-ai/omnigent/pull/3019,closed_unmerged,2026-07-21T18:22:26Z,2026-07-21T18:41:11Z,,chegusan,NONE,human_account,no,yes,no,no,no,no,yes,no,no,no,no,no,no,no,no,0,no,yes,yes,no,no,unknown,yes,yes,0,1,0,0,no,no,no,no,1,0,,,,2,0,chegusan,human_account,not_automation,NONE,yes,no,no,yes,no,0.013,286.15
,,,61,omnigent-ai/omnigent,llm_native,agent_framework,agent_building,pull_request,1041,https://github.com/omnigent-ai/omnigent/pull/1041,merged,2026-06-23T18:48:06Z,2026-07-07T12:40:46Z,2026-07-07T12:40:46Z,Praneeth16,CONTRIBUTOR,human_account,no,yes,no,no,no,no,yes,no,no,no,yes,no,no,no,no,0,no,yes,yes,no,no,no,no,yes,12,11,3,0,yes,yes,no,no,4,3,159.744,159.744,,29,2,PattaraS,human_account,not_automation,CONTRIBUTOR,yes,no,no,yes,no,13.745,286.15
,,,61,omnigent-ai/omnigent,llm_native,agent_framework,agent_building,pull_request,1941,https://github.com/omnigent-ai/omnigent/pull/1941,closed_unmerged,2026-07-04T02:31:41Z,2026-07-10T13:44:58Z,,terrytangyuan,MEMBER,human_account,no,yes,no,no,no,no,yes,no,no,no,no,no,no,no,no,0,no,yes,yes,yes,no,no,no,yes,4,7,0,0,no,no,no,no,3,2,2.015,48.658,,5,0,terrytangyuan,human_account,not_automation,MEMBER,yes,yes,no,no,no,6.468,286.15
,,,61,omnigent-ai/omnigent,llm_native,agent_framework,agent_building,pull_request,4221,https://github.com/omnigent-ai/omnigent/pull/4221,merged,2026-08-06T09:33:35Z,2026-08-06T09:42:19Z,2026-08-06T09:42:19Z,PattaraS,CONTRIBUTOR,human_account,no,yes,yes,yes,no,no,yes,no,yes,yes,no,no,no,no,no,1,no,yes,yes,no,no,yes,yes,yes,3,2,1,0,yes,no,no,no,4,1,0.002,,,1,0,PattaraS,human_account,not_automation,CONTRIBUTOR,yes,no,no,yes,no,0.006,286.15
,,,61,omnigent-ai/omnigent,llm_native,agent_framework,agent_building,pull_request,5236,https://github.com/omnigent-ai/omnigent/pull/5236,open,2026-08-21T23:43:34Z,,,bbqiu,CONTRIBUTOR,human_account,no,yes,no,no,no,no,yes,no,no,no,no,no,no,no,no,0,no,yes,yes,no,no,yes,yes,yes,1,1,0,0,no,no,no,no,2,1,0.062,,,1,0,,,,,no,no,no,yes,no,,286.15
,,,61,omnigent-ai/omnigent,llm_native,agent_framework,agent_building,pull_request,783,https://github.com/omnigent-ai/omnigent/pull/783,merged,2026-06-19T05:50:49Z,2026-06-19T07:08:32Z,2026-06-19T07:08:32Z,TomeHirata,CONTRIBUTOR,human_account,no,yes,no,no,no,no,yes,no,no,no,no,no,no,no,no,0,no,yes,yes,no,no,yes,yes,yes,3,2,1,0,yes,yes,no,no,3,1,0.059,,,6,5,github-actions[bot],automation_bot,conventional_automation,CONTRIBUTOR,no,no,no,yes,no,0.054,286.15
,,,61,omnigent-ai/omnigent,llm_native,agent_framework,agent_building,pull_request,4022,https://github.com/omnigent-ai/omnigent/pull/4022,merged,2026-08-04T06:42:09Z,2026-08-04T07:19:48Z,2026-08-04T07:19:48Z,PattaraS,CONTRIBUTOR,human_account,no,yes,yes,yes,no,no,yes,no,yes,yes,no,no,no,no,no,2,no,yes,yes,no,no,yes,yes,yes,5,5,2,0,yes,yes,no,no,4,5,0.001,,,2,1,PattaraS,human_account,not_automation,CONTRIBUTOR,yes,no,no,yes,no,0.026,286.15
,,,61,omnigent-ai/omnigent,llm_native,agent_framework,agent_building,pull_request,2468,https://github.com/omnigent-ai/omnigent/pull/2468,merged,2026-07-13T06:06:27Z,2026-07-13T06:32:18Z,2026-07-13T06:32:18Z,fanzeyi,MEMBER,human_account,no,yes,no,no,no,no,yes,no,no,no,no,no,no,no,no,0,no,yes,yes,yes,no,yes,yes,yes,1,1,0,0,no,no,no,no,2,1,0.104,,,2,0,github-actions[bot],automation_bot,conventional_automation,CONTRIBUTOR,no,no,no,no,no,0.018,286.15
,,,61,omnigent-ai/omnigent,llm_native,agent_framework,agent_building,pull_request,3504,https://github.com/omnigent-ai/omnigent/pull/3504,merged,2026-07-29T13:21:45Z,2026-07-30T09:31:25Z,2026-07-30T09:31:25Z,PattaraS,CONTRIBUTOR,human_account,no,yes,yes,yes,no,no,yes,no,yes,yes,no,no,no,no,no,3,no,yes,yes,no,no,yes,yes,yes,5,2,3,0,yes,yes,no,no,4,1,0.002,,,2,2,PattaraS,human_account,not_automation,CONTRIBUTOR,yes,no,no,yes,no,0.84,286.15
,,,61,omnigent-ai/omnigent,llm_native,agent_framework,agent_building,pull_request,4950,https://github.com/omnigent-ai/omnigent/pull/4950,open,2026-08-18T14:39:15Z,,,yzxcj797,CONTRIBUTOR,human_account,no,yes,no,no,no,no,yes,no,no,no,no,no,no,no,no,0,no,yes,yes,no,no,yes,yes,yes,2,2,0,0,no,no,no,no,2,1,0.004,,,1,0,,,,,no,no,no,yes,no,,286.15
,,,61,omnigent-ai/omnigent,llm_native,agent_framework,agent_building,pull_request,380,https://github.com/omnigent-ai/omnigent/pull/380,open,2026-06-16T16:03:50Z,,,benfrank241,CONTRIBUTOR,human_account,no,yes,no,no,no,no,yes,no,no,no,no,no,no,no,no,0,no,yes,yes,no,no,unknown,yes,yes,0,0,0,0,no,no,no,no,1,0,,,,2,0,PattaraS,human_account,not_automation,CONTRIBUTOR,yes,no,no,yes,no,,286.15
,,,61,omnigent-ai/omnigent,llm_native,agent_framework,agent_building,pull_request,879,https://github.com/omnigent-ai/omnigent/pull/879,merged,2026-06-20T15:22:13Z,2026-06-21T02:37:37Z,2026-06-21T02:37:37Z,PattaraS,CONTRIBUTOR,human_account,no,yes,no,no,no,no,yes,no,no,no,no,no,no,no,no,0,no,yes,yes,no,no,unknown,yes,yes,0,1,0,0,no,no,no,no,1,0,,,,1,0,PattaraS,human_account,not_automation,CONTRIBUTOR,yes,no,no,yes,no,0.469,286.15
,,,61,omnigent-ai/omnigent,llm_native,agent_framework,agent_building,pull_request,5336,https://github.com/omnigent-ai/omnigent/pull/5336,merged,2026-08-24T04:51:45Z,2026-08-28T07:30:11Z,2026-08-28T07:30:11Z,kaiku,CONTRIBUTOR,human_account,no,yes,no,no,no,no,yes,no,no,no,yes,no,no,no,no,0,no,yes,yes,no,no,no,no,yes,9,7,2,0,yes,yes,no,no,4,7,0.404,29.489,,3,2,TomeHirata,human_account,not_automation,CONTRIBUTOR,yes,no,no,yes,no,4.11,286.15
,,,61,omnigent-ai/omnigent,llm_native,agent_framework,agent_building,pull_request,1630,https://github.com/omnigent-ai/omnigent/pull/1630,merged,2026-06-30T03:19:58Z,2026-06-30T09:33:00Z,2026-06-30T09:33:00Z,danielgranadoscampos,CONTRIBUTOR,human_account,no,yes,no,no,no,no,yes,no,no,no,yes,no,no,no,no,0,no,yes,yes,no,no,no,no,yes,4,3,1,0,yes,yes,no,no,4,1,6.037,6.037,,2,1,PattaraS,human_account,not_automation,CONTRIBUTOR,yes,no,no,yes,no,0.259,286.15
,,,61,omnigent-ai/omnigent,llm_native,agent_framework,agent_building,pull_request,458,https://github.com/omnigent-ai/omnigent/pull/458,merged,2026-06-17T06:43:59Z,2026-06-17T06:54:17Z,2026-06-17T06:54:17Z,TomeHirata,CONTRIBUTOR,human_account,no,yes,no,no,no,no,yes,no,no,no,no,no,no,no,no,0,no,yes,yes,no,no,unknown,yes,yes,0,0,0,0,no,no,no,no,1,0,,,,2,0,TomeHirata,human_account,not_automation,CONTRIBUTOR,yes,no,no,yes,no,0.007,286.15
,,,62,activepieces/activepieces,mixed,agent_framework,agent_building,pull_request,11649,https://github.com/activepieces/activepieces/pull/11649,merged,2026-03-10T12:09:35Z,2026-03-11T07:35:51Z,2026-03-11T07:35:51Z,sanket-a11y,COLLABORATOR,human_account,no,yes,yes,no,yes,no,no,no,yes,yes,yes,yes,no,no,no,5,no,yes,yes,yes,no,no,no,no,6,4,2,0,yes,yes,no,no,3,2,0.871,19.436,19.436,12,3,kishanprmr,human_account,not_automation,COLLABORATOR,yes,yes,no,no,yes,0.81,207.6
,,,62,activepieces/activepieces,mixed,agent_framework,agent_building,issue,12191,https://github.com/activepieces/activepieces/issues/12191,closed,2026-03-25T09:08:36Z,2026-04-27T10:33:02Z,,Harmatta,CONTRIBUTOR,human_account,no,yes,no,no,no,no,yes,no,no,no,no,no,no,no,no,0,no,yes,yes,no,no,yes,yes,yes,2,2,0,0,no,no,no,no,3,1,0.002,,,0,0,onyedikachi-david,human_account,not_automation,COLLABORATOR,yes,yes,no,yes,yes,33.059,207.6
,,,62,activepieces/activepieces,mixed,agent_framework,agent_building,pull_request,10968,https://github.com/activepieces/activepieces/pull/10968,merged,2026-01-22T12:53:38Z,2026-01-24T13:34:19Z,2026-01-24T13:34:19Z,AbdulTheActivePiecer,COLLABORATOR,human_account,no,yes,no,no,no,no,yes,no,no,no,no,no,no,no,no,0,no,yes,yes,yes,no,yes,yes,yes,1,1,0,0,no,no,no,no,2,1,0.065,,,21,0,abuaboud,human_account,not_automation,MEMBER,yes,yes,no,no,yes,2.028,207.6
,,,62,activepieces/activepieces,mixed,agent_framework,agent_building,pull_request,14087,https://github.com/activepieces/activepieces/pull/14087,merged,2026-07-06T19:38:42Z,2026-07-06T19:38:45Z,2026-07-06T19:38:45Z,automated-commits-ap,COLLABORATOR,human_account,no,yes,yes,no,yes,no,no,no,yes,yes,no,no,no,no,no,3,no,yes,yes,yes,no,yes,yes,yes,3,2,1,0,yes,no,no,no,2,1,0.08,,,2,0,automated-commits-ap,human_account,not_automation,COLLABORATOR,yes,yes,no,no,no,0.0,207.6
,,,62,activepieces/activepieces,mixed,agent_framework,agent_building,pull_request,11654,https://github.com/activepieces/activepieces/pull/11654,merged,2026-03-10T14:14:03Z,2026-03-10T14:14:10Z,2026-03-10T14:14:10Z,AbdulTheActivePiecer,COLLABORATOR,human_account,no,yes,yes,no,yes,no,no,no,yes,no,no,no,no,no,no,1,no,yes,yes,yes,no,yes,yes,yes,1,1,0,0,no,no,no,no,2,1,0.031,,,1,0,AbdulTheActivePiecer,human_account,not_automation,COLLABORATOR,yes,yes,no,no,yes,0.0,207.6
,,,62,activepieces/activepieces,mixed,agent_framework,agent_building,pull_request,13548,https://github.com/activepieces/activepieces/pull/13548,closed_unmerged,2026-06-04T17:47:23Z,2026-06-07T15:53:21Z,,AbdulTheActivePiecer,COLLABORATOR,human_account,no,yes,yes,no,yes,no,no,no,yes,yes,no,no,no,no,no,4,no,yes,yes,yes,no,yes,yes,yes,4,3,1,0,yes,yes,no,no,2,1,0.061,,,250,85,AbdulTheActivePiecer,human_account,not_automation,COLLABORATOR,yes,yes,no,no,no,2.921,207.6
,,,62,activepieces/activepieces,mixed,agent_framework,agent_building,pull_request,11855,https://github.com/activepieces/activepieces/pull/11855,closed_unmerged,2026-03-16T21:04:02Z,2026-04-14T07:38:25Z,,bossco7598,NONE,human_account,no,no,no,no,no,no,no,no,no,no,no,no,no,no,no,0,no,yes,yes,no,no,unknown,yes,yes,0,0,0,0,no,no,no,no,1,0,,,,130,0,abuaboud,human_account,not_automation,MEMBER,yes,yes,no,yes,yes,28.441,207.6
,,,62,activepieces/activepieces,mixed,agent_framework,agent_building,pull_request,14581,https://github.com/activepieces/activepieces/pull/14581,closed_unmerged,2026-08-04T01:01:36Z,2026-08-04T01:01:51Z,,Samarth1306w,NONE,human_account,no,yes,yes,no,yes,no,yes,no,yes,yes,no,no,no,no,no,5,no,yes,yes,no,no,no,no,yes,7,6,1,0,yes,no,no,no,4,1,0.002,0.002,,1,0,github-actions[bot],automation_bot,conventional_automation,NONE,no,no,no,yes,no,0.0,207.6
,,,62,activepieces/activepieces,mixed,agent_framework,agent_building,pull_request,11732,https://github.com/activepieces/activepieces/pull/11732,closed_unmerged,2026-03-16T03:38:16Z,2026-04-14T07:41:13Z,,bossco7598,NONE,human_account,no,yes,yes,no,yes,no,no,no,yes,yes,no,no,no,no,no,12,no,yes,yes,no,no,no,no,yes,13,10,3,0,yes,yes,no,no,3,1,0.002,0.002,,3,2,abuaboud,human_account,not_automation,MEMBER,yes,yes,no,yes,yes,29.169,207.6
,,,62,activepieces/activepieces,mixed,agent_framework,agent_building,pull_request,12799,https://github.com/activepieces/activepieces/pull/12799,closed_unmerged,2026-04-25T23:54:34Z,2026-07-16T11:40:07Z,,moaaz-ae,CONTRIBUTOR,human_account,no,yes,yes,no,yes,no,no,no,yes,no,no,no,no,no,no,1,no,yes,yes,no,no,yes,yes,yes,1,1,0,0,no,no,no,no,2,1,0.046,,,1,0,abuaboud,human_account,not_automation,MEMBER,yes,yes,no,yes,yes,81.49,207.6
,,,62,activepieces/activepieces,mixed,agent_framework,agent_building,pull_request,11350,https://github.com/activepieces/activepieces/pull/11350,merged,2026-02-23T15:49:41Z,2026-02-23T17:04:03Z,2026-02-23T17:04:03Z,MrChaker,COLLABORATOR,human_account,no,yes,no,no,no,no,yes,no,no,no,yes,yes,no,no,no,0,no,yes,yes,yes,no,no,no,no,2,1,1,0,yes,no,no,no,3,2,0.071,0.929,0.929,2,0,MrChaker,human_account,not_automation,COLLABORATOR,yes,yes,no,no,yes,0.052,207.6
,,,62,activepieces/activepieces,mixed,agent_framework,agent_building,pull_request,11093,https://github.com/activepieces/activepieces/pull/11093,merged,2026-02-03T00:55:39Z,2026-02-03T00:58:38Z,2026-02-03T00:58:37Z,amrdb,COLLABORATOR,human_account,no,yes,no,no,no,no,yes,no,no,no,yes,yes,no,no,no,0,no,yes,yes,yes,no,no,no,no,2,1,1,0,yes,no,no,no,3,1,0.043,0.043,0.043,1,0,amrdb,human_account,not_automation,COLLABORATOR,yes,yes,no,no,yes,0.002,207.6
,,,62,activepieces/activepieces,mixed,agent_framework,agent_building,pull_request,13219,https://github.com/activepieces/activepieces/pull/13219,merged,2026-05-13T09:48:43Z,2026-05-13T10:10:26Z,2026-05-13T10:10:26Z,abuaboud,MEMBER,human_account,no,yes,yes,no,yes,no,no,no,yes,no,no,no,no,no,no,1,no,yes,yes,yes,no,yes,yes,yes,1,1,0,0,no,no,no,no,2,1,0.038,,,4,0,abuaboud,human_account,not_automation,MEMBER,yes,yes,no,no,yes,0.015,207.6
,,,62,activepieces/activepieces,mixed,agent_framework,agent_building,pull_request,14537,https://github.com/activepieces/activepieces/pull/14537,merged,2026-07-31T19:20:58Z,2026-07-31T19:21:01Z,2026-07-31T19:21:01Z,automated-commits-ap,COLLABORATOR,human_account,no,yes,yes,no,yes,no,no,no,yes,no,no,no,no,no,no,1,no,yes,yes,yes,no,yes,yes,yes,1,1,0,0,no,no,no,no,2,1,0.035,,,3,0,automated-commits-ap,human_account,not_automation,COLLABORATOR,yes,yes,no,no,no,0.0,207.6
,,,62,activepieces/activepieces,mixed,agent_framework,agent_building,pull_request,11880,https://github.com/activepieces/activepieces/pull/11880,closed_unmerged,2026-03-16T21:48:46Z,2026-04-14T07:37:45Z,,bossco7598,NONE,human_account,no,no,no,no,no,no,no,no,no,no,no,no,no,no,no,0,no,yes,yes,no,no,unknown,yes,yes,0,0,0,0,no,no,no,no,1,0,,,,120,0,abuaboud,human_account,not_automation,MEMBER,yes,yes,no,yes,yes,28.409,207.6
,,,62,activepieces/activepieces,mixed,agent_framework,agent_building,issue,14020,https://github.com/activepieces/activepieces/issues/14020,closed,2026-07-01T11:39:45Z,2026-07-16T07:13:28Z,,majewskibartosz,COLLABORATOR,human_account,no,yes,yes,yes,no,no,yes,no,yes,no,no,no,no,no,yes,2,no,yes,yes,yes,no,no,no,yes,4,4,0,0,no,no,no,no,4,3,0.0,28.132,,0,0,linear-code[bot],automation_bot,coding_agent,CONTRIBUTOR,no,no,yes,no,no,14.815,207.6
,,,62,activepieces/activepieces,mixed,agent_framework,agent_building,pull_request,11266,https://github.com/activepieces/activepieces/pull/11266,closed_unmerged,2026-02-16T14:41:48Z,2026-02-19T06:36:14Z,,Louai-Zokerburg,COLLABORATOR,human_account,no,yes,no,no,no,no,yes,no,no,no,no,no,no,no,no,0,no,yes,yes,yes,no,yes,yes,yes,2,2,0,0,no,no,no,no,3,1,0.002,,,18,0,AbdulTheActivePiecer,human_account,not_automation,COLLABORATOR,yes,yes,no,no,yes,2.663,207.6
,,,62,activepieces/activepieces,mixed,agent_framework,agent_building,pull_request,11257,https://github.com/activepieces/activepieces/pull/11257,merged,2026-02-16T09:56:28Z,2026-02-16T10:38:38Z,2026-02-16T10:38:38Z,sanket-a11y,COLLABORATOR,human_account,no,yes,no,no,no,no,yes,no,no,no,yes,yes,no,no,no,0,no,yes,yes,yes,no,no,no,no,3,2,1,0,yes,no,no,no,4,2,0.011,0.694,0.694,9,0,sanket-a11y,human_account,not_automation,COLLABORATOR,yes,yes,no,no,yes,0.029,207.6
,,,62,activepieces/activepieces,mixed,agent_framework,agent_building,pull_request,13784,https://github.com/activepieces/activepieces/pull/13784,closed_unmerged,2026-06-18T14:04:10Z,2026-07-16T11:12:39Z,,dom-dalty,NONE,human_account,no,yes,yes,no,yes,no,no,no,yes,yes,yes,no,no,no,no,8,no,yes,yes,yes,no,no,no,no,10,14,2,0,yes,yes,no,no,4,4,0.004,0.004,669.141,5,4,abuaboud,human_account,not_automation,MEMBER,yes,yes,no,yes,no,27.881,207.6
,,,62,activepieces/activepieces,mixed,agent_framework,agent_building,pull_request,12071,https://github.com/activepieces/activepieces/pull/12071,merged,2026-03-20T18:43:07Z,2026-03-20T18:43:09Z,2026-03-20T18:43:09Z,AbdulTheActivePiecer,COLLABORATOR,human_account,no,yes,yes,no,yes,no,no,no,yes,yes,no,no,no,no,no,5,no,yes,yes,yes,no,no,no,yes,6,5,1,0,yes,no,no,no,3,1,0.021,0.021,,7,0,AbdulTheActivePiecer,human_account,not_automation,COLLABORATOR,yes,yes,no,no,yes,0.0,207.6
,,,63,NVIDIA/Megatron-LM,llm_native,model_infra,supporting_infrastructure,issue,3881,https://github.com/NVIDIA/Megatron-LM/issues/3881,open,2026-03-16T09:34:11Z,,,AllenShow,NONE,human_account,no,yes,no,no,no,no,yes,no,no,no,no,no,no,no,no,0,no,yes,yes,yes,no,no,no,no,4,5,0,0,no,no,no,no,4,0,80.405,80.405,80.405,0,0,,,,,no,no,no,yes,yes,,207.35
,,,63,NVIDIA/Megatron-LM,llm_native,model_infra,supporting_infrastructure,pull_request,4744,https://github.com/NVIDIA/Megatron-LM/pull/4744,closed_unmerged,2026-05-12T03:51:37Z,2026-05-12T21:27:00Z,,svcnvidia-nemo-ci,CONTRIBUTOR,human_account,no,yes,no,no,no,no,yes,no,no,no,no,no,no,no,no,0,no,yes,yes,no,no,yes,yes,yes,1,7,0,0,no,no,no,no,2,2,0.001,,,15,0,svcnvidia-nemo-ci,human_account,not_automation,CONTRIBUTOR,yes,no,no,yes,yes,0.733,207.35
,,,63,NVIDIA/Megatron-LM,llm_native,model_infra,supporting_infrastructure,pull_request,5442,https://github.com/NVIDIA/Megatron-LM/pull/5442,merged,2026-06-23T04:38:21Z,2026-08-15T02:39:38Z,2026-08-15T02:39:38Z,mlzoo,CONTRIBUTOR,human_account,no,yes,yes,yes,no,no,yes,no,yes,yes,yes,yes,no,no,no,3,no,yes,yes,yes,no,no,no,no,34,32,5,0,yes,yes,no,no,12,4,0.001,141.645,141.645,7,7,chtruong814,human_account,not_automation,CONTRIBUTOR,yes,no,no,yes,no,52.918,207.35
,,,63,NVIDIA/Megatron-LM,llm_native,model_infra,supporting_infrastructure,pull_request,4632,https://github.com/NVIDIA/Megatron-LM/pull/4632,open,2026-05-05T18:31:28Z,,,dmvevents,NONE,human_account,no,yes,no,no,no,no,yes,no,no,no,no,no,no,no,no,0,no,yes,yes,no,no,yes,yes,yes,1,2,0,0,no,no,no,no,2,2,0.001,,,4,0,,,,,no,no,no,yes,yes,,207.35
,,,63,NVIDIA/Megatron-LM,llm_native,model_infra,supporting_infrastructure,pull_request,5472,https://github.com/NVIDIA/Megatron-LM/pull/5472,open,2026-06-24T05:40:29Z,,,fitsumreda,MEMBER,human_account,no,yes,no,no,no,no,yes,no,no,no,no,no,no,no,no,0,no,yes,yes,yes,no,yes,yes,yes,2,2,0,0,no,no,no,no,3,1,0.001,,,1,0,,,,,no,no,no,no,no,,207.35
,,,63,NVIDIA/Megatron-LM,llm_native,model_infra,supporting_infrastructure,pull_request,4239,https://github.com/NVIDIA/Megatron-LM/pull/4239,merged,2026-04-09T17:27:00Z,2026-04-09T19:33:10Z,2026-04-09T19:33:10Z,maanug-nv,CONTRIBUTOR,human_account,no,yes,no,no,no,no,yes,no,no,no,yes,no,no,no,no,0,no,yes,yes,no,no,no,no,yes,3,2,1,0,yes,no,no,no,4,2,0.001,0.159,,1,0,maanug-nv,human_account,not_automation,CONTRIBUTOR,yes,no,no,yes,yes,0.088,207.35
,,,63,NVIDIA/Megatron-LM,llm_native,model_infra,supporting_infrastructure,pull_request,5511,https://github.com/NVIDIA/Megatron-LM/pull/5511,closed_unmerged,2026-06-26T19:26:55Z,2026-06-26T21:17:46Z,,ko3n1g,CONTRIBUTOR,human_account,no,yes,no,no,no,no,yes,no,no,no,no,no,no,no,no,0,no,yes,yes,no,no,unknown,yes,yes,0,1,0,0,no,no,no,no,1,0,,,,1,0,ko3n1g,human_account,not_automation,CONTRIBUTOR,yes,no,no,yes,no,0.077,207.35
,,,63,NVIDIA/Megatron-LM,llm_native,model_infra,supporting_infrastructure,pull_request,4243,https://github.com/NVIDIA/Megatron-LM/pull/4243,open,2026-04-09T21:31:02Z,,,santhnm2,CONTRIBUTOR,human_account,no,yes,no,no,no,no,yes,no,no,no,yes,no,no,no,no,0,no,yes,yes,no,no,no,no,yes,2,2,1,0,yes,yes,no,no,3,2,0.001,3.608,,23,3,,,,,no,no,no,yes,yes,,207.35
,,,63,NVIDIA/Megatron-LM,llm_native,model_infra,supporting_infrastructure,pull_request,2882,https://github.com/NVIDIA/Megatron-LM/pull/2882,merged,2026-01-09T01:43:03Z,2026-01-09T04:46:05Z,2026-01-09T04:46:05Z,Phlip79,MEMBER,human_account,no,yes,no,no,no,no,yes,no,no,no,yes,no,no,no,no,0,no,yes,yes,yes,no,no,no,yes,2,2,1,0,yes,no,no,no,3,2,0.001,0.366,,1,0,Phlip79,human_account,not_automation,MEMBER,yes,yes,no,no,yes,0.127,207.35
,,,63,NVIDIA/Megatron-LM,llm_native,model_infra,supporting_infrastructure,pull_request,6124,https://github.com/NVIDIA/Megatron-LM/pull/6124,merged,2026-07-29T12:06:22Z,2026-07-30T09:54:07Z,2026-07-30T09:54:07Z,hxbai,CONTRIBUTOR,human_account,no,yes,no,no,no,no,yes,no,no,no,yes,no,no,no,no,0,no,yes,yes,no,no,no,no,yes,3,3,1,0,yes,no,no,no,4,2,0.001,20.577,,1,0,FDecaYed,human_account,not_automation,CONTRIBUTOR,yes,no,no,yes,no,0.908,207.35
,,,63,NVIDIA/Megatron-LM,llm_native,model_infra,supporting_infrastructure,pull_request,4523,https://github.com/NVIDIA/Megatron-LM/pull/4523,closed_unmerged,2026-04-29T16:21:57Z,2026-06-12T12:55:37Z,,FDecaYed,CONTRIBUTOR,human_account,no,yes,no,no,no,no,yes,no,no,no,no,no,no,no,no,0,no,yes,yes,no,no,yes,yes,yes,1,3,0,0,no,no,no,no,2,2,0.001,,,250,0,FDecaYed,human_account,not_automation,CONTRIBUTOR,yes,no,no,yes,yes,43.857,207.35
,,,63,NVIDIA/Megatron-LM,llm_native,model_infra,supporting_infrastructure,pull_request,3592,https://github.com/NVIDIA/Megatron-LM/pull/3592,merged,2026-02-25T20:45:02Z,2026-02-27T06:10:11Z,2026-02-27T06:10:10Z,weijiac0619,CONTRIBUTOR,human_account,no,yes,no,no,no,no,yes,no,no,no,yes,no,no,no,no,0,no,yes,yes,no,no,no,no,yes,6,5,2,0,yes,yes,no,no,6,2,0.001,15.502,,4,3,ericharper,human_account,not_automation,CONTRIBUTOR,yes,no,no,yes,yes,1.392,207.35
,,,63,NVIDIA/Megatron-LM,llm_native,model_infra,supporting_infrastructure,pull_request,3397,https://github.com/NVIDIA/Megatron-LM/pull/3397,merged,2026-02-13T02:47:04Z,2026-02-13T02:49:16Z,2026-02-13T02:49:16Z,chtruong814,CONTRIBUTOR,human_account,no,yes,no,no,no,no,yes,no,no,no,no,no,no,no,no,0,no,yes,yes,no,no,unknown,yes,yes,0,1,0,0,no,no,no,no,1,0,,,,4,0,chtruong814,human_account,not_automation,CONTRIBUTOR,yes,no,no,yes,yes,0.002,207.35
,,,63,NVIDIA/Megatron-LM,llm_native,model_infra,supporting_infrastructure,pull_request,6510,https://github.com/NVIDIA/Megatron-LM/pull/6510,closed_unmerged,2026-08-13T08:24:31Z,2026-08-16T06:56:11Z,,xrennvidia,CONTRIBUTOR,human_account,no,yes,no,no,no,no,yes,no,no,no,no,no,no,no,no,0,no,yes,yes,no,no,yes,yes,yes,2,3,0,0,no,no,no,no,3,2,0.001,,,5,0,xrennvidia,human_account,not_automation,CONTRIBUTOR,yes,no,no,yes,no,2.939,207.35
,,,63,NVIDIA/Megatron-LM,llm_native,model_infra,supporting_infrastructure,pull_request,4915,https://github.com/NVIDIA/Megatron-LM/pull/4915,merged,2026-05-21T11:45:28Z,2026-06-03T21:50:23Z,2026-06-03T21:50:22Z,adityasingh2400,CONTRIBUTOR,human_account,no,yes,no,no,no,no,yes,no,no,no,yes,no,no,no,no,0,no,yes,yes,no,no,no,no,yes,5,4,1,0,yes,no,no,no,5,2,0.001,314.157,,2,0,dimapihtar,human_account,not_automation,CONTRIBUTOR,yes,no,no,yes,yes,13.42,207.35
,,,63,NVIDIA/Megatron-LM,llm_native,model_infra,supporting_infrastructure,pull_request,4256,https://github.com/NVIDIA/Megatron-LM/pull/4256,closed_unmerged,2026-04-10T19:49:44Z,2026-06-16T22:54:16Z,,meinie0826,NONE,human_account,no,yes,yes,yes,yes,no,yes,no,yes,yes,no,no,no,no,no,5,no,yes,yes,no,no,no,no,yes,10,9,1,0,yes,yes,no,no,8,2,0.001,836.668,,1,1,sbhavani,human_account,not_automation,CONTRIBUTOR,yes,no,no,yes,yes,67.128,207.35
,,,63,NVIDIA/Megatron-LM,llm_native,model_infra,supporting_infrastructure,pull_request,3021,https://github.com/NVIDIA/Megatron-LM/pull/3021,open,2026-01-20T23:49:23Z,,,shanmugamr1992,CONTRIBUTOR,human_account,no,yes,no,no,no,no,yes,no,no,no,no,no,no,no,no,0,no,yes,yes,yes,no,no,no,no,2,2,0,0,no,no,no,no,3,2,0.001,1030.613,1030.613,1,0,,,,,no,no,no,yes,yes,,207.35
,,,63,NVIDIA/Megatron-LM,llm_native,model_infra,supporting_infrastructure,pull_request,3209,https://github.com/NVIDIA/Megatron-LM/pull/3209,merged,2026-02-02T21:49:26Z,2026-02-03T23:26:59Z,2026-02-03T23:26:59Z,mathemakitten,CONTRIBUTOR,human_account,no,yes,no,no,no,no,yes,no,no,no,yes,no,no,no,no,0,no,yes,yes,no,no,no,no,yes,10,5,5,0,yes,yes,no,no,2,0,18.191,18.191,,15,6,mathemakitten,human_account,not_automation,CONTRIBUTOR,yes,no,no,yes,yes,1.068,207.35
,,,63,NVIDIA/Megatron-LM,llm_native,model_infra,supporting_infrastructure,pull_request,5943,https://github.com/NVIDIA/Megatron-LM/pull/5943,closed_unmerged,2026-07-21T15:16:06Z,2026-07-23T13:49:44Z,,FDecaYed,CONTRIBUTOR,human_account,no,yes,no,no,no,no,yes,no,no,no,no,no,no,no,no,0,no,yes,yes,no,no,yes,yes,yes,1,3,0,0,no,no,no,no,2,2,0.001,,,1,0,copy-pr-bot[bot],automation_bot,conventional_automation,NONE,no,no,no,yes,no,1.94,207.35
,,,63,NVIDIA/Megatron-LM,llm_native,model_infra,supporting_infrastructure,issue,6059,https://github.com/NVIDIA/Megatron-LM/issues/6059,closed,2026-07-27T03:10:04Z,2026-07-28T05:22:17Z,,lxaw,NONE,human_account,no,yes,no,no,no,no,yes,no,no,no,no,no,no,no,no,0,no,yes,yes,no,no,no,no,yes,1,2,0,0,no,no,no,no,2,0,22.469,22.469,,0,0,lxaw,human_account,not_automation,NONE,yes,no,no,yes,no,1.092,207.35
,,,64,diegosouzapw/OmniRoute,llm_native,model_infra,supporting_infrastructure,pull_request,11279,https://github.com/diegosouzapw/OmniRoute/pull/11279,merged,2026-08-23T18:32:43Z,2026-08-23T21:12:37Z,2026-08-23T21:12:37Z,maci0,CONTRIBUTOR,human_account,no,no,no,no,no,no,no,no,no,no,no,no,no,no,no,0,no,yes,yes,no,no,unknown,yes,yes,0,0,0,0,no,no,no,no,1,0,,,,2,0,diegosouzapw,human_account,not_automation,OWNER,yes,yes,no,yes,no,0.111,572.4
,,,64,diegosouzapw/OmniRoute,llm_native,model_infra,supporting_infrastructure,pull_request,1779,https://github.com/diegosouzapw/OmniRoute/pull/1779,merged,2026-04-29T15:05:24Z,2026-04-29T19:46:39Z,2026-04-29T19:46:39Z,hartmark,CONTRIBUTOR,human_account,no,yes,yes,no,yes,no,no,no,yes,yes,yes,no,no,no,no,5,no,yes,yes,yes,no,no,no,no,6,9,1,0,yes,yes,no,no,3,2,0.039,4.688,4.688,3,1,diegosouzapw,human_account,not_automation,OWNER,yes,yes,no,yes,yes,0.195,572.4
,,,64,diegosouzapw/OmniRoute,llm_native,model_infra,supporting_infrastructure,issue,10426,https://github.com/diegosouzapw/OmniRoute/issues/10426,closed,2026-08-15T00:02:12Z,2026-08-18T13:51:10Z,,diegosouzapw,OWNER,human_account,no,no,no,no,no,no,no,no,no,no,no,no,no,no,no,0,no,yes,yes,yes,no,unknown,yes,yes,0,1,0,0,no,no,no,no,1,0,,,,0,0,diegosouzapw,human_account,not_automation,OWNER,yes,yes,no,no,no,3.576,572.4
,,,64,diegosouzapw/OmniRoute,llm_native,model_infra,supporting_infrastructure,pull_request,6920,https://github.com/diegosouzapw/OmniRoute/pull/6920,merged,2026-07-11T21:43:17Z,2026-07-18T14:33:45Z,2026-07-18T14:33:45Z,oyi77,CONTRIBUTOR,human_account,no,yes,yes,no,yes,no,no,no,yes,no,no,no,no,no,no,1,no,yes,yes,yes,no,no,no,no,3,5,0,0,no,no,no,no,3,2,0.001,86.876,86.876,3,0,diegosouzapw,human_account,not_automation,OWNER,yes,yes,no,yes,no,6.702,572.4
,,,64,diegosouzapw/OmniRoute,llm_native,model_infra,supporting_infrastructure,pull_request,9973,https://github.com/diegosouzapw/OmniRoute/pull/9973,merged,2026-08-09T22:40:13Z,2026-08-10T03:28:17Z,2026-08-10T03:28:17Z,backryun,CONTRIBUTOR,human_account,no,no,no,no,no,no,no,no,no,no,no,no,no,no,no,0,no,yes,yes,yes,no,no,no,no,4,4,0,0,no,no,no,no,2,0,2.491,2.491,2.491,1,0,diegosouzapw,human_account,not_automation,OWNER,yes,yes,no,yes,no,0.2,572.4
,,,64,diegosouzapw/OmniRoute,llm_native,model_infra,supporting_infrastructure,issue,1163,https://github.com/diegosouzapw/OmniRoute/issues/1163,closed,2026-04-11T19:53:39Z,2026-04-11T21:27:04Z,,yassenatefismail-sudo,NONE,human_account,no,no,no,no,no,no,no,no,no,no,no,no,no,no,no,0,no,yes,yes,yes,no,no,no,no,2,2,0,0,no,no,no,no,2,0,0.49,0.49,0.49,0,0,diegosouzapw,human_account,not_automation,OWNER,yes,yes,no,yes,yes,0.065,572.4
,,,64,diegosouzapw/OmniRoute,llm_native,model_infra,supporting_infrastructure,pull_request,9610,https://github.com/diegosouzapw/OmniRoute/pull/9610,merged,2026-08-06T12:50:04Z,2026-08-07T23:54:24Z,2026-08-07T23:54:24Z,stanleytejakusuma,CONTRIBUTOR,human_account,no,no,no,no,no,no,no,no,no,no,no,no,no,no,no,0,no,yes,yes,no,no,unknown,yes,yes,0,0,0,0,no,no,no,no,1,0,,,,1,0,diegosouzapw,human_account,not_automation,OWNER,yes,yes,no,yes,no,1.461,572.4
,,,64,diegosouzapw/OmniRoute,llm_native,model_infra,supporting_infrastructure,pull_request,2286,https://github.com/diegosouzapw/OmniRoute/pull/2286,merged,2026-05-15T16:20:46Z,2026-05-16T12:48:14Z,2026-05-16T12:48:14Z,mrmm,CONTRIBUTOR,human_account,no,yes,yes,no,yes,no,no,no,yes,yes,yes,no,no,no,no,3,no,yes,yes,yes,no,no,no,no,4,7,1,0,yes,yes,no,no,3,2,0.056,11.126,11.126,13,8,diegosouzapw,human_account,not_automation,OWNER,yes,yes,no,yes,yes,0.852,572.4
,,,64,diegosouzapw/OmniRoute,llm_native,model_infra,supporting_infrastructure,pull_request,10234,https://github.com/diegosouzapw/OmniRoute/pull/10234,merged,2026-08-13T03:22:45Z,2026-08-16T03:14:21Z,2026-08-16T03:14:21Z,pacocartones,CONTRIBUTOR,human_account,no,no,no,no,no,no,no,no,no,no,no,no,no,no,no,0,no,yes,yes,yes,no,no,no,no,3,5,0,0,no,no,no,no,2,0,10.757,10.757,10.757,3,0,diegosouzapw,human_account,not_automation,OWNER,yes,yes,no,yes,no,2.994,572.4
,,,64,diegosouzapw/OmniRoute,llm_native,model_infra,supporting_infrastructure,pull_request,8948,https://github.com/diegosouzapw/OmniRoute/pull/8948,closed_unmerged,2026-07-30T04:24:11Z,2026-08-05T07:59:47Z,,tufw95,NONE,human_account,no,no,no,no,no,no,no,no,no,no,no,no,no,no,no,0,no,yes,yes,no,no,unknown,yes,yes,0,2,0,0,no,no,no,no,1,0,,,,3,0,tufw95,human_account,not_automation,NONE,yes,no,no,yes,no,6.15,572.4
,,,64,diegosouzapw/OmniRoute,llm_native,model_infra,supporting_infrastructure,pull_request,11736,https://github.com/diegosouzapw/OmniRoute/pull/11736,merged,2026-08-27T02:13:55Z,2026-08-28T07:34:15Z,2026-08-28T07:34:15Z,diegosouzapw,OWNER,human_account,no,no,no,no,no,no,no,no,no,no,no,no,no,no,no,0,no,yes,yes,yes,no,unknown,yes,yes,0,0,0,0,no,no,no,no,1,0,,,,2,0,diegosouzapw,human_account,not_automation,OWNER,yes,yes,no,no,no,1.222,572.4
,,,64,diegosouzapw/OmniRoute,llm_native,model_infra,supporting_infrastructure,issue,2206,https://github.com/diegosouzapw/OmniRoute/issues/2206,closed,2026-05-12T19:07:58Z,2026-05-26T21:32:07Z,,diegosouzapw,OWNER,human_account,no,yes,yes,yes,no,no,no,no,no,no,no,no,no,no,no,1,no,yes,yes,yes,no,unknown,yes,yes,0,1,0,0,no,no,no,no,1,0,,,,0,0,diegosouzapw,human_account,not_automation,OWNER,yes,yes,no,no,yes,14.1,572.4
,,,64,diegosouzapw/OmniRoute,llm_native,model_infra,supporting_infrastructure,pull_request,332,https://github.com/diegosouzapw/OmniRoute/pull/332,merged,2026-03-12T16:59:25Z,2026-03-12T21:07:10Z,2026-03-12T21:07:10Z,hijak,CONTRIBUTOR,human_account,no,yes,yes,yes,yes,no,no,no,yes,yes,no,no,no,no,no,7,no,yes,yes,no,no,yes,yes,yes,7,6,2,0,yes,yes,no,no,3,2,0.003,,,2,1,diegosouzapw,human_account,not_automation,OWNER,yes,yes,no,yes,yes,0.172,572.4
,,,64,diegosouzapw/OmniRoute,llm_native,model_infra,supporting_infrastructure,pull_request,203,https://github.com/diegosouzapw/OmniRoute/pull/203,merged,2026-03-04T20:58:06Z,2026-03-05T04:26:52Z,2026-03-05T04:26:52Z,DavyMassoneto,CONTRIBUTOR,human_account,no,yes,yes,yes,yes,no,no,no,yes,yes,no,no,no,no,no,10,no,yes,yes,no,no,yes,yes,yes,10,8,2,0,yes,yes,no,no,3,1,0.004,,,5,4,diegosouzapw,human_account,not_automation,OWNER,yes,yes,no,yes,yes,0.312,572.4
,,,64,diegosouzapw/OmniRoute,llm_native,model_infra,supporting_infrastructure,issue,2715,https://github.com/diegosouzapw/OmniRoute/issues/2715,closed,2026-05-25T18:24:43Z,2026-05-26T17:26:11Z,,sergedc,NONE,human_account,no,yes,yes,yes,no,no,no,no,yes,no,no,no,no,no,no,3,no,yes,yes,yes,no,no,no,no,2,2,0,0,no,no,no,no,3,2,0.002,23.024,23.024,0,0,diegosouzapw,human_account,not_automation,OWNER,yes,yes,no,yes,yes,0.959,572.4
,,,64,diegosouzapw/OmniRoute,llm_native,model_infra,supporting_infrastructure,issue,686,https://github.com/diegosouzapw/OmniRoute/issues/686,closed,2026-03-27T17:59:31Z,2026-03-27T18:25:19Z,,jjj124,NONE,human_account,no,yes,yes,yes,no,no,no,no,yes,no,no,no,no,no,no,3,no,yes,yes,yes,no,no,no,no,2,2,0,0,no,no,no,no,3,2,0.001,0.43,0.43,0,0,diegosouzapw,human_account,not_automation,OWNER,yes,yes,no,yes,yes,0.018,572.4
,,,64,diegosouzapw/OmniRoute,llm_native,model_infra,supporting_infrastructure,issue,9408,https://github.com/diegosouzapw/OmniRoute/issues/9408,closed,2026-08-04T09:35:47Z,2026-08-05T02:28:39Z,,andrea-kingautomation,NONE,human_account,no,no,no,no,no,no,no,no,no,no,no,no,no,no,no,0,no,yes,yes,no,no,no,no,yes,1,1,0,0,no,no,no,no,2,0,11.625,11.625,,0,0,diegosouzapw,human_account,not_automation,OWNER,yes,yes,no,yes,no,0.703,572.4
,,,64,diegosouzapw/OmniRoute,llm_native,model_infra,supporting_infrastructure,issue,8950,https://github.com/diegosouzapw/OmniRoute/issues/8950,closed,2026-07-30T05:02:10Z,2026-08-05T00:35:30Z,,jmaxdev,NONE,human_account,no,no,no,no,no,no,no,no,no,no,no,no,no,no,no,0,no,yes,yes,no,no,unknown,yes,yes,0,0,0,0,no,no,no,no,1,0,,,,0,0,diegosouzapw,human_account,not_automation,OWNER,yes,yes,no,yes,no,5.815,572.4
,,,64,diegosouzapw/OmniRoute,llm_native,model_infra,supporting_infrastructure,pull_request,6195,https://github.com/diegosouzapw/OmniRoute/pull/6195,merged,2026-07-04T15:59:14Z,2026-07-05T05:30:16Z,2026-07-05T05:30:16Z,Theadd,CONTRIBUTOR,human_account,no,yes,yes,no,yes,no,no,no,yes,yes,no,no,no,no,no,3,no,yes,yes,yes,no,no,no,no,4,5,1,0,yes,yes,no,no,3,2,0.021,13.516,13.516,1,1,diegosouzapw,human_account,not_automation,OWNER,yes,yes,no,yes,no,0.563,572.4
,,,64,diegosouzapw/OmniRoute,llm_native,model_infra,supporting_infrastructure,issue,5123,https://github.com/diegosouzapw/OmniRoute/issues/5123,closed,2026-06-26T22:35:23Z,2026-06-27T16:20:29Z,,hertznsk,CONTRIBUTOR,human_account,no,yes,yes,yes,no,no,no,no,yes,no,no,no,no,no,no,3,no,yes,yes,yes,no,no,no,no,2,4,0,0,no,no,no,no,3,2,0.002,17.751,17.751,0,0,diegosouzapw,human_account,not_automation,OWNER,yes,yes,no,yes,no,0.74,572.4
,,,65,mlflow/mlflow,mixed,model_infra,supporting_infrastructure,pull_request,24784,https://github.com/mlflow/mlflow/pull/24784,merged,2026-07-31T04:20:05Z,2026-08-10T10:08:13Z,2026-08-10T10:08:13Z,midhunsomu,CONTRIBUTOR,human_account,no,yes,yes,yes,no,no,yes,no,yes,yes,yes,yes,no,no,no,6,no,yes,yes,yes,no,no,no,no,12,8,4,0,yes,yes,no,no,4,4,0.006,244.054,244.054,7,6,harupy,human_account,not_automation,MEMBER,yes,yes,no,yes,no,10.242,279.75
,,,65,mlflow/mlflow,mixed,model_infra,supporting_infrastructure,pull_request,25309,https://github.com/mlflow/mlflow/pull/25309,merged,2026-08-24T15:01:09Z,2026-08-27T05:39:07Z,2026-08-27T05:39:07Z,IgorShishkin12,CONTRIBUTOR,human_account,no,yes,no,no,no,no,yes,no,no,no,yes,yes,no,no,no,0,no,yes,yes,yes,no,no,no,no,7,6,2,0,yes,no,no,no,3,4,0.005,16.528,16.528,2,0,TomeHirata,human_account,not_automation,COLLABORATOR,yes,yes,no,yes,no,2.61,279.75
,,,65,mlflow/mlflow,mixed,model_infra,supporting_infrastructure,pull_request,19980,https://github.com/mlflow/mlflow/pull/19980,merged,2026-01-14T08:04:51Z,2026-01-14T10:35:04Z,2026-01-14T10:35:04Z,harupy,MEMBER,human_account,no,yes,yes,yes,no,no,yes,no,yes,yes,yes,yes,no,no,no,1,no,yes,yes,yes,no,no,no,no,3,1,2,0,yes,no,no,no,4,2,0.036,1.717,1.717,1,0,harupy,human_account,not_automation,MEMBER,yes,yes,no,no,yes,0.104,279.75
,,,65,mlflow/mlflow,mixed,model_infra,supporting_infrastructure,pull_request,20063,https://github.com/mlflow/mlflow/pull/20063,merged,2026-01-16T10:03:26Z,2026-01-17T00:50:12Z,2026-01-17T00:50:12Z,joelrobin18,COLLABORATOR,human_account,no,yes,no,no,no,no,yes,no,no,no,yes,yes,no,no,no,0,no,yes,yes,yes,no,no,no,no,4,3,1,0,yes,no,no,no,3,2,0.007,14.769,14.769,1,0,B-Step62,human_account,not_automation,COLLABORATOR,yes,yes,no,no,yes,0.616,279.75
,,,65,mlflow/mlflow,mixed,model_infra,supporting_infrastructure,pull_request,22659,https://github.com/mlflow/mlflow/pull/22659,merged,2026-04-18T05:39:45Z,2026-04-18T06:38:23Z,2026-04-18T06:38:23Z,Copilot,CONTRIBUTOR,automation_bot,no,yes,yes,yes,no,no,yes,yes,no,yes,yes,yes,no,no,no,8,no,yes,yes,yes,no,no,no,no,3,2,3,0,yes,yes,no,no,2,3,0.2,0.2,0.2,3,1,harupy,human_account,not_automation,MEMBER,yes,yes,no,yes,yes,0.041,279.75
,,,65,mlflow/mlflow,mixed,model_infra,supporting_infrastructure,pull_request,20669,https://github.com/mlflow/mlflow/pull/20669,closed_unmerged,2026-02-09T11:09:44Z,2026-02-10T12:29:43Z,,harupy,MEMBER,human_account,no,yes,yes,yes,no,no,yes,no,yes,yes,yes,yes,no,no,no,6,no,yes,yes,yes,no,no,no,no,17,18,5,0,yes,yes,no,no,5,2,0.003,2.237,2.237,9,8,harupy,human_account,not_automation,MEMBER,yes,yes,no,no,yes,1.056,279.75
,,,65,mlflow/mlflow,mixed,model_infra,supporting_infrastructure,pull_request,24681,https://github.com/mlflow/mlflow/pull/24681,merged,2026-07-27T12:39:46Z,2026-08-12T09:06:43Z,2026-08-12T09:06:43Z,yangbaechu,CONTRIBUTOR,human_account,no,yes,yes,yes,no,no,yes,no,yes,yes,yes,yes,no,no,no,2,no,yes,yes,yes,no,no,no,no,10,13,3,0,yes,yes,no,no,5,4,0.004,233.049,233.049,6,5,joshuawong-db,human_account,not_automation,COLLABORATOR,yes,yes,no,yes,no,15.852,279.75
,,,65,mlflow/mlflow,mixed,model_infra,supporting_infrastructure,pull_request,20014,https://github.com/mlflow/mlflow/pull/20014,merged,2026-01-15T07:59:34Z,2026-01-16T04:53:50Z,2026-01-16T04:53:50Z,harupy,MEMBER,human_account,no,yes,yes,yes,yes,no,yes,no,yes,yes,yes,yes,no,no,no,3,no,yes,yes,yes,no,no,no,no,4,7,6,0,yes,yes,no,no,4,2,0.003,17.253,17.253,8,8,harupy,human_account,not_automation,MEMBER,yes,yes,no,no,yes,0.871,279.75
,,,65,mlflow/mlflow,mixed,model_infra,supporting_infrastructure,pull_request,19880,https://github.com/mlflow/mlflow/pull/19880,merged,2026-01-09T18:11:23Z,2026-01-12T17:59:54Z,2026-01-12T17:59:54Z,SomtochiUmeh,COLLABORATOR,human_account,no,yes,no,no,no,no,yes,no,no,no,yes,yes,no,no,no,0,no,yes,yes,yes,no,no,no,no,12,17,3,0,yes,yes,no,no,3,2,0.167,3.245,3.245,5,2,SomtochiUmeh,human_account,not_automation,COLLABORATOR,yes,yes,no,no,yes,2.992,279.75
,,,65,mlflow/mlflow,mixed,model_infra,supporting_infrastructure,pull_request,23926,https://github.com/mlflow/mlflow/pull/23926,merged,2026-06-11T14:04:00Z,2026-06-11T22:16:36Z,2026-06-11T22:16:36Z,kriscon-db,COLLABORATOR,human_account,no,yes,no,no,no,no,yes,no,no,no,no,no,no,no,no,0,no,yes,yes,yes,no,yes,yes,yes,4,4,1,0,yes,no,no,no,3,3,0.005,,,1,0,kriscon-db,human_account,not_automation,COLLABORATOR,yes,yes,no,no,no,0.342,279.75
,,,65,mlflow/mlflow,mixed,model_infra,supporting_infrastructure,pull_request,20284,https://github.com/mlflow/mlflow/pull/20284,merged,2026-01-23T19:31:44Z,2026-01-28T06:40:40Z,2026-01-28T06:40:40Z,smoorjani,COLLABORATOR,human_account,no,yes,no,no,no,no,yes,no,no,no,yes,yes,no,no,no,0,no,yes,yes,yes,no,no,no,no,6,4,2,0,yes,yes,no,no,4,3,0.22,84.716,84.716,2,2,smoorjani,human_account,not_automation,COLLABORATOR,yes,yes,no,no,yes,4.465,279.75
,,,65,mlflow/mlflow,mixed,model_infra,supporting_infrastructure,pull_request,25126,https://github.com/mlflow/mlflow/pull/25126,open,2026-08-14T19:23:01Z,,,CodeMesh15,NONE,human_account,no,yes,no,no,no,no,yes,no,no,no,no,no,no,no,no,0,no,yes,yes,no,no,yes,yes,yes,2,2,0,0,no,no,no,no,2,1,0.004,,,1,0,,,,,no,no,no,yes,no,,279.75
,,,65,mlflow/mlflow,mixed,model_infra,supporting_infrastructure,issue,23096,https://github.com/mlflow/mlflow/issues/23096,closed,2026-05-06T15:38:20Z,2026-05-06T18:26:56Z,,xunilog,NONE,human_account,no,no,no,no,no,no,no,no,no,no,no,no,no,no,no,0,no,yes,yes,no,no,unknown,yes,yes,0,0,0,0,no,no,no,no,1,0,,,,0,0,xunilog,human_account,not_automation,NONE,yes,no,no,yes,yes,0.117,279.75
,,,65,mlflow/mlflow,mixed,model_infra,supporting_infrastructure,pull_request,24005,https://github.com/mlflow/mlflow/pull/24005,merged,2026-06-15T13:35:40Z,2026-06-15T14:32:04Z,2026-06-15T14:32:04Z,kriscon-db,COLLABORATOR,human_account,no,yes,no,no,no,no,yes,no,no,no,yes,yes,no,no,no,0,no,yes,yes,yes,no,yes,yes,yes,9,10,3,0,yes,yes,no,no,3,3,0.007,,,2,1,kriscon-db,human_account,not_automation,COLLABORATOR,yes,yes,no,no,no,0.039,279.75
,,,65,mlflow/mlflow,mixed,model_infra,supporting_infrastructure,pull_request,20139,https://github.com/mlflow/mlflow/pull/20139,merged,2026-01-20T05:58:59Z,2026-01-21T03:45:23Z,2026-01-21T03:45:23Z,joelrobin18,COLLABORATOR,human_account,no,yes,no,no,no,no,yes,no,no,no,yes,yes,no,no,no,0,no,yes,yes,yes,no,no,no,no,7,8,2,0,yes,yes,no,no,3,2,0.005,2.239,2.239,4,2,B-Step62,human_account,not_automation,COLLABORATOR,yes,yes,no,no,yes,0.907,279.75
,,,65,mlflow/mlflow,mixed,model_infra,supporting_infrastructure,pull_request,21621,https://github.com/mlflow/mlflow/pull/21621,merged,2026-03-12T11:12:30Z,2026-03-12T12:24:40Z,2026-03-12T12:24:40Z,Copilot,CONTRIBUTOR,automation_bot,no,yes,yes,yes,no,no,yes,yes,no,yes,yes,yes,no,no,no,9,no,yes,yes,yes,no,no,no,no,2,3,2,0,yes,yes,no,no,2,2,0.104,0.104,0.104,3,1,harupy,human_account,not_automation,MEMBER,yes,yes,no,yes,yes,0.05,279.75
,,,65,mlflow/mlflow,mixed,model_infra,supporting_infrastructure,pull_request,19721,https://github.com/mlflow/mlflow/pull/19721,merged,2026-01-01T20:14:41Z,2026-01-05T15:09:15Z,2026-01-05T15:09:15Z,danielseong1,COLLABORATOR,human_account,no,yes,no,no,no,no,yes,no,no,no,yes,yes,no,no,no,0,yes,yes,yes,yes,no,no,no,no,2,1,1,0,yes,no,no,no,3,2,0.138,81.303,81.303,4,0,danielseong1,human_account,not_automation,COLLABORATOR,yes,yes,no,no,yes,3.788,279.75
,,,65,mlflow/mlflow,mixed,model_infra,supporting_infrastructure,pull_request,25249,https://github.com/mlflow/mlflow/pull/25249,merged,2026-08-20T22:55:14Z,2026-08-21T17:11:16Z,2026-08-21T17:11:16Z,joshuawong-db,COLLABORATOR,human_account,no,yes,no,no,no,no,yes,no,no,no,yes,yes,no,no,no,0,no,yes,yes,yes,no,yes,yes,yes,20,23,7,0,yes,yes,no,no,3,9,0.003,,,5,4,joshuawong-db,human_account,not_automation,COLLABORATOR,yes,yes,no,no,no,0.761,279.75
,,,65,mlflow/mlflow,mixed,model_infra,supporting_infrastructure,pull_request,25025,https://github.com/mlflow/mlflow/pull/25025,merged,2026-08-12T05:04:19Z,2026-08-12T06:01:29Z,2026-08-12T06:01:29Z,aaronteo-db,COLLABORATOR,human_account,no,yes,yes,yes,no,no,yes,no,yes,yes,no,no,no,no,no,1,no,yes,yes,yes,no,yes,yes,yes,5,4,2,0,yes,no,no,no,4,3,0.004,,,1,0,aaronteo-db,human_account,not_automation,COLLABORATOR,yes,yes,no,no,no,0.04,279.75
,,,65,mlflow/mlflow,mixed,model_infra,supporting_infrastructure,pull_request,22355,https://github.com/mlflow/mlflow/pull/22355,merged,2026-04-06T06:51:06Z,2026-04-08T04:56:24Z,2026-04-08T04:56:23Z,TomeHirata,COLLABORATOR,human_account,no,yes,yes,yes,no,no,yes,no,yes,yes,yes,yes,no,no,no,10,no,yes,yes,yes,no,no,no,no,16,14,4,0,yes,yes,no,no,4,2,0.005,45.17,45.17,4,4,TomeHirata,human_account,not_automation,COLLABORATOR,yes,yes,no,no,yes,1.92,279.75
,,,66,CopilotKit/CopilotKit,llm_native,agent_framework,agent_building,pull_request,3677,https://github.com/CopilotKit/CopilotKit/pull/3677,merged,2026-04-09T00:49:16Z,2026-04-09T00:52:24Z,2026-04-09T00:52:24Z,tylerslaton,CONTRIBUTOR,human_account,no,yes,no,no,no,no,yes,no,no,no,no,no,no,no,no,0,no,yes,yes,no,no,yes,yes,yes,3,3,0,0,no,no,no,no,4,1,0.002,,,2,0,tylerslaton,human_account,not_automation,CONTRIBUTOR,yes,no,no,yes,yes,0.002,187.7
,,,66,CopilotKit/CopilotKit,llm_native,agent_framework,agent_building,issue,3159,https://github.com/CopilotKit/CopilotKit/issues/3159,closed,2026-02-06T12:58:01Z,2026-04-12T23:51:35Z,,zhcn000000,NONE,human_account,no,yes,yes,no,no,yes,no,no,yes,no,no,no,no,no,no,1,no,yes,yes,no,no,no,no,yes,2,2,0,0,no,no,no,no,3,2,0.033,1570.892,,0,0,jpr5,human_account,not_automation,CONTRIBUTOR,yes,no,no,yes,yes,65.454,187.7
,,,66,CopilotKit/CopilotKit,llm_native,agent_framework,agent_building,pull_request,6207,https://github.com/CopilotKit/CopilotKit/pull/6207,merged,2026-07-28T18:16:10Z,2026-07-28T19:11:54Z,2026-07-28T19:11:54Z,BenTaylorDev,CONTRIBUTOR,human_account,no,yes,yes,yes,no,no,yes,no,yes,no,yes,no,no,no,no,1,no,yes,yes,no,no,no,no,yes,6,4,2,0,yes,yes,no,no,5,2,0.001,0.151,,6,3,BenTaylorDev,human_account,not_automation,CONTRIBUTOR,yes,no,no,yes,no,0.039,187.7
,,,66,CopilotKit/CopilotKit,llm_native,agent_framework,agent_building,pull_request,5060,https://github.com/CopilotKit/CopilotKit/pull/5060,merged,2026-05-27T20:54:40Z,2026-05-27T22:41:51Z,2026-05-27T22:41:51Z,tylerslaton,CONTRIBUTOR,human_account,no,yes,no,no,no,no,yes,no,no,no,yes,no,no,no,no,0,no,yes,yes,no,no,no,no,yes,4,3,1,0,yes,no,no,no,5,2,0.001,1.605,,1,0,tylerslaton,human_account,not_automation,CONTRIBUTOR,yes,no,no,yes,yes,0.074,187.7
,,,66,CopilotKit/CopilotKit,llm_native,agent_framework,agent_building,pull_request,6213,https://github.com/CopilotKit/CopilotKit/pull/6213,merged,2026-07-28T21:36:37Z,2026-07-28T21:49:18Z,2026-07-28T21:49:18Z,copilotkit-bot[bot],CONTRIBUTOR,automation_bot,no,yes,no,no,no,no,yes,no,no,no,yes,no,no,no,no,0,no,yes,yes,no,no,no,no,yes,3,2,1,0,yes,no,no,no,4,1,0.046,0.203,,1,0,tylerslaton,human_account,not_automation,CONTRIBUTOR,yes,no,no,yes,no,0.009,187.7
,,,66,CopilotKit/CopilotKit,llm_native,agent_framework,agent_building,issue,3325,https://github.com/CopilotKit/CopilotKit/issues/3325,closed,2026-03-02T09:58:50Z,2026-03-06T14:04:56Z,,onlw,NONE,human_account,no,yes,yes,no,no,yes,no,no,yes,no,no,no,no,no,no,2,no,yes,yes,no,no,yes,yes,yes,2,3,0,0,no,no,no,no,2,2,0.031,,,0,0,onlw,human_account,not_automation,NONE,yes,no,no,yes,yes,4.171,187.7
,,,66,CopilotKit/CopilotKit,llm_native,agent_framework,agent_building,pull_request,3304,https://github.com/CopilotKit/CopilotKit/pull/3304,merged,2026-02-27T19:38:55Z,2026-03-05T10:27:55Z,2026-03-05T10:27:55Z,mxmzb,CONTRIBUTOR,human_account,no,yes,no,no,no,no,yes,no,no,no,yes,no,no,no,no,0,no,yes,yes,no,no,no,no,yes,6,5,1,0,yes,no,no,no,7,2,0.001,127.156,,4,0,mxmzb,human_account,not_automation,CONTRIBUTOR,yes,no,no,yes,yes,5.617,187.7
,,,66,CopilotKit/CopilotKit,llm_native,agent_framework,agent_building,pull_request,6329,https://github.com/CopilotKit/CopilotKit/pull/6329,merged,2026-08-03T14:20:30Z,2026-08-03T15:11:03Z,2026-08-03T15:11:03Z,BenTaylorDev,CONTRIBUTOR,human_account,no,no,no,no,no,no,no,no,no,no,yes,no,no,no,no,0,no,yes,yes,no,no,no,no,yes,1,0,1,0,yes,no,no,no,2,0,0.824,0.824,,1,0,BenTaylorDev,human_account,not_automation,CONTRIBUTOR,yes,no,no,yes,no,0.035,187.7
,,,66,CopilotKit/CopilotKit,llm_native,agent_framework,agent_building,pull_request,4928,https://github.com/CopilotKit/CopilotKit/pull/4928,merged,2026-05-20T12:06:33Z,2026-05-21T18:28:42Z,2026-05-21T18:28:42Z,mme,CONTRIBUTOR,human_account,no,yes,no,no,no,no,yes,no,no,no,yes,no,no,no,no,0,no,yes,yes,no,no,no,no,yes,3,2,1,0,yes,no,no,no,4,2,0.002,30.341,,1,0,mme,human_account,not_automation,CONTRIBUTOR,yes,no,no,yes,yes,1.265,187.7
,,,66,CopilotKit/CopilotKit,llm_native,agent_framework,agent_building,pull_request,6591,https://github.com/CopilotKit/CopilotKit/pull/6591,merged,2026-08-20T11:51:35Z,2026-08-21T01:28:17Z,2026-08-21T01:28:17Z,AlemTuzlak,CONTRIBUTOR,human_account,no,yes,yes,yes,no,no,yes,no,yes,no,yes,no,no,no,no,1,no,yes,yes,no,no,no,no,yes,6,4,2,0,yes,yes,no,no,5,4,0.001,13.279,,3,1,tylerslaton,human_account,not_automation,CONTRIBUTOR,yes,no,no,yes,no,0.567,187.7
,,,66,CopilotKit/CopilotKit,llm_native,agent_framework,agent_building,pull_request,4394,https://github.com/CopilotKit/CopilotKit/pull/4394,merged,2026-04-28T22:49:30Z,2026-04-28T22:52:15Z,2026-04-28T22:52:15Z,jpr5,CONTRIBUTOR,human_account,no,yes,no,no,no,no,yes,no,no,no,no,no,no,no,no,0,no,yes,yes,no,no,yes,yes,yes,2,2,0,0,no,no,no,no,3,1,0.001,,,13,0,jpr5,human_account,not_automation,CONTRIBUTOR,yes,no,no,yes,yes,0.002,187.7
,,,66,CopilotKit/CopilotKit,llm_native,agent_framework,agent_building,pull_request,4976,https://github.com/CopilotKit/CopilotKit/pull/4976,merged,2026-05-21T21:02:52Z,2026-05-21T21:51:56Z,2026-05-21T21:51:56Z,jpr5,CONTRIBUTOR,human_account,no,yes,no,no,no,no,yes,no,no,no,no,no,no,no,no,0,no,yes,yes,no,no,yes,yes,yes,2,2,0,0,no,no,no,no,3,1,0.002,,,4,0,jpr5,human_account,not_automation,CONTRIBUTOR,yes,no,no,yes,yes,0.034,187.7
,,,66,CopilotKit/CopilotKit,llm_native,agent_framework,agent_building,pull_request,4278,https://github.com/CopilotKit/CopilotKit/pull/4278,merged,2026-04-24T21:51:37Z,2026-04-24T22:14:24Z,2026-04-24T22:14:24Z,samjulien,CONTRIBUTOR,human_account,no,yes,no,no,no,no,yes,no,no,no,yes,no,no,no,no,0,no,yes,yes,no,no,no,no,yes,3,2,1,0,yes,no,no,no,4,2,0.002,0.311,,9,0,samjulien,human_account,not_automation,CONTRIBUTOR,yes,no,no,yes,yes,0.016,187.7
,,,66,CopilotKit/CopilotKit,llm_native,agent_framework,agent_building,pull_request,5141,https://github.com/CopilotKit/CopilotKit/pull/5141,merged,2026-06-01T03:51:43Z,2026-06-01T04:38:30Z,2026-06-01T04:38:30Z,jpr5,CONTRIBUTOR,human_account,no,yes,no,no,no,no,yes,no,no,no,no,no,no,no,no,0,no,yes,yes,no,no,yes,yes,yes,3,3,0,0,no,no,no,no,3,1,0.002,,,2,0,jpr5,human_account,not_automation,CONTRIBUTOR,yes,no,no,yes,no,0.032,187.7
,,,66,CopilotKit/CopilotKit,llm_native,agent_framework,agent_building,pull_request,3567,https://github.com/CopilotKit/CopilotKit/pull/3567,closed_unmerged,2026-04-01T06:59:03Z,2026-07-15T14:44:18Z,,deepshekhardas,NONE,human_account,no,no,no,no,no,no,no,no,no,no,no,no,no,no,no,0,no,yes,yes,no,no,no,no,yes,1,1,0,0,no,no,no,no,2,0,2527.754,2527.754,,7,0,BenTaylorDev,human_account,not_automation,CONTRIBUTOR,yes,no,no,yes,yes,105.323,187.7
,,,66,CopilotKit/CopilotKit,llm_native,agent_framework,agent_building,pull_request,3787,https://github.com/CopilotKit/CopilotKit/pull/3787,merged,2026-04-12T20:23:14Z,2026-04-22T10:33:14Z,2026-04-22T10:33:14Z,jpr5,CONTRIBUTOR,human_account,no,yes,no,no,no,no,yes,no,no,no,yes,no,no,no,no,0,no,yes,yes,no,no,no,no,yes,4,3,1,0,yes,no,no,no,5,2,0.002,114.437,,1,0,AlemTuzlak,human_account,not_automation,CONTRIBUTOR,yes,no,no,yes,yes,9.59,187.7
,,,66,CopilotKit/CopilotKit,llm_native,agent_framework,agent_building,issue,3266,https://github.com/CopilotKit/CopilotKit/issues/3266,open,2026-02-24T14:02:00Z,,,W123-T,NONE,human_account,no,no,no,no,no,no,no,no,no,no,no,no,no,no,no,0,no,yes,yes,no,no,unknown,yes,yes,0,0,0,0,no,no,no,no,1,0,,,,0,0,,,,,no,no,no,yes,yes,,187.7
,,,66,CopilotKit/CopilotKit,llm_native,agent_framework,agent_building,pull_request,3852,https://github.com/CopilotKit/CopilotKit/pull/3852,merged,2026-04-12T22:25:38Z,2026-04-14T21:06:11Z,2026-04-14T21:06:11Z,jpr5,CONTRIBUTOR,human_account,no,yes,no,no,no,no,yes,no,no,no,yes,no,no,no,no,0,no,yes,yes,no,no,no,no,yes,6,4,2,0,yes,no,no,no,6,2,0.003,14.35,,1,0,jpr5,human_account,not_automation,CONTRIBUTOR,yes,no,no,yes,yes,1.945,187.7
,,,66,CopilotKit/CopilotKit,llm_native,agent_framework,agent_building,pull_request,3829,https://github.com/CopilotKit/CopilotKit/pull/3829,merged,2026-04-12T22:05:47Z,2026-04-16T09:59:22Z,2026-04-16T09:59:22Z,jpr5,CONTRIBUTOR,human_account,no,yes,no,no,no,no,yes,no,no,no,yes,no,no,no,no,0,no,yes,yes,no,no,no,no,yes,5,4,1,0,yes,no,no,no,6,2,0.003,83.889,,1,0,AlemTuzlak,human_account,not_automation,CONTRIBUTOR,yes,no,no,yes,yes,3.496,187.7
,,,66,CopilotKit/CopilotKit,llm_native,agent_framework,agent_building,pull_request,6757,https://github.com/CopilotKit/CopilotKit/pull/6757,closed_unmerged,2026-08-28T14:09:32Z,2026-08-28T14:41:27Z,,mme,CONTRIBUTOR,human_account,no,no,no,no,no,no,no,no,no,no,no,no,no,no,no,0,no,yes,yes,no,no,unknown,yes,yes,0,1,0,0,no,no,no,no,1,0,,,,7,0,mme,human_account,not_automation,CONTRIBUTOR,yes,no,no,yes,no,0.022,187.7
,,,67,langfuse/langfuse,llm_native,agent_runtime_infra,supporting_infrastructure,pull_request,13229,https://github.com/langfuse/langfuse/pull/13229,merged,2026-04-17T09:41:37Z,2026-04-17T09:56:47Z,2026-04-17T09:56:47Z,wochinge,CONTRIBUTOR,human_account,no,yes,yes,yes,no,yes,yes,no,yes,yes,no,no,no,no,no,5,yes,yes,yes,no,no,yes,yes,yes,3,2,1,0,yes,no,no,no,3,1,0.003,,,1,0,wochinge,human_account,not_automation,CONTRIBUTOR,yes,no,no,yes,yes,0.011,235.4
,,,67,langfuse/langfuse,llm_native,agent_runtime_infra,supporting_infrastructure,pull_request,14786,https://github.com/langfuse/langfuse/pull/14786,closed_unmerged,2026-07-04T11:50:47Z,2026-07-06T13:34:39Z,,hassiebp,CONTRIBUTOR,human_account,no,no,no,no,no,no,no,no,no,no,no,no,no,no,no,0,no,yes,yes,no,no,unknown,yes,yes,0,0,0,0,no,no,no,no,1,0,,,,1,0,hassiebp,human_account,not_automation,CONTRIBUTOR,yes,no,no,yes,no,2.072,235.4
,,,67,langfuse/langfuse,llm_native,agent_runtime_infra,supporting_infrastructure,pull_request,13755,https://github.com/langfuse/langfuse/pull/13755,merged,2026-05-20T16:47:29Z,2026-05-20T17:01:44Z,2026-05-20T17:01:44Z,wochinge,CONTRIBUTOR,human_account,no,yes,yes,yes,no,yes,no,no,yes,yes,no,no,no,no,no,12,no,yes,yes,no,no,yes,yes,yes,5,4,2,0,yes,no,no,no,3,1,0.182,,,18,0,wochinge,human_account,not_automation,CONTRIBUTOR,yes,no,no,yes,yes,0.01,235.4
,,,67,langfuse/langfuse,llm_native,agent_runtime_infra,supporting_infrastructure,pull_request,13396,https://github.com/langfuse/langfuse/pull/13396,closed_unmerged,2026-04-28T22:55:59Z,2026-04-29T03:45:45Z,,dependabot[bot],CONTRIBUTOR,automation_bot,no,yes,yes,yes,no,yes,yes,no,yes,yes,no,no,no,no,no,2,no,yes,no,no,no,yes,yes,yes,1,1,1,0,yes,no,no,no,2,0,0.027,,,1,0,nimarb,human_account,not_automation,CONTRIBUTOR,yes,no,no,yes,yes,0.201,235.4
,,,67,langfuse/langfuse,llm_native,agent_runtime_infra,supporting_infrastructure,pull_request,12798,https://github.com/langfuse/langfuse/pull/12798,open,2026-03-25T15:07:19Z,,,vgretchenliev,NONE,human_account,no,yes,yes,yes,no,yes,no,no,yes,yes,no,no,no,no,no,2,no,yes,yes,no,no,no,no,yes,2,1,1,0,yes,yes,no,no,3,2,0.002,0.009,,2,2,,,,,no,no,no,yes,yes,,235.4
,,,67,langfuse/langfuse,llm_native,agent_runtime_infra,supporting_infrastructure,pull_request,16591,https://github.com/langfuse/langfuse/pull/16591,merged,2026-08-26T08:59:52Z,2026-08-26T12:14:27Z,2026-08-26T12:14:26Z,bezbac,MEMBER,human_account,no,yes,yes,yes,no,yes,yes,no,yes,no,no,no,no,no,no,6,yes,yes,yes,yes,no,yes,yes,yes,3,4,0,0,no,no,no,no,3,2,0.003,,,4,0,bezbac,human_account,not_automation,MEMBER,yes,yes,no,no,no,0.135,235.4
,,,67,langfuse/langfuse,llm_native,agent_runtime_infra,supporting_infrastructure,issue,11919,https://github.com/langfuse/langfuse/issues/11919,closed,2026-02-06T17:52:06Z,2026-02-07T10:57:27Z,,DavidVollmers,NONE,human_account,no,yes,yes,no,no,yes,no,no,yes,no,no,no,no,no,no,1,no,yes,yes,no,no,no,no,yes,3,8,0,0,no,no,no,no,4,2,0.059,1.809,,0,0,DavidVollmers,human_account,not_automation,NONE,yes,no,no,yes,yes,0.712,235.4
,,,67,langfuse/langfuse,llm_native,agent_runtime_infra,supporting_infrastructure,pull_request,11993,https://github.com/langfuse/langfuse/pull/11993,merged,2026-02-11T16:42:00Z,2026-02-11T17:23:54Z,2026-02-11T17:23:54Z,dustinhealy,CONTRIBUTOR,human_account,no,yes,yes,no,no,yes,yes,no,no,no,no,no,no,no,no,2,no,yes,yes,yes,no,no,no,no,2,2,0,0,no,no,no,no,3,0,0.002,0.002,0.394,1,0,marliessophie,human_account,not_automation,MEMBER,yes,yes,no,yes,yes,0.029,235.4
,,,67,langfuse/langfuse,llm_native,agent_runtime_infra,supporting_infrastructure,pull_request,16072,https://github.com/langfuse/langfuse/pull/16072,open,2026-08-13T11:54:16Z,,,sumerman,CONTRIBUTOR,human_account,no,yes,no,no,no,no,yes,no,no,no,no,no,no,no,no,0,no,yes,yes,no,no,yes,yes,yes,2,2,0,0,no,no,no,no,2,1,0.004,,,1,0,,,,,no,no,no,yes,no,,235.4
,,,67,langfuse/langfuse,llm_native,agent_runtime_infra,supporting_infrastructure,pull_request,12948,https://github.com/langfuse/langfuse/pull/12948,merged,2026-04-01T16:18:13Z,2026-04-08T15:14:05Z,2026-04-08T15:14:05Z,yskim1501,NONE,human_account,no,yes,yes,yes,no,yes,yes,no,yes,yes,no,no,no,no,no,7,yes,yes,yes,no,no,no,no,yes,6,7,2,0,yes,yes,no,no,4,4,0.001,0.109,,7,5,nimarb,human_account,not_automation,CONTRIBUTOR,yes,no,no,yes,yes,6.955,235.4
,,,67,langfuse/langfuse,llm_native,agent_runtime_infra,supporting_infrastructure,pull_request,14160,https://github.com/langfuse/langfuse/pull/14160,open,2026-06-10T12:08:44Z,,,ciri-cuervo,NONE,human_account,no,yes,yes,yes,yes,yes,no,no,yes,yes,yes,no,no,no,no,9,yes,yes,yes,no,no,no,no,yes,9,7,3,0,yes,yes,no,no,4,6,0.001,187.879,,4,3,,,,,no,no,no,yes,no,,235.4
,,,67,langfuse/langfuse,llm_native,agent_runtime_infra,supporting_infrastructure,pull_request,15990,https://github.com/langfuse/langfuse/pull/15990,merged,2026-08-11T11:08:15Z,2026-08-11T11:20:58Z,2026-08-11T11:20:58Z,nimarb,CONTRIBUTOR,human_account,no,yes,yes,yes,no,yes,yes,no,yes,yes,no,no,no,no,no,5,yes,yes,yes,no,no,yes,yes,yes,3,2,1,0,yes,no,no,no,3,1,0.004,,,1,0,nimarb,human_account,not_automation,CONTRIBUTOR,yes,no,no,yes,no,0.009,235.4
,,,67,langfuse/langfuse,llm_native,agent_runtime_infra,supporting_infrastructure,pull_request,12353,https://github.com/langfuse/langfuse/pull/12353,merged,2026-03-03T09:32:54Z,2026-03-03T10:12:23Z,2026-03-03T10:12:23Z,marliessophie,MEMBER,human_account,no,yes,yes,no,no,yes,yes,no,no,no,no,no,no,no,no,4,no,yes,yes,yes,no,unknown,yes,yes,0,0,0,0,no,no,no,no,1,0,,,,1,0,marliessophie,human_account,not_automation,MEMBER,yes,yes,no,no,yes,0.027,235.4
,,,67,langfuse/langfuse,llm_native,agent_runtime_infra,supporting_infrastructure,pull_request,15848,https://github.com/langfuse/langfuse/pull/15848,closed_unmerged,2026-08-06T14:23:55Z,2026-08-06T14:46:55Z,,nmtrang29,CONTRIBUTOR,human_account,no,yes,no,no,no,no,yes,no,no,no,no,no,no,no,no,0,no,yes,yes,no,no,yes,yes,yes,2,2,0,0,no,no,no,no,2,1,0.003,,,1,0,nmtrang29,human_account,not_automation,CONTRIBUTOR,yes,no,no,yes,no,0.016,235.4
,,,67,langfuse/langfuse,llm_native,agent_runtime_infra,supporting_infrastructure,pull_request,11787,https://github.com/langfuse/langfuse/pull/11787,merged,2026-01-29T10:13:25Z,2026-01-29T13:09:03Z,2026-01-29T13:09:03Z,nimarb,CONTRIBUTOR,human_account,no,yes,yes,no,no,yes,no,no,no,no,no,no,no,no,no,3,no,yes,yes,no,no,unknown,yes,yes,0,0,0,0,no,no,no,no,1,0,,,,4,0,nimarb,human_account,not_automation,CONTRIBUTOR,yes,no,no,yes,yes,0.122,235.4
,,,67,langfuse/langfuse,llm_native,agent_runtime_infra,supporting_infrastructure,pull_request,12006,https://github.com/langfuse/langfuse/pull/12006,closed_unmerged,2026-02-12T15:48:08Z,2026-02-18T10:23:10Z,,sumerman,CONTRIBUTOR,human_account,no,yes,yes,no,no,yes,no,no,no,no,no,no,no,no,no,1,no,yes,yes,no,no,unknown,yes,yes,0,0,0,0,no,no,no,no,1,0,,,,1,0,sumerman,human_account,not_automation,CONTRIBUTOR,yes,no,no,yes,yes,5.774,235.4
,,,67,langfuse/langfuse,llm_native,agent_runtime_infra,supporting_infrastructure,pull_request,13616,https://github.com/langfuse/langfuse/pull/13616,merged,2026-05-13T12:22:17Z,2026-05-13T12:28:11Z,2026-05-13T12:28:11Z,wochinge,CONTRIBUTOR,human_account,no,yes,yes,yes,no,yes,yes,no,yes,yes,no,no,no,no,no,4,yes,yes,yes,no,no,yes,yes,yes,2,1,1,0,yes,no,no,no,3,1,0.005,,,1,0,wochinge,human_account,not_automation,CONTRIBUTOR,yes,no,no,yes,yes,0.004,235.4
,,,67,langfuse/langfuse,llm_native,agent_runtime_infra,supporting_infrastructure,pull_request,12480,https://github.com/langfuse/langfuse/pull/12480,closed_unmerged,2026-03-09T21:12:04Z,2026-03-22T10:31:20Z,,maxdeichmann,MEMBER,human_account,no,yes,yes,no,no,yes,no,no,no,no,no,no,no,no,no,2,no,yes,yes,yes,no,unknown,yes,yes,0,0,0,0,no,no,no,no,1,0,,,,1,0,maxdeichmann,human_account,not_automation,MEMBER,yes,yes,no,no,yes,12.555,235.4
,,,67,langfuse/langfuse,llm_native,agent_runtime_infra,supporting_infrastructure,pull_request,16759,https://github.com/langfuse/langfuse/pull/16759,merged,2026-08-28T09:53:00Z,2026-08-28T11:03:36Z,2026-08-28T11:03:36Z,maxdeichmann,MEMBER,human_account,no,yes,yes,yes,no,yes,yes,no,yes,yes,no,no,no,no,no,5,yes,yes,yes,yes,no,yes,yes,yes,4,3,1,0,yes,no,no,no,4,1,0.003,,,1,0,maxdeichmann,human_account,not_automation,MEMBER,yes,yes,no,no,no,0.049,235.4
,,,67,langfuse/langfuse,llm_native,agent_runtime_infra,supporting_infrastructure,issue,11402,https://github.com/langfuse/langfuse/issues/11402,closed,2026-01-06T11:52:27Z,2026-01-07T03:24:01Z,,eternalQianQian,NONE,human_account,no,yes,yes,no,no,yes,no,no,yes,no,no,no,no,no,no,1,no,yes,yes,no,no,no,no,yes,2,2,0,0,no,no,no,no,3,2,0.085,5.226,,0,0,eternalQianQian,human_account,not_automation,NONE,yes,no,no,yes,yes,0.647,235.4
,,,68,multica-ai/multica,llm_native,agent_framework,agent_building,pull_request,165,https://github.com/multica-ai/multica/pull/165,merged,2026-03-29T07:44:39Z,2026-03-29T07:46:39Z,2026-03-29T07:46:39Z,forrestchang,COLLABORATOR,human_account,no,no,no,no,no,no,no,no,no,no,no,no,no,no,no,0,no,yes,yes,yes,no,unknown,yes,yes,0,0,0,0,no,no,no,no,1,0,,,,1,0,forrestchang,human_account,not_automation,COLLABORATOR,yes,yes,no,no,yes,0.001,380.2
,,,68,multica-ai/multica,llm_native,agent_framework,agent_building,pull_request,676,https://github.com/multica-ai/multica/pull/676,closed_unmerged,2026-04-10T17:38:11Z,2026-07-17T06:24:30Z,,zerone0x,CONTRIBUTOR,human_account,no,yes,no,no,no,no,yes,no,no,no,no,no,no,no,no,0,no,yes,yes,yes,no,no,no,no,4,4,0,0,no,no,no,no,3,4,0.001,13.276,13.276,2,0,Bohan-J,human_account,not_automation,COLLABORATOR,yes,yes,no,yes,yes,97.532,380.2
,,,68,multica-ai/multica,llm_native,agent_framework,agent_building,pull_request,957,https://github.com/multica-ai/multica/pull/957,merged,2026-04-14T06:55:56Z,2026-04-14T06:56:47Z,2026-04-14T06:56:47Z,Bohan-J,COLLABORATOR,human_account,no,yes,no,no,no,no,yes,no,no,no,no,no,no,no,no,0,no,yes,yes,yes,no,yes,yes,yes,1,1,0,0,no,no,no,no,2,1,0.001,,,1,0,Bohan-J,human_account,not_automation,COLLABORATOR,yes,yes,no,no,yes,0.001,380.2
,,,68,multica-ai/multica,llm_native,agent_framework,agent_building,pull_request,6572,https://github.com/multica-ai/multica/pull/6572,merged,2026-08-07T08:13:55Z,2026-08-07T09:22:46Z,2026-08-07T09:22:46Z,yyclaw,COLLABORATOR,human_account,no,yes,no,no,no,no,yes,no,no,no,yes,yes,no,no,no,0,no,yes,yes,yes,no,no,no,no,2,1,1,0,yes,no,no,no,3,2,0.002,1.143,1.143,1,0,multica-eve,human_account,not_automation,COLLABORATOR,yes,yes,no,no,no,0.048,380.2
,,,68,multica-ai/multica,llm_native,agent_framework,agent_building,pull_request,4231,https://github.com/multica-ai/multica/pull/4231,merged,2026-06-17T05:53:52Z,2026-06-17T06:42:39Z,2026-06-17T06:42:39Z,NevilleQingNY,COLLABORATOR,human_account,no,yes,no,no,no,no,yes,no,no,no,no,no,no,no,no,0,no,yes,yes,yes,no,yes,yes,yes,1,1,0,0,no,no,no,no,2,1,0.009,,,3,0,NevilleQingNY,human_account,not_automation,COLLABORATOR,yes,yes,no,no,no,0.034,380.2
,,,68,multica-ai/multica,llm_native,agent_framework,agent_building,pull_request,243,https://github.com/multica-ai/multica/pull/243,merged,2026-03-31T11:14:17Z,2026-03-31T11:17:58Z,2026-03-31T11:17:58Z,NevilleQingNY,COLLABORATOR,human_account,no,yes,no,no,no,no,yes,no,no,no,no,no,no,no,no,0,no,yes,yes,yes,no,yes,yes,yes,1,1,0,0,no,no,no,no,2,1,0.0,,,1,0,NevilleQingNY,human_account,not_automation,COLLABORATOR,yes,yes,no,no,yes,0.003,380.2
,,,68,multica-ai/multica,llm_native,agent_framework,agent_building,issue,100,https://github.com/multica-ai/multica/issues/100,closed,2026-01-23T07:31:56Z,2026-01-23T07:47:34Z,,NevilleQingNY,COLLABORATOR,human_account,no,no,no,no,no,no,no,no,no,no,no,no,no,no,no,0,no,yes,yes,yes,no,unknown,yes,yes,0,1,0,0,no,no,no,no,1,0,,,,0,0,NevilleQingNY,human_account,not_automation,COLLABORATOR,yes,yes,no,no,yes,0.011,380.2
,,,68,multica-ai/multica,llm_native,agent_framework,agent_building,pull_request,7101,https://github.com/multica-ai/multica/pull/7101,closed_unmerged,2026-08-17T17:37:52Z,2026-08-18T12:19:24Z,,plotome,NONE,human_account,no,yes,no,no,no,no,yes,no,no,no,no,no,no,no,no,0,no,yes,yes,no,no,yes,yes,yes,1,1,0,0,no,no,no,no,2,1,0.002,,,1,0,plotome,human_account,not_automation,NONE,yes,no,no,yes,no,0.779,380.2
,,,68,multica-ai/multica,llm_native,agent_framework,agent_building,pull_request,4064,https://github.com/multica-ai/multica/pull/4064,closed_unmerged,2026-06-12T08:36:46Z,2026-06-12T08:38:39Z,,tasu64,NONE,human_account,no,yes,no,no,no,no,yes,no,no,no,no,no,no,no,no,0,no,yes,yes,no,no,yes,yes,yes,1,1,0,0,no,no,no,no,2,1,0.002,,,1,0,tasu64,human_account,not_automation,NONE,yes,no,no,yes,no,0.001,380.2
,,,68,multica-ai/multica,llm_native,agent_framework,agent_building,pull_request,2407,https://github.com/multica-ai/multica/pull/2407,merged,2026-05-11T08:09:24Z,2026-05-11T08:33:42Z,2026-05-11T08:33:42Z,Bohan-J,COLLABORATOR,human_account,no,yes,no,no,no,no,yes,no,no,no,no,no,no,no,no,0,no,yes,yes,yes,no,yes,yes,yes,1,1,0,0,no,no,no,no,2,1,0.014,,,2,0,multica-eve,human_account,not_automation,COLLABORATOR,yes,yes,no,no,yes,0.017,380.2
,,,68,multica-ai/multica,llm_native,agent_framework,agent_building,pull_request,397,https://github.com/multica-ai/multica/pull/397,closed_unmerged,2026-04-03T15:58:37Z,2026-04-04T19:15:02Z,,forrestchang,COLLABORATOR,human_account,no,yes,no,no,no,no,yes,no,no,no,no,no,no,no,no,0,no,yes,yes,yes,no,yes,yes,yes,1,1,0,0,no,no,no,no,2,1,0.003,,,1,0,forrestchang,human_account,not_automation,COLLABORATOR,yes,yes,no,no,yes,1.136,380.2
,,,68,multica-ai/multica,llm_native,agent_framework,agent_building,pull_request,7674,https://github.com/multica-ai/multica/pull/7674,merged,2026-08-28T02:44:52Z,2026-08-28T07:33:52Z,2026-08-28T07:33:52Z,importcpp,CONTRIBUTOR,human_account,no,yes,no,no,no,no,yes,no,no,no,yes,yes,no,yes,no,0,no,yes,yes,yes,no,no,no,no,3,2,2,1,yes,yes,yes,yes,3,2,0.003,2.522,2.522,3,1,Bohan-J,human_account,not_automation,COLLABORATOR,yes,yes,no,yes,no,0.201,380.2
,,,68,multica-ai/multica,llm_native,agent_framework,agent_building,pull_request,4456,https://github.com/multica-ai/multica/pull/4456,merged,2026-06-23T08:30:23Z,2026-06-23T08:52:46Z,2026-06-23T08:52:46Z,Bohan-J,COLLABORATOR,human_account,no,yes,no,no,no,no,yes,no,no,no,no,no,no,no,no,0,no,yes,yes,yes,no,yes,yes,yes,1,1,0,0,no,no,no,no,2,1,0.018,,,1,0,Bohan-J,human_account,not_automation,COLLABORATOR,yes,yes,no,no,no,0.016,380.2
,,,68,multica-ai/multica,llm_native,agent_framework,agent_building,pull_request,6739,https://github.com/multica-ai/multica/pull/6739,closed_unmerged,2026-08-11T04:27:54Z,2026-08-11T05:57:41Z,,HuAzurestar,NONE,human_account,no,yes,no,no,no,no,yes,no,no,no,no,no,no,no,no,0,no,yes,yes,yes,no,no,no,no,2,2,0,0,no,no,no,no,3,2,0.002,1.495,1.495,5,0,Bohan-J,human_account,not_automation,COLLABORATOR,yes,yes,no,yes,no,0.062,380.2
,,,68,multica-ai/multica,llm_native,agent_framework,agent_building,issue,1503,https://github.com/multica-ai/multica/issues/1503,closed,2026-04-22T09:39:05Z,2026-04-22T11:02:08Z,,MSandro,CONTRIBUTOR,human_account,no,no,no,no,no,no,no,no,no,no,no,no,no,no,no,0,no,yes,yes,yes,no,no,no,no,1,1,0,0,no,no,no,no,2,0,0.719,0.719,0.719,0,0,Bohan-J,human_account,not_automation,COLLABORATOR,yes,yes,no,yes,yes,0.058,380.2
,,,68,multica-ai/multica,llm_native,agent_framework,agent_building,pull_request,2805,https://github.com/multica-ai/multica/pull/2805,merged,2026-05-18T10:11:41Z,2026-05-18T10:16:46Z,2026-05-18T10:16:46Z,Bohan-J,COLLABORATOR,human_account,no,yes,no,no,no,no,yes,no,no,no,no,no,no,no,no,0,no,yes,yes,yes,no,yes,yes,yes,1,1,0,0,no,no,no,no,2,1,0.002,,,1,0,Bohan-J,human_account,not_automation,COLLABORATOR,yes,yes,no,no,yes,0.004,380.2
,,,68,multica-ai/multica,llm_native,agent_framework,agent_building,pull_request,3170,https://github.com/multica-ai/multica/pull/3170,closed_unmerged,2026-05-24T16:21:41Z,2026-05-25T07:04:22Z,,marovole,CONTRIBUTOR,human_account,no,yes,no,no,no,no,yes,no,no,no,no,no,no,no,no,0,no,yes,yes,yes,no,no,no,no,2,2,0,0,no,no,no,no,3,2,0.002,14.71,14.71,1,0,Bohan-J,human_account,not_automation,COLLABORATOR,yes,yes,no,yes,yes,0.613,380.2
,,,68,multica-ai/multica,llm_native,agent_framework,agent_building,pull_request,3417,https://github.com/multica-ai/multica/pull/3417,merged,2026-05-28T04:27:10Z,2026-05-28T04:36:17Z,2026-05-28T04:36:16Z,Bohan-J,COLLABORATOR,human_account,no,yes,no,no,no,no,yes,no,no,no,no,no,no,no,no,0,no,yes,yes,yes,no,yes,yes,yes,1,1,0,0,no,no,no,no,2,1,0.02,,,1,0,Bohan-J,human_account,not_automation,COLLABORATOR,yes,yes,no,no,yes,0.006,380.2
,,,68,multica-ai/multica,llm_native,agent_framework,agent_building,pull_request,5961,https://github.com/multica-ai/multica/pull/5961,merged,2026-07-26T18:28:24Z,2026-07-26T18:38:26Z,2026-07-26T18:38:26Z,Bohan-J,COLLABORATOR,human_account,no,yes,no,no,no,no,yes,no,no,no,no,no,no,no,no,0,no,yes,yes,yes,no,yes,yes,yes,1,1,0,0,no,no,no,no,2,1,0.02,,,1,0,Bohan-J,human_account,not_automation,COLLABORATOR,yes,yes,no,no,no,0.007,380.2
,,,68,multica-ai/multica,llm_native,agent_framework,agent_building,pull_request,6756,https://github.com/multica-ai/multica/pull/6756,merged,2026-08-11T08:56:54Z,2026-08-12T07:02:03Z,2026-08-12T07:02:03Z,ADanMan,CONTRIBUTOR,human_account,no,yes,no,no,no,no,yes,no,no,no,yes,yes,no,yes,no,0,no,yes,yes,yes,no,no,no,no,3,2,2,1,yes,yes,yes,yes,3,2,0.002,1.111,1.111,3,1,Bohan-J,human_account,not_automation,COLLABORATOR,yes,yes,no,yes,no,0.92,380.2
,,,69,coze-dev/coze-loop,llm_native,agent_runtime_infra,supporting_infrastructure,issue,578,https://github.com/coze-dev/coze-loop/issues/578,open,2026-07-13T04:16:57Z,,,zehua-zehua,NONE,human_account,no,no,no,no,no,no,no,no,no,no,no,no,no,no,no,0,no,yes,yes,no,no,unknown,yes,yes,0,0,0,0,no,no,no,no,1,0,,,,0,0,,,,,no,no,no,yes,no,,13.35
,,,69,coze-dev/coze-loop,llm_native,agent_runtime_infra,supporting_infrastructure,issue,384,https://github.com/coze-dev/coze-loop/issues/384,closed,2026-01-07T13:14:23Z,2026-03-20T03:30:03Z,,Lysssyo,CONTRIBUTOR,human_account,no,no,no,no,no,no,no,no,no,no,no,no,no,no,no,0,no,yes,yes,yes,no,no,no,no,2,2,0,0,no,no,no,no,3,0,0.132,0.132,0.132,0,0,lsy357,human_account,not_automation,COLLABORATOR,yes,yes,no,yes,yes,71.594,13.35
,,,69,coze-dev/coze-loop,llm_native,agent_runtime_infra,supporting_infrastructure,pull_request,588,https://github.com/coze-dev/coze-loop/pull/588,merged,2026-07-23T02:45:16Z,2026-07-23T06:02:32Z,2026-07-23T06:02:32Z,cuichen01,COLLABORATOR,human_account,no,yes,no,no,no,no,yes,no,no,no,yes,yes,no,no,no,0,no,yes,yes,yes,no,no,no,no,3,1,2,0,yes,no,no,no,4,2,1.153,3.26,3.26,3,0,cuichen01,human_account,not_automation,COLLABORATOR,yes,yes,no,no,no,0.137,13.35
,,,69,coze-dev/coze-loop,llm_native,agent_runtime_infra,supporting_infrastructure,pull_request,398,https://github.com/coze-dev/coze-loop/pull/398,merged,2026-01-20T11:43:30Z,2026-01-20T12:28:39Z,2026-01-20T12:28:39Z,lsy357,COLLABORATOR,human_account,no,no,no,no,no,no,no,no,no,no,yes,yes,no,no,no,0,no,yes,yes,yes,no,no,no,no,2,0,2,0,yes,no,no,no,3,0,0.61,0.61,0.61,4,0,lsy357,human_account,not_automation,COLLABORATOR,yes,yes,no,no,yes,0.031,13.35
,,,69,coze-dev/coze-loop,llm_native,agent_runtime_infra,supporting_infrastructure,pull_request,377,https://github.com/coze-dev/coze-loop/pull/377,merged,2026-01-05T11:47:20Z,2026-01-05T11:52:12Z,2026-01-05T11:52:12Z,Mrsosann,COLLABORATOR,human_account,no,no,no,no,no,no,no,no,no,no,no,no,no,no,no,0,no,yes,yes,yes,no,unknown,yes,yes,0,0,0,0,no,no,no,no,1,0,,,,1,0,ZiQiangWang,human_account,not_automation,COLLABORATOR,yes,yes,no,no,yes,0.003,13.35
,,,69,coze-dev/coze-loop,llm_native,agent_runtime_infra,supporting_infrastructure,pull_request,510,https://github.com/coze-dev/coze-loop/pull/510,merged,2026-04-29T07:39:23Z,2026-04-29T09:08:41Z,2026-04-29T09:08:41Z,lsy357,COLLABORATOR,human_account,no,yes,no,no,no,no,yes,no,no,no,yes,yes,no,yes,no,0,no,yes,yes,yes,no,no,no,no,6,3,3,1,yes,yes,yes,yes,5,2,0.229,0.229,0.229,5,1,lsy357,human_account,not_automation,COLLABORATOR,yes,yes,no,no,yes,0.062,13.35
,,,69,coze-dev/coze-loop,llm_native,agent_runtime_infra,supporting_infrastructure,pull_request,372,https://github.com/coze-dev/coze-loop/pull/372,open,2026-01-04T08:40:52Z,,,Lysssyo,CONTRIBUTOR,human_account,no,no,no,no,no,no,no,no,no,no,no,no,no,no,no,0,no,yes,yes,no,no,no,no,yes,2,2,0,0,no,no,no,no,2,0,0.002,0.002,,1,0,,,,,no,no,no,yes,yes,,13.35
,,,69,coze-dev/coze-loop,llm_native,agent_runtime_infra,supporting_infrastructure,pull_request,569,https://github.com/coze-dev/coze-loop/pull/569,merged,2026-06-30T12:26:50Z,2026-07-06T11:36:48Z,2026-07-06T11:36:48Z,xueyizheng,COLLABORATOR,human_account,no,yes,no,no,no,no,yes,no,no,no,yes,yes,no,no,no,0,no,yes,yes,yes,no,no,no,no,3,1,2,0,yes,no,no,no,4,2,0.493,141.106,141.106,14,0,xueyizheng,human_account,not_automation,COLLABORATOR,yes,yes,no,no,no,5.965,13.35
,,,69,coze-dev/coze-loop,llm_native,agent_runtime_infra,supporting_infrastructure,pull_request,445,https://github.com/coze-dev/coze-loop/pull/445,merged,2026-03-04T04:37:36Z,2026-03-04T09:24:50Z,2026-03-04T09:24:50Z,lsy357,COLLABORATOR,human_account,no,yes,no,no,no,no,yes,no,no,no,yes,yes,no,no,no,0,no,yes,yes,yes,no,no,no,no,4,1,3,0,yes,yes,no,no,5,2,1.938,1.938,1.938,9,3,lsy357,human_account,not_automation,COLLABORATOR,yes,yes,no,no,yes,0.199,13.35
,,,69,coze-dev/coze-loop,llm_native,agent_runtime_infra,supporting_infrastructure,pull_request,572,https://github.com/coze-dev/coze-loop/pull/572,merged,2026-07-03T11:09:08Z,2026-07-03T11:33:35Z,2026-07-03T11:33:35Z,Tiny1028,COLLABORATOR,human_account,no,yes,no,no,no,no,yes,no,no,no,yes,yes,no,no,no,0,no,yes,yes,yes,no,no,no,no,3,1,2,0,yes,no,no,no,4,1,0.044,0.044,0.044,1,0,Tiny1028,human_account,not_automation,COLLABORATOR,yes,yes,no,no,no,0.017,13.35
,,,69,coze-dev/coze-loop,llm_native,agent_runtime_infra,supporting_infrastructure,pull_request,597,https://github.com/coze-dev/coze-loop/pull/597,merged,2026-07-27T08:00:53Z,2026-07-28T03:39:39Z,2026-07-28T03:39:39Z,tpfz,COLLABORATOR,human_account,no,yes,no,no,no,no,yes,no,no,no,yes,yes,no,no,no,0,no,yes,yes,yes,no,no,no,no,3,1,2,0,yes,no,no,no,4,2,1.658,19.607,19.607,18,0,tpfz,human_account,not_automation,COLLABORATOR,yes,yes,no,no,no,0.819,13.35
,,,69,coze-dev/coze-loop,llm_native,agent_runtime_infra,supporting_infrastructure,pull_request,463,https://github.com/coze-dev/coze-loop/pull/463,merged,2026-03-19T15:27:24Z,2026-03-20T08:14:33Z,2026-03-20T08:14:33Z,taoyifan89,COLLABORATOR,human_account,no,yes,no,no,no,no,yes,no,no,no,yes,yes,no,no,no,0,no,yes,yes,yes,no,no,no,no,3,1,2,0,yes,no,no,no,4,2,16.119,16.613,16.613,5,0,taoyifan89,human_account,not_automation,COLLABORATOR,yes,yes,no,no,yes,0.699,13.35
,,,69,coze-dev/coze-loop,llm_native,agent_runtime_infra,supporting_infrastructure,pull_request,626,https://github.com/coze-dev/coze-loop/pull/626,merged,2026-08-24T07:27:59Z,2026-08-24T09:28:50Z,2026-08-24T09:28:50Z,ming845378603,COLLABORATOR,human_account,no,yes,no,no,no,no,yes,no,no,no,yes,yes,no,no,no,0,no,yes,yes,yes,no,no,no,no,4,2,2,0,yes,no,no,no,5,2,1.297,1.297,1.954,53,0,ming845378603,human_account,not_automation,COLLABORATOR,yes,yes,no,no,no,0.084,13.35
,,,69,coze-dev/coze-loop,llm_native,agent_runtime_infra,supporting_infrastructure,pull_request,636,https://github.com/coze-dev/coze-loop/pull/636,merged,2026-08-25T10:11:34Z,2026-08-28T02:50:00Z,2026-08-28T02:50:00Z,cuichen01,COLLABORATOR,human_account,no,yes,no,no,no,no,yes,no,no,no,yes,yes,no,no,no,0,no,yes,yes,yes,no,no,no,no,3,1,2,0,yes,no,no,no,4,2,0.57,49.574,49.574,6,0,cuichen01,human_account,not_automation,COLLABORATOR,yes,yes,no,no,no,2.693,13.35
,,,69,coze-dev/coze-loop,llm_native,agent_runtime_infra,supporting_infrastructure,pull_request,614,https://github.com/coze-dev/coze-loop/pull/614,open,2026-08-12T19:07:19Z,,,octo-patch,NONE,human_account,no,no,no,no,no,no,no,no,no,no,no,no,no,no,no,0,no,yes,yes,no,no,unknown,yes,yes,0,0,0,0,no,no,no,no,1,0,,,,1,0,,,,,no,no,no,yes,no,,13.35
,,,69,coze-dev/coze-loop,llm_native,agent_runtime_infra,supporting_infrastructure,pull_request,486,https://github.com/coze-dev/coze-loop/pull/486,merged,2026-04-09T08:17:14Z,2026-04-09T08:50:42Z,2026-04-09T08:50:42Z,lsy357,COLLABORATOR,human_account,no,yes,no,no,no,no,yes,no,no,no,yes,yes,no,no,no,0,no,yes,yes,yes,no,no,no,no,4,1,3,0,yes,no,no,no,5,2,0.072,0.072,0.072,3,0,lsy357,human_account,not_automation,COLLABORATOR,yes,yes,no,no,yes,0.023,13.35
,,,69,coze-dev/coze-loop,llm_native,agent_runtime_infra,supporting_infrastructure,pull_request,427,https://github.com/coze-dev/coze-loop/pull/427,merged,2026-02-06T03:40:55Z,2026-02-09T12:15:52Z,2026-02-09T12:15:52Z,lsy357,COLLABORATOR,human_account,no,yes,no,no,no,no,yes,no,no,no,yes,yes,no,no,no,0,no,yes,yes,yes,no,no,no,no,3,1,2,0,yes,no,no,no,4,2,1.512,80.224,80.224,78,0,lsy357,human_account,not_automation,COLLABORATOR,yes,yes,no,no,yes,3.358,13.35
,,,69,coze-dev/coze-loop,llm_native,agent_runtime_infra,supporting_infrastructure,pull_request,396,https://github.com/coze-dev/coze-loop/pull/396,merged,2026-01-20T07:20:16Z,2026-01-20T08:00:05Z,2026-01-20T08:00:05Z,mocayo,COLLABORATOR,human_account,no,no,no,no,no,no,no,no,no,no,yes,yes,no,no,no,0,no,yes,yes,yes,no,no,no,no,2,0,2,0,yes,no,no,no,3,0,0.15,0.15,0.15,3,0,mocayo,human_account,not_automation,COLLABORATOR,yes,yes,no,no,yes,0.028,13.35
,,,69,coze-dev/coze-loop,llm_native,agent_runtime_infra,supporting_infrastructure,pull_request,506,https://github.com/coze-dev/coze-loop/pull/506,open,2026-04-24T09:36:39Z,,,tpfz,COLLABORATOR,human_account,no,yes,no,no,no,no,yes,no,no,no,no,no,no,no,no,0,no,yes,yes,yes,no,yes,yes,yes,1,1,0,0,no,no,no,no,2,1,0.453,,,1,0,,,,,no,no,no,no,yes,,13.35
,,,69,coze-dev/coze-loop,llm_native,agent_runtime_infra,supporting_infrastructure,pull_request,633,https://github.com/coze-dev/coze-loop/pull/633,merged,2026-08-25T06:06:46Z,2026-08-25T06:53:04Z,2026-08-25T06:53:04Z,Asichurter,COLLABORATOR,human_account,no,yes,no,no,no,no,yes,no,no,no,yes,yes,no,no,no,0,no,yes,yes,yes,no,no,no,no,3,1,2,0,yes,no,no,no,4,1,0.757,0.757,0.757,8,0,Asichurter,human_account,not_automation,COLLABORATOR,yes,yes,no,no,no,0.032,13.35
,,,70,IBM/mcp-context-forge,llm_native,agent_runtime_infra,supporting_infrastructure,issue,5963,https://github.com/IBM/mcp-context-forge/issues/5963,closed,2026-07-28T15:33:16Z,2026-08-04T09:04:25Z,,Yosiefeyob,COLLABORATOR,human_account,no,no,no,no,no,no,no,no,no,no,no,no,no,no,no,0,no,yes,yes,yes,no,unknown,yes,yes,0,0,0,0,no,no,no,no,1,0,,,,0,0,Yosiefeyob,human_account,not_automation,COLLABORATOR,yes,yes,no,no,no,6.73,228.75
,,,70,IBM/mcp-context-forge,llm_native,agent_runtime_infra,supporting_infrastructure,pull_request,6388,https://github.com/IBM/mcp-context-forge/pull/6388,merged,2026-08-24T12:41:10Z,2026-08-24T13:37:36Z,2026-08-24T13:37:36Z,Lang-Akshay,COLLABORATOR,human_account,no,yes,no,no,no,no,yes,no,no,no,yes,yes,no,no,no,0,no,yes,yes,yes,no,no,no,no,2,0,2,0,yes,no,no,no,3,0,0.201,0.201,0.201,2,0,msureshkumar88,human_account,not_automation,COLLABORATOR,yes,yes,no,no,no,0.039,228.75
,,,70,IBM/mcp-context-forge,llm_native,agent_runtime_infra,supporting_infrastructure,pull_request,4641,https://github.com/IBM/mcp-context-forge/pull/4641,merged,2026-05-07T10:16:05Z,2026-05-07T10:24:19Z,2026-05-07T10:24:18Z,jonpspri,COLLABORATOR,human_account,no,no,no,no,no,no,no,no,no,no,no,no,no,no,no,0,no,yes,yes,yes,no,unknown,yes,yes,0,0,0,0,no,no,no,no,1,0,,,,1,0,jonpspri,human_account,not_automation,COLLABORATOR,yes,yes,no,no,yes,0.006,228.75
,,,70,IBM/mcp-context-forge,llm_native,agent_runtime_infra,supporting_infrastructure,issue,4982,https://github.com/IBM/mcp-context-forge/issues/4982,closed,2026-05-29T14:02:56Z,2026-06-08T09:53:09Z,,cafalchio,COLLABORATOR,human_account,no,no,no,no,no,no,no,no,no,no,no,no,no,no,no,0,no,yes,yes,yes,no,unknown,yes,yes,0,0,0,0,no,no,no,no,1,0,,,,0,0,ja8zyjits,human_account,not_automation,,yes,no,no,no,yes,9.827,228.75
,,,70,IBM/mcp-context-forge,llm_native,agent_runtime_infra,supporting_infrastructure,pull_request,1869,https://github.com/IBM/mcp-context-forge/pull/1869,merged,2026-01-02T21:12:31Z,2026-01-02T21:12:38Z,2026-01-02T21:12:38Z,crivetimihai,MEMBER,human_account,no,no,no,no,no,no,no,no,no,no,no,no,no,no,no,0,no,yes,yes,yes,no,unknown,yes,yes,0,0,0,0,no,no,no,no,1,0,,,,1,0,crivetimihai,human_account,not_automation,MEMBER,yes,yes,no,no,yes,0.0,228.75
,,,70,IBM/mcp-context-forge,llm_native,agent_runtime_infra,supporting_infrastructure,issue,6170,https://github.com/IBM/mcp-context-forge/issues/6170,closed,2026-08-10T13:35:35Z,2026-08-19T12:38:46Z,,prakhar-singh1928,COLLABORATOR,human_account,no,no,no,no,no,no,no,no,no,no,no,no,no,no,no,0,no,yes,yes,yes,no,unknown,yes,yes,0,0,0,0,no,no,no,no,1,0,,,,0,0,prakhar-singh1928,human_account,not_automation,COLLABORATOR,yes,yes,no,no,no,8.961,228.75
,,,70,IBM/mcp-context-forge,llm_native,agent_runtime_infra,supporting_infrastructure,issue,5213,https://github.com/IBM/mcp-context-forge/issues/5213,closed,2026-06-12T15:56:41Z,2026-08-20T16:45:44Z,,marekdano,COLLABORATOR,human_account,no,no,no,no,no,no,no,no,no,no,no,no,no,no,no,0,no,yes,yes,yes,no,no,no,no,1,1,0,0,no,no,no,no,2,0,1656.817,1656.817,1656.817,0,0,jonpspri,human_account,not_automation,COLLABORATOR,yes,yes,no,no,no,69.034,228.75
,,,70,IBM/mcp-context-forge,llm_native,agent_runtime_infra,supporting_infrastructure,pull_request,5372,https://github.com/IBM/mcp-context-forge/pull/5372,merged,2026-06-24T16:39:24Z,2026-06-26T10:39:09Z,2026-06-26T10:39:09Z,marekdano,COLLABORATOR,human_account,no,no,no,no,no,no,no,no,no,no,yes,yes,no,no,no,0,no,yes,yes,yes,no,no,no,no,3,1,2,0,yes,yes,no,no,2,0,16.075,16.075,16.075,3,2,marekdano,human_account,not_automation,COLLABORATOR,yes,yes,no,no,no,1.75,228.75
,,,70,IBM/mcp-context-forge,llm_native,agent_runtime_infra,supporting_infrastructure,issue,5660,https://github.com/IBM/mcp-context-forge/issues/5660,closed,2026-07-16T14:14:27Z,2026-07-28T15:27:13Z,,gcgoncalves,COLLABORATOR,human_account,no,no,no,no,no,no,no,no,no,no,no,no,no,no,no,0,no,yes,yes,yes,no,unknown,yes,yes,0,0,0,0,no,no,no,no,1,0,,,,0,0,gcgoncalves,human_account,not_automation,COLLABORATOR,yes,yes,no,no,no,12.051,228.75
,,,70,IBM/mcp-context-forge,llm_native,agent_runtime_infra,supporting_infrastructure,pull_request,6180,https://github.com/IBM/mcp-context-forge/pull/6180,open,2026-08-11T02:13:27Z,,,a-effort,COLLABORATOR,human_account,no,no,no,no,no,no,no,no,no,no,no,no,no,no,no,0,no,yes,yes,yes,no,unknown,yes,yes,0,0,0,0,no,no,no,no,1,0,,,,1,0,,,,,no,no,no,no,no,,228.75
,,,70,IBM/mcp-context-forge,llm_native,agent_runtime_infra,supporting_infrastructure,pull_request,2771,https://github.com/IBM/mcp-context-forge/pull/2771,closed_unmerged,2026-02-08T19:42:22Z,2026-02-08T20:11:25Z,,hughhennelly,CONTRIBUTOR,human_account,no,no,no,no,no,no,no,no,no,no,no,no,no,no,no,0,no,yes,yes,no,no,unknown,yes,yes,0,1,0,0,no,no,no,no,1,0,,,,75,0,hughhennelly,human_account,not_automation,CONTRIBUTOR,yes,no,no,yes,yes,0.02,228.75
,,,70,IBM/mcp-context-forge,llm_native,agent_runtime_infra,supporting_infrastructure,pull_request,2911,https://github.com/IBM/mcp-context-forge/pull/2911,merged,2026-02-13T10:18:28Z,2026-02-13T11:13:13Z,2026-02-13T11:13:13Z,crivetimihai,MEMBER,human_account,no,no,no,no,no,no,no,no,no,no,no,no,no,no,no,0,no,yes,yes,yes,no,unknown,yes,yes,0,0,0,0,no,no,no,no,1,0,,,,1,0,crivetimihai,human_account,not_automation,MEMBER,yes,yes,no,no,yes,0.038,228.75
,,,70,IBM/mcp-context-forge,llm_native,agent_runtime_infra,supporting_infrastructure,issue,2407,https://github.com/IBM/mcp-context-forge/issues/2407,closed,2026-01-25T13:10:38Z,2026-03-12T10:59:56Z,,crivetimihai,MEMBER,human_account,no,no,no,no,no,no,no,no,no,no,no,no,no,no,no,0,no,yes,yes,yes,no,no,no,no,1,1,0,0,no,no,no,no,2,0,723.61,723.61,723.61,0,0,marekdano,human_account,not_automation,COLLABORATOR,yes,yes,no,no,yes,45.909,228.75
,,,70,IBM/mcp-context-forge,llm_native,agent_runtime_infra,supporting_infrastructure,issue,3962,https://github.com/IBM/mcp-context-forge/issues/3962,closed,2026-04-01T03:10:08Z,2026-07-01T21:43:54Z,,digitamaz,NONE,human_account,no,no,no,no,no,no,no,no,no,no,no,no,no,no,no,0,no,yes,yes,yes,no,no,no,no,1,1,0,0,no,no,no,no,2,0,2202.562,2202.562,2202.562,0,0,jonpspri,human_account,not_automation,COLLABORATOR,yes,yes,no,yes,yes,91.773,228.75
,,,70,IBM/mcp-context-forge,llm_native,agent_runtime_infra,supporting_infrastructure,pull_request,4001,https://github.com/IBM/mcp-context-forge/pull/4001,merged,2026-04-02T12:00:45Z,2026-04-02T12:32:31Z,2026-04-02T12:32:31Z,jonpspri,COLLABORATOR,human_account,no,yes,yes,yes,no,no,no,no,yes,yes,yes,yes,no,no,no,3,no,yes,yes,yes,no,no,no,no,4,2,2,0,yes,yes,no,no,3,2,0.06,0.291,0.291,3,3,jonpspri,human_account,not_automation,COLLABORATOR,yes,yes,no,no,yes,0.022,228.75
,,,70,IBM/mcp-context-forge,llm_native,agent_runtime_infra,supporting_infrastructure,issue,3526,https://github.com/IBM/mcp-context-forge/issues/3526,open,2026-03-07T00:06:19Z,,,crivetimihai,MEMBER,human_account,no,no,no,no,no,no,no,no,no,no,no,no,no,no,no,0,no,yes,yes,yes,no,unknown,yes,yes,0,0,0,0,no,no,no,no,1,0,,,,0,0,,,,,no,no,no,no,yes,,228.75
,,,70,IBM/mcp-context-forge,llm_native,agent_runtime_infra,supporting_infrastructure,issue,4153,https://github.com/IBM/mcp-context-forge/issues/4153,closed,2026-04-13T15:47:01Z,2026-08-19T17:25:25Z,,ecthelion77,CONTRIBUTOR,human_account,no,no,no,no,no,no,no,no,no,no,no,no,no,no,no,0,no,yes,yes,yes,no,no,no,no,1,1,0,0,no,no,no,no,2,0,3073.64,3073.64,3073.64,0,0,jonpspri,human_account,not_automation,COLLABORATOR,yes,yes,no,yes,yes,128.068,228.75
,,,70,IBM/mcp-context-forge,llm_native,agent_runtime_infra,supporting_infrastructure,issue,5890,https://github.com/IBM/mcp-context-forge/issues/5890,open,2026-07-25T15:41:00Z,,,jonpspri,COLLABORATOR,human_account,no,no,no,no,no,no,no,no,no,no,no,no,no,no,no,0,no,yes,yes,yes,no,unknown,yes,yes,0,0,0,0,no,no,no,no,1,0,,,,0,0,,,,,no,no,no,no,no,,228.75
,,,70,IBM/mcp-context-forge,llm_native,agent_runtime_infra,supporting_infrastructure,pull_request,3211,https://github.com/IBM/mcp-context-forge/pull/3211,closed_unmerged,2026-02-24T10:14:36Z,2026-06-16T09:51:50Z,,crivetimihai,MEMBER,human_account,no,no,no,no,no,no,no,no,no,no,yes,yes,no,no,no,0,no,yes,yes,yes,no,no,no,no,4,3,1,0,yes,no,no,no,3,0,9.843,9.843,9.843,19,0,jonpspri,human_account,not_automation,COLLABORATOR,yes,yes,no,no,yes,111.984,228.75
,,,70,IBM/mcp-context-forge,llm_native,agent_runtime_infra,supporting_infrastructure,issue,5133,https://github.com/IBM/mcp-context-forge/issues/5133,closed,2026-06-09T07:16:16Z,2026-06-11T05:16:07Z,,rakdutta,COLLABORATOR,human_account,no,no,no,no,no,no,no,no,no,no,no,no,no,no,no,0,no,yes,yes,yes,no,no,no,no,1,2,0,0,no,no,no,no,2,0,29.2,29.2,29.2,0,0,rakdutta,human_account,not_automation,COLLABORATOR,yes,yes,no,no,no,1.917,228.75
,,,71,NVIDIA/OpenShell,llm_native,agent_runtime_infra,supporting_infrastructure,pull_request,843,https://github.com/NVIDIA/OpenShell/pull/843,merged,2026-04-15T05:33:16Z,2026-04-15T16:02:35Z,2026-04-15T16:02:35Z,mjamiv,CONTRIBUTOR,human_account,no,yes,no,no,no,no,yes,no,no,no,yes,yes,no,no,no,0,no,yes,yes,yes,no,no,no,no,4,4,1,0,yes,no,no,no,4,2,0.001,10.358,10.358,1,0,johntmyers,human_account,not_automation,COLLABORATOR,yes,yes,no,yes,yes,0.437,137.05
,,,71,NVIDIA/OpenShell,llm_native,agent_runtime_infra,supporting_infrastructure,issue,2166,https://github.com/NVIDIA/OpenShell/issues/2166,open,2026-07-07T14:31:03Z,,,sandl99,NONE,human_account,no,yes,no,no,no,no,yes,no,no,no,no,no,no,no,no,0,no,yes,yes,yes,no,no,no,no,2,3,0,0,no,no,no,no,3,1,1.249,1.249,1.249,0,0,,,,,no,no,no,yes,no,,137.05
,,,71,NVIDIA/OpenShell,llm_native,agent_runtime_infra,supporting_infrastructure,issue,1895,https://github.com/NVIDIA/OpenShell/issues/1895,open,2026-06-13T08:14:04Z,,,pragmaxim,NONE,human_account,no,yes,no,no,no,no,yes,no,no,no,no,no,no,no,no,0,no,yes,yes,yes,no,no,no,no,1,1,0,0,no,no,no,no,2,0,728.812,728.812,728.812,0,0,,,,,no,no,no,yes,no,,137.05
,,,71,NVIDIA/OpenShell,llm_native,agent_runtime_infra,supporting_infrastructure,issue,2490,https://github.com/NVIDIA/OpenShell/issues/2490,open,2026-07-27T07:23:29Z,,,engelmi,NONE,human_account,no,yes,yes,no,yes,no,yes,no,no,no,no,no,no,no,no,1,no,yes,yes,yes,no,no,no,no,3,5,0,0,no,no,no,no,3,0,5.058,5.058,5.058,0,0,,,,,no,no,no,yes,no,,137.05
,,,71,NVIDIA/OpenShell,llm_native,agent_runtime_infra,supporting_infrastructure,issue,1718,https://github.com/NVIDIA/OpenShell/issues/1718,open,2026-06-03T18:08:27Z,,,kirit93,COLLABORATOR,human_account,no,yes,no,no,no,no,yes,no,no,no,no,no,no,no,no,0,no,yes,yes,yes,no,yes,yes,yes,1,1,0,0,no,no,no,no,2,1,351.639,,,0,0,,,,,no,no,no,no,no,,137.05
,,,71,NVIDIA/OpenShell,llm_native,agent_runtime_infra,supporting_infrastructure,pull_request,1342,https://github.com/NVIDIA/OpenShell/pull/1342,merged,2026-05-12T22:18:54Z,2026-05-12T23:41:01Z,2026-05-12T23:41:01Z,sjenning,COLLABORATOR,human_account,no,yes,no,no,no,no,yes,no,no,no,yes,yes,no,no,no,0,no,yes,yes,yes,no,no,no,no,6,5,1,0,yes,no,no,no,4,2,0.001,0.079,0.079,1,0,TaylorMutch,human_account,not_automation,COLLABORATOR,yes,yes,no,no,yes,0.057,137.05
,,,71,NVIDIA/OpenShell,llm_native,agent_runtime_infra,supporting_infrastructure,issue,2684,https://github.com/NVIDIA/OpenShell/issues/2684,open,2026-08-10T16:37:03Z,,,kirit93,COLLABORATOR,human_account,no,yes,no,no,no,no,yes,no,no,no,no,no,no,no,no,0,no,yes,yes,yes,no,no,no,no,1,1,0,0,no,no,no,no,2,0,4.092,4.092,4.092,0,0,johntmyers,human_account,not_automation,COLLABORATOR,yes,yes,no,no,no,,137.05
,,,71,NVIDIA/OpenShell,llm_native,agent_runtime_infra,supporting_infrastructure,pull_request,2125,https://github.com/NVIDIA/OpenShell/pull/2125,merged,2026-07-03T10:08:06Z,2026-07-10T15:45:57Z,2026-07-10T15:45:57Z,ChristianZaccaria,CONTRIBUTOR,human_account,no,yes,no,no,no,no,yes,no,no,no,yes,yes,no,yes,no,0,no,yes,yes,yes,no,no,no,no,8,10,2,1,yes,yes,yes,yes,5,2,0.001,6.074,6.074,1,1,TaylorMutch,human_account,not_automation,COLLABORATOR,yes,yes,no,yes,no,7.235,137.05
,,,71,NVIDIA/OpenShell,llm_native,agent_runtime_infra,supporting_infrastructure,pull_request,1682,https://github.com/NVIDIA/OpenShell/pull/1682,closed_unmerged,2026-06-02T14:12:45Z,2026-07-09T00:01:10Z,,afourniernv,NONE,human_account,no,yes,no,no,no,no,yes,no,no,no,no,no,no,no,no,0,no,yes,yes,no,no,yes,yes,yes,2,2,0,0,no,no,no,no,3,1,0.001,,,13,0,johntmyers,human_account,not_automation,COLLABORATOR,yes,yes,no,yes,no,36.409,137.05
,,,71,NVIDIA/OpenShell,llm_native,agent_runtime_infra,supporting_infrastructure,pull_request,476,https://github.com/NVIDIA/OpenShell/pull/476,merged,2026-03-19T17:34:01Z,2026-03-20T17:18:37Z,2026-03-20T17:18:37Z,htekdev,CONTRIBUTOR,human_account,no,yes,yes,yes,no,no,yes,no,no,no,yes,yes,no,yes,no,1,no,yes,yes,yes,no,no,no,no,6,7,4,1,yes,yes,yes,yes,3,2,0.003,3.27,3.27,5,3,johntmyers,human_account,not_automation,COLLABORATOR,yes,yes,no,yes,yes,0.989,137.05
,,,71,NVIDIA/OpenShell,llm_native,agent_runtime_infra,supporting_infrastructure,pull_request,1566,https://github.com/NVIDIA/OpenShell/pull/1566,merged,2026-05-26T16:09:24Z,2026-06-11T11:49:41Z,2026-06-11T11:49:41Z,alangou,CONTRIBUTOR,human_account,no,yes,no,no,no,no,yes,no,no,no,yes,yes,no,no,no,0,no,yes,yes,yes,no,no,no,no,21,17,5,0,yes,yes,no,no,7,2,0.001,71.641,71.641,1,1,alangou,human_account,not_automation,CONTRIBUTOR,yes,no,no,yes,yes,15.82,137.05
,,,71,NVIDIA/OpenShell,llm_native,agent_runtime_infra,supporting_infrastructure,pull_request,2669,https://github.com/NVIDIA/OpenShell/pull/2669,closed_unmerged,2026-08-10T03:32:16Z,2026-08-17T20:43:43Z,,drew,COLLABORATOR,human_account,no,no,no,no,no,no,no,no,no,no,no,no,no,no,no,0,no,yes,yes,yes,no,unknown,yes,yes,0,0,0,0,no,no,no,no,1,0,,,,1,0,drew,human_account,not_automation,COLLABORATOR,yes,yes,no,no,no,7.716,137.05
,,,71,NVIDIA/OpenShell,llm_native,agent_runtime_infra,supporting_infrastructure,pull_request,2209,https://github.com/NVIDIA/OpenShell/pull/2209,closed_unmerged,2026-07-10T10:27:48Z,2026-07-30T13:42:20Z,,ericcurtin,CONTRIBUTOR,human_account,no,yes,no,no,no,no,yes,no,no,no,no,no,no,no,no,0,no,yes,yes,yes,no,no,no,no,3,6,0,0,no,no,no,no,4,4,0.001,2.955,2.955,1,0,ericcurtin,human_account,not_automation,CONTRIBUTOR,yes,no,no,yes,no,20.135,137.05
,,,71,NVIDIA/OpenShell,llm_native,agent_runtime_infra,supporting_infrastructure,issue,115,https://github.com/NVIDIA/OpenShell/issues/115,closed,2026-03-05T05:52:57Z,2026-03-23T19:10:34Z,,drew,COLLABORATOR,human_account,no,no,no,no,no,no,no,no,no,no,no,no,no,no,no,0,no,yes,yes,yes,no,unknown,yes,yes,0,0,0,0,no,no,no,no,1,0,,,,0,0,drew,human_account,not_automation,COLLABORATOR,yes,yes,no,no,yes,18.554,137.05
,,,71,NVIDIA/OpenShell,llm_native,agent_runtime_infra,supporting_infrastructure,pull_request,718,https://github.com/NVIDIA/OpenShell/pull/718,merged,2026-04-01T01:24:39Z,2026-04-02T04:39:42Z,2026-04-02T04:39:42Z,johntmyers,COLLABORATOR,human_account,no,no,no,no,no,no,no,no,no,no,yes,yes,no,no,no,0,no,yes,yes,yes,no,no,no,no,4,4,1,0,yes,no,no,no,4,0,13.404,13.404,27.178,1,0,johntmyers,human_account,not_automation,COLLABORATOR,yes,yes,no,no,yes,1.135,137.05
,,,71,NVIDIA/OpenShell,llm_native,agent_runtime_infra,supporting_infrastructure,issue,2571,https://github.com/NVIDIA/OpenShell/issues/2571,open,2026-07-31T02:47:56Z,,,ewhauser,NONE,human_account,no,yes,no,no,no,no,yes,no,no,no,no,no,no,no,no,0,no,yes,yes,no,no,unknown,yes,yes,0,0,0,0,no,no,no,no,1,0,,,,0,0,,,,,no,no,no,yes,no,,137.05
,,,71,NVIDIA/OpenShell,llm_native,agent_runtime_infra,supporting_infrastructure,pull_request,2185,https://github.com/NVIDIA/OpenShell/pull/2185,merged,2026-07-08T16:19:07Z,2026-07-09T19:38:25Z,2026-07-09T19:38:25Z,maxamillion,COLLABORATOR,human_account,no,yes,no,no,no,no,yes,no,no,no,yes,yes,no,no,no,0,no,yes,yes,yes,no,no,no,no,2,2,1,0,yes,no,no,no,3,2,0.001,6.302,6.302,1,0,maxamillion,human_account,not_automation,COLLABORATOR,yes,yes,no,no,no,1.138,137.05
,,,71,NVIDIA/OpenShell,llm_native,agent_runtime_infra,supporting_infrastructure,issue,2481,https://github.com/NVIDIA/OpenShell/issues/2481,open,2026-07-26T05:23:15Z,,,sabre1041,NONE,human_account,no,yes,no,no,no,no,yes,no,no,no,no,no,no,no,no,0,no,yes,yes,yes,no,no,no,no,3,5,0,0,no,no,no,no,3,1,40.547,40.547,40.547,0,0,,,,,no,no,no,yes,no,,137.05
,,,71,NVIDIA/OpenShell,llm_native,agent_runtime_infra,supporting_infrastructure,issue,1643,https://github.com/NVIDIA/OpenShell/issues/1643,closed,2026-05-30T03:26:06Z,2026-06-05T00:25:00Z,,alexclewontin,CONTRIBUTOR,human_account,no,yes,yes,no,yes,no,yes,no,no,no,no,no,no,no,no,1,no,yes,yes,yes,no,no,no,no,6,7,0,0,no,no,no,no,3,0,112.828,112.828,139.205,0,0,TaylorMutch,human_account,not_automation,COLLABORATOR,yes,yes,no,yes,yes,5.874,137.05
,,,71,NVIDIA/OpenShell,llm_native,agent_runtime_infra,supporting_infrastructure,issue,2751,https://github.com/NVIDIA/OpenShell/issues/2751,open,2026-08-14T19:30:19Z,,,thoraxe,NONE,human_account,no,yes,no,no,no,no,yes,no,no,no,no,no,no,no,no,0,no,yes,yes,no,no,no,no,yes,1,1,0,0,no,no,no,no,2,0,165.207,165.207,,0,0,,,,,no,no,no,yes,no,,137.05
,,,72,farion1231/cc-switch,llm_native,agent_application,direct_agent_experience,pull_request,1739,https://github.com/farion1231/cc-switch/pull/1739,merged,2026-03-28T20:32:20Z,2026-03-29T10:35:24Z,2026-03-29T10:35:24Z,ruokeqx,CONTRIBUTOR,human_account,no,no,no,no,no,no,no,no,no,no,yes,yes,no,no,no,0,no,yes,yes,yes,no,no,no,no,3,2,3,0,yes,yes,no,no,2,0,6.335,6.335,6.335,1,1,farion1231,human_account,not_automation,OWNER,yes,yes,no,yes,yes,0.585,308.6
,,,72,farion1231/cc-switch,llm_native,agent_application,direct_agent_experience,issue,3166,https://github.com/farion1231/cc-switch/issues/3166,closed,2026-05-26T06:11:57Z,2026-05-27T01:50:12Z,,JoshuaXuDa,NONE,human_account,no,no,no,no,no,no,no,no,no,no,no,no,no,no,no,0,no,yes,yes,yes,no,no,no,no,1,1,0,0,no,no,no,no,2,0,5.362,5.362,5.362,0,0,JoshuaXuDa,human_account,not_automation,NONE,yes,no,no,yes,yes,0.818,308.6
,,,72,farion1231/cc-switch,llm_native,agent_application,direct_agent_experience,issue,5889,https://github.com/farion1231/cc-switch/issues/5889,closed,2026-07-30T02:43:23Z,2026-07-30T02:44:07Z,,afk101,NONE,human_account,no,no,no,no,no,no,no,no,no,no,no,no,no,no,no,0,no,yes,yes,no,no,unknown,yes,yes,0,0,0,0,no,no,no,no,1,0,,,,0,0,afk101,human_account,not_automation,NONE,yes,no,no,yes,no,0.001,308.6
,,,72,farion1231/cc-switch,llm_native,agent_application,direct_agent_experience,issue,6382,https://github.com/farion1231/cc-switch/issues/6382,open,2026-08-12T07:31:44Z,,,XuChen-AI,NONE,human_account,no,no,no,no,no,no,no,no,no,no,no,no,no,no,no,0,no,yes,yes,no,no,unknown,yes,yes,0,1,0,0,no,no,no,no,1,0,,,,0,0,,,,,no,no,no,yes,no,,308.6
,,,72,farion1231/cc-switch,llm_native,agent_application,direct_agent_experience,issue,804,https://github.com/farion1231/cc-switch/issues/804,closed,2026-01-28T00:47:47Z,2026-01-31T14:48:07Z,,WSGsety,NONE,human_account,no,no,no,no,no,no,no,no,no,no,no,no,no,no,no,0,no,yes,yes,yes,no,no,no,no,1,2,0,0,no,no,no,no,2,0,1.868,1.868,1.868,0,0,farion1231,human_account,not_automation,OWNER,yes,yes,no,yes,yes,3.584,308.6
,,,72,farion1231/cc-switch,llm_native,agent_application,direct_agent_experience,pull_request,5451,https://github.com/farion1231/cc-switch/pull/5451,closed_unmerged,2026-07-16T13:35:31Z,2026-07-22T06:16:30Z,,Seller-1990,NONE,human_account,no,yes,yes,yes,no,no,yes,no,yes,yes,no,no,no,no,no,3,yes,yes,yes,yes,no,no,no,no,4,34,1,0,yes,yes,no,no,3,2,9.871,9.871,9.871,53,6,Seller-1990,human_account,not_automation,NONE,yes,no,no,yes,no,5.695,308.6
,,,72,farion1231/cc-switch,llm_native,agent_application,direct_agent_experience,pull_request,6593,https://github.com/farion1231/cc-switch/pull/6593,open,2026-08-19T01:53:46Z,,,zcxads666,NONE,human_account,no,yes,yes,yes,no,no,yes,no,yes,yes,yes,no,no,no,no,3,yes,yes,yes,yes,no,no,no,no,4,5,1,0,yes,yes,no,no,3,4,0.137,0.137,0.137,2,1,,,,,no,no,no,yes,no,,308.6
,,,72,farion1231/cc-switch,llm_native,agent_application,direct_agent_experience,pull_request,5790,https://github.com/farion1231/cc-switch/pull/5790,open,2026-07-27T03:11:16Z,,,skyswordw,NONE,human_account,no,yes,yes,yes,no,no,yes,no,yes,yes,no,no,no,no,no,3,yes,yes,yes,yes,no,no,no,no,4,3,1,0,yes,yes,no,no,3,1,8.177,8.177,8.177,1,1,,,,,no,no,no,yes,no,,308.6
,,,72,farion1231/cc-switch,llm_native,agent_application,direct_agent_experience,issue,5973,https://github.com/farion1231/cc-switch/issues/5973,closed,2026-07-31T15:41:34Z,2026-08-03T18:10:49Z,,codexvn,NONE,candidate_review,no,no,no,no,no,no,no,no,no,no,no,no,no,no,no,0,yes,no,no,no,unknown,unknown,yes,yes,0,0,0,0,no,no,no,no,1,0,,,,0,0,codexvn,candidate_review,not_automation,NONE,no,no,no,yes,no,3.104,308.6
,,,72,farion1231/cc-switch,llm_native,agent_application,direct_agent_experience,issue,6796,https://github.com/farion1231/cc-switch/issues/6796,open,2026-08-25T08:56:28Z,,,Mayuchao-learn,NONE,human_account,no,no,no,no,no,no,no,no,no,no,no,no,no,no,no,0,no,yes,yes,no,no,unknown,yes,yes,0,0,0,0,no,no,no,no,1,0,,,,0,0,,,,,no,no,no,yes,no,,308.6
,,,72,farion1231/cc-switch,llm_native,agent_application,direct_agent_experience,issue,1365,https://github.com/farion1231/cc-switch/issues/1365,closed,2026-03-09T08:41:38Z,2026-03-10T08:08:41Z,,noahzuo1994-sys,NONE,human_account,no,no,no,no,no,no,no,no,no,no,no,no,no,no,no,0,no,yes,yes,yes,no,no,no,no,1,1,0,0,no,no,no,no,2,0,23.451,23.451,23.451,0,0,farion1231,human_account,not_automation,OWNER,yes,yes,no,yes,yes,0.977,308.6
,,,72,farion1231/cc-switch,llm_native,agent_application,direct_agent_experience,pull_request,2345,https://github.com/farion1231/cc-switch/pull/2345,open,2026-04-26T05:54:52Z,,,genni613,NONE,human_account,no,yes,yes,yes,no,no,no,no,yes,yes,no,no,no,no,no,2,yes,yes,yes,yes,no,no,no,no,3,3,1,0,yes,yes,no,no,3,2,8.124,8.124,8.124,2,1,,,,,no,no,no,yes,yes,,308.6
,,,72,farion1231/cc-switch,llm_native,agent_application,direct_agent_experience,pull_request,3880,https://github.com/farion1231/cc-switch/pull/3880,open,2026-06-08T04:55:19Z,,,plus1998,NONE,human_account,no,yes,yes,yes,no,no,no,no,yes,no,no,no,no,no,no,1,yes,yes,yes,yes,no,no,no,no,3,3,0,0,no,no,no,no,4,2,5.101,5.101,5.101,1,0,,,,,no,no,no,yes,no,,308.6
,,,72,farion1231/cc-switch,llm_native,agent_application,direct_agent_experience,pull_request,3905,https://github.com/farion1231/cc-switch/pull/3905,open,2026-06-08T12:54:43Z,,,inscripoem,NONE,human_account,no,yes,yes,yes,no,no,yes,no,yes,no,yes,yes,no,no,no,1,yes,yes,yes,yes,no,no,no,no,5,4,2,0,yes,no,no,no,5,2,2.176,2.176,2.176,2,0,,,,,no,no,no,yes,no,,308.6
,,,72,farion1231/cc-switch,llm_native,agent_application,direct_agent_experience,pull_request,5895,https://github.com/farion1231/cc-switch/pull/5895,open,2026-07-30T05:01:38Z,,,xu-xiang,NONE,human_account,no,yes,yes,yes,no,no,yes,no,yes,no,no,no,no,no,no,1,yes,yes,yes,yes,no,no,no,no,3,4,0,0,no,no,no,no,4,2,2.561,2.561,2.561,1,0,,,,,no,no,no,yes,no,,308.6
,,,72,farion1231/cc-switch,llm_native,agent_application,direct_agent_experience,pull_request,6018,https://github.com/farion1231/cc-switch/pull/6018,open,2026-08-02T06:25:54Z,,,WaghuleAsmita,NONE,human_account,no,yes,yes,yes,no,no,yes,no,yes,yes,no,no,no,no,no,2,yes,yes,yes,yes,no,no,no,no,3,5,1,0,yes,yes,no,no,3,2,6.051,6.051,6.051,2,1,,,,,no,no,no,yes,no,,308.6
,,,72,farion1231/cc-switch,llm_native,agent_application,direct_agent_experience,issue,4436,https://github.com/farion1231/cc-switch/issues/4436,open,2026-06-19T15:12:06Z,,,zhili007,NONE,human_account,no,yes,no,no,no,no,yes,no,no,no,no,no,no,no,no,0,no,yes,yes,no,no,yes,yes,yes,1,1,0,0,no,no,no,no,2,1,1449.652,,,0,0,,,,,no,no,no,yes,no,,308.6
,,,72,farion1231/cc-switch,llm_native,agent_application,direct_agent_experience,issue,3865,https://github.com/farion1231/cc-switch/issues/3865,closed,2026-06-08T02:33:50Z,2026-08-05T12:21:35Z,,ferocknew,NONE,human_account,no,no,no,no,no,no,no,no,no,no,no,no,no,no,no,0,no,yes,yes,yes,no,no,no,no,1,1,0,0,no,no,no,no,2,0,1401.796,1401.796,1401.796,0,0,farion1231,human_account,not_automation,OWNER,yes,yes,no,yes,no,58.408,308.6
,,,72,farion1231/cc-switch,llm_native,agent_application,direct_agent_experience,issue,3704,https://github.com/farion1231/cc-switch/issues/3704,open,2026-06-04T06:43:42Z,,,lovexmm521,NONE,human_account,no,yes,no,no,no,no,yes,no,no,no,no,no,no,no,no,0,no,yes,yes,no,no,no,no,yes,3,3,0,0,no,no,no,no,4,1,0.15,0.15,,0,0,,,,,no,no,no,yes,no,,308.6
,,,72,farion1231/cc-switch,llm_native,agent_application,direct_agent_experience,pull_request,1219,https://github.com/farion1231/cc-switch/pull/1219,open,2026-03-02T06:53:54Z,,,Caisin,NONE,human_account,no,no,no,no,no,no,no,no,no,no,yes,yes,no,no,no,0,no,yes,yes,yes,no,no,no,no,7,7,2,0,yes,yes,no,no,6,0,8.305,8.305,25.135,5,1,,,,,no,no,no,yes,yes,,308.6
,,,73,Comfy-Org/ComfyUI,traditional,agent_framework,agent_building,issue,14727,https://github.com/Comfy-Org/ComfyUI/issues/14727,closed,2026-07-02T07:46:35Z,2026-08-10T11:43:29Z,,febogallo,NONE,human_account,no,yes,no,no,no,no,yes,no,no,no,no,no,no,no,no,0,no,yes,yes,no,no,yes,yes,yes,1,1,0,0,no,no,no,no,2,1,748.013,,,0,0,github-actions[bot],automation_bot,conventional_automation,CONTRIBUTOR,no,no,no,yes,no,39.165,205.8
,,,73,Comfy-Org/ComfyUI,traditional,agent_framework,agent_building,issue,15069,https://github.com/Comfy-Org/ComfyUI/issues/15069,open,2026-07-24T23:35:22Z,,,Marscog,NONE,human_account,no,yes,no,no,no,no,yes,no,no,no,no,no,no,no,no,0,no,yes,yes,no,no,no,no,yes,2,2,0,0,no,no,no,no,3,1,12.791,12.791,,0,0,,,,,no,no,no,yes,no,,205.8
,,,73,Comfy-Org/ComfyUI,traditional,agent_framework,agent_building,pull_request,12172,https://github.com/Comfy-Org/ComfyUI/pull/12172,merged,2026-01-30T05:10:08Z,2026-03-01T04:59:24Z,2026-03-01T04:59:24Z,christian-byrne,CONTRIBUTOR,human_account,no,yes,yes,no,yes,no,no,no,yes,no,yes,yes,no,no,no,1,no,yes,yes,yes,no,no,no,no,5,4,1,0,yes,no,no,no,4,2,0.376,0.376,0.376,4,0,Kosinkadink,human_account,not_automation,MEMBER,yes,yes,no,yes,yes,29.993,205.8
,,,73,Comfy-Org/ComfyUI,traditional,agent_framework,agent_building,issue,12618,https://github.com/Comfy-Org/ComfyUI/issues/12618,open,2026-02-24T18:29:35Z,,,GraftingRayman,NONE,human_account,no,no,no,no,no,no,no,no,no,no,no,no,no,no,no,0,no,yes,yes,yes,no,no,no,no,2,5,0,0,no,no,no,no,3,0,0.877,0.877,1.087,0,0,,,,,no,no,no,yes,yes,,205.8
,,,73,Comfy-Org/ComfyUI,traditional,agent_framework,agent_building,pull_request,15642,https://github.com/Comfy-Org/ComfyUI/pull/15642,open,2026-08-15T08:17:10Z,,,vc301105-lab,NONE,human_account,no,yes,yes,no,yes,no,yes,no,yes,yes,no,no,no,no,no,2,no,yes,yes,no,no,yes,yes,yes,3,2,1,0,yes,no,no,no,3,1,0.003,,,2,0,,,,,no,no,no,yes,no,,205.8
,,,73,Comfy-Org/ComfyUI,traditional,agent_framework,agent_building,pull_request,15740,https://github.com/Comfy-Org/ComfyUI/pull/15740,open,2026-08-20T01:35:02Z,,,christian-byrne,CONTRIBUTOR,human_account,no,yes,yes,no,yes,no,no,no,yes,no,no,no,no,no,no,2,yes,yes,yes,no,no,yes,yes,yes,2,3,0,0,no,no,no,no,2,3,17.123,,,3,0,,,,,no,no,no,yes,no,,205.8
,,,73,Comfy-Org/ComfyUI,traditional,agent_framework,agent_building,issue,12052,https://github.com/Comfy-Org/ComfyUI/issues/12052,open,2026-01-24T03:54:08Z,,,CoreyCorza,NONE,human_account,no,no,no,no,no,no,no,no,no,no,no,no,no,no,no,0,no,yes,yes,no,no,unknown,yes,yes,0,1,0,0,no,no,no,no,1,0,,,,0,0,,,,,no,no,no,yes,yes,,205.8
,,,73,Comfy-Org/ComfyUI,traditional,agent_framework,agent_building,issue,14605,https://github.com/Comfy-Org/ComfyUI/issues/14605,closed,2026-06-23T21:04:53Z,2026-08-02T11:47:26Z,,B111ank,NONE,human_account,no,yes,no,no,no,no,yes,no,no,no,no,no,no,no,no,0,no,yes,yes,no,no,no,no,yes,3,3,0,0,no,no,no,no,4,1,12.726,12.726,,0,0,github-actions[bot],automation_bot,conventional_automation,CONTRIBUTOR,no,no,no,yes,no,39.613,205.8
,,,73,Comfy-Org/ComfyUI,traditional,agent_framework,agent_building,issue,13488,https://github.com/Comfy-Org/ComfyUI/issues/13488,open,2026-04-21T05:15:39Z,,,a857313401,NONE,human_account,no,no,no,no,no,no,no,no,no,no,no,no,no,no,no,0,no,yes,yes,no,no,no,no,yes,4,4,0,0,no,no,no,no,5,0,50.436,50.436,,0,0,,,,,no,no,no,yes,yes,,205.8
,,,73,Comfy-Org/ComfyUI,traditional,agent_framework,agent_building,pull_request,13530,https://github.com/Comfy-Org/ComfyUI/pull/13530,closed_unmerged,2026-04-23T11:51:49Z,2026-05-05T18:01:22Z,,jiafeimao0p,NONE,human_account,no,yes,yes,no,yes,no,no,no,yes,yes,no,no,no,no,no,4,no,yes,yes,no,no,yes,yes,yes,4,2,2,0,yes,yes,no,no,2,1,0.052,,,2,1,guill,human_account,not_automation,,yes,no,no,yes,yes,12.257,205.8
,,,73,Comfy-Org/ComfyUI,traditional,agent_framework,agent_building,issue,12577,https://github.com/Comfy-Org/ComfyUI/issues/12577,open,2026-02-22T13:14:53Z,,,elharo,NONE,human_account,no,no,no,no,no,no,no,no,no,no,no,no,no,no,no,0,no,yes,yes,no,no,unknown,yes,yes,0,0,0,0,no,no,no,no,1,0,,,,0,0,,,,,no,no,no,yes,yes,,205.8
,,,73,Comfy-Org/ComfyUI,traditional,agent_framework,agent_building,pull_request,15466,https://github.com/Comfy-Org/ComfyUI/pull/15466,open,2026-08-10T04:47:32Z,,,zhaoxinyi02,NONE,human_account,no,yes,yes,yes,yes,no,yes,no,yes,yes,no,no,no,no,no,3,no,yes,yes,no,no,yes,yes,yes,4,2,2,0,yes,no,no,no,4,1,0.003,,,1,0,,,,,no,no,no,yes,no,,205.8
,,,73,Comfy-Org/ComfyUI,traditional,agent_framework,agent_building,pull_request,13058,https://github.com/Comfy-Org/ComfyUI/pull/13058,closed_unmerged,2026-03-18T23:25:24Z,2026-03-20T02:39:17Z,,kristentr,NONE,human_account,no,yes,yes,no,yes,no,no,no,yes,no,no,no,no,no,no,1,no,yes,yes,no,no,yes,yes,yes,1,1,0,0,no,no,no,no,2,1,0.067,,,6,0,Kosinkadink,human_account,not_automation,MEMBER,yes,yes,no,yes,yes,1.135,205.8
,,,73,Comfy-Org/ComfyUI,traditional,agent_framework,agent_building,issue,15738,https://github.com/Comfy-Org/ComfyUI/issues/15738,open,2026-08-19T21:09:45Z,,,00akii,NONE,human_account,no,no,no,no,no,no,no,no,no,no,no,no,no,no,no,0,no,yes,yes,no,no,unknown,yes,yes,0,0,0,0,no,no,no,no,1,0,,,,0,0,,,,,no,no,no,yes,no,,205.8
,,,73,Comfy-Org/ComfyUI,traditional,agent_framework,agent_building,pull_request,15079,https://github.com/Comfy-Org/ComfyUI/pull/15079,merged,2026-07-25T17:27:38Z,2026-07-27T17:10:44Z,2026-07-27T17:10:44Z,bigcat88,CONTRIBUTOR,human_account,no,yes,yes,no,yes,no,yes,no,yes,yes,yes,yes,no,no,no,2,no,yes,yes,yes,no,no,no,no,3,1,2,0,yes,no,no,no,3,2,38.306,42.749,42.749,1,0,bigcat88,human_account,not_automation,CONTRIBUTOR,yes,no,no,yes,no,1.988,205.8
,,,73,Comfy-Org/ComfyUI,traditional,agent_framework,agent_building,pull_request,12228,https://github.com/Comfy-Org/ComfyUI/pull/12228,closed_unmerged,2026-02-02T21:45:37Z,2026-02-02T21:49:28Z,,simonri,NONE,human_account,no,no,no,no,no,no,no,no,no,no,no,no,no,no,no,0,no,yes,yes,no,no,unknown,yes,yes,0,0,0,0,no,no,no,no,1,0,,,,16,0,simonri,human_account,not_automation,NONE,yes,no,no,yes,yes,0.003,205.8
,,,73,Comfy-Org/ComfyUI,traditional,agent_framework,agent_building,issue,12858,https://github.com/Comfy-Org/ComfyUI/issues/12858,closed,2026-03-09T23:38:13Z,2026-03-11T02:53:47Z,,ItsHiJack,NONE,human_account,no,no,no,no,no,no,no,no,no,no,no,no,no,no,no,0,no,yes,yes,no,no,no,no,yes,3,4,0,0,no,no,no,no,3,0,3.94,3.94,,0,0,ItsHiJack,human_account,not_automation,NONE,yes,no,no,yes,yes,1.136,205.8
,,,73,Comfy-Org/ComfyUI,traditional,agent_framework,agent_building,issue,12220,https://github.com/Comfy-Org/ComfyUI/issues/12220,closed,2026-02-02T09:33:24Z,2026-02-14T05:59:42Z,,Zakhrov,NONE,human_account,no,no,no,no,no,no,no,no,no,no,no,no,no,no,no,0,no,yes,yes,no,no,no,no,yes,5,9,0,0,no,no,no,no,3,0,0.954,0.954,,0,0,Zakhrov,human_account,not_automation,NONE,yes,no,no,yes,yes,11.852,205.8
,,,73,Comfy-Org/ComfyUI,traditional,agent_framework,agent_building,pull_request,15888,https://github.com/Comfy-Org/ComfyUI/pull/15888,merged,2026-08-25T16:51:42Z,2026-08-25T20:29:16Z,2026-08-25T20:29:16Z,comfyui-wiki,MEMBER,human_account,no,yes,yes,no,yes,no,yes,no,yes,yes,yes,yes,no,no,no,3,no,yes,yes,yes,no,no,no,no,4,1,3,0,yes,yes,no,no,3,2,0.094,3.564,3.564,3,2,alexisrolland,human_account,not_automation,MEMBER,yes,yes,no,no,no,0.151,205.8
,,,73,Comfy-Org/ComfyUI,traditional,agent_framework,agent_building,issue,12068,https://github.com/Comfy-Org/ComfyUI/issues/12068,closed,2026-01-25T05:22:00Z,2026-03-05T11:41:05Z,,goodtimeplaya-alt,NONE,human_account,no,yes,no,no,no,no,yes,no,no,no,no,no,no,no,no,0,no,yes,yes,no,no,no,no,yes,2,2,0,0,no,no,no,no,3,1,6.962,6.962,,0,0,github-actions[bot],automation_bot,conventional_automation,CONTRIBUTOR,no,no,no,yes,yes,39.263,205.8
,,,74,stablyai/orca,llm_native,agent_framework,agent_building,issue,16423,https://github.com/stablyai/orca/issues/16423,open,2026-08-25T08:26:36Z,,,newbeea,NONE,human_account,no,no,no,no,no,no,no,no,no,no,no,no,no,no,no,0,no,yes,yes,no,no,no,no,yes,1,2,0,0,no,no,no,no,2,0,22.527,22.527,,0,0,,,,,no,no,no,yes,no,,843.6
,,,74,stablyai/orca,llm_native,agent_framework,agent_building,pull_request,8274,https://github.com/stablyai/orca/pull/8274,open,2026-07-11T12:27:06Z,,,bbingz,CONTRIBUTOR,human_account,no,yes,yes,no,yes,no,no,no,yes,yes,yes,no,no,no,no,6,yes,yes,yes,no,no,yes,yes,yes,6,8,1,0,yes,yes,no,no,3,7,0.055,,,2,1,,,,,no,no,no,yes,no,,843.6
,,,74,stablyai/orca,llm_native,agent_framework,agent_building,issue,16501,https://github.com/stablyai/orca/issues/16501,open,2026-08-25T22:45:53Z,,,plaonn,CONTRIBUTOR,human_account,no,yes,no,no,no,no,yes,no,no,no,no,no,no,no,no,0,no,yes,yes,no,no,no,no,yes,1,1,0,0,no,no,no,no,2,0,7.58,7.58,,0,0,,,,,no,no,no,yes,no,,843.6
,,,74,stablyai/orca,llm_native,agent_framework,agent_building,pull_request,8960,https://github.com/stablyai/orca/pull/8960,open,2026-07-16T04:59:55Z,,,bang9,NONE,human_account,no,yes,yes,no,yes,no,no,no,yes,yes,no,no,no,no,no,8,no,yes,yes,no,no,no,no,yes,9,8,2,0,yes,yes,no,no,3,4,0.07,21.071,,7,6,,,,,no,no,no,yes,no,,843.6
,,,74,stablyai/orca,llm_native,agent_framework,agent_building,pull_request,10364,https://github.com/stablyai/orca/pull/10364,open,2026-07-24T09:38:02Z,,,innocarpe,CONTRIBUTOR,human_account,no,yes,yes,no,yes,no,no,no,yes,no,no,no,no,no,no,1,no,yes,yes,no,no,yes,yes,yes,1,1,0,0,no,no,no,no,2,1,0.002,,,1,0,,,,,no,no,no,yes,no,,843.6
,,,74,stablyai/orca,llm_native,agent_framework,agent_building,pull_request,13166,https://github.com/stablyai/orca/pull/13166,closed_unmerged,2026-08-08T09:07:55Z,2026-08-19T14:23:46Z,,bbingz,CONTRIBUTOR,human_account,no,yes,yes,no,yes,no,no,no,yes,yes,yes,no,no,no,no,9,yes,yes,yes,no,no,yes,yes,yes,9,11,1,0,yes,yes,no,no,2,6,0.045,,,3,3,bbingz,human_account,not_automation,CONTRIBUTOR,yes,no,no,yes,no,11.219,843.6
,,,74,stablyai/orca,llm_native,agent_framework,agent_building,pull_request,2019,https://github.com/stablyai/orca/pull/2019,merged,2026-05-16T02:07:44Z,2026-05-17T22:20:02Z,2026-05-17T22:20:02Z,leynier,CONTRIBUTOR,human_account,no,no,no,no,no,no,no,no,no,no,no,no,no,no,no,0,no,yes,yes,no,no,no,no,yes,2,2,0,0,no,no,no,no,3,0,44.083,44.083,,1,0,Jinwoo-H,human_account,not_automation,CONTRIBUTOR,yes,no,no,yes,yes,1.842,843.6
,,,74,stablyai/orca,llm_native,agent_framework,agent_building,issue,2346,https://github.com/stablyai/orca/issues/2346,closed,2026-05-19T20:47:46Z,2026-05-22T07:13:55Z,,maco222,CONTRIBUTOR,human_account,no,no,no,no,no,no,no,no,no,no,no,no,no,no,no,0,no,yes,yes,no,no,unknown,yes,yes,0,0,0,0,no,no,no,no,1,0,,,,0,0,nwparker,human_account,not_automation,CONTRIBUTOR,yes,no,no,yes,yes,2.435,843.6
,,,74,stablyai/orca,llm_native,agent_framework,agent_building,pull_request,1474,https://github.com/stablyai/orca/pull/1474,merged,2026-05-05T23:27:48Z,2026-05-05T23:29:01Z,2026-05-05T23:29:01Z,Jinwoo-H,CONTRIBUTOR,human_account,no,no,no,no,no,no,no,no,no,no,no,no,no,no,no,0,no,yes,yes,no,no,unknown,yes,yes,0,0,0,0,no,no,no,no,1,0,,,,1,0,Jinwoo-H,human_account,not_automation,CONTRIBUTOR,yes,no,no,yes,yes,0.001,843.6
,,,74,stablyai/orca,llm_native,agent_framework,agent_building,issue,10578,https://github.com/stablyai/orca/issues/10578,closed,2026-07-25T16:34:27Z,2026-07-30T03:28:08Z,,jeongph,CONTRIBUTOR,human_account,no,no,no,no,no,no,no,no,no,no,no,no,no,no,no,0,no,yes,yes,no,no,no,no,yes,2,2,0,0,no,no,no,no,3,0,2.078,2.078,,0,0,nwparker,human_account,not_automation,CONTRIBUTOR,yes,no,no,yes,no,4.454,843.6
,,,74,stablyai/orca,llm_native,agent_framework,agent_building,pull_request,8352,https://github.com/stablyai/orca/pull/8352,merged,2026-07-12T04:09:50Z,2026-07-12T05:06:38Z,2026-07-12T05:06:38Z,AmethystLiang,CONTRIBUTOR,human_account,no,yes,yes,no,yes,no,no,no,yes,yes,no,no,no,no,no,3,no,yes,yes,no,no,yes,yes,yes,3,2,1,0,yes,yes,no,no,2,1,0.133,,,2,2,AmethystLiang,human_account,not_automation,CONTRIBUTOR,yes,no,no,yes,no,0.039,843.6
,,,74,stablyai/orca,llm_native,agent_framework,agent_building,pull_request,1958,https://github.com/stablyai/orca/pull/1958,merged,2026-05-15T19:06:55Z,2026-05-15T19:57:01Z,2026-05-15T19:57:01Z,AmethystLiang,CONTRIBUTOR,human_account,no,no,no,no,no,no,no,no,no,no,no,no,no,no,no,0,no,yes,yes,no,no,unknown,yes,yes,0,0,0,0,no,no,no,no,1,0,,,,2,0,AmethystLiang,human_account,not_automation,CONTRIBUTOR,yes,no,no,yes,yes,0.035,843.6
,,,74,stablyai/orca,llm_native,agent_framework,agent_building,issue,15518,https://github.com/stablyai/orca/issues/15518,open,2026-08-19T19:59:04Z,,,worsin,NONE,human_account,no,yes,no,no,no,no,yes,no,no,no,no,no,no,no,no,0,no,yes,yes,no,no,no,no,yes,1,1,0,0,no,no,no,no,2,0,21.508,21.508,,0,0,,,,,no,no,no,yes,no,,843.6
,,,74,stablyai/orca,llm_native,agent_framework,agent_building,pull_request,7485,https://github.com/stablyai/orca/pull/7485,merged,2026-07-06T03:58:30Z,2026-07-06T04:23:14Z,2026-07-06T04:23:14Z,AmethystLiang,CONTRIBUTOR,human_account,no,yes,yes,no,yes,no,no,no,yes,yes,no,no,no,no,no,3,no,yes,yes,no,no,yes,yes,yes,3,2,1,0,yes,yes,no,no,2,1,0.101,,,3,2,AmethystLiang,human_account,not_automation,CONTRIBUTOR,yes,no,no,yes,no,0.017,843.6
,,,74,stablyai/orca,llm_native,agent_framework,agent_building,issue,16241,https://github.com/stablyai/orca/issues/16241,closed,2026-08-24T10:07:02Z,2026-08-26T10:08:13Z,,mrgoonie,NONE,human_account,no,no,no,no,no,no,no,no,no,no,no,no,no,no,no,0,no,yes,yes,no,no,unknown,yes,yes,0,1,0,0,no,no,no,no,1,0,,,,0,0,nwparker,human_account,not_automation,CONTRIBUTOR,yes,no,no,yes,no,2.001,843.6
,,,74,stablyai/orca,llm_native,agent_framework,agent_building,issue,16301,https://github.com/stablyai/orca/issues/16301,open,2026-08-24T20:06:32Z,,,gatsby74,CONTRIBUTOR,human_account,no,no,no,no,no,no,no,no,no,no,no,no,no,no,no,0,no,yes,yes,no,no,no,no,yes,2,2,0,0,no,no,no,no,3,0,3.969,3.969,,0,0,,,,,no,no,no,yes,no,,843.6
,,,74,stablyai/orca,llm_native,agent_framework,agent_building,issue,2998,https://github.com/stablyai/orca/issues/2998,closed,2026-05-28T17:40:34Z,2026-05-31T13:40:21Z,,DEV-Johnstocker,NONE,human_account,no,no,no,no,no,no,no,no,no,no,no,no,no,no,no,0,no,yes,yes,no,no,no,no,yes,1,1,0,0,no,no,no,no,2,0,20.833,20.833,,0,0,nwparker,human_account,not_automation,CONTRIBUTOR,yes,no,no,yes,yes,2.833,843.6
,,,74,stablyai/orca,llm_native,agent_framework,agent_building,pull_request,14672,https://github.com/stablyai/orca/pull/14672,merged,2026-08-15T02:14:18Z,2026-08-15T04:36:10Z,2026-08-15T04:36:10Z,nwparker,CONTRIBUTOR,human_account,no,yes,yes,no,yes,no,yes,no,yes,no,no,no,no,no,no,1,no,yes,yes,no,no,yes,yes,yes,1,1,0,0,no,no,no,no,2,1,0.034,,,2,0,nwparker,human_account,not_automation,CONTRIBUTOR,yes,no,no,yes,no,0.099,843.6
,,,74,stablyai/orca,llm_native,agent_framework,agent_building,issue,10205,https://github.com/stablyai/orca/issues/10205,open,2026-07-23T17:02:21Z,,,gatsby74,CONTRIBUTOR,human_account,no,no,no,no,no,no,no,no,no,no,no,no,no,no,no,0,no,yes,yes,no,no,no,no,yes,3,7,0,0,no,no,no,no,4,0,84.093,84.093,,0,0,,,,,no,no,no,yes,no,,843.6
,,,74,stablyai/orca,llm_native,agent_framework,agent_building,pull_request,8717,https://github.com/stablyai/orca/pull/8717,open,2026-07-14T09:39:04Z,,,rodboev,CONTRIBUTOR,human_account,no,yes,yes,no,yes,no,no,no,yes,yes,yes,no,no,no,no,6,no,yes,yes,no,no,no,no,yes,9,9,2,0,yes,yes,no,no,4,7,0.163,141.35,,4,4,,,,,no,no,no,yes,no,,843.6
,,,75,unslothai/unsloth,llm_native,model_infra,supporting_infrastructure,pull_request,5598,https://github.com/unslothai/unsloth/pull/5598,merged,2026-05-19T05:24:07Z,2026-05-19T08:05:14Z,2026-05-19T08:05:14Z,xodn348,CONTRIBUTOR,human_account,no,yes,yes,yes,yes,no,yes,no,yes,yes,yes,yes,no,no,no,5,no,yes,yes,yes,no,no,no,no,7,4,3,0,yes,yes,no,no,4,2,0.002,2.662,2.662,3,1,danielhanchen,human_account,not_automation,MEMBER,yes,yes,no,yes,yes,0.112,298.95
,,,75,unslothai/unsloth,llm_native,model_infra,supporting_infrastructure,issue,5821,https://github.com/unslothai/unsloth/issues/5821,open,2026-05-27T17:39:57Z,,,TheAlex25,NONE,human_account,no,no,no,no,no,no,no,no,no,no,no,no,no,no,no,0,no,yes,yes,no,no,unknown,yes,yes,0,0,0,0,no,no,no,no,1,0,,,,0,0,,,,,no,no,no,yes,yes,,298.95
,,,75,unslothai/unsloth,llm_native,model_infra,supporting_infrastructure,pull_request,8252,https://github.com/unslothai/unsloth/pull/8252,merged,2026-08-09T11:05:01Z,2026-08-09T11:06:19Z,2026-08-09T11:06:19Z,danielhanchen,MEMBER,human_account,no,yes,yes,yes,no,no,no,no,yes,yes,no,no,no,no,no,3,no,yes,yes,yes,no,yes,yes,yes,3,2,1,0,yes,no,no,no,2,1,0.081,,,1,0,danielhanchen,human_account,not_automation,MEMBER,yes,yes,no,no,no,0.001,298.95
,,,75,unslothai/unsloth,llm_native,model_infra,supporting_infrastructure,pull_request,6315,https://github.com/unslothai/unsloth/pull/6315,merged,2026-06-14T12:13:21Z,2026-06-15T11:22:12Z,2026-06-15T11:22:12Z,danielhanchen,MEMBER,human_account,no,yes,yes,yes,yes,no,no,no,yes,yes,no,no,no,no,no,5,no,yes,yes,yes,no,yes,yes,yes,5,3,2,0,yes,yes,no,no,3,1,0.031,,,1,1,danielhanchen,human_account,not_automation,MEMBER,yes,yes,no,no,no,0.964,298.95
,,,75,unslothai/unsloth,llm_native,model_infra,supporting_infrastructure,pull_request,9631,https://github.com/unslothai/unsloth/pull/9631,merged,2026-08-24T15:58:12Z,2026-08-25T07:41:09Z,2026-08-25T07:41:09Z,oobabooga,MEMBER,human_account,no,yes,yes,yes,no,no,yes,no,yes,yes,yes,yes,no,no,no,12,yes,yes,yes,yes,no,no,no,no,18,14,4,0,yes,yes,no,no,3,9,13.237,13.456,13.456,18,11,danielhanchen,human_account,not_automation,MEMBER,yes,yes,no,no,no,0.655,298.95
,,,75,unslothai/unsloth,llm_native,model_infra,supporting_infrastructure,pull_request,5351,https://github.com/unslothai/unsloth/pull/5351,closed_unmerged,2026-05-09T20:10:07Z,2026-07-01T08:43:42Z,,Etherll,COLLABORATOR,human_account,no,yes,yes,yes,yes,no,yes,no,yes,yes,no,no,no,no,no,61,yes,yes,yes,yes,no,no,no,no,72,59,13,0,yes,yes,no,no,5,6,0.058,377.195,377.195,54,50,danielhanchen,human_account,not_automation,MEMBER,yes,yes,no,no,yes,52.523,298.95
,,,75,unslothai/unsloth,llm_native,model_infra,supporting_infrastructure,pull_request,8540,https://github.com/unslothai/unsloth/pull/8540,merged,2026-08-12T11:30:43Z,2026-08-12T13:37:05Z,2026-08-12T13:37:05Z,danielhanchen,MEMBER,human_account,no,yes,yes,yes,no,no,yes,no,yes,yes,no,no,no,no,no,7,yes,yes,yes,yes,no,yes,yes,yes,7,5,4,0,yes,yes,no,no,2,5,0.072,,,13,11,danielhanchen,human_account,not_automation,MEMBER,yes,yes,no,no,no,0.088,298.95
,,,75,unslothai/unsloth,llm_native,model_infra,supporting_infrastructure,pull_request,9753,https://github.com/unslothai/unsloth/pull/9753,merged,2026-08-26T04:19:51Z,2026-08-26T15:28:42Z,2026-08-26T15:28:42Z,rajarshidattapy,CONTRIBUTOR,human_account,no,yes,yes,yes,no,no,yes,no,yes,no,no,no,no,no,no,1,yes,yes,yes,yes,no,no,no,no,3,3,0,0,no,no,no,no,3,1,3.441,3.441,3.441,11,0,danielhanchen,human_account,not_automation,MEMBER,yes,yes,no,yes,no,0.464,298.95
,,,75,unslothai/unsloth,llm_native,model_infra,supporting_infrastructure,pull_request,9062,https://github.com/unslothai/unsloth/pull/9062,closed_unmerged,2026-08-17T04:13:03Z,2026-08-21T06:33:04Z,,danielhanchen,MEMBER,human_account,no,yes,yes,yes,no,no,yes,no,yes,yes,yes,yes,no,no,no,25,yes,yes,yes,yes,no,yes,yes,yes,25,10,22,0,yes,yes,no,no,2,6,0.063,,,55,44,danielhanchen,human_account,not_automation,MEMBER,yes,yes,no,no,no,4.097,298.95
,,,75,unslothai/unsloth,llm_native,model_infra,supporting_infrastructure,issue,6698,https://github.com/unslothai/unsloth/issues/6698,open,2026-06-26T09:00:32Z,,,danielhanchen,MEMBER,human_account,no,no,no,no,no,no,no,no,no,no,no,no,no,no,no,0,no,yes,yes,yes,no,unknown,yes,yes,0,1,0,0,no,no,no,no,1,0,,,,0,0,,,,,no,no,no,no,no,,298.95
,,,75,unslothai/unsloth,llm_native,model_infra,supporting_infrastructure,issue,9864,https://github.com/unslothai/unsloth/issues/9864,closed,2026-08-27T13:45:36Z,2026-08-28T10:15:04Z,,tur-io,NONE,human_account,no,no,no,no,no,no,no,no,no,no,no,no,no,no,no,0,no,yes,yes,no,no,unknown,yes,yes,0,0,0,0,no,no,no,no,1,0,,,,0,0,mahiatlinux,human_account,not_automation,,yes,no,no,yes,no,0.854,298.95
,,,75,unslothai/unsloth,llm_native,model_infra,supporting_infrastructure,pull_request,4707,https://github.com/unslothai/unsloth/pull/4707,merged,2026-03-30T20:27:21Z,2026-03-31T03:35:04Z,2026-03-31T03:35:04Z,rolandtannous,CONTRIBUTOR,human_account,no,yes,yes,yes,yes,no,no,no,yes,yes,no,no,no,no,no,2,no,yes,yes,no,no,yes,yes,yes,2,2,1,0,yes,yes,no,no,3,2,0.003,,,2,1,,,,,no,no,no,yes,yes,0.297,298.95
,,,75,unslothai/unsloth,llm_native,model_infra,supporting_infrastructure,pull_request,4441,https://github.com/unslothai/unsloth/pull/4441,open,2026-03-18T20:01:46Z,,,rubenfb23,NONE,human_account,no,yes,yes,yes,yes,no,no,no,yes,yes,yes,no,no,no,no,17,no,yes,yes,no,no,no,no,yes,21,20,4,0,yes,yes,no,no,6,4,0.002,9.889,,5,5,,,,,no,no,no,yes,yes,,298.95
,,,75,unslothai/unsloth,llm_native,model_infra,supporting_infrastructure,pull_request,9064,https://github.com/unslothai/unsloth/pull/9064,closed_unmerged,2026-08-17T04:37:44Z,2026-08-26T03:41:55Z,,Ricardo-M-L,CONTRIBUTOR,human_account,no,yes,yes,yes,no,no,yes,no,yes,yes,no,no,no,no,no,2,no,yes,yes,yes,no,no,no,no,3,2,1,0,yes,no,no,no,3,2,0.055,215.07,215.07,10,0,oobabooga,human_account,not_automation,MEMBER,yes,yes,no,yes,no,8.961,298.95
,,,75,unslothai/unsloth,llm_native,model_infra,supporting_infrastructure,issue,9117,https://github.com/unslothai/unsloth/issues/9117,open,2026-08-17T18:13:18Z,,,wenxian11111,NONE,human_account,no,no,no,no,no,no,no,no,no,no,no,no,no,no,no,0,no,yes,yes,yes,no,no,no,no,2,2,0,0,no,no,no,no,3,0,9.588,9.588,9.588,0,0,,,,,no,no,no,yes,no,,298.95
,,,75,unslothai/unsloth,llm_native,model_infra,supporting_infrastructure,pull_request,8324,https://github.com/unslothai/unsloth/pull/8324,merged,2026-08-10T08:55:47Z,2026-08-10T09:07:09Z,2026-08-10T09:07:09Z,shimmyshimmer,MEMBER,human_account,no,yes,no,no,no,no,yes,no,no,no,no,no,no,no,no,0,no,yes,yes,yes,no,unknown,yes,yes,0,0,0,0,no,no,no,no,1,0,,,,2,0,shimmyshimmer,human_account,not_automation,MEMBER,yes,yes,no,no,no,0.008,298.95
,,,75,unslothai/unsloth,llm_native,model_infra,supporting_infrastructure,pull_request,8480,https://github.com/unslothai/unsloth/pull/8480,merged,2026-08-11T18:30:39Z,2026-08-12T09:02:02Z,2026-08-12T09:02:02Z,danielhanchen,MEMBER,human_account,no,yes,yes,yes,no,no,yes,no,yes,yes,no,no,no,no,no,7,yes,yes,yes,yes,no,yes,yes,yes,7,3,5,0,yes,yes,no,no,2,2,0.063,,,16,14,danielhanchen,human_account,not_automation,MEMBER,yes,yes,no,no,no,0.605,298.95
,,,75,unslothai/unsloth,llm_native,model_infra,supporting_infrastructure,issue,8840,https://github.com/unslothai/unsloth/issues/8840,open,2026-08-14T16:07:39Z,,,Rafael-Silva-Oliveira,NONE,human_account,no,no,no,no,no,no,no,no,no,no,no,no,no,no,no,0,no,yes,yes,no,no,unknown,yes,yes,0,2,0,0,no,no,no,no,1,0,,,,0,0,,,,,no,no,no,yes,no,,298.95
,,,75,unslothai/unsloth,llm_native,model_infra,supporting_infrastructure,pull_request,6981,https://github.com/unslothai/unsloth/pull/6981,merged,2026-07-08T14:51:01Z,2026-07-08T14:51:54Z,2026-07-08T14:51:54Z,danielhanchen,MEMBER,human_account,no,yes,yes,no,yes,no,no,no,yes,yes,no,no,no,no,no,1,no,yes,yes,yes,no,yes,yes,yes,1,0,1,0,yes,no,no,no,2,1,0.014,,,1,0,danielhanchen,human_account,not_automation,MEMBER,yes,yes,no,no,no,0.001,298.95
,,,75,unslothai/unsloth,llm_native,model_infra,supporting_infrastructure,issue,6399,https://github.com/unslothai/unsloth/issues/6399,open,2026-06-17T10:28:19Z,,,MartinKuhl,NONE,human_account,no,no,no,no,no,no,no,no,no,no,no,no,no,no,no,0,no,yes,yes,no,no,unknown,yes,yes,0,0,0,0,no,no,no,no,1,0,,,,0,0,,,,,no,no,no,yes,no,,298.95
,,,76,langchain-ai/langchain,llm_native,agent_framework,agent_building,pull_request,38748,https://github.com/langchain-ai/langchain/pull/38748,merged,2026-07-09T16:48:28Z,2026-07-14T06:41:30Z,2026-07-14T06:41:30Z,dependabot[bot],CONTRIBUTOR,automation_bot,no,yes,no,no,no,no,yes,no,no,no,no,no,no,no,no,0,no,yes,no,no,no,unknown,yes,yes,0,0,0,0,no,no,no,no,1,0,,,,1,0,jkennedyvz,human_account,not_automation,,yes,no,no,yes,no,4.578,253.45
,,,76,langchain-ai/langchain,llm_native,agent_framework,agent_building,issue,35046,https://github.com/langchain-ai/langchain/issues/35046,closed,2026-02-06T18:10:46Z,2026-02-10T17:25:51Z,,subhashyadavon,NONE,human_account,no,yes,no,no,no,no,yes,no,no,no,no,no,no,no,no,0,no,yes,yes,no,no,unknown,yes,yes,0,0,0,0,no,no,no,no,1,0,,,,0,0,eyurtsev,human_account,not_automation,,yes,no,no,yes,yes,3.969,253.45
,,,76,langchain-ai/langchain,llm_native,agent_framework,agent_building,pull_request,35162,https://github.com/langchain-ai/langchain/pull/35162,merged,2026-02-11T02:37:56Z,2026-02-11T04:40:41Z,2026-02-11T04:40:40Z,dependabot[bot],CONTRIBUTOR,automation_bot,no,yes,no,no,no,no,yes,no,no,no,no,no,no,no,no,0,no,yes,no,no,no,unknown,yes,yes,0,0,0,0,no,no,no,no,1,0,,,,1,0,jkennedyvz,human_account,not_automation,,yes,no,no,yes,yes,0.085,253.45
,,,76,langchain-ai/langchain,llm_native,agent_framework,agent_building,issue,36609,https://github.com/langchain-ai/langchain/issues/36609,closed,2026-04-08T11:27:48Z,2026-06-05T20:04:08Z,,deepa-invisibl,NONE,human_account,no,yes,no,no,no,no,yes,no,no,no,no,no,no,no,no,0,no,yes,yes,no,no,no,no,yes,4,4,0,0,no,no,no,no,4,0,28.94,28.94,,0,0,mdrxy,human_account,not_automation,MEMBER,yes,yes,no,yes,yes,58.359,253.45
,,,76,langchain-ai/langchain,llm_native,agent_framework,agent_building,issue,39229,https://github.com/langchain-ai/langchain/issues/39229,closed,2026-08-04T00:58:10Z,2026-08-04T00:58:22Z,,Diwak4r,NONE,human_account,no,yes,yes,no,no,yes,yes,no,yes,no,no,no,no,no,yes,2,no,yes,yes,no,no,yes,yes,yes,1,1,0,0,no,no,no,no,2,1,0.003,,,0,0,langchain-oss-automated-triage[bot],automation_bot,support_agent,NONE,no,no,yes,yes,no,0.0,253.45
,,,76,langchain-ai/langchain,llm_native,agent_framework,agent_building,pull_request,36016,https://github.com/langchain-ai/langchain/pull/36016,closed_unmerged,2026-03-17T14:18:48Z,2026-03-17T14:19:16Z,,nevanwang,NONE,human_account,no,yes,yes,no,no,yes,yes,no,no,no,no,no,no,no,no,1,no,yes,yes,no,no,yes,yes,yes,1,1,0,0,no,no,no,no,2,1,0.007,,,1,0,github-actions[bot],automation_bot,conventional_automation,CONTRIBUTOR,no,no,no,yes,yes,0.0,253.45
,,,76,langchain-ai/langchain,llm_native,agent_framework,agent_building,pull_request,35517,https://github.com/langchain-ai/langchain/pull/35517,closed_unmerged,2026-03-02T12:58:56Z,2026-06-08T19:09:55Z,,A404coder,NONE,human_account,no,yes,yes,no,no,yes,yes,no,no,no,no,no,no,no,no,1,no,yes,yes,yes,no,no,no,no,3,3,0,0,no,no,no,no,4,2,0.059,1040.321,2358.183,3,0,mdrxy,human_account,not_automation,MEMBER,yes,yes,no,yes,yes,98.258,253.45
,,,76,langchain-ai/langchain,llm_native,agent_framework,agent_building,pull_request,36150,https://github.com/langchain-ai/langchain/pull/36150,closed_unmerged,2026-03-22T01:42:08Z,2026-03-22T01:42:34Z,,passionworkeer,NONE,human_account,no,yes,yes,yes,no,yes,yes,no,yes,yes,no,no,no,no,no,8,no,yes,yes,no,no,yes,yes,yes,5,4,1,0,yes,no,no,no,3,1,0.007,,,1,0,github-actions[bot],automation_bot,conventional_automation,CONTRIBUTOR,no,no,no,yes,yes,0.0,253.45
,,,76,langchain-ai/langchain,llm_native,agent_framework,agent_building,issue,36985,https://github.com/langchain-ai/langchain/issues/36985,open,2026-04-24T09:18:47Z,,,lukabarbakadze,NONE,human_account,no,yes,no,no,no,no,yes,no,no,no,no,no,no,no,no,0,no,yes,yes,no,no,no,no,yes,3,3,0,0,no,no,no,no,4,0,0.744,0.744,,0,0,,,,,no,no,no,yes,yes,,253.45
,,,76,langchain-ai/langchain,llm_native,agent_framework,agent_building,pull_request,37588,https://github.com/langchain-ai/langchain/pull/37588,merged,2026-05-21T00:43:39Z,2026-05-21T00:49:26Z,2026-05-21T00:49:26Z,mdrxy,MEMBER,human_account,no,yes,no,no,no,no,yes,no,no,no,no,no,no,no,no,0,no,yes,yes,yes,no,unknown,yes,yes,0,0,0,0,no,no,no,no,1,0,,,,1,0,mdrxy,human_account,not_automation,MEMBER,yes,yes,no,no,yes,0.004,253.45
,,,76,langchain-ai/langchain,llm_native,agent_framework,agent_building,issue,38727,https://github.com/langchain-ai/langchain/issues/38727,closed,2026-07-08T19:00:20Z,2026-07-09T17:21:00Z,,rhcjw,NONE,human_account,no,yes,no,no,no,no,yes,no,no,no,no,no,no,no,no,0,no,yes,yes,yes,no,no,no,no,1,2,0,0,no,no,no,no,2,0,22.344,22.344,22.344,0,0,mdrxy,human_account,not_automation,MEMBER,yes,yes,no,yes,no,0.931,253.45
,,,76,langchain-ai/langchain,llm_native,agent_framework,agent_building,pull_request,38770,https://github.com/langchain-ai/langchain/pull/38770,closed_unmerged,2026-07-10T06:45:51Z,2026-07-10T06:46:22Z,,kmishra1204,NONE,human_account,no,yes,yes,no,no,yes,yes,no,no,no,no,no,no,no,no,2,no,yes,yes,no,no,yes,yes,yes,1,1,0,0,no,no,no,no,2,1,0.009,,,1,0,github-actions[bot],automation_bot,conventional_automation,CONTRIBUTOR,no,no,no,yes,no,0.0,253.45
,,,76,langchain-ai/langchain,llm_native,agent_framework,agent_building,pull_request,38470,https://github.com/langchain-ai/langchain/pull/38470,closed_unmerged,2026-06-26T02:40:21Z,2026-06-26T02:40:47Z,,danielenricocahall,NONE,human_account,no,yes,yes,no,no,yes,yes,no,no,no,no,no,no,no,no,2,no,yes,yes,no,no,yes,yes,yes,1,1,0,0,no,no,no,no,2,1,0.007,,,1,0,github-actions[bot],automation_bot,conventional_automation,CONTRIBUTOR,no,no,no,yes,no,0.0,253.45
,,,76,langchain-ai/langchain,llm_native,agent_framework,agent_building,pull_request,35915,https://github.com/langchain-ai/langchain/pull/35915,closed_unmerged,2026-03-15T08:11:57Z,2026-03-15T08:12:18Z,,mokshagnachintha,NONE,human_account,no,yes,yes,no,no,yes,yes,no,no,no,no,no,no,no,no,1,no,yes,yes,no,no,yes,yes,yes,1,1,0,0,no,no,no,no,2,1,0.006,,,3,0,github-actions[bot],automation_bot,conventional_automation,CONTRIBUTOR,no,no,no,yes,yes,0.0,253.45
,,,76,langchain-ai/langchain,llm_native,agent_framework,agent_building,pull_request,36314,https://github.com/langchain-ai/langchain/pull/36314,merged,2026-03-27T19:22:50Z,2026-03-27T19:24:12Z,2026-03-27T19:24:11Z,mdrxy,MEMBER,human_account,no,yes,no,no,no,no,yes,no,no,no,no,no,no,no,no,0,no,yes,yes,yes,no,unknown,yes,yes,0,0,0,0,no,no,no,no,1,0,,,,1,0,mdrxy,human_account,not_automation,MEMBER,yes,yes,no,no,yes,0.001,253.45
,,,76,langchain-ai/langchain,llm_native,agent_framework,agent_building,issue,38842,https://github.com/langchain-ai/langchain/issues/38842,open,2026-07-14T12:12:40Z,,,Juyotal,NONE,human_account,no,yes,no,no,no,no,yes,no,no,no,no,no,no,no,no,0,no,yes,yes,no,no,no,no,yes,3,3,0,0,no,no,no,no,4,0,14.224,14.224,,0,0,,,,,no,no,no,yes,no,,253.45
,,,76,langchain-ai/langchain,llm_native,agent_framework,agent_building,pull_request,39358,https://github.com/langchain-ai/langchain/pull/39358,closed_unmerged,2026-08-09T04:23:23Z,2026-08-09T04:23:51Z,,alwaysprince05,CONTRIBUTOR,human_account,no,yes,yes,no,no,yes,yes,no,no,no,no,no,no,no,no,2,no,yes,yes,no,no,yes,yes,yes,1,1,0,0,no,no,no,no,2,1,0.007,,,1,0,github-actions[bot],automation_bot,conventional_automation,CONTRIBUTOR,no,no,no,yes,no,0.0,253.45
,,,76,langchain-ai/langchain,llm_native,agent_framework,agent_building,issue,39934,https://github.com/langchain-ai/langchain/issues/39934,closed,2026-08-26T12:36:37Z,2026-08-26T12:36:51Z,,Dejwwik,CONTRIBUTOR,human_account,no,yes,yes,no,no,yes,yes,no,yes,no,no,no,no,no,yes,2,no,yes,yes,no,no,yes,yes,yes,1,2,0,0,no,no,no,no,2,2,0.004,,,0,0,langchain-oss-automated-triage[bot],automation_bot,support_agent,NONE,no,no,yes,yes,no,0.0,253.45
,,,76,langchain-ai/langchain,llm_native,agent_framework,agent_building,issue,35724,https://github.com/langchain-ai/langchain/issues/35724,open,2026-03-10T20:48:40Z,,,kevinbfrank,NONE,human_account,no,yes,no,no,no,no,yes,no,no,no,no,no,no,no,no,0,no,yes,yes,no,no,no,no,yes,4,6,0,0,no,no,no,no,4,0,368.778,368.778,,0,0,,,,,no,no,no,yes,yes,,253.45
,,,76,langchain-ai/langchain,llm_native,agent_framework,agent_building,pull_request,39139,https://github.com/langchain-ai/langchain/pull/39139,closed_unmerged,2026-07-30T08:34:04Z,2026-07-30T08:34:29Z,,ManyaS-Git,NONE,human_account,no,yes,yes,no,no,yes,yes,no,no,no,no,no,no,no,no,2,no,yes,yes,no,no,yes,yes,yes,1,1,0,0,no,no,no,no,2,1,0.007,,,1,0,github-actions[bot],automation_bot,conventional_automation,CONTRIBUTOR,no,no,no,yes,no,0.0,253.45
,,,77,openvinotoolkit/openvino,traditional,model_infra,supporting_infrastructure,pull_request,34316,https://github.com/openvinotoolkit/openvino/pull/34316,closed_unmerged,2026-02-25T12:46:54Z,2026-07-01T01:04:08Z,,aneek22112007-tech,NONE,human_account,no,yes,no,no,no,no,yes,no,no,no,no,no,no,no,no,0,no,yes,yes,no,no,yes,yes,yes,2,3,0,0,no,no,no,no,2,1,2796.385,,,6,0,github-actions[bot],automation_bot,conventional_automation,CONTRIBUTOR,no,no,no,yes,yes,125.512,204.4
,,,77,openvinotoolkit/openvino,traditional,model_infra,supporting_infrastructure,pull_request,33679,https://github.com/openvinotoolkit/openvino/pull/33679,merged,2026-01-19T12:22:45Z,2026-01-21T06:45:59Z,2026-01-21T06:45:59Z,byungilm,CONTRIBUTOR,human_account,no,yes,no,no,no,no,yes,no,no,no,yes,no,no,no,no,0,no,yes,yes,no,no,no,no,yes,9,10,4,0,yes,yes,no,no,3,0,18.138,18.138,,6,5,isanghao,human_account,not_automation,CONTRIBUTOR,yes,no,no,yes,yes,1.766,204.4
,,,77,openvinotoolkit/openvino,traditional,model_infra,supporting_infrastructure,pull_request,34286,https://github.com/openvinotoolkit/openvino/pull/34286,merged,2026-02-24T11:44:16Z,2026-02-26T01:06:27Z,2026-02-26T01:06:26Z,aobolensk,CONTRIBUTOR,human_account,no,yes,yes,yes,no,no,yes,no,yes,yes,yes,no,no,no,no,2,no,yes,yes,no,no,no,no,yes,5,4,3,0,yes,yes,no,no,3,2,0.281,25.36,,3,2,aobolensk,human_account,not_automation,CONTRIBUTOR,yes,no,no,yes,yes,1.557,204.4
,,,77,openvinotoolkit/openvino,traditional,model_infra,supporting_infrastructure,pull_request,36575,https://github.com/openvinotoolkit/openvino/pull/36575,closed_unmerged,2026-06-25T16:27:34Z,2026-07-23T11:03:52Z,,v-Golubev,CONTRIBUTOR,human_account,no,yes,no,no,no,no,yes,no,no,no,no,no,no,no,no,0,no,yes,yes,no,no,unknown,yes,yes,0,0,0,0,no,no,no,no,1,0,,,,1,0,v-Golubev,human_account,not_automation,CONTRIBUTOR,yes,no,no,yes,no,27.775,204.4
,,,77,openvinotoolkit/openvino,traditional,model_infra,supporting_infrastructure,pull_request,36795,https://github.com/openvinotoolkit/openvino/pull/36795,merged,2026-07-09T09:28:14Z,2026-07-13T15:57:10Z,2026-07-13T15:57:10Z,alexandruenache1111,CONTRIBUTOR,human_account,no,yes,no,no,no,no,yes,no,no,no,yes,no,no,no,no,0,no,yes,yes,no,no,no,no,yes,10,8,2,0,yes,yes,no,no,3,0,22.959,22.959,,5,1,PatrikStepan,human_account,not_automation,CONTRIBUTOR,yes,no,no,yes,no,4.27,204.4
,,,77,openvinotoolkit/openvino,traditional,model_infra,supporting_infrastructure,pull_request,36472,https://github.com/openvinotoolkit/openvino/pull/36472,closed_unmerged,2026-06-18T18:18:52Z,2026-08-17T13:37:23Z,,dhandhalyabhavik,NONE,human_account,no,yes,no,no,no,no,yes,no,no,no,no,no,no,no,no,0,no,yes,yes,no,no,no,no,yes,2,2,0,0,no,no,no,no,3,0,152.927,152.927,,1,0,michalzx,human_account,not_automation,CONTRIBUTOR,yes,no,no,yes,no,59.805,204.4
,,,77,openvinotoolkit/openvino,traditional,model_infra,supporting_infrastructure,pull_request,36930,https://github.com/openvinotoolkit/openvino/pull/36930,closed_unmerged,2026-07-16T17:25:09Z,2026-08-11T11:51:09Z,,bumbosiepsak,CONTRIBUTOR,human_account,no,yes,yes,yes,no,no,yes,no,yes,yes,no,no,no,no,no,3,no,yes,yes,no,no,no,no,yes,4,4,1,0,yes,yes,no,no,3,2,1.11,1.11,,22,22,bumbosiepsak,human_account,not_automation,CONTRIBUTOR,yes,no,no,yes,no,25.768,204.4
,,,77,openvinotoolkit/openvino,traditional,model_infra,supporting_infrastructure,pull_request,35090,https://github.com/openvinotoolkit/openvino/pull/35090,closed_unmerged,2026-03-31T15:09:37Z,2026-07-23T10:57:19Z,,Roszczyk,CONTRIBUTOR,human_account,no,yes,no,no,no,no,yes,no,no,no,no,no,no,no,no,0,no,yes,yes,no,no,unknown,yes,yes,0,1,0,0,no,no,no,no,1,0,,,,4,0,Roszczyk,human_account,not_automation,CONTRIBUTOR,yes,no,no,yes,yes,113.825,204.4
,,,77,openvinotoolkit/openvino,traditional,model_infra,supporting_infrastructure,pull_request,34439,https://github.com/openvinotoolkit/openvino/pull/34439,merged,2026-03-02T15:48:47Z,2026-03-03T12:46:02Z,2026-03-03T12:46:02Z,PatrikStepan,CONTRIBUTOR,human_account,no,yes,yes,yes,no,no,yes,no,yes,yes,yes,no,no,no,no,5,no,yes,yes,no,no,no,no,yes,8,4,4,0,yes,yes,no,no,5,2,18.529,18.529,,2,1,PatrikStepan,human_account,not_automation,CONTRIBUTOR,yes,no,no,yes,yes,0.873,204.4
,,,77,openvinotoolkit/openvino,traditional,model_infra,supporting_infrastructure,pull_request,36045,https://github.com/openvinotoolkit/openvino/pull/36045,merged,2026-05-22T13:48:48Z,2026-06-08T13:12:57Z,2026-06-08T13:12:57Z,mdvoretc-intel,CONTRIBUTOR,human_account,no,yes,yes,yes,no,no,yes,no,yes,yes,yes,no,no,yes,no,4,no,yes,yes,no,no,no,no,yes,24,26,8,1,yes,yes,yes,yes,7,2,0.293,0.293,,9,7,p-durandin,human_account,not_automation,CONTRIBUTOR,yes,no,no,yes,yes,16.975,204.4
,,,77,openvinotoolkit/openvino,traditional,model_infra,supporting_infrastructure,pull_request,36292,https://github.com/openvinotoolkit/openvino/pull/36292,merged,2026-06-08T07:06:10Z,2026-06-12T11:15:58Z,2026-06-12T11:15:58Z,dependabot[bot],CONTRIBUTOR,automation_bot,no,yes,no,no,no,no,yes,no,no,no,yes,no,no,no,no,0,no,yes,yes,no,no,no,no,yes,1,0,1,0,yes,no,no,no,2,1,77.952,77.952,,2,0,p-wysocki,human_account,not_automation,CONTRIBUTOR,yes,no,no,yes,no,4.173,204.4
,,,77,openvinotoolkit/openvino,traditional,model_infra,supporting_infrastructure,pull_request,33549,https://github.com/openvinotoolkit/openvino/pull/33549,merged,2026-01-12T14:17:45Z,2026-01-13T18:29:05Z,2026-01-13T18:29:05Z,dependabot[bot],CONTRIBUTOR,automation_bot,no,yes,no,no,no,no,yes,no,no,no,yes,no,no,no,no,0,no,yes,yes,no,no,no,no,yes,2,0,2,0,yes,no,no,no,3,1,22.854,22.854,,1,0,p-wysocki,human_account,not_automation,CONTRIBUTOR,yes,no,no,yes,yes,1.175,204.4
,,,77,openvinotoolkit/openvino,traditional,model_infra,supporting_infrastructure,pull_request,34864,https://github.com/openvinotoolkit/openvino/pull/34864,merged,2026-03-23T18:21:12Z,2026-03-31T18:41:39Z,2026-03-31T18:41:39Z,p-wysocki,CONTRIBUTOR,human_account,no,yes,yes,yes,no,no,yes,no,yes,yes,yes,no,no,no,no,2,no,yes,yes,no,no,no,no,yes,7,7,5,0,yes,yes,no,no,4,2,17.206,17.206,,11,6,p-wysocki,human_account,not_automation,CONTRIBUTOR,yes,no,no,yes,yes,8.014,204.4
,,,77,openvinotoolkit/openvino,traditional,model_infra,supporting_infrastructure,issue,36457,https://github.com/openvinotoolkit/openvino/issues/36457,closed,2026-06-17T23:04:52Z,2026-06-17T23:42:55Z,,laulau,NONE,human_account,no,no,no,no,no,no,no,no,no,no,no,no,no,no,no,0,no,yes,yes,no,no,unknown,yes,yes,0,6,0,0,no,no,no,no,1,0,,,,0,0,laulau,human_account,not_automation,NONE,yes,no,no,yes,no,0.026,204.4
,,,77,openvinotoolkit/openvino,traditional,model_infra,supporting_infrastructure,pull_request,36639,https://github.com/openvinotoolkit/openvino/pull/36639,open,2026-06-30T10:02:16Z,,,alexandruenache1111,CONTRIBUTOR,human_account,no,yes,no,no,no,no,yes,no,no,no,yes,no,no,no,no,0,no,yes,yes,no,no,no,no,yes,1,0,1,0,yes,no,no,no,2,0,2.116,2.116,,1,0,,,,,no,no,no,yes,no,,204.4
,,,77,openvinotoolkit/openvino,traditional,model_infra,supporting_infrastructure,pull_request,34947,https://github.com/openvinotoolkit/openvino/pull/34947,closed_unmerged,2026-03-26T07:35:42Z,2026-06-01T12:22:00Z,,Amanjha112113,NONE,human_account,no,yes,no,no,no,no,yes,no,no,no,yes,no,no,no,no,0,no,yes,yes,no,no,no,no,yes,2,1,2,0,yes,no,no,no,3,0,624.969,624.969,,1,0,Amanjha112113,human_account,not_automation,NONE,yes,no,no,yes,yes,67.199,204.4
,,,77,openvinotoolkit/openvino,traditional,model_infra,supporting_infrastructure,pull_request,37439,https://github.com/openvinotoolkit/openvino/pull/37439,open,2026-08-14T06:33:03Z,,,intelgaoxiong,CONTRIBUTOR,human_account,no,yes,no,no,no,no,yes,no,no,no,yes,yes,no,no,no,0,no,yes,yes,yes,no,no,no,no,2,1,1,0,yes,no,no,no,2,0,73.902,73.902,73.902,5,0,,,,,no,no,no,yes,no,,204.4
,,,77,openvinotoolkit/openvino,traditional,model_infra,supporting_infrastructure,pull_request,34260,https://github.com/openvinotoolkit/openvino/pull/34260,closed_unmerged,2026-02-23T10:43:22Z,2026-04-13T07:10:34Z,,gkoscins,CONTRIBUTOR,human_account,no,yes,no,no,no,no,yes,no,no,no,no,no,no,no,no,0,no,yes,yes,no,no,unknown,yes,yes,0,0,0,0,no,no,no,no,1,0,,,,4,0,gkoscins,human_account,not_automation,CONTRIBUTOR,yes,no,no,yes,yes,48.852,204.4
,,,77,openvinotoolkit/openvino,traditional,model_infra,supporting_infrastructure,pull_request,34321,https://github.com/openvinotoolkit/openvino/pull/34321,merged,2026-02-25T16:36:39Z,2026-02-26T14:46:11Z,2026-02-26T14:46:10Z,whitneyfoster,CONTRIBUTOR,human_account,no,yes,no,no,no,no,yes,no,no,no,yes,no,no,no,no,0,no,yes,yes,no,no,no,no,yes,1,0,1,0,yes,no,no,no,2,0,16.934,16.934,,2,0,akladiev,human_account,not_automation,,yes,no,no,yes,yes,0.923,204.4
,,,77,openvinotoolkit/openvino,traditional,model_infra,supporting_infrastructure,issue,35593,https://github.com/openvinotoolkit/openvino/issues/35593,closed,2026-04-29T00:41:59Z,2026-04-29T06:41:02Z,,github-actions[bot],CONTRIBUTOR,automation_bot,no,yes,no,no,no,no,yes,no,no,no,no,no,no,no,no,0,no,yes,no,no,no,unknown,yes,yes,0,0,0,0,no,no,no,no,1,0,,,,0,0,akashchi,human_account,not_automation,,yes,no,no,yes,yes,0.249,204.4
,,,78,microsoft/agent-framework,llm_native,agent_framework,agent_building,pull_request,7540,https://github.com/microsoft/agent-framework/pull/7540,merged,2026-08-06T14:16:01Z,2026-08-07T10:09:56Z,2026-08-07T10:09:56Z,SergeyMenshykh,CONTRIBUTOR,human_account,no,yes,yes,yes,no,no,yes,no,yes,yes,yes,no,no,no,no,3,no,yes,yes,no,no,no,no,yes,6,4,4,0,yes,yes,no,no,5,2,0.073,4.334,,3,2,SergeyMenshykh,human_account,not_automation,CONTRIBUTOR,yes,no,no,yes,no,0.829,231.45
,,,78,microsoft/agent-framework,llm_native,agent_framework,agent_building,pull_request,3490,https://github.com/microsoft/agent-framework/pull/3490,closed_unmerged,2026-01-28T20:24:18Z,2026-02-18T14:20:31Z,,dependabot[bot],CONTRIBUTOR,automation_bot,no,yes,no,no,no,no,yes,no,no,no,yes,no,no,no,no,0,no,yes,yes,no,no,no,no,yes,2,2,1,0,yes,no,no,no,3,2,0.038,0.038,,1,0,dependabot[bot],automation_bot,conventional_automation,CONTRIBUTOR,no,no,no,yes,yes,20.747,231.45
,,,78,microsoft/agent-framework,llm_native,agent_framework,agent_building,pull_request,4497,https://github.com/microsoft/agent-framework/pull/4497,closed_unmerged,2026-03-05T11:20:23Z,2026-03-11T01:00:14Z,,dependabot[bot],CONTRIBUTOR,automation_bot,no,yes,no,no,no,no,yes,no,no,no,yes,yes,no,no,no,0,no,yes,yes,yes,no,no,no,no,2,2,1,0,yes,no,no,no,3,2,0.041,0.041,8.506,1,0,dependabot[bot],automation_bot,conventional_automation,CONTRIBUTOR,no,no,no,yes,yes,5.569,231.45
,,,78,microsoft/agent-framework,llm_native,agent_framework,agent_building,pull_request,4022,https://github.com/microsoft/agent-framework/pull/4022,merged,2026-02-17T23:37:34Z,2026-02-18T00:57:38Z,2026-02-18T00:57:38Z,dmytrostruk,MEMBER,human_account,no,yes,yes,yes,no,no,yes,no,yes,yes,yes,no,no,no,no,1,no,yes,yes,yes,no,no,no,yes,6,2,4,0,yes,no,no,no,5,2,0.041,0.041,,6,0,dmytrostruk,human_account,not_automation,MEMBER,yes,yes,no,no,yes,0.056,231.45
,,,78,microsoft/agent-framework,llm_native,agent_framework,agent_building,issue,4494,https://github.com/microsoft/agent-framework/issues/4494,closed,2026-03-05T09:40:29Z,2026-03-18T08:53:43Z,,marcominerva,CONTRIBUTOR,human_account,no,yes,no,no,no,no,yes,no,no,no,no,no,no,no,no,0,no,yes,yes,no,no,no,no,yes,1,2,0,0,no,no,no,no,2,0,300.886,300.886,,0,0,marcominerva,human_account,not_automation,CONTRIBUTOR,yes,no,no,yes,yes,12.968,231.45
,,,78,microsoft/agent-framework,llm_native,agent_framework,agent_building,pull_request,4082,https://github.com/microsoft/agent-framework/pull/4082,merged,2026-02-19T12:38:15Z,2026-02-19T18:21:15Z,2026-02-19T18:21:15Z,eavanvalkenburg,MEMBER,human_account,no,yes,yes,yes,no,no,yes,no,yes,yes,yes,yes,no,no,no,2,no,yes,yes,yes,no,no,no,no,9,6,5,0,yes,yes,no,no,5,2,0.092,0.438,3.631,3,3,eavanvalkenburg,human_account,not_automation,MEMBER,yes,yes,no,no,yes,0.238,231.45
,,,78,microsoft/agent-framework,llm_native,agent_framework,agent_building,pull_request,6951,https://github.com/microsoft/agent-framework/pull/6951,closed_unmerged,2026-07-07T09:51:04Z,2026-07-07T11:32:50Z,,ElderJames,NONE,human_account,no,yes,yes,yes,no,no,no,no,yes,yes,yes,yes,no,no,no,4,no,yes,yes,yes,no,no,no,no,7,8,2,0,yes,no,no,no,4,2,0.092,0.779,1.077,2,0,ElderJames,human_account,not_automation,NONE,yes,no,no,yes,no,0.071,231.45
,,,78,microsoft/agent-framework,llm_native,agent_framework,agent_building,issue,7643,https://github.com/microsoft/agent-framework/issues/7643,open,2026-08-13T14:02:20Z,,,cecheta,MEMBER,human_account,no,yes,no,no,no,no,yes,no,no,no,no,no,no,no,no,0,no,yes,yes,yes,no,no,no,yes,2,2,0,0,no,no,no,no,2,0,217.939,217.939,,0,0,,,,,no,no,no,no,no,,231.45
,,,78,microsoft/agent-framework,llm_native,agent_framework,agent_building,pull_request,4690,https://github.com/microsoft/agent-framework/pull/4690,closed_unmerged,2026-03-13T14:12:57Z,2026-06-01T12:00:25Z,,jgarrison929,NONE,human_account,no,no,no,no,no,no,no,no,no,no,yes,no,no,no,no,0,no,yes,yes,yes,no,no,no,no,7,10,2,0,yes,yes,no,no,4,0,109.139,109.139,1917.791,3,3,eavanvalkenburg,human_account,not_automation,MEMBER,yes,yes,no,yes,yes,79.908,231.45
,,,78,microsoft/agent-framework,llm_native,agent_framework,agent_building,pull_request,6521,https://github.com/microsoft/agent-framework/pull/6521,merged,2026-06-15T13:37:26Z,2026-06-18T19:38:37Z,2026-06-18T19:38:37Z,westey-m,CONTRIBUTOR,human_account,no,yes,yes,yes,no,no,yes,no,yes,yes,yes,yes,no,no,no,2,no,yes,yes,yes,no,no,no,no,10,6,7,0,yes,yes,no,no,5,2,0.07,72.838,72.838,9,8,westey-m,human_account,not_automation,CONTRIBUTOR,yes,no,no,yes,no,3.251,231.45
,,,78,microsoft/agent-framework,llm_native,agent_framework,agent_building,pull_request,5468,https://github.com/microsoft/agent-framework/pull/5468,merged,2026-04-24T10:15:27Z,2026-04-24T10:54:59Z,2026-04-24T10:54:59Z,moonbox3,CONTRIBUTOR,human_account,no,yes,yes,yes,no,no,yes,no,yes,yes,yes,no,no,no,no,2,no,yes,yes,no,no,no,no,yes,4,2,3,0,yes,yes,no,no,4,2,0.052,0.631,,3,2,moonbox3,human_account,not_automation,CONTRIBUTOR,yes,no,no,yes,yes,0.027,231.45
,,,78,microsoft/agent-framework,llm_native,agent_framework,agent_building,issue,3401,https://github.com/microsoft/agent-framework/issues/3401,closed,2026-01-23T00:47:51Z,2026-02-11T20:35:39Z,,TimLovellSmith,MEMBER,human_account,no,yes,no,no,no,no,yes,no,no,no,no,no,no,no,no,0,no,yes,yes,yes,no,no,no,no,4,6,0,0,no,no,no,no,2,0,9.461,9.461,9.461,0,0,eavanvalkenburg,human_account,not_automation,MEMBER,yes,yes,no,no,yes,19.825,231.45
,,,78,microsoft/agent-framework,llm_native,agent_framework,agent_building,issue,4129,https://github.com/microsoft/agent-framework/issues/4129,closed,2026-02-20T12:32:15Z,2026-02-24T02:08:06Z,,corradopignato,NONE,human_account,no,yes,no,no,no,no,yes,no,no,no,no,no,no,no,no,0,no,yes,yes,no,no,no,no,yes,2,3,0,0,no,no,no,no,2,0,0.655,0.655,,0,0,moonbox3,human_account,not_automation,CONTRIBUTOR,yes,no,no,yes,yes,3.567,231.45
,,,78,microsoft/agent-framework,llm_native,agent_framework,agent_building,pull_request,7077,https://github.com/microsoft/agent-framework/pull/7077,closed_unmerged,2026-07-12T14:35:49Z,2026-07-14T07:25:28Z,,dependabot[bot],CONTRIBUTOR,automation_bot,no,yes,yes,yes,no,no,yes,no,yes,yes,no,no,no,no,no,1,no,yes,yes,no,no,no,no,yes,2,2,1,0,yes,no,no,no,3,2,0.001,40.828,,1,0,moonbox3,human_account,not_automation,CONTRIBUTOR,yes,no,no,yes,no,1.701,231.45
,,,78,microsoft/agent-framework,llm_native,agent_framework,agent_building,pull_request,5418,https://github.com/microsoft/agent-framework/pull/5418,merged,2026-04-22T03:35:02Z,2026-04-22T04:52:43Z,2026-04-22T04:52:43Z,moonbox3,CONTRIBUTOR,human_account,no,yes,yes,yes,no,no,no,no,yes,yes,yes,no,no,no,no,6,no,yes,yes,no,no,no,no,yes,7,8,2,0,yes,yes,no,no,3,2,0.052,1.255,,5,3,moonbox3,human_account,not_automation,CONTRIBUTOR,yes,no,no,yes,yes,0.054,231.45
,,,78,microsoft/agent-framework,llm_native,agent_framework,agent_building,pull_request,6965,https://github.com/microsoft/agent-framework/pull/6965,closed_unmerged,2026-07-07T14:40:28Z,2026-07-07T23:30:14Z,,kartikmadan11,CONTRIBUTOR,human_account,no,yes,yes,yes,no,no,no,no,yes,yes,yes,no,no,no,no,3,no,yes,yes,no,no,no,no,yes,4,5,1,0,yes,yes,no,no,3,2,0.076,8.829,,2,2,moonbox3,human_account,not_automation,CONTRIBUTOR,yes,no,no,yes,no,0.368,231.45
,,,78,microsoft/agent-framework,llm_native,agent_framework,agent_building,pull_request,5863,https://github.com/microsoft/agent-framework/pull/5863,merged,2026-05-14T19:56:59Z,2026-05-15T09:58:47Z,2026-05-15T09:58:47Z,SergeyMenshykh,CONTRIBUTOR,human_account,no,yes,no,no,no,no,yes,no,no,no,yes,no,no,no,no,0,no,yes,yes,no,no,no,no,yes,5,1,4,0,yes,no,no,no,4,2,0.362,0.362,,1,0,SergeyMenshykh,human_account,not_automation,CONTRIBUTOR,yes,no,no,yes,yes,0.585,231.45
,,,78,microsoft/agent-framework,llm_native,agent_framework,agent_building,pull_request,4539,https://github.com/microsoft/agent-framework/pull/4539,closed_unmerged,2026-03-07T14:07:27Z,2026-03-11T06:19:56Z,,hobostay,NONE,human_account,no,no,no,no,no,no,no,no,no,no,no,no,no,no,no,0,no,yes,yes,no,no,unknown,yes,yes,0,0,0,0,no,no,no,no,1,0,,,,3,0,hobostay,human_account,not_automation,NONE,yes,no,no,yes,yes,3.675,231.45
,,,78,microsoft/agent-framework,llm_native,agent_framework,agent_building,issue,6532,https://github.com/microsoft/agent-framework/issues/6532,open,2026-06-16T01:37:39Z,,,XiongHaoTrigger,CONTRIBUTOR,human_account,no,yes,no,no,no,no,yes,no,no,no,no,no,no,no,no,0,no,yes,yes,no,no,unknown,yes,yes,0,0,0,0,no,no,no,no,1,0,,,,0,0,,,,,no,no,no,yes,no,,231.45
,,,78,microsoft/agent-framework,llm_native,agent_framework,agent_building,issue,7036,https://github.com/microsoft/agent-framework/issues/7036,closed,2026-07-10T03:35:06Z,2026-07-10T22:47:31Z,,moonbox3,CONTRIBUTOR,human_account,no,yes,no,no,no,no,yes,no,no,no,no,no,no,no,no,0,no,yes,yes,no,no,unknown,yes,yes,0,0,0,0,no,no,no,no,1,0,,,,0,0,moonbox3,human_account,not_automation,CONTRIBUTOR,yes,no,no,yes,no,0.8,231.45
,,,79,comet-ml/opik,llm_native,agent_runtime_infra,supporting_infrastructure,pull_request,5686,https://github.com/comet-ml/opik/pull/5686,closed_unmerged,2026-03-17T00:10:48Z,2026-03-18T08:44:52Z,,CometActions,COLLABORATOR,human_account,no,yes,no,no,no,no,yes,no,no,no,no,no,no,no,no,0,no,yes,yes,yes,no,yes,yes,yes,14,14,0,0,no,no,no,no,2,1,0.037,,,8,0,andrescrz,human_account,not_automation,MEMBER,yes,yes,no,no,yes,1.357,171.8
,,,79,comet-ml/opik,llm_native,agent_runtime_infra,supporting_infrastructure,pull_request,4799,https://github.com/comet-ml/opik/pull/4799,closed_unmerged,2026-01-18T13:42:49Z,2026-01-20T17:45:34Z,,dsblank,CONTRIBUTOR,human_account,no,yes,no,no,no,no,yes,no,no,no,yes,yes,no,yes,no,0,no,yes,yes,yes,no,no,no,no,70,55,16,1,yes,yes,yes,no,7,8,0.039,2.246,2.246,19,18,dsblank,human_account,not_automation,CONTRIBUTOR,yes,no,no,yes,yes,2.169,171.8
,,,79,comet-ml/opik,llm_native,agent_runtime_infra,supporting_infrastructure,pull_request,5739,https://github.com/comet-ml/opik/pull/5739,merged,2026-03-19T12:27:07Z,2026-03-20T11:36:51Z,2026-03-20T11:36:51Z,alexkuzmik,COLLABORATOR,human_account,no,yes,no,no,no,no,yes,no,no,no,yes,yes,no,no,no,0,no,yes,yes,yes,no,no,no,yes,23,18,6,0,yes,yes,no,no,4,4,0.005,21.847,,6,3,alexkuzmik,human_account,not_automation,COLLABORATOR,yes,yes,no,no,yes,0.965,171.8
,,,79,comet-ml/opik,llm_native,agent_runtime_infra,supporting_infrastructure,pull_request,4924,https://github.com/comet-ml/opik/pull/4924,closed_unmerged,2026-01-26T23:33:31Z,2026-02-16T10:18:21Z,,aadereiko,COLLABORATOR,human_account,no,yes,no,no,no,no,yes,no,no,no,no,no,no,no,no,0,no,yes,yes,yes,no,yes,yes,yes,4,3,1,0,yes,no,no,no,3,1,0.253,,,3,0,aadereiko,human_account,not_automation,COLLABORATOR,yes,yes,no,no,yes,20.448,171.8
,,,79,comet-ml/opik,llm_native,agent_runtime_infra,supporting_infrastructure,pull_request,6298,https://github.com/comet-ml/opik/pull/6298,closed_unmerged,2026-04-15T14:37:01Z,2026-04-15T14:38:39Z,,ldaugusto,CONTRIBUTOR,human_account,no,yes,no,no,no,no,yes,no,no,no,no,no,no,no,no,0,no,yes,yes,no,no,yes,yes,yes,4,3,1,0,yes,no,no,no,3,1,0.006,,,1,0,ldaugusto,human_account,not_automation,CONTRIBUTOR,yes,no,no,yes,yes,0.001,171.8
,,,79,comet-ml/opik,llm_native,agent_runtime_infra,supporting_infrastructure,pull_request,7854,https://github.com/comet-ml/opik/pull/7854,open,2026-08-14T15:55:08Z,,,Bubblegunn,NONE,human_account,no,yes,no,no,no,no,yes,no,no,no,yes,no,no,no,no,0,no,yes,yes,yes,no,no,no,no,46,66,9,0,yes,yes,no,no,3,17,0.191,262.444,262.444,6,6,,,,,no,no,no,yes,no,,171.8
,,,79,comet-ml/opik,llm_native,agent_runtime_infra,supporting_infrastructure,pull_request,5276,https://github.com/comet-ml/opik/pull/5276,merged,2026-02-17T19:01:17Z,2026-02-24T13:40:37Z,2026-02-24T13:40:37Z,vincentkoc,CONTRIBUTOR,human_account,no,yes,no,no,no,no,yes,no,no,no,yes,yes,no,no,no,0,yes,yes,yes,yes,no,no,no,no,44,33,12,0,yes,yes,no,no,4,4,0.048,162.481,162.481,23,16,vincentkoc,human_account,not_automation,CONTRIBUTOR,yes,no,no,yes,yes,6.777,171.8
,,,79,comet-ml/opik,llm_native,agent_runtime_infra,supporting_infrastructure,pull_request,6776,https://github.com/comet-ml/opik/pull/6776,merged,2026-05-19T16:52:03Z,2026-05-20T20:04:02Z,2026-05-20T20:04:01Z,dsblank,CONTRIBUTOR,human_account,no,yes,no,no,no,no,yes,no,no,no,yes,yes,no,no,no,0,no,yes,yes,yes,no,no,no,no,11,8,5,0,yes,yes,no,no,3,6,0.073,24.241,24.241,3,3,dsblank,human_account,not_automation,CONTRIBUTOR,yes,no,no,yes,yes,1.133,171.8
,,,79,comet-ml/opik,llm_native,agent_runtime_infra,supporting_infrastructure,pull_request,6464,https://github.com/comet-ml/opik/pull/6464,merged,2026-04-23T15:23:12Z,2026-04-23T15:49:59Z,2026-04-23T15:49:59Z,CometActions,COLLABORATOR,human_account,no,yes,no,no,no,no,yes,no,no,no,yes,no,no,no,no,0,no,yes,yes,yes,no,no,no,yes,2,1,1,0,yes,no,no,no,3,1,0.014,0.014,,1,0,petrotiurin,human_account,not_automation,CONTRIBUTOR,yes,no,no,no,yes,0.019,171.8
,,,79,comet-ml/opik,llm_native,agent_runtime_infra,supporting_infrastructure,pull_request,5860,https://github.com/comet-ml/opik/pull/5860,merged,2026-03-25T17:26:08Z,2026-03-26T13:18:31Z,2026-03-26T13:18:31Z,thiagohora,CONTRIBUTOR,human_account,no,yes,no,no,no,no,yes,no,no,no,yes,no,no,no,no,0,yes,yes,yes,no,no,no,no,yes,2,0,2,0,yes,no,no,no,3,2,0.037,18.186,,1,0,thiagohora,human_account,not_automation,CONTRIBUTOR,yes,no,no,yes,yes,0.828,171.8
,,,79,comet-ml/opik,llm_native,agent_runtime_infra,supporting_infrastructure,pull_request,4949,https://github.com/comet-ml/opik/pull/4949,merged,2026-01-27T17:51:24Z,2026-01-27T20:28:46Z,2026-01-27T20:28:45Z,yaricom,CONTRIBUTOR,human_account,no,yes,no,no,no,no,yes,no,no,no,yes,no,no,no,no,0,no,yes,yes,no,no,no,no,yes,3,1,2,0,yes,no,no,no,4,2,0.005,2.621,,1,0,vincentkoc,human_account,not_automation,CONTRIBUTOR,yes,no,no,yes,yes,0.109,171.8
,,,79,comet-ml/opik,llm_native,agent_runtime_infra,supporting_infrastructure,pull_request,8024,https://github.com/comet-ml/opik/pull/8024,open,2026-08-26T12:11:49Z,,,AndreiCautisanu,CONTRIBUTOR,human_account,no,yes,no,no,no,no,yes,no,no,no,yes,yes,no,no,no,0,no,yes,yes,yes,no,no,no,no,104,121,13,0,yes,yes,no,no,6,54,0.057,0.104,0.104,13,11,,,,,no,no,no,yes,no,,171.8
,,,79,comet-ml/opik,llm_native,agent_runtime_infra,supporting_infrastructure,pull_request,6497,https://github.com/comet-ml/opik/pull/6497,merged,2026-04-27T10:25:43Z,2026-04-27T13:22:48Z,2026-04-27T13:22:48Z,BorisTkachenko,CONTRIBUTOR,human_account,no,yes,no,no,no,no,yes,no,no,no,yes,yes,no,no,no,0,no,yes,yes,yes,no,no,no,no,13,12,4,0,yes,yes,no,no,5,8,0.071,1.366,1.366,2,1,BorisTkachenko,human_account,not_automation,CONTRIBUTOR,yes,no,no,yes,yes,0.123,171.8
,,,79,comet-ml/opik,llm_native,agent_runtime_infra,supporting_infrastructure,pull_request,6181,https://github.com/comet-ml/opik/pull/6181,merged,2026-04-10T13:33:44Z,2026-04-13T07:55:20Z,2026-04-13T07:55:20Z,alexkuzmik,COLLABORATOR,human_account,no,yes,no,no,no,no,yes,no,no,no,yes,no,no,no,no,0,no,yes,yes,yes,no,no,no,no,10,7,3,0,yes,yes,no,no,5,2,0.208,1.128,1.128,5,3,alexkuzmik,human_account,not_automation,COLLABORATOR,yes,yes,no,no,yes,2.765,171.8
,,,79,comet-ml/opik,llm_native,agent_runtime_infra,supporting_infrastructure,pull_request,7104,https://github.com/comet-ml/opik/pull/7104,merged,2026-06-15T11:07:46Z,2026-06-15T12:20:03Z,2026-06-15T12:20:03Z,miguelgrc,CONTRIBUTOR,human_account,no,yes,no,no,no,no,yes,no,no,no,yes,yes,no,no,no,0,no,yes,yes,yes,no,no,no,no,2,0,2,0,yes,no,no,no,3,2,0.531,0.672,0.672,1,0,miguelgrc,human_account,not_automation,CONTRIBUTOR,yes,no,no,yes,no,0.05,171.8
,,,79,comet-ml/opik,llm_native,agent_runtime_infra,supporting_infrastructure,pull_request,6196,https://github.com/comet-ml/opik/pull/6196,merged,2026-04-12T06:48:14Z,2026-04-13T09:33:45Z,2026-04-13T09:33:45Z,JetoPistola,CONTRIBUTOR,human_account,no,yes,no,no,no,no,yes,no,no,no,yes,yes,no,no,no,0,no,yes,yes,yes,no,no,no,no,3,1,2,0,yes,no,no,no,4,2,0.068,25.49,25.49,1,0,JetoPistola,human_account,not_automation,CONTRIBUTOR,yes,no,no,yes,yes,1.115,171.8
,,,79,comet-ml/opik,llm_native,agent_runtime_infra,supporting_infrastructure,pull_request,6190,https://github.com/comet-ml/opik/pull/6190,merged,2026-04-10T18:24:36Z,2026-04-10T18:36:19Z,2026-04-10T18:36:19Z,GuySaar8,CONTRIBUTOR,human_account,no,yes,no,no,no,no,yes,no,no,no,yes,yes,no,no,no,0,no,yes,yes,yes,no,no,no,no,1,0,1,0,yes,no,no,no,2,0,0.174,0.174,0.174,2,0,GuySaar8,human_account,not_automation,CONTRIBUTOR,yes,no,no,yes,yes,0.008,171.8
,,,79,comet-ml/opik,llm_native,agent_runtime_infra,supporting_infrastructure,issue,4633,https://github.com/comet-ml/opik/issues/4633,open,2026-01-06T12:31:03Z,,,ellonde,NONE,human_account,no,no,no,no,no,no,no,no,no,no,no,no,no,no,no,0,no,yes,yes,yes,no,no,no,no,5,8,0,0,no,no,no,no,4,0,21.54,21.54,21.54,0,0,,,,,no,no,no,yes,yes,,171.8
,,,79,comet-ml/opik,llm_native,agent_runtime_infra,supporting_infrastructure,issue,6403,https://github.com/comet-ml/opik/issues/6403,open,2026-04-21T02:50:28Z,,,luckbyte,NONE,human_account,no,yes,no,no,no,no,no,no,no,no,no,no,no,no,no,0,no,yes,yes,no,no,yes,yes,yes,2,4,0,0,no,no,no,no,2,4,11.373,,,0,0,,,,,no,no,no,yes,yes,,171.8
,,,79,comet-ml/opik,llm_native,agent_runtime_infra,supporting_infrastructure,pull_request,6610,https://github.com/comet-ml/opik/pull/6610,merged,2026-05-05T14:46:23Z,2026-05-07T15:52:36Z,2026-05-07T15:52:36Z,thiagohora,CONTRIBUTOR,human_account,no,yes,no,no,no,no,yes,no,no,no,yes,no,no,no,no,0,no,yes,yes,no,no,no,no,yes,12,11,3,0,yes,yes,no,no,4,5,0.163,48.241,,3,2,thiagohora,human_account,not_automation,CONTRIBUTOR,yes,no,no,yes,yes,2.046,171.8
,,,80,marimo-team/marimo,mixed,agent_application,direct_agent_experience,pull_request,8406,https://github.com/marimo-team/marimo/pull/8406,merged,2026-02-20T23:57:36Z,2026-02-21T03:48:17Z,2026-02-21T03:48:17Z,akshayka,CONTRIBUTOR,human_account,no,yes,no,no,no,no,yes,no,no,no,no,no,no,no,no,0,no,yes,yes,no,no,yes,yes,yes,1,1,0,0,no,no,no,no,2,1,0.001,,,2,0,akshayka,human_account,not_automation,CONTRIBUTOR,yes,no,no,yes,yes,0.16,146.35
,,,80,marimo-team/marimo,mixed,agent_application,direct_agent_experience,pull_request,10350,https://github.com/marimo-team/marimo/pull/10350,merged,2026-07-27T19:11:40Z,2026-07-28T13:11:52Z,2026-07-28T13:11:52Z,mscolnick,CONTRIBUTOR,human_account,no,yes,yes,yes,yes,no,yes,no,yes,yes,yes,yes,no,no,no,5,no,yes,yes,yes,no,no,no,no,10,6,4,0,yes,yes,no,no,7,3,0.001,10.404,10.404,4,3,mscolnick,human_account,not_automation,CONTRIBUTOR,yes,no,no,yes,no,0.75,146.35
,,,80,marimo-team/marimo,mixed,agent_application,direct_agent_experience,pull_request,8243,https://github.com/marimo-team/marimo/pull/8243,closed_unmerged,2026-02-09T20:17:36Z,2026-02-09T21:01:07Z,,manzt,COLLABORATOR,human_account,no,yes,no,no,no,no,yes,no,no,no,yes,no,no,no,no,0,no,yes,yes,yes,no,no,no,yes,2,1,1,0,yes,no,no,no,3,2,0.002,0.041,,1,0,manzt,human_account,not_automation,COLLABORATOR,yes,yes,no,no,yes,0.03,146.35
,,,80,marimo-team/marimo,mixed,agent_application,direct_agent_experience,pull_request,7669,https://github.com/marimo-team/marimo/pull/7669,merged,2026-01-05T17:48:32Z,2026-01-06T16:06:53Z,2026-01-06T16:06:53Z,manzt,COLLABORATOR,human_account,no,yes,no,no,no,no,yes,no,no,no,yes,no,no,no,no,0,no,yes,yes,yes,no,no,no,yes,5,2,3,0,yes,yes,no,no,3,2,0.001,0.246,,2,1,mscolnick,human_account,not_automation,CONTRIBUTOR,yes,no,no,no,yes,0.929,146.35
,,,80,marimo-team/marimo,mixed,agent_application,direct_agent_experience,pull_request,9331,https://github.com/marimo-team/marimo/pull/9331,open,2026-04-22T19:48:21Z,,,dmadisetti,MEMBER,human_account,no,yes,no,no,no,no,yes,no,no,no,no,no,no,no,no,0,no,yes,yes,yes,no,no,no,yes,5,8,0,0,no,no,no,no,3,2,0.001,4.318,,3,0,,,,,no,no,no,no,yes,,146.35
,,,80,marimo-team/marimo,mixed,agent_application,direct_agent_experience,pull_request,9290,https://github.com/marimo-team/marimo/pull/9290,merged,2026-04-20T22:59:04Z,2026-04-20T23:06:16Z,2026-04-20T23:06:16Z,akshayka,CONTRIBUTOR,human_account,no,yes,yes,yes,no,no,yes,no,yes,yes,no,no,no,no,no,2,no,yes,yes,no,no,yes,yes,yes,4,3,1,0,yes,no,no,no,4,1,0.001,,,2,0,akshayka,human_account,not_automation,CONTRIBUTOR,yes,no,no,yes,yes,0.005,146.35
,,,80,marimo-team/marimo,mixed,agent_application,direct_agent_experience,pull_request,9216,https://github.com/marimo-team/marimo/pull/9216,merged,2026-04-16T06:00:24Z,2026-04-17T13:31:47Z,2026-04-17T13:31:47Z,renovate[bot],CONTRIBUTOR,automation_bot,no,yes,no,no,no,no,yes,no,no,no,no,no,no,no,no,0,no,yes,no,no,no,yes,yes,yes,1,1,0,0,no,no,no,no,2,0,0.001,,,1,0,mscolnick,human_account,not_automation,CONTRIBUTOR,yes,no,no,yes,yes,1.313,146.35
,,,80,marimo-team/marimo,mixed,agent_application,direct_agent_experience,issue,10049,https://github.com/marimo-team/marimo/issues/10049,open,2026-07-01T20:49:48Z,,,lukesdm,NONE,human_account,no,no,no,no,no,no,no,no,no,no,no,no,no,no,no,0,no,yes,yes,yes,no,no,no,no,1,1,0,0,no,no,no,no,2,0,19.446,19.446,19.446,0,0,,,,,no,no,no,yes,no,,146.35
,,,80,marimo-team/marimo,mixed,agent_application,direct_agent_experience,pull_request,8403,https://github.com/marimo-team/marimo/pull/8403,merged,2026-02-20T22:13:36Z,2026-02-27T21:16:46Z,2026-02-27T21:16:45Z,Antyos,CONTRIBUTOR,human_account,no,yes,no,no,no,no,yes,no,no,no,yes,yes,no,no,no,0,no,yes,yes,yes,no,no,no,no,10,9,4,0,yes,yes,no,no,5,2,0.001,0.654,0.654,3,1,dmadisetti,human_account,not_automation,MEMBER,yes,yes,no,yes,yes,6.961,146.35
,,,80,marimo-team/marimo,mixed,agent_application,direct_agent_experience,pull_request,7778,https://github.com/marimo-team/marimo/pull/7778,merged,2026-01-11T04:31:26Z,2026-01-11T16:05:52Z,2026-01-11T16:05:52Z,akshayka,CONTRIBUTOR,human_account,no,yes,no,no,no,no,yes,no,no,no,yes,yes,no,no,no,0,no,yes,yes,yes,no,no,no,no,3,2,1,0,yes,no,no,no,4,3,0.001,3.207,3.207,4,0,akshayka,human_account,not_automation,CONTRIBUTOR,yes,no,no,yes,yes,0.482,146.35
,,,80,marimo-team/marimo,mixed,agent_application,direct_agent_experience,pull_request,10298,https://github.com/marimo-team/marimo/pull/10298,merged,2026-07-23T14:13:48Z,2026-07-23T15:28:27Z,2026-07-23T15:28:27Z,peter-gy,COLLABORATOR,human_account,no,yes,yes,yes,yes,no,yes,no,yes,yes,yes,no,no,no,no,4,no,yes,yes,yes,no,no,no,yes,8,5,3,0,yes,no,no,no,6,3,0.002,0.646,,1,0,mscolnick,human_account,not_automation,CONTRIBUTOR,yes,no,no,no,no,0.052,146.35
,,,80,marimo-team/marimo,mixed,agent_application,direct_agent_experience,pull_request,8951,https://github.com/marimo-team/marimo/pull/8951,merged,2026-03-31T18:39:08Z,2026-03-31T20:31:36Z,2026-03-31T20:31:36Z,manzt,COLLABORATOR,human_account,no,yes,yes,yes,no,no,yes,no,yes,yes,yes,yes,no,no,no,4,no,yes,yes,yes,no,no,no,no,9,9,2,0,yes,yes,no,no,5,3,0.001,1.723,1.723,2,2,mscolnick,human_account,not_automation,CONTRIBUTOR,yes,no,no,no,yes,0.078,146.35
,,,80,marimo-team/marimo,mixed,agent_application,direct_agent_experience,issue,8485,https://github.com/marimo-team/marimo/issues/8485,closed,2026-02-27T01:17:25Z,2026-02-27T19:52:23Z,,eiis1000,NONE,human_account,no,no,no,no,no,no,no,no,no,no,no,no,no,no,no,0,no,yes,yes,yes,no,no,no,no,1,1,0,0,no,no,no,no,2,0,16.668,16.668,16.668,0,0,mscolnick,human_account,not_automation,CONTRIBUTOR,yes,no,no,yes,yes,0.774,146.35
,,,80,marimo-team/marimo,mixed,agent_application,direct_agent_experience,pull_request,9136,https://github.com/marimo-team/marimo/pull/9136,merged,2026-04-10T18:16:47Z,2026-04-10T18:25:40Z,2026-04-10T18:25:40Z,dmadisetti,MEMBER,human_account,no,yes,no,no,no,no,yes,no,no,no,yes,no,no,no,no,0,no,yes,yes,yes,no,no,no,yes,2,1,1,0,yes,no,no,no,3,2,0.002,0.12,,1,0,mscolnick,human_account,not_automation,CONTRIBUTOR,yes,no,no,no,yes,0.006,146.35
,,,80,marimo-team/marimo,mixed,agent_application,direct_agent_experience,pull_request,8560,https://github.com/marimo-team/marimo/pull/8560,merged,2026-03-03T22:08:31Z,2026-03-26T22:06:53Z,2026-03-26T22:06:53Z,dmadisetti,MEMBER,human_account,no,yes,yes,yes,no,no,yes,no,yes,yes,yes,yes,no,no,no,8,no,yes,yes,yes,no,no,no,yes,11,11,2,0,yes,yes,no,no,5,2,0.002,547.927,,13,1,dmadisetti,human_account,not_automation,MEMBER,yes,yes,no,no,yes,22.999,146.35
,,,80,marimo-team/marimo,mixed,agent_application,direct_agent_experience,pull_request,9473,https://github.com/marimo-team/marimo/pull/9473,merged,2026-05-07T18:45:40Z,2026-05-11T19:02:39Z,2026-05-11T19:02:39Z,mscolnick,CONTRIBUTOR,human_account,no,yes,yes,yes,yes,no,yes,no,yes,yes,yes,yes,no,no,no,6,no,yes,yes,yes,no,no,no,no,9,6,3,0,yes,yes,no,no,6,3,0.001,96.204,96.204,4,2,mscolnick,human_account,not_automation,CONTRIBUTOR,yes,no,no,yes,yes,4.012,146.35
,,,80,marimo-team/marimo,mixed,agent_application,direct_agent_experience,pull_request,7947,https://github.com/marimo-team/marimo/pull/7947,closed_unmerged,2026-01-23T02:31:21Z,2026-02-05T22:01:41Z,,adilkassim,NONE,human_account,no,yes,no,no,no,no,yes,no,no,no,yes,no,no,no,no,0,no,yes,yes,no,no,no,no,yes,10,8,3,0,yes,no,no,no,4,2,0.001,0.691,,1,0,mscolnick,human_account,not_automation,CONTRIBUTOR,yes,no,no,yes,yes,13.813,146.35
,,,80,marimo-team/marimo,mixed,agent_application,direct_agent_experience,issue,9681,https://github.com/marimo-team/marimo/issues/9681,closed,2026-05-25T13:26:32Z,2026-06-29T18:13:55Z,,johngu,NONE,human_account,no,no,no,no,no,no,no,no,no,no,no,no,no,no,no,0,no,yes,yes,yes,no,no,no,no,1,1,0,0,no,no,no,no,2,0,11.771,11.771,11.771,0,0,mscolnick,human_account,not_automation,CONTRIBUTOR,yes,no,no,yes,yes,35.2,146.35
,,,80,marimo-team/marimo,mixed,agent_application,direct_agent_experience,pull_request,9544,https://github.com/marimo-team/marimo/pull/9544,closed_unmerged,2026-05-13T19:21:31Z,2026-05-13T19:39:33Z,,archpulse,CONTRIBUTOR,human_account,no,yes,yes,no,yes,no,yes,no,yes,yes,no,no,no,no,no,2,no,yes,yes,yes,no,no,no,no,5,4,1,0,yes,no,no,no,5,2,0.002,0.301,0.301,2,0,dmadisetti,human_account,not_automation,MEMBER,yes,yes,no,yes,yes,0.013,146.35
,,,80,marimo-team/marimo,mixed,agent_application,direct_agent_experience,pull_request,8484,https://github.com/marimo-team/marimo/pull/8484,merged,2026-02-27T00:54:53Z,2026-02-27T03:10:30Z,2026-02-27T03:10:30Z,renovate[bot],CONTRIBUTOR,automation_bot,no,yes,no,no,no,no,yes,no,no,no,no,no,no,no,no,0,no,yes,no,no,no,yes,yes,yes,1,1,0,0,no,no,no,no,2,0,0.001,,,1,0,mscolnick,human_account,not_automation,CONTRIBUTOR,yes,no,no,yes,yes,0.094,146.35
,,,81,weaviate/weaviate,traditional,agent_runtime_infra,supporting_infrastructure,pull_request,10413,https://github.com/weaviate/weaviate/pull/10413,merged,2026-02-05T12:48:17Z,2026-02-05T13:14:57Z,2026-02-05T13:14:56Z,antas-marcin,CONTRIBUTOR,human_account,no,yes,no,no,no,no,yes,no,no,no,yes,yes,no,no,no,0,no,yes,yes,yes,no,no,no,no,3,1,2,0,yes,no,no,no,4,2,0.019,0.193,0.193,34,0,antas-marcin,human_account,not_automation,CONTRIBUTOR,yes,no,no,yes,yes,0.019,133.85
,,,81,weaviate/weaviate,traditional,agent_runtime_infra,supporting_infrastructure,pull_request,10224,https://github.com/weaviate/weaviate/pull/10224,merged,2026-01-14T12:19:21Z,2026-01-14T20:24:39Z,2026-01-14T20:24:39Z,antas-marcin,CONTRIBUTOR,human_account,no,yes,no,no,no,no,yes,no,no,no,yes,no,no,no,no,0,no,yes,yes,no,no,no,no,yes,3,1,2,0,yes,no,no,no,4,2,0.012,0.204,,1,0,antas-marcin,human_account,not_automation,CONTRIBUTOR,yes,no,no,yes,yes,0.337,133.85
,,,81,weaviate/weaviate,traditional,agent_runtime_infra,supporting_infrastructure,pull_request,11617,https://github.com/weaviate/weaviate/pull/11617,merged,2026-06-03T12:10:22Z,2026-06-03T12:33:25Z,2026-06-03T12:33:25Z,dirkkul,CONTRIBUTOR,human_account,no,yes,yes,yes,no,no,yes,no,yes,yes,yes,no,no,no,no,2,no,yes,yes,no,no,no,no,yes,5,2,3,0,yes,no,no,no,5,2,0.013,0.377,,1,0,dirkkul,human_account,not_automation,CONTRIBUTOR,yes,no,no,yes,no,0.016,133.85
,,,81,weaviate/weaviate,traditional,agent_runtime_infra,supporting_infrastructure,pull_request,10887,https://github.com/weaviate/weaviate/pull/10887,closed_unmerged,2026-03-28T10:31:30Z,2026-05-22T03:54:52Z,,alexxxneitor,NONE,human_account,no,yes,no,no,no,no,yes,no,no,no,no,no,no,no,no,0,yes,yes,yes,no,no,no,no,yes,5,6,1,0,yes,yes,no,no,5,6,0.016,1313.389,,9,3,dirkkul,human_account,not_automation,CONTRIBUTOR,yes,no,no,yes,yes,54.725,133.85
,,,81,weaviate/weaviate,traditional,agent_runtime_infra,supporting_infrastructure,pull_request,10980,https://github.com/weaviate/weaviate/pull/10980,merged,2026-04-08T19:29:21Z,2026-04-09T12:58:13Z,2026-04-09T12:58:13Z,byronvoorbach,MEMBER,human_account,no,yes,no,no,no,no,yes,no,no,no,yes,no,no,no,no,0,no,yes,yes,yes,no,no,no,yes,5,1,4,0,yes,yes,no,no,5,2,0.024,1.675,,3,3,antas-marcin,human_account,not_automation,CONTRIBUTOR,yes,no,no,no,yes,0.728,133.85
,,,81,weaviate/weaviate,traditional,agent_runtime_infra,supporting_infrastructure,pull_request,11093,https://github.com/weaviate/weaviate/pull/11093,merged,2026-04-20T13:08:19Z,2026-04-22T09:40:57Z,2026-04-22T09:40:57Z,mpartipilo,CONTRIBUTOR,human_account,no,yes,no,no,no,no,yes,no,no,no,yes,no,no,no,no,0,no,yes,yes,no,no,no,no,yes,6,3,4,0,yes,yes,no,no,5,4,0.019,44.542,,3,3,dirkkul,human_account,not_automation,CONTRIBUTOR,yes,no,no,yes,yes,1.856,133.85
,,,81,weaviate/weaviate,traditional,agent_runtime_infra,supporting_infrastructure,pull_request,10131,https://github.com/weaviate/weaviate/pull/10131,merged,2026-01-02T13:44:26Z,2026-01-05T09:32:41Z,2026-01-05T09:32:40Z,asdine,MEMBER,human_account,no,yes,no,no,no,no,yes,no,no,no,yes,yes,no,no,no,0,no,yes,yes,yes,no,no,no,yes,5,3,3,0,yes,yes,no,no,4,4,0.018,7.404,,10,1,asdine,human_account,not_automation,MEMBER,yes,yes,no,no,yes,2.825,133.85
,,,81,weaviate/weaviate,traditional,agent_runtime_infra,supporting_infrastructure,pull_request,11616,https://github.com/weaviate/weaviate/pull/11616,merged,2026-06-03T11:45:33Z,2026-06-03T12:22:16Z,2026-06-03T12:22:16Z,antas-marcin,CONTRIBUTOR,human_account,no,yes,yes,yes,no,no,yes,no,yes,yes,yes,no,no,no,no,4,no,yes,yes,no,no,no,no,yes,7,4,3,0,yes,no,no,no,5,3,0.013,0.014,,24,0,antas-marcin,human_account,not_automation,CONTRIBUTOR,yes,no,no,yes,no,0.025,133.85
,,,81,weaviate/weaviate,traditional,agent_runtime_infra,supporting_infrastructure,pull_request,11818,https://github.com/weaviate/weaviate/pull/11818,open,2026-06-21T05:05:09Z,,,rejzzzz,NONE,human_account,no,yes,no,no,no,no,yes,no,no,no,no,no,no,no,no,0,yes,yes,yes,no,no,unknown,yes,yes,3,3,1,0,yes,yes,no,no,4,3,0.019,,,1,1,,,,,no,no,no,yes,no,,133.85
,,,81,weaviate/weaviate,traditional,agent_runtime_infra,supporting_infrastructure,pull_request,11891,https://github.com/weaviate/weaviate/pull/11891,merged,2026-06-26T11:37:20Z,2026-06-26T11:41:16Z,2026-06-26T11:41:16Z,tsmith023,MEMBER,human_account,no,yes,no,no,no,no,yes,no,no,no,yes,no,no,no,no,0,no,yes,yes,yes,no,no,no,yes,3,1,2,0,yes,no,no,no,4,1,0.007,0.007,,1,0,tsmith023,human_account,not_automation,MEMBER,yes,yes,no,no,no,0.003,133.85
,,,81,weaviate/weaviate,traditional,agent_runtime_infra,supporting_infrastructure,pull_request,12337,https://github.com/weaviate/weaviate/pull/12337,merged,2026-07-24T09:55:05Z,2026-07-24T10:39:01Z,2026-07-24T10:39:00Z,dirkkul,CONTRIBUTOR,human_account,no,yes,yes,yes,no,no,yes,no,yes,yes,yes,no,no,no,no,1,no,yes,yes,no,no,no,no,yes,4,1,3,0,yes,no,no,no,5,2,0.016,0.719,,2,0,dirkkul,human_account,not_automation,CONTRIBUTOR,yes,no,no,yes,no,0.03,133.85
,,,81,weaviate/weaviate,traditional,agent_runtime_infra,supporting_infrastructure,pull_request,10422,https://github.com/weaviate/weaviate/pull/10422,closed_unmerged,2026-02-07T09:30:33Z,2026-05-22T03:53:53Z,,thecaptain789,NONE,human_account,no,yes,no,no,no,no,yes,no,no,no,yes,yes,no,no,no,0,yes,yes,yes,yes,no,no,no,no,5,3,2,0,yes,no,no,no,6,3,0.023,50.271,50.271,1,0,dirkkul,human_account,not_automation,CONTRIBUTOR,yes,no,no,yes,yes,103.766,133.85
,,,81,weaviate/weaviate,traditional,agent_runtime_infra,supporting_infrastructure,pull_request,10327,https://github.com/weaviate/weaviate/pull/10327,merged,2026-01-28T14:38:33Z,2026-01-28T15:01:26Z,2026-01-28T15:01:26Z,jeroiraz,CONTRIBUTOR,human_account,no,yes,no,no,no,no,yes,no,no,no,yes,no,no,no,no,0,no,yes,yes,no,no,no,no,yes,3,1,2,0,yes,no,no,no,4,2,0.013,0.194,,1,0,jeroiraz,human_account,not_automation,CONTRIBUTOR,yes,no,no,yes,yes,0.016,133.85
,,,81,weaviate/weaviate,traditional,agent_runtime_infra,supporting_infrastructure,pull_request,10557,https://github.com/weaviate/weaviate/pull/10557,merged,2026-02-20T14:32:31Z,2026-02-20T14:54:43Z,2026-02-20T14:54:43Z,antas-marcin,CONTRIBUTOR,human_account,no,yes,no,no,no,no,yes,no,no,no,yes,no,no,no,no,0,no,yes,yes,no,no,no,no,yes,3,1,2,0,yes,no,no,no,4,1,0.014,0.014,,13,0,antas-marcin,human_account,not_automation,CONTRIBUTOR,yes,no,no,yes,yes,0.015,133.85
,,,81,weaviate/weaviate,traditional,agent_runtime_infra,supporting_infrastructure,issue,11400,https://github.com/weaviate/weaviate/issues/11400,open,2026-05-22T03:03:08Z,,,yihui504,NONE,human_account,no,yes,no,no,no,no,yes,no,no,no,no,no,no,no,no,0,yes,yes,yes,no,no,unknown,yes,yes,0,0,0,0,no,no,no,no,1,0,,,,0,0,,,,,no,no,no,yes,yes,,133.85
,,,81,weaviate/weaviate,traditional,agent_runtime_infra,supporting_infrastructure,pull_request,12365,https://github.com/weaviate/weaviate/pull/12365,merged,2026-07-27T11:13:51Z,2026-07-27T11:33:40Z,2026-07-27T11:33:40Z,dirkkul,CONTRIBUTOR,human_account,no,yes,yes,yes,no,no,yes,no,yes,yes,yes,yes,no,no,no,1,no,yes,yes,yes,no,no,no,no,5,2,3,0,yes,no,no,no,5,2,0.015,0.281,0.281,28,0,etiennedi,human_account,not_automation,MEMBER,yes,yes,no,yes,no,0.014,133.85
,,,81,weaviate/weaviate,traditional,agent_runtime_infra,supporting_infrastructure,pull_request,12105,https://github.com/weaviate/weaviate/pull/12105,merged,2026-07-11T09:58:20Z,2026-07-13T06:54:39Z,2026-07-13T06:54:39Z,antas-marcin,CONTRIBUTOR,human_account,no,yes,yes,yes,no,no,yes,no,yes,yes,yes,yes,no,no,no,1,no,yes,yes,yes,no,no,no,no,4,1,3,0,yes,no,no,no,5,2,0.001,44.874,44.874,1,0,antas-marcin,human_account,not_automation,CONTRIBUTOR,yes,no,no,yes,no,1.872,133.85
,,,81,weaviate/weaviate,traditional,agent_runtime_infra,supporting_infrastructure,pull_request,12290,https://github.com/weaviate/weaviate/pull/12290,open,2026-07-21T04:06:19Z,,,dirkkul,CONTRIBUTOR,human_account,no,yes,yes,yes,no,no,yes,no,yes,yes,no,no,no,no,no,3,no,yes,yes,no,no,yes,yes,yes,5,3,2,0,yes,yes,no,no,4,1,0.014,,,5,1,,,,,no,no,no,yes,no,,133.85
,,,81,weaviate/weaviate,traditional,agent_runtime_infra,supporting_infrastructure,pull_request,10370,https://github.com/weaviate/weaviate/pull/10370,merged,2026-02-02T11:27:05Z,2026-02-09T13:19:19Z,2026-02-09T13:19:19Z,tsmith023,MEMBER,human_account,no,yes,no,no,no,no,yes,no,no,no,yes,no,no,no,no,0,no,yes,yes,yes,no,no,no,yes,4,1,3,0,yes,yes,no,no,4,2,0.018,168.696,,3,2,tsmith023,human_account,not_automation,MEMBER,yes,yes,no,no,yes,7.078,133.85
,,,81,weaviate/weaviate,traditional,agent_runtime_infra,supporting_infrastructure,pull_request,10975,https://github.com/weaviate/weaviate/pull/10975,merged,2026-04-08T14:52:12Z,2026-05-23T11:55:44Z,2026-05-23T11:55:44Z,aliszka,MEMBER,human_account,no,yes,yes,yes,no,no,yes,no,yes,yes,yes,yes,no,no,no,3,no,yes,yes,yes,no,no,no,yes,13,10,7,0,yes,yes,no,no,6,6,0.014,482.901,,5,5,aliszka,human_account,not_automation,MEMBER,yes,yes,no,no,yes,44.877,133.85
,,,82,langflow-ai/langflow,llm_native,agent_framework,agent_building,pull_request,12028,https://github.com/langflow-ai/langflow/pull/12028,merged,2026-03-04T11:01:34Z,2026-03-04T12:58:07Z,2026-03-04T12:58:07Z,Cristhianzl,MEMBER,human_account,no,yes,yes,no,yes,no,yes,no,yes,no,yes,yes,no,no,no,1,no,yes,yes,yes,no,no,no,no,4,3,1,0,yes,no,no,no,5,2,0.003,1.323,1.323,6,0,Cristhianzl,human_account,not_automation,MEMBER,yes,yes,no,no,yes,0.081,177.6
,,,82,langflow-ai/langflow,llm_native,agent_framework,agent_building,pull_request,11401,https://github.com/langflow-ai/langflow/pull/11401,closed_unmerged,2026-01-21T20:38:52Z,2026-03-03T18:12:01Z,,codeflash-ai[bot],CONTRIBUTOR,automation_bot,no,yes,yes,yes,yes,no,yes,yes,yes,no,no,no,no,no,no,3,no,yes,yes,no,no,no,no,yes,3,3,0,0,no,no,no,no,4,1,0.003,981.552,,86,0,ogabrielluiz,human_account,not_automation,CONTRIBUTOR,yes,no,no,yes,yes,40.898,177.6
,,,82,langflow-ai/langflow,llm_native,agent_framework,agent_building,pull_request,11250,https://github.com/langflow-ai/langflow/pull/11250,merged,2026-01-08T17:14:42Z,2026-01-16T21:13:33Z,2026-01-16T21:13:33Z,mendonk,COLLABORATOR,human_account,no,yes,yes,no,yes,no,yes,no,yes,no,yes,yes,no,no,no,1,no,yes,yes,yes,no,no,no,no,32,30,3,0,yes,yes,no,no,6,9,0.002,0.349,0.349,27,21,mendonk,human_account,not_automation,COLLABORATOR,yes,yes,no,no,yes,8.166,177.6
,,,82,langflow-ai/langflow,llm_native,agent_framework,agent_building,pull_request,12154,https://github.com/langflow-ai/langflow/pull/12154,merged,2026-03-11T18:51:44Z,2026-03-13T20:21:07Z,2026-03-13T20:21:07Z,mendonk,COLLABORATOR,human_account,no,yes,yes,no,yes,no,yes,no,yes,yes,yes,yes,no,no,no,4,no,yes,yes,yes,no,no,no,no,13,10,3,0,yes,yes,no,no,6,3,0.008,1.184,1.184,5,3,mendonk,human_account,not_automation,COLLABORATOR,yes,yes,no,no,yes,2.062,177.6
,,,82,langflow-ai/langflow,llm_native,agent_framework,agent_building,pull_request,12378,https://github.com/langflow-ai/langflow/pull/12378,open,2026-03-28T03:25:06Z,,,Agolid,NONE,human_account,no,yes,yes,no,yes,no,yes,no,yes,yes,no,no,no,no,no,36,yes,yes,yes,no,no,yes,yes,yes,36,35,2,0,yes,yes,no,no,2,3,0.006,,,90,72,,,,,no,no,no,yes,yes,,177.6
,,,82,langflow-ai/langflow,llm_native,agent_framework,agent_building,pull_request,12978,https://github.com/langflow-ai/langflow/pull/12978,merged,2026-05-04T21:05:00Z,2026-05-06T18:38:40Z,2026-05-06T18:38:39Z,keval718,COLLABORATOR,human_account,no,yes,yes,no,yes,no,yes,no,yes,no,yes,yes,no,no,no,1,no,yes,yes,yes,no,no,no,no,4,3,1,0,yes,no,no,no,5,2,0.002,44.769,44.769,2,0,keval718,human_account,not_automation,COLLABORATOR,yes,yes,no,no,yes,1.898,177.6
,,,82,langflow-ai/langflow,llm_native,agent_framework,agent_building,issue,12345,https://github.com/langflow-ai/langflow/issues/12345,closed,2026-03-26T08:45:12Z,2026-03-26T16:06:26Z,,srmish-jfrog,NONE,human_account,no,no,no,no,no,no,no,no,no,no,no,no,no,no,no,0,no,yes,yes,yes,no,no,no,no,2,2,0,0,no,no,no,no,2,0,5.797,5.797,5.797,0,0,andifilhohub,human_account,not_automation,MEMBER,yes,yes,no,yes,yes,0.306,177.6
,,,82,langflow-ai/langflow,llm_native,agent_framework,agent_building,pull_request,11712,https://github.com/langflow-ai/langflow/pull/11712,merged,2026-02-10T18:38:14Z,2026-02-10T19:17:42Z,2026-02-10T19:17:42Z,keval718,COLLABORATOR,human_account,no,yes,yes,no,yes,no,yes,no,yes,no,yes,yes,no,no,no,1,no,yes,yes,yes,no,no,no,no,6,5,2,0,yes,no,no,no,6,2,0.004,0.077,0.077,2,0,keval718,human_account,not_automation,COLLABORATOR,yes,yes,no,no,yes,0.027,177.6
,,,82,langflow-ai/langflow,llm_native,agent_framework,agent_building,issue,12645,https://github.com/langflow-ai/langflow/issues/12645,closed,2026-04-12T12:30:36Z,2026-04-16T17:43:36Z,,ltotal0925,NONE,human_account,no,no,no,no,no,no,no,no,no,no,no,no,no,no,no,0,no,yes,yes,yes,no,no,no,no,3,3,0,0,no,no,no,no,4,0,5.721,5.721,29.296,0,0,Cristhianzl,human_account,not_automation,MEMBER,yes,yes,no,yes,yes,4.217,177.6
,,,82,langflow-ai/langflow,llm_native,agent_framework,agent_building,pull_request,11417,https://github.com/langflow-ai/langflow/pull/11417,merged,2026-01-22T17:55:19Z,2026-01-22T19:11:03Z,2026-01-22T19:11:03Z,jordanrfrazier,COLLABORATOR,human_account,no,yes,yes,no,yes,no,yes,no,yes,yes,yes,yes,no,no,no,4,no,yes,yes,yes,no,no,no,no,6,4,2,0,yes,yes,no,no,4,3,0.009,0.024,0.024,5,4,jordanrfrazier,human_account,not_automation,COLLABORATOR,yes,yes,no,no,yes,0.053,177.6
,,,82,langflow-ai/langflow,llm_native,agent_framework,agent_building,issue,12824,https://github.com/langflow-ai/langflow/issues/12824,closed,2026-04-22T08:12:11Z,2026-05-04T19:03:43Z,,codalf,NONE,human_account,no,no,no,no,no,no,no,no,no,no,no,no,no,no,no,0,no,yes,yes,yes,no,no,no,no,4,5,0,0,no,no,no,no,2,0,10.014,10.014,10.014,0,0,andifilhohub,human_account,not_automation,MEMBER,yes,yes,no,yes,yes,12.452,177.6
,,,82,langflow-ai/langflow,llm_native,agent_framework,agent_building,issue,14668,https://github.com/langflow-ai/langflow/issues/14668,closed,2026-08-19T21:13:10Z,2026-08-25T21:19:29Z,,YasserManss,CONTRIBUTOR,human_account,no,no,no,no,no,no,no,no,no,no,no,no,no,no,no,0,no,yes,yes,yes,no,no,no,no,1,1,0,0,no,no,no,no,2,0,139.274,139.274,139.274,0,0,erichare,human_account,not_automation,MEMBER,yes,yes,no,yes,no,6.004,177.6
,,,82,langflow-ai/langflow,llm_native,agent_framework,agent_building,pull_request,12682,https://github.com/langflow-ai/langflow/pull/12682,merged,2026-04-14T01:04:35Z,2026-04-14T01:35:22Z,2026-04-14T01:35:22Z,erichare,MEMBER,human_account,no,yes,yes,no,yes,no,yes,no,yes,no,yes,yes,no,no,no,1,no,yes,yes,yes,no,no,no,no,4,3,1,0,yes,yes,no,no,5,3,0.003,0.026,0.026,3,2,Adam-Aghili,human_account,not_automation,COLLABORATOR,yes,yes,no,no,yes,0.021,177.6
,,,82,langflow-ai/langflow,llm_native,agent_framework,agent_building,pull_request,14089,https://github.com/langflow-ai/langflow/pull/14089,merged,2026-07-15T15:03:14Z,2026-07-15T19:39:59Z,2026-07-15T19:39:59Z,erichare,MEMBER,human_account,no,yes,yes,no,yes,no,yes,no,yes,yes,no,no,no,no,no,3,no,yes,yes,yes,no,yes,yes,yes,6,5,1,0,yes,yes,no,no,4,1,0.003,,,3,2,erichare,human_account,not_automation,MEMBER,yes,yes,no,no,no,0.192,177.6
,,,82,langflow-ai/langflow,llm_native,agent_framework,agent_building,pull_request,13555,https://github.com/langflow-ai/langflow/pull/13555,open,2026-06-09T10:06:53Z,,,TahirMurtaza,NONE,human_account,no,yes,yes,no,yes,no,yes,no,yes,yes,yes,no,no,no,no,4,no,yes,yes,no,no,yes,yes,yes,4,4,1,0,yes,yes,no,no,2,3,0.007,,,4,3,,,,,no,no,no,yes,no,,177.6
,,,82,langflow-ai/langflow,llm_native,agent_framework,agent_building,issue,14775,https://github.com/langflow-ai/langflow/issues/14775,closed,2026-08-26T13:48:46Z,2026-08-26T13:49:44Z,,shahulmubeen-a,NONE,human_account,no,no,no,no,no,no,no,no,no,no,no,no,no,no,no,0,no,yes,yes,no,no,unknown,yes,yes,0,0,0,0,no,no,no,no,1,0,,,,0,0,shahulmubeen-a,human_account,not_automation,NONE,yes,no,no,yes,no,0.001,177.6
,,,82,langflow-ai/langflow,llm_native,agent_framework,agent_building,pull_request,14504,https://github.com/langflow-ai/langflow/pull/14504,merged,2026-08-11T15:35:58Z,2026-08-11T15:52:43Z,2026-08-11T15:52:43Z,erichare,MEMBER,human_account,no,yes,yes,no,yes,no,yes,no,yes,yes,no,no,no,no,no,5,no,yes,yes,yes,no,yes,yes,yes,7,6,1,0,yes,no,no,no,4,1,0.009,,,1,0,erichare,human_account,not_automation,MEMBER,yes,yes,no,no,no,0.012,177.6
,,,82,langflow-ai/langflow,llm_native,agent_framework,agent_building,issue,11600,https://github.com/langflow-ai/langflow/issues/11600,open,2026-02-05T05:54:34Z,,,boazdavid,CONTRIBUTOR,human_account,no,no,no,no,no,no,no,no,no,no,no,no,no,no,no,0,no,yes,yes,no,no,no,no,yes,1,1,0,0,no,no,no,no,2,0,11.581,11.581,,0,0,,,,,no,no,no,yes,yes,,177.6
,,,82,langflow-ai/langflow,llm_native,agent_framework,agent_building,pull_request,14512,https://github.com/langflow-ai/langflow/pull/14512,merged,2026-08-11T20:28:27Z,2026-08-11T22:34:47Z,2026-08-11T22:34:47Z,Jkavia,COLLABORATOR,human_account,no,yes,yes,no,yes,no,yes,no,yes,yes,yes,yes,no,no,no,3,no,yes,yes,yes,no,no,no,no,7,5,2,0,yes,yes,no,no,5,2,0.008,1.465,1.465,2,1,erichare,human_account,not_automation,MEMBER,yes,yes,no,no,no,0.088,177.6
,,,82,langflow-ai/langflow,llm_native,agent_framework,agent_building,pull_request,11273,https://github.com/langflow-ai/langflow/pull/11273,merged,2026-01-12T16:58:51Z,2026-01-15T01:11:54Z,2026-01-15T01:11:54Z,Wallgau,COLLABORATOR,human_account,no,yes,yes,no,yes,no,yes,no,yes,no,no,no,no,no,no,1,no,yes,yes,yes,no,yes,yes,yes,1,2,0,0,no,no,no,no,2,2,0.001,,,7,0,Wallgau,human_account,not_automation,COLLABORATOR,yes,yes,no,no,yes,2.342,177.6
,,,83,esengine/DeepSeek-Reasonix,llm_native,agent_application,direct_agent_experience,pull_request,6363,https://github.com/esengine/DeepSeek-Reasonix/pull/6363,closed_unmerged,2026-07-12T11:52:53Z,2026-07-19T11:53:08Z,,dependabot[bot],CONTRIBUTOR,automation_bot,no,yes,no,no,no,no,yes,no,no,no,no,no,no,no,no,0,no,yes,no,no,no,unknown,yes,yes,0,1,0,0,no,no,no,no,1,0,,,,1,0,dependabot[bot],automation_bot,conventional_automation,CONTRIBUTOR,no,no,no,yes,no,7.0,457.4
,,,83,esengine/DeepSeek-Reasonix,llm_native,agent_application,direct_agent_experience,pull_request,1810,https://github.com/esengine/DeepSeek-Reasonix/pull/1810,merged,2026-05-25T16:09:07Z,2026-05-26T06:22:46Z,2026-05-26T06:22:46Z,GTC2080,CONTRIBUTOR,human_account,no,no,no,no,no,no,no,no,no,no,no,no,no,no,no,0,no,yes,yes,no,no,unknown,yes,yes,0,0,0,0,no,no,no,no,1,0,,,,1,0,esengine,human_account,not_automation,OWNER,yes,yes,no,yes,yes,0.593,457.4
,,,83,esengine/DeepSeek-Reasonix,llm_native,agent_application,direct_agent_experience,pull_request,5860,https://github.com/esengine/DeepSeek-Reasonix/pull/5860,open,2026-07-03T09:24:32Z,,,ying-hua,CONTRIBUTOR,human_account,no,yes,no,no,no,no,yes,no,no,no,no,no,no,no,no,0,no,yes,yes,no,no,unknown,yes,yes,0,0,0,0,no,no,no,no,1,0,,,,1,0,,,,,no,no,no,yes,no,,457.4
,,,83,esengine/DeepSeek-Reasonix,llm_native,agent_application,direct_agent_experience,pull_request,2612,https://github.com/esengine/DeepSeek-Reasonix/pull/2612,merged,2026-06-01T14:53:01Z,2026-06-01T15:19:16Z,2026-06-01T15:19:16Z,lanshi17,CONTRIBUTOR,human_account,no,yes,no,no,no,no,yes,no,no,no,no,no,no,no,no,0,no,yes,yes,no,no,unknown,yes,yes,0,0,0,0,no,no,no,no,1,0,,,,2,0,esengine,human_account,not_automation,OWNER,yes,yes,no,yes,no,0.018,457.4
,,,83,esengine/DeepSeek-Reasonix,llm_native,agent_application,direct_agent_experience,pull_request,1751,https://github.com/esengine/DeepSeek-Reasonix/pull/1751,merged,2026-05-25T08:34:29Z,2026-05-25T08:34:46Z,2026-05-25T08:34:46Z,esengine,OWNER,human_account,no,no,no,no,no,no,no,no,no,no,no,no,no,no,no,0,no,yes,yes,yes,no,unknown,yes,yes,0,0,0,0,no,no,no,no,1,0,,,,1,0,esengine,human_account,not_automation,OWNER,yes,yes,no,no,yes,0.0,457.4
,,,83,esengine/DeepSeek-Reasonix,llm_native,agent_application,direct_agent_experience,issue,3801,https://github.com/esengine/DeepSeek-Reasonix/issues/3801,closed,2026-06-10T06:42:52Z,2026-06-11T09:06:20Z,,Yangeki,NONE,human_account,no,yes,no,no,no,no,yes,no,no,no,no,no,no,no,no,0,no,yes,yes,no,no,unknown,yes,yes,0,0,0,0,no,no,no,no,1,0,,,,0,0,esengine,human_account,not_automation,OWNER,yes,yes,no,yes,no,1.1,457.4
,,,83,esengine/DeepSeek-Reasonix,llm_native,agent_application,direct_agent_experience,pull_request,2613,https://github.com/esengine/DeepSeek-Reasonix/pull/2613,merged,2026-06-01T14:55:09Z,2026-06-01T15:07:15Z,2026-06-01T15:07:15Z,Bernardxu123,COLLABORATOR,human_account,no,yes,no,no,no,no,yes,no,no,no,no,no,no,no,no,0,no,yes,yes,yes,no,unknown,yes,yes,0,0,0,0,no,no,no,no,1,0,,,,2,0,esengine,human_account,not_automation,OWNER,yes,yes,no,no,no,0.008,457.4
,,,83,esengine/DeepSeek-Reasonix,llm_native,agent_application,direct_agent_experience,issue,5822,https://github.com/esengine/DeepSeek-Reasonix/issues/5822,closed,2026-07-03T00:01:19Z,2026-07-06T17:16:58Z,,songxinyiakdc,NONE,human_account,no,yes,no,no,no,no,yes,no,no,no,no,no,no,no,no,0,no,yes,yes,yes,no,no,no,no,1,1,0,0,no,no,no,no,2,0,89.261,89.261,89.261,0,0,SivanCola,human_account,not_automation,COLLABORATOR,yes,yes,no,yes,no,3.719,457.4
,,,83,esengine/DeepSeek-Reasonix,llm_native,agent_application,direct_agent_experience,issue,9516,https://github.com/esengine/DeepSeek-Reasonix/issues/9516,open,2026-08-28T09:34:13Z,,,StefanBelo,NONE,human_account,no,yes,no,no,no,no,yes,no,no,no,no,no,no,no,no,0,no,yes,yes,no,no,unknown,yes,yes,0,0,0,0,no,no,no,no,1,0,,,,0,0,,,,,no,no,no,yes,no,,457.4
,,,83,esengine/DeepSeek-Reasonix,llm_native,agent_application,direct_agent_experience,issue,4351,https://github.com/esengine/DeepSeek-Reasonix/issues/4351,closed,2026-06-14T03:59:17Z,2026-08-04T06:51:54Z,,xiaofeng930415,NONE,human_account,no,yes,no,no,no,no,yes,no,no,no,no,no,no,no,no,0,no,yes,yes,yes,no,no,no,no,1,1,0,0,no,no,no,no,2,0,1226.876,1226.876,1226.876,0,0,esengine,human_account,not_automation,OWNER,yes,yes,no,yes,no,51.12,457.4
,,,83,esengine/DeepSeek-Reasonix,llm_native,agent_application,direct_agent_experience,issue,9486,https://github.com/esengine/DeepSeek-Reasonix/issues/9486,open,2026-08-27T14:06:15Z,,,litganlab,NONE,human_account,no,yes,no,no,no,no,yes,no,no,no,no,no,no,no,no,0,no,yes,yes,no,no,unknown,yes,yes,0,0,0,0,no,no,no,no,1,0,,,,0,0,,,,,no,no,no,yes,no,,457.4
,,,83,esengine/DeepSeek-Reasonix,llm_native,agent_application,direct_agent_experience,pull_request,3208,https://github.com/esengine/DeepSeek-Reasonix/pull/3208,merged,2026-06-05T07:43:39Z,2026-06-05T07:52:19Z,2026-06-05T07:52:19Z,SivanCola,COLLABORATOR,human_account,no,yes,yes,yes,no,no,yes,no,yes,no,yes,yes,no,no,no,1,yes,yes,yes,yes,no,no,no,no,2,2,1,0,yes,no,no,no,3,2,0.122,0.144,0.144,1,0,esengine,human_account,not_automation,OWNER,yes,yes,no,no,no,0.006,457.4
,,,83,esengine/DeepSeek-Reasonix,llm_native,agent_application,direct_agent_experience,pull_request,6032,https://github.com/esengine/DeepSeek-Reasonix/pull/6032,merged,2026-07-05T17:29:18Z,2026-07-05T19:14:23Z,2026-07-05T19:14:22Z,SivanCola,COLLABORATOR,human_account,no,yes,no,no,no,no,yes,no,no,no,no,no,no,no,no,0,no,yes,yes,yes,no,unknown,yes,yes,0,0,0,0,no,no,no,no,1,0,,,,1,0,SivanCola,human_account,not_automation,COLLABORATOR,yes,yes,no,no,no,0.073,457.4
,,,83,esengine/DeepSeek-Reasonix,llm_native,agent_application,direct_agent_experience,issue,6101,https://github.com/esengine/DeepSeek-Reasonix/issues/6101,closed,2026-07-06T11:49:51Z,2026-07-06T14:43:17Z,,KUNKUNre,NONE,human_account,no,yes,no,no,no,no,yes,no,no,no,no,no,no,no,no,0,no,yes,yes,yes,no,no,no,no,1,1,0,0,no,no,no,no,2,0,2.89,2.89,2.89,0,0,SivanCola,human_account,not_automation,COLLABORATOR,yes,yes,no,yes,no,0.12,457.4
,,,83,esengine/DeepSeek-Reasonix,llm_native,agent_application,direct_agent_experience,pull_request,5674,https://github.com/esengine/DeepSeek-Reasonix/pull/5674,merged,2026-07-01T03:04:18Z,2026-07-01T03:14:00Z,2026-07-01T03:14:00Z,SivanCola,COLLABORATOR,human_account,no,yes,no,no,no,no,yes,no,no,no,no,no,no,no,no,0,no,yes,yes,yes,no,unknown,yes,yes,0,0,0,0,no,no,no,no,1,0,,,,1,0,SivanCola,human_account,not_automation,COLLABORATOR,yes,yes,no,no,no,0.007,457.4
,,,83,esengine/DeepSeek-Reasonix,llm_native,agent_application,direct_agent_experience,pull_request,2775,https://github.com/esengine/DeepSeek-Reasonix/pull/2775,merged,2026-06-02T15:57:41Z,2026-06-02T16:01:03Z,2026-06-02T16:01:03Z,esengine,OWNER,human_account,no,yes,no,no,no,no,yes,no,no,no,no,no,no,no,no,0,no,yes,yes,yes,no,unknown,yes,yes,0,0,0,0,no,no,no,no,1,0,,,,2,0,esengine,human_account,not_automation,OWNER,yes,yes,no,no,no,0.002,457.4
,,,83,esengine/DeepSeek-Reasonix,llm_native,agent_application,direct_agent_experience,issue,3007,https://github.com/esengine/DeepSeek-Reasonix/issues/3007,closed,2026-06-04T03:23:28Z,2026-08-03T14:09:53Z,,alphilritch,NONE,human_account,no,yes,no,no,no,no,yes,no,no,no,no,no,no,no,no,0,no,yes,yes,yes,no,no,no,no,1,1,0,0,no,no,no,no,2,0,1450.773,1450.773,1450.773,0,0,esengine,human_account,not_automation,OWNER,yes,yes,no,yes,no,60.449,457.4
,,,83,esengine/DeepSeek-Reasonix,llm_native,agent_application,direct_agent_experience,pull_request,7856,https://github.com/esengine/DeepSeek-Reasonix/pull/7856,merged,2026-08-07T08:17:03Z,2026-08-07T08:38:23Z,2026-08-07T08:38:23Z,esengine,OWNER,human_account,no,yes,no,no,no,no,yes,no,no,no,no,no,no,no,no,0,no,yes,yes,yes,no,unknown,yes,yes,0,0,0,0,no,no,no,no,1,0,,,,1,0,esengine,human_account,not_automation,OWNER,yes,yes,no,no,no,0.015,457.4
,,,83,esengine/DeepSeek-Reasonix,llm_native,agent_application,direct_agent_experience,issue,4852,https://github.com/esengine/DeepSeek-Reasonix/issues/4852,closed,2026-06-19T05:59:32Z,2026-06-22T17:02:19Z,,lidianru,NONE,human_account,no,yes,no,no,no,no,yes,no,no,no,no,no,no,no,no,0,no,yes,yes,no,no,no,no,yes,1,2,0,0,no,no,no,no,2,0,2.89,2.89,,0,0,SivanCola,human_account,not_automation,COLLABORATOR,yes,yes,no,yes,no,3.46,457.4
,,,83,esengine/DeepSeek-Reasonix,llm_native,agent_application,direct_agent_experience,pull_request,8873,https://github.com/esengine/DeepSeek-Reasonix/pull/8873,open,2026-08-14T08:54:49Z,,,myipanta,CONTRIBUTOR,human_account,no,yes,no,no,no,no,yes,no,no,no,no,no,no,no,no,0,no,yes,yes,no,no,unknown,yes,yes,0,0,0,0,no,no,no,no,1,0,,,,1,0,,,,,no,no,no,yes,no,,457.4
,,,84,Arize-ai/phoenix,mixed,agent_runtime_infra,supporting_infrastructure,issue,11598,https://github.com/Arize-ai/phoenix/issues/11598,closed,2026-02-19T23:11:55Z,2026-07-01T15:39:26Z,,axiomofjoy,CONTRIBUTOR,human_account,no,yes,yes,no,no,yes,yes,no,no,no,no,no,no,no,no,1,no,yes,yes,yes,no,no,no,no,1,1,0,0,no,no,no,no,2,0,1697.805,1697.805,1697.805,0,0,mikeldking,human_account,not_automation,COLLABORATOR,yes,yes,no,yes,yes,131.686,240.95
,,,84,Arize-ai/phoenix,mixed,agent_runtime_infra,supporting_infrastructure,pull_request,14653,https://github.com/Arize-ai/phoenix/pull/14653,merged,2026-07-23T06:20:32Z,2026-07-24T19:34:55Z,2026-07-24T19:34:55Z,mikeldking,COLLABORATOR,human_account,no,yes,yes,yes,no,yes,yes,no,yes,no,yes,yes,no,no,no,2,no,yes,yes,yes,no,no,no,yes,6,6,1,0,yes,yes,no,no,5,3,0.017,33.361,,1,1,mikeldking,human_account,not_automation,COLLABORATOR,yes,yes,no,no,no,1.552,240.95
,,,84,Arize-ai/phoenix,mixed,agent_runtime_infra,supporting_infrastructure,pull_request,14808,https://github.com/Arize-ai/phoenix/pull/14808,merged,2026-07-28T14:27:18Z,2026-07-28T22:55:29Z,2026-07-28T22:55:29Z,mikeldking,COLLABORATOR,human_account,no,yes,yes,no,no,yes,yes,no,no,no,no,no,no,no,no,3,no,yes,yes,yes,no,unknown,yes,yes,0,1,0,0,no,no,no,no,1,0,,,,1,0,mikeldking,human_account,not_automation,COLLABORATOR,yes,yes,no,no,no,0.353,240.95
,,,84,Arize-ai/phoenix,mixed,agent_runtime_infra,supporting_infrastructure,issue,13664,https://github.com/Arize-ai/phoenix/issues/13664,open,2026-06-08T16:28:49Z,,,mikeldking,COLLABORATOR,human_account,no,yes,no,no,no,no,yes,no,no,no,no,no,no,no,no,0,no,yes,yes,yes,no,unknown,yes,yes,0,0,0,0,no,no,no,no,1,0,,,,0,0,,,,,no,no,no,no,no,,240.95
,,,84,Arize-ai/phoenix,mixed,agent_runtime_infra,supporting_infrastructure,pull_request,12555,https://github.com/Arize-ai/phoenix/pull/12555,closed_unmerged,2026-04-06T18:28:41Z,2026-04-06T18:29:59Z,,rickarize,CONTRIBUTOR,human_account,no,yes,yes,no,no,yes,yes,no,no,no,no,no,no,no,no,1,no,yes,yes,no,no,yes,yes,yes,1,1,0,0,no,no,no,no,2,1,0.002,,,14,0,rickarize,human_account,not_automation,CONTRIBUTOR,yes,no,no,yes,yes,0.001,240.95
,,,84,Arize-ai/phoenix,mixed,agent_runtime_infra,supporting_infrastructure,pull_request,13611,https://github.com/Arize-ai/phoenix/pull/13611,merged,2026-06-03T00:36:03Z,2026-06-03T18:41:16Z,2026-06-03T18:41:16Z,mikeldking,COLLABORATOR,human_account,no,yes,yes,yes,no,yes,yes,no,yes,no,no,no,no,no,no,4,no,yes,yes,yes,no,yes,yes,yes,3,3,0,0,no,no,no,no,4,1,0.001,,,4,0,mikeldking,human_account,not_automation,COLLABORATOR,yes,yes,no,no,no,0.754,240.95
,,,84,Arize-ai/phoenix,mixed,agent_runtime_infra,supporting_infrastructure,pull_request,13653,https://github.com/Arize-ai/phoenix/pull/13653,merged,2026-06-08T01:52:44Z,2026-06-11T23:17:32Z,2026-06-11T23:17:32Z,he-yufeng,CONTRIBUTOR,human_account,no,yes,yes,no,no,yes,yes,no,no,no,yes,yes,no,no,no,2,no,yes,yes,yes,no,no,no,no,1,0,1,0,yes,no,no,no,2,0,93.299,93.299,93.299,1,0,mikeldking,human_account,not_automation,COLLABORATOR,yes,yes,no,yes,no,3.892,240.95
,,,84,Arize-ai/phoenix,mixed,agent_runtime_infra,supporting_infrastructure,issue,15679,https://github.com/Arize-ai/phoenix/issues/15679,open,2026-08-27T05:37:38Z,,,mikeldking,COLLABORATOR,human_account,no,yes,no,no,no,no,yes,no,no,no,no,no,no,no,no,0,no,yes,yes,yes,no,unknown,yes,yes,0,0,0,0,no,no,no,no,1,0,,,,0,0,,,,,no,no,no,no,no,,240.95
,,,84,Arize-ai/phoenix,mixed,agent_runtime_infra,supporting_infrastructure,pull_request,13926,https://github.com/Arize-ai/phoenix/pull/13926,merged,2026-06-27T16:31:27Z,2026-06-30T02:18:15Z,2026-06-30T02:18:15Z,mikeldking,COLLABORATOR,human_account,no,yes,yes,no,no,yes,yes,no,no,no,no,no,no,no,no,1,no,yes,yes,yes,no,yes,yes,yes,1,1,0,0,no,no,no,no,2,1,0.01,,,1,0,mikeldking,human_account,not_automation,COLLABORATOR,yes,yes,no,no,no,2.408,240.95
,,,84,Arize-ai/phoenix,mixed,agent_runtime_infra,supporting_infrastructure,pull_request,15390,https://github.com/Arize-ai/phoenix/pull/15390,merged,2026-08-12T13:31:40Z,2026-08-12T14:04:59Z,2026-08-12T14:04:59Z,mikeldking,COLLABORATOR,human_account,no,yes,yes,no,no,yes,yes,no,no,no,yes,no,no,no,no,1,no,yes,yes,yes,no,no,no,yes,2,1,1,0,yes,no,no,no,3,2,0.001,0.554,,1,0,axiomofjoy,human_account,not_automation,CONTRIBUTOR,yes,no,no,no,no,0.023,240.95
,,,84,Arize-ai/phoenix,mixed,agent_runtime_infra,supporting_infrastructure,pull_request,14607,https://github.com/Arize-ai/phoenix/pull/14607,merged,2026-07-22T02:52:57Z,2026-07-22T18:45:08Z,2026-07-22T18:45:08Z,axiomofjoy,CONTRIBUTOR,human_account,no,yes,yes,yes,no,yes,yes,no,yes,no,yes,no,no,no,no,2,no,yes,yes,no,no,no,no,yes,3,2,1,0,yes,no,no,no,4,2,0.014,15.808,,2,0,axiomofjoy,human_account,not_automation,CONTRIBUTOR,yes,no,no,yes,no,0.661,240.95
,,,84,Arize-ai/phoenix,mixed,agent_runtime_infra,supporting_infrastructure,pull_request,13850,https://github.com/Arize-ai/phoenix/pull/13850,merged,2026-06-19T22:36:28Z,2026-06-30T16:25:21Z,2026-06-30T16:25:21Z,mikeldking,COLLABORATOR,human_account,no,yes,yes,yes,no,yes,yes,no,yes,no,yes,no,no,no,no,4,no,yes,yes,yes,no,no,no,yes,3,2,1,0,yes,no,no,no,4,2,0.059,256.234,,11,0,mikeldking,human_account,not_automation,COLLABORATOR,yes,yes,no,no,no,10.742,240.95
,,,84,Arize-ai/phoenix,mixed,agent_runtime_infra,supporting_infrastructure,pull_request,11515,https://github.com/Arize-ai/phoenix/pull/11515,merged,2026-02-17T05:23:58Z,2026-02-17T18:31:03Z,2026-02-17T18:31:03Z,rickarize,CONTRIBUTOR,human_account,no,yes,yes,yes,no,yes,yes,no,yes,yes,yes,no,no,no,no,5,no,yes,yes,no,no,no,no,yes,5,2,3,0,yes,yes,no,no,3,2,0.248,11.937,,2,1,rickarize,human_account,not_automation,CONTRIBUTOR,yes,no,no,yes,yes,0.547,240.95
,,,84,Arize-ai/phoenix,mixed,agent_runtime_infra,supporting_infrastructure,pull_request,14935,https://github.com/Arize-ai/phoenix/pull/14935,merged,2026-07-30T22:42:01Z,2026-07-30T22:58:25Z,2026-07-30T22:58:25Z,RogerHYang,CONTRIBUTOR,human_account,no,yes,yes,no,no,yes,yes,no,no,no,yes,no,no,no,no,1,no,yes,yes,no,no,no,no,yes,2,1,1,0,yes,no,no,no,3,2,0.025,0.049,,1,0,RogerHYang,human_account,not_automation,CONTRIBUTOR,yes,no,no,yes,no,0.011,240.95
,,,84,Arize-ai/phoenix,mixed,agent_runtime_infra,supporting_infrastructure,issue,13159,https://github.com/Arize-ai/phoenix/issues/13159,closed,2026-05-11T16:54:37Z,2026-05-19T17:01:51Z,,mikeldking,COLLABORATOR,human_account,no,yes,yes,no,no,yes,yes,no,no,no,no,no,no,no,no,1,no,yes,yes,yes,no,unknown,yes,yes,0,0,0,0,no,no,no,no,1,0,,,,0,0,cephalization,human_account,not_automation,CONTRIBUTOR,yes,no,no,no,yes,8.005,240.95
,,,84,Arize-ai/phoenix,mixed,agent_runtime_infra,supporting_infrastructure,pull_request,12305,https://github.com/Arize-ai/phoenix/pull/12305,merged,2026-03-21T17:58:25Z,2026-03-21T18:48:17Z,2026-03-21T18:48:17Z,mikeldking,COLLABORATOR,human_account,no,yes,yes,yes,no,yes,yes,no,yes,no,no,no,no,no,no,3,no,yes,yes,yes,no,yes,yes,yes,4,4,0,0,no,no,no,no,4,1,0.001,,,7,0,mikeldking,human_account,not_automation,COLLABORATOR,yes,yes,no,no,yes,0.035,240.95
,,,84,Arize-ai/phoenix,mixed,agent_runtime_infra,supporting_infrastructure,issue,14919,https://github.com/Arize-ai/phoenix/issues/14919,closed,2026-07-30T16:27:11Z,2026-08-11T14:29:04Z,,mikeldking,COLLABORATOR,human_account,no,yes,yes,no,no,yes,yes,no,no,no,no,no,no,no,no,1,no,yes,yes,yes,no,unknown,yes,yes,0,0,0,0,no,no,no,no,1,0,,,,0,0,yfrigui2,human_account,not_automation,CONTRIBUTOR,yes,no,no,no,no,11.918,240.95
,,,84,Arize-ai/phoenix,mixed,agent_runtime_infra,supporting_infrastructure,pull_request,14388,https://github.com/Arize-ai/phoenix/pull/14388,merged,2026-07-14T19:09:42Z,2026-07-14T19:20:12Z,2026-07-14T19:20:12Z,axiomofjoy,CONTRIBUTOR,human_account,no,yes,yes,yes,no,yes,yes,no,yes,no,yes,no,no,no,no,2,no,yes,yes,no,no,no,no,yes,3,2,1,0,yes,no,no,no,4,2,0.002,0.092,,1,0,axiomofjoy,human_account,not_automation,CONTRIBUTOR,yes,no,no,yes,no,0.007,240.95
,,,84,Arize-ai/phoenix,mixed,agent_runtime_infra,supporting_infrastructure,pull_request,13332,https://github.com/Arize-ai/phoenix/pull/13332,closed_unmerged,2026-05-19T19:21:41Z,2026-05-20T15:50:29Z,,axiomofjoy,CONTRIBUTOR,human_account,no,yes,no,no,no,no,yes,no,no,no,no,no,no,no,no,0,no,yes,yes,no,no,yes,yes,yes,1,2,0,0,no,no,no,no,2,2,0.031,,,9,0,axiomofjoy,human_account,not_automation,CONTRIBUTOR,yes,no,no,yes,yes,0.853,240.95
,,,84,Arize-ai/phoenix,mixed,agent_runtime_infra,supporting_infrastructure,pull_request,15147,https://github.com/Arize-ai/phoenix/pull/15147,merged,2026-08-06T04:24:03Z,2026-08-06T17:49:02Z,2026-08-06T17:49:02Z,axiomofjoy,CONTRIBUTOR,human_account,no,yes,yes,no,no,yes,yes,no,no,no,yes,yes,no,no,no,11,no,yes,yes,yes,no,no,no,no,2,1,1,0,yes,yes,no,no,3,2,0.613,10.692,10.692,4,4,axiomofjoy,human_account,not_automation,CONTRIBUTOR,yes,no,no,yes,no,0.559,240.95
,,,85,apache/hudi,traditional,model_infra,supporting_infrastructure,pull_request,18582,https://github.com/apache/hudi/pull/18582,merged,2026-04-24T11:17:09Z,2026-04-24T22:56:53Z,2026-04-24T22:56:53Z,voonhous,MEMBER,human_account,no,yes,no,no,no,no,yes,no,no,no,yes,no,no,no,no,0,yes,yes,yes,yes,no,no,no,no,5,3,2,0,yes,no,no,no,5,4,1.552,9.253,1.552,1,0,bvaradar,human_account,not_automation,CONTRIBUTOR,yes,no,no,no,yes,0.486,99.8
,,,85,apache/hudi,traditional,model_infra,supporting_infrastructure,issue,19258,https://github.com/apache/hudi/issues/19258,open,2026-07-12T23:39:51Z,,,vinothchandar,MEMBER,human_account,no,no,no,no,no,no,no,no,no,no,no,no,no,no,no,0,no,yes,yes,yes,no,unknown,yes,yes,0,0,0,0,no,no,no,no,1,0,,,,0,0,,,,,no,no,no,no,no,,99.8
,,,85,apache/hudi,traditional,model_infra,supporting_infrastructure,pull_request,18434,https://github.com/apache/hudi/pull/18434,merged,2026-04-01T07:06:39Z,2026-04-03T01:48:07Z,2026-04-03T01:48:07Z,cshuo,COLLABORATOR,human_account,no,yes,no,no,no,no,yes,no,no,no,yes,no,no,no,no,0,yes,yes,yes,yes,no,no,no,no,3,2,1,0,yes,no,no,no,4,3,26.378,42.688,27.619,2,0,danny0405,human_account,not_automation,CONTRIBUTOR,yes,no,no,no,yes,1.779,99.8
,,,85,apache/hudi,traditional,model_infra,supporting_infrastructure,pull_request,18759,https://github.com/apache/hudi/pull/18759,merged,2026-05-17T07:06:13Z,2026-05-18T07:51:17Z,2026-05-18T07:51:17Z,cshuo,COLLABORATOR,human_account,no,yes,no,no,no,no,yes,no,no,no,yes,no,no,no,no,0,yes,yes,yes,yes,no,no,no,no,3,2,1,0,yes,no,no,no,4,3,2.739,24.726,2.739,1,0,danny0405,human_account,not_automation,CONTRIBUTOR,yes,no,no,no,yes,1.031,99.8
,,,85,apache/hudi,traditional,model_infra,supporting_infrastructure,pull_request,18305,https://github.com/apache/hudi/pull/18305,open,2026-03-11T19:33:54Z,,,kbuci,CONTRIBUTOR,human_account,no,yes,no,no,no,no,yes,no,no,no,yes,no,no,no,no,0,yes,yes,yes,yes,no,no,no,no,26,23,6,0,yes,yes,no,no,5,3,4.019,26.802,4.258,2,1,,,,,no,no,no,yes,yes,,99.8
,,,85,apache/hudi,traditional,model_infra,supporting_infrastructure,issue,17907,https://github.com/apache/hudi/issues/17907,open,2026-01-16T01:48:10Z,,,kbuci,CONTRIBUTOR,human_account,no,no,no,no,no,no,no,no,no,no,no,no,no,no,no,0,no,yes,yes,no,no,no,no,yes,4,5,0,0,no,no,no,no,2,0,646.212,646.212,,0,0,,,,,no,no,no,yes,yes,,99.8
,,,85,apache/hudi,traditional,model_infra,supporting_infrastructure,pull_request,19166,https://github.com/apache/hudi/pull/19166,merged,2026-07-03T18:57:38Z,2026-07-04T16:20:17Z,2026-07-04T16:20:17Z,yihua,CONTRIBUTOR,human_account,no,yes,no,no,no,no,yes,no,no,no,yes,yes,no,no,no,0,yes,yes,yes,yes,no,no,no,no,7,5,2,0,yes,no,no,no,5,2,0.189,7.272,6.631,1,0,voonhous,human_account,not_automation,MEMBER,yes,yes,no,yes,no,0.891,99.8
,,,85,apache/hudi,traditional,model_infra,supporting_infrastructure,pull_request,18650,https://github.com/apache/hudi/pull/18650,merged,2026-04-29T20:03:40Z,2026-06-27T20:09:27Z,2026-06-27T20:09:27Z,prashantwason,MEMBER,human_account,no,yes,no,no,no,no,yes,no,no,no,yes,no,no,no,no,0,yes,yes,yes,yes,no,no,no,no,15,10,5,0,yes,yes,no,no,5,6,4.575,1282.439,1400.222,4,4,nsivabalan,human_account,not_automation,CONTRIBUTOR,yes,no,no,no,yes,59.004,99.8
,,,85,apache/hudi,traditional,model_infra,supporting_infrastructure,pull_request,17802,https://github.com/apache/hudi/pull/17802,merged,2026-01-08T02:59:17Z,2026-01-09T09:30:40Z,2026-01-09T09:30:40Z,cshuo,COLLABORATOR,human_account,no,yes,no,no,no,no,yes,no,no,no,yes,yes,no,no,no,0,yes,yes,yes,yes,no,no,no,no,6,5,3,0,yes,yes,no,no,3,2,25.478,25.478,30.175,2,1,danny0405,human_account,not_automation,CONTRIBUTOR,yes,no,no,no,yes,1.272,99.8
,,,85,apache/hudi,traditional,model_infra,supporting_infrastructure,issue,18053,https://github.com/apache/hudi/issues/18053,closed,2026-01-30T02:04:54Z,2026-02-06T18:15:05Z,,HuangZhenQiu,MEMBER,human_account,no,yes,no,no,no,no,yes,no,no,no,no,no,no,no,no,0,no,yes,yes,yes,no,unknown,yes,yes,0,0,0,0,no,no,no,no,1,0,,,,0,0,xushiyan,human_account,not_automation,,yes,no,no,no,yes,7.674,99.8
,,,85,apache/hudi,traditional,model_infra,supporting_infrastructure,issue,18822,https://github.com/apache/hudi/issues/18822,open,2026-05-22T21:25:41Z,,,rahil-c,COLLABORATOR,human_account,no,no,no,no,no,no,no,no,no,no,no,no,no,no,no,0,no,yes,yes,yes,no,unknown,yes,yes,0,0,0,0,no,no,no,no,1,0,,,,0,0,,,,,no,no,no,no,yes,,99.8
,,,85,apache/hudi,traditional,model_infra,supporting_infrastructure,pull_request,18886,https://github.com/apache/hudi/pull/18886,merged,2026-05-31T15:13:18Z,2026-06-01T02:45:11Z,2026-06-01T02:45:11Z,wangyinsheng,CONTRIBUTOR,human_account,no,yes,no,no,no,no,yes,no,no,no,yes,no,no,no,no,0,yes,yes,yes,yes,no,no,no,no,3,2,1,0,yes,no,no,no,4,3,2.701,11.525,2.701,3,0,danny0405,human_account,not_automation,CONTRIBUTOR,yes,no,no,yes,yes,0.48,99.8
,,,85,apache/hudi,traditional,model_infra,supporting_infrastructure,pull_request,19542,https://github.com/apache/hudi/pull/19542,merged,2026-08-06T03:45:02Z,2026-08-11T02:44:09Z,2026-08-11T02:44:09Z,cshuo,COLLABORATOR,human_account,no,yes,no,no,no,no,yes,no,no,no,yes,yes,no,no,no,0,yes,yes,yes,yes,no,no,no,no,11,12,6,0,yes,yes,no,no,5,5,0.818,29.704,33.843,4,3,danny0405,human_account,not_automation,CONTRIBUTOR,yes,no,no,no,no,4.958,99.8
,,,85,apache/hudi,traditional,model_infra,supporting_infrastructure,pull_request,18498,https://github.com/apache/hudi/pull/18498,merged,2026-04-13T18:16:15Z,2026-04-21T12:46:06Z,2026-04-21T12:46:06Z,rahil-c,COLLABORATOR,human_account,no,yes,no,no,no,no,yes,no,no,no,yes,yes,no,no,no,0,yes,yes,yes,yes,no,no,no,no,11,12,4,0,yes,yes,no,no,5,2,71.981,71.981,160.398,4,1,voonhous,human_account,not_automation,MEMBER,yes,yes,no,no,yes,7.771,99.8
,,,85,apache/hudi,traditional,model_infra,supporting_infrastructure,pull_request,19082,https://github.com/apache/hudi/pull/19082,open,2026-06-27T04:59:48Z,,,yihua,CONTRIBUTOR,human_account,no,yes,no,no,no,no,yes,no,no,no,no,no,no,no,no,0,yes,yes,yes,yes,no,no,no,no,4,3,1,0,yes,no,no,no,4,1,111.091,111.091,170.415,5,0,,,,,no,no,no,yes,no,,99.8
,,,85,apache/hudi,traditional,model_infra,supporting_infrastructure,pull_request,19739,https://github.com/apache/hudi/pull/19739,open,2026-08-25T23:29:23Z,,,yihua,CONTRIBUTOR,human_account,no,yes,no,no,no,no,yes,no,no,no,no,no,no,no,no,0,yes,yes,yes,yes,no,unknown,yes,no,1,1,0,0,no,no,no,no,2,1,53.031,,53.031,6,0,,,,,no,no,no,yes,no,,99.8
,,,85,apache/hudi,traditional,model_infra,supporting_infrastructure,issue,18976,https://github.com/apache/hudi/issues/18976,open,2026-06-11T08:36:11Z,,,prashantwason,MEMBER,human_account,no,no,no,no,no,no,no,no,no,no,no,no,no,no,no,0,no,yes,yes,yes,no,no,no,yes,1,1,0,0,no,no,no,no,2,0,35.733,35.733,,0,0,,,,,no,no,no,no,no,,99.8
,,,85,apache/hudi,traditional,model_infra,supporting_infrastructure,pull_request,18818,https://github.com/apache/hudi/pull/18818,merged,2026-05-22T12:45:41Z,2026-07-14T08:22:57Z,2026-07-14T08:22:57Z,vamsikarnika,COLLABORATOR,human_account,no,yes,no,no,no,no,yes,no,no,no,yes,yes,no,no,no,0,yes,yes,yes,yes,no,no,no,no,10,6,5,0,yes,yes,no,no,7,6,0.122,62.433,1265.897,6,5,voonhous,human_account,not_automation,MEMBER,yes,yes,no,no,yes,52.818,99.8
,,,85,apache/hudi,traditional,model_infra,supporting_infrastructure,pull_request,18318,https://github.com/apache/hudi/pull/18318,closed_unmerged,2026-03-12T19:26:01Z,2026-07-18T12:24:29Z,,kbuci,CONTRIBUTOR,human_account,no,yes,no,no,no,no,yes,no,no,no,no,no,no,no,no,0,yes,yes,yes,yes,no,no,no,no,3,3,0,0,no,no,no,no,4,3,1.429,3064.974,1.429,1,0,voonhous,human_account,not_automation,MEMBER,yes,yes,no,yes,yes,127.707,99.8
,,,85,apache/hudi,traditional,model_infra,supporting_infrastructure,issue,19094,https://github.com/apache/hudi/issues/19094,open,2026-06-29T19:13:18Z,,,chrevanthreddy,CONTRIBUTOR,human_account,no,no,no,no,no,no,no,no,no,no,no,no,no,no,no,0,no,yes,yes,no,no,unknown,yes,yes,0,2,0,0,no,no,no,no,1,0,,,,0,0,,,,,no,no,no,yes,no,,99.8
,,,86,Significant-Gravitas/AutoGPT,llm_native,agent_application,direct_agent_experience,pull_request,12771,https://github.com/Significant-Gravitas/AutoGPT/pull/12771,closed_unmerged,2026-04-13T18:51:23Z,2026-04-20T19:59:53Z,,dependabot[bot],CONTRIBUTOR,automation_bot,no,yes,no,no,no,no,yes,no,no,no,yes,no,no,no,no,0,no,yes,yes,no,no,no,no,yes,2,2,1,0,yes,no,no,no,3,2,0.011,14.554,,1,0,dependabot[bot],automation_bot,conventional_automation,CONTRIBUTOR,no,no,no,yes,yes,7.048,112.7
,,,86,Significant-Gravitas/AutoGPT,llm_native,agent_application,direct_agent_experience,pull_request,13779,https://github.com/Significant-Gravitas/AutoGPT/pull/13779,merged,2026-08-05T19:43:08Z,2026-08-06T04:20:30Z,2026-08-06T04:20:30Z,ntindle,MEMBER,human_account,no,yes,yes,yes,yes,no,yes,no,yes,yes,yes,yes,no,no,no,53,no,yes,yes,yes,no,yes,yes,yes,54,76,7,0,yes,yes,no,no,5,9,0.008,,,2,1,ntindle,human_account,not_automation,MEMBER,yes,yes,no,no,no,0.359,112.7
,,,86,Significant-Gravitas/AutoGPT,llm_native,agent_application,direct_agent_experience,pull_request,12581,https://github.com/Significant-Gravitas/AutoGPT/pull/12581,merged,2026-03-26T13:33:36Z,2026-04-03T13:50:26Z,2026-04-03T13:50:26Z,majdyz,CONTRIBUTOR,human_account,no,yes,yes,no,yes,no,yes,no,yes,yes,yes,yes,yes,no,no,37,no,yes,yes,yes,no,no,no,no,82,159,55,2,yes,yes,yes,yes,8,62,0.07,16.357,16.357,82,81,majdyz,human_account,not_automation,CONTRIBUTOR,yes,no,no,yes,yes,8.012,112.7
,,,86,Significant-Gravitas/AutoGPT,llm_native,agent_application,direct_agent_experience,pull_request,12102,https://github.com/Significant-Gravitas/AutoGPT/pull/12102,merged,2026-02-13T09:23:53Z,2026-02-13T14:27:00Z,2026-02-13T14:27:00Z,Swiftyos,CONTRIBUTOR,human_account,no,yes,yes,no,yes,no,yes,no,yes,yes,yes,yes,no,no,no,17,no,yes,yes,yes,no,no,no,no,22,15,8,0,yes,yes,no,no,6,4,0.009,1.293,4.918,10,8,Swiftyos,human_account,not_automation,CONTRIBUTOR,yes,no,no,yes,yes,0.21,112.7
,,,86,Significant-Gravitas/AutoGPT,llm_native,agent_application,direct_agent_experience,pull_request,12944,https://github.com/Significant-Gravitas/AutoGPT/pull/12944,merged,2026-04-29T15:35:33Z,2026-04-29T16:35:27Z,2026-04-29T16:35:27Z,kcze,CONTRIBUTOR,human_account,no,yes,yes,no,yes,no,yes,no,yes,yes,yes,yes,no,no,no,4,no,yes,yes,yes,no,no,no,no,6,3,3,0,yes,yes,no,no,4,2,0.008,0.723,0.723,2,1,kcze,human_account,not_automation,CONTRIBUTOR,yes,no,no,yes,yes,0.042,112.7
,,,86,Significant-Gravitas/AutoGPT,llm_native,agent_application,direct_agent_experience,pull_request,12176,https://github.com/Significant-Gravitas/AutoGPT/pull/12176,closed_unmerged,2026-02-20T08:58:39Z,2026-02-23T19:41:05Z,,dependabot[bot],CONTRIBUTOR,automation_bot,no,yes,yes,no,yes,no,yes,no,yes,no,no,no,no,no,no,1,no,yes,no,no,no,yes,yes,yes,2,3,0,0,no,no,no,no,3,0,0.014,,,1,0,dependabot[bot],automation_bot,conventional_automation,CONTRIBUTOR,no,no,no,yes,yes,3.446,112.7
,,,86,Significant-Gravitas/AutoGPT,llm_native,agent_application,direct_agent_experience,pull_request,11870,https://github.com/Significant-Gravitas/AutoGPT/pull/11870,closed_unmerged,2026-01-28T11:23:10Z,2026-02-05T05:28:45Z,,ntindle,MEMBER,human_account,no,yes,yes,yes,yes,no,yes,no,yes,yes,no,no,no,no,no,7,yes,yes,yes,yes,no,yes,yes,yes,10,7,3,0,yes,no,no,no,6,1,0.003,,,2,0,ntindle,human_account,not_automation,MEMBER,yes,yes,no,no,yes,7.754,112.7
,,,86,Significant-Gravitas/AutoGPT,llm_native,agent_application,direct_agent_experience,pull_request,12569,https://github.com/Significant-Gravitas/AutoGPT/pull/12569,merged,2026-03-26T05:18:14Z,2026-04-03T06:59:12Z,2026-04-03T06:59:12Z,majdyz,CONTRIBUTOR,human_account,no,yes,yes,no,yes,no,yes,no,yes,yes,yes,yes,yes,no,no,44,no,yes,yes,yes,no,no,no,no,92,204,73,4,yes,yes,yes,yes,7,61,0.006,182.961,182.961,63,63,majdyz,human_account,not_automation,CONTRIBUTOR,yes,no,no,yes,yes,8.07,112.7
,,,86,Significant-Gravitas/AutoGPT,llm_native,agent_application,direct_agent_experience,pull_request,12446,https://github.com/Significant-Gravitas/AutoGPT/pull/12446,merged,2026-03-17T05:50:15Z,2026-03-17T16:55:38Z,2026-03-17T16:55:38Z,majdyz,CONTRIBUTOR,human_account,no,yes,yes,no,yes,no,yes,no,yes,yes,yes,yes,no,no,no,18,no,yes,yes,yes,no,no,no,no,20,30,11,0,yes,yes,no,no,5,16,0.006,10.427,10.427,12,11,majdyz,human_account,not_automation,CONTRIBUTOR,yes,no,no,yes,yes,0.462,112.7
,,,86,Significant-Gravitas/AutoGPT,llm_native,agent_application,direct_agent_experience,pull_request,12317,https://github.com/Significant-Gravitas/AutoGPT/pull/12317,merged,2026-03-06T12:35:21Z,2026-03-11T08:47:43Z,2026-03-11T08:47:43Z,Otto-AGPT,CONTRIBUTOR,human_account,no,yes,yes,no,yes,no,yes,no,yes,yes,yes,yes,no,no,no,4,no,yes,yes,yes,no,no,no,no,10,6,4,0,yes,yes,no,no,5,2,0.006,0.979,74.417,4,3,0ubbe,human_account,not_automation,CONTRIBUTOR,yes,no,no,yes,yes,4.842,112.7
,,,86,Significant-Gravitas/AutoGPT,llm_native,agent_application,direct_agent_experience,pull_request,12551,https://github.com/Significant-Gravitas/AutoGPT/pull/12551,merged,2026-03-25T07:01:17Z,2026-03-26T08:21:49Z,2026-03-26T08:21:49Z,majdyz,CONTRIBUTOR,human_account,no,yes,yes,no,yes,no,yes,no,yes,yes,yes,no,no,no,no,5,no,yes,yes,no,no,no,no,yes,5,38,14,0,yes,yes,no,no,3,6,0.007,25.139,,11,10,majdyz,human_account,not_automation,CONTRIBUTOR,yes,no,no,yes,yes,1.056,112.7
,,,86,Significant-Gravitas/AutoGPT,llm_native,agent_application,direct_agent_experience,pull_request,12480,https://github.com/Significant-Gravitas/AutoGPT/pull/12480,merged,2026-03-19T07:15:09Z,2026-03-19T08:11:15Z,2026-03-19T08:11:15Z,majdyz,CONTRIBUTOR,human_account,no,yes,yes,no,yes,no,yes,no,yes,yes,yes,no,no,no,no,12,no,yes,yes,no,no,yes,yes,yes,18,17,7,0,yes,yes,no,no,3,7,0.007,,,9,8,majdyz,human_account,not_automation,CONTRIBUTOR,yes,no,no,yes,yes,0.039,112.7
,,,86,Significant-Gravitas/AutoGPT,llm_native,agent_application,direct_agent_experience,pull_request,12291,https://github.com/Significant-Gravitas/AutoGPT/pull/12291,closed_unmerged,2026-03-05T10:37:57Z,2026-03-05T13:54:00Z,,dependabot[bot],CONTRIBUTOR,automation_bot,no,yes,yes,yes,no,no,yes,no,yes,no,no,no,no,no,no,1,no,yes,no,no,no,yes,yes,yes,3,4,0,0,no,no,no,no,3,0,0.038,,,1,0,dependabot[bot],automation_bot,conventional_automation,CONTRIBUTOR,no,no,no,yes,yes,0.136,112.7
,,,86,Significant-Gravitas/AutoGPT,llm_native,agent_application,direct_agent_experience,pull_request,12379,https://github.com/Significant-Gravitas/AutoGPT/pull/12379,open,2026-03-12T05:07:24Z,,,deepakdevp,NONE,human_account,no,yes,yes,no,yes,no,yes,no,yes,yes,yes,yes,no,no,no,5,no,yes,yes,yes,no,no,no,no,15,9,7,0,yes,yes,no,no,7,3,0.003,0.003,803.102,3,2,,,,,no,no,no,yes,yes,,112.7
,,,86,Significant-Gravitas/AutoGPT,llm_native,agent_application,direct_agent_experience,pull_request,11729,https://github.com/Significant-Gravitas/AutoGPT/pull/11729,closed_unmerged,2026-01-08T12:06:51Z,2026-01-09T14:58:49Z,,Swiftyos,CONTRIBUTOR,human_account,no,yes,yes,no,yes,no,yes,no,yes,yes,yes,no,no,yes,no,8,no,yes,yes,no,no,no,no,yes,8,5,3,1,yes,yes,yes,no,4,2,0.002,1.836,,5,1,Swiftyos,human_account,not_automation,CONTRIBUTOR,yes,no,no,yes,yes,1.119,112.7
,,,86,Significant-Gravitas/AutoGPT,llm_native,agent_application,direct_agent_experience,pull_request,14106,https://github.com/Significant-Gravitas/AutoGPT/pull/14106,closed_unmerged,2026-08-21T20:00:27Z,2026-08-26T21:25:32Z,,ntindle,MEMBER,human_account,no,yes,yes,no,yes,no,yes,no,yes,no,no,no,no,no,no,1,no,yes,yes,yes,no,yes,yes,yes,4,4,1,0,yes,yes,no,no,4,2,0.003,,,1,1,ntindle,human_account,not_automation,MEMBER,yes,yes,no,no,no,5.059,112.7
,,,86,Significant-Gravitas/AutoGPT,llm_native,agent_application,direct_agent_experience,pull_request,13686,https://github.com/Significant-Gravitas/AutoGPT/pull/13686,merged,2026-07-27T09:51:14Z,2026-07-28T02:59:55Z,2026-07-28T02:59:55Z,Abhi1992002,MEMBER,human_account,no,yes,yes,no,yes,no,yes,no,yes,yes,yes,yes,no,no,no,9,no,yes,yes,yes,no,no,no,no,13,13,4,0,yes,yes,no,no,7,7,0.005,13.82,13.82,3,2,Abhi1992002,human_account,not_automation,MEMBER,yes,yes,no,no,no,0.714,112.7
,,,86,Significant-Gravitas/AutoGPT,llm_native,agent_application,direct_agent_experience,pull_request,13180,https://github.com/Significant-Gravitas/AutoGPT/pull/13180,merged,2026-05-21T09:12:35Z,2026-05-21T16:37:14Z,2026-05-21T16:37:14Z,majdyz,CONTRIBUTOR,human_account,no,yes,yes,no,yes,no,yes,no,yes,yes,yes,no,no,no,no,6,no,yes,yes,no,no,yes,yes,yes,16,20,6,0,yes,yes,no,no,5,8,0.005,,,9,7,majdyz,human_account,not_automation,CONTRIBUTOR,yes,no,no,yes,yes,0.309,112.7
,,,86,Significant-Gravitas/AutoGPT,llm_native,agent_application,direct_agent_experience,pull_request,13158,https://github.com/Significant-Gravitas/AutoGPT/pull/13158,closed_unmerged,2026-05-19T03:35:13Z,2026-05-27T17:56:38Z,,dependabot[bot],CONTRIBUTOR,automation_bot,no,yes,no,no,no,no,yes,no,no,no,no,no,no,no,no,0,no,yes,yes,yes,no,no,no,no,2,3,0,0,no,no,no,no,3,2,0.014,205.945,205.945,1,0,ntindle,human_account,not_automation,MEMBER,yes,yes,no,yes,yes,8.598,112.7
,,,86,Significant-Gravitas/AutoGPT,llm_native,agent_application,direct_agent_experience,pull_request,12917,https://github.com/Significant-Gravitas/AutoGPT/pull/12917,merged,2026-04-24T23:36:03Z,2026-04-25T01:15:37Z,2026-04-25T01:15:37Z,majdyz,CONTRIBUTOR,human_account,no,yes,yes,no,yes,no,yes,no,yes,yes,yes,no,no,no,no,4,no,yes,yes,no,no,yes,yes,yes,5,7,4,0,yes,yes,no,no,4,3,0.006,,,2,1,majdyz,human_account,not_automation,CONTRIBUTOR,yes,no,no,yes,yes,0.069,112.7
,,,87,PaddlePaddle/Paddle,traditional,model_infra,supporting_infrastructure,issue,78466,https://github.com/PaddlePaddle/Paddle/issues/78466,open,2026-03-25T05:18:46Z,,,tingPetty,NONE,human_account,no,no,no,no,no,no,no,no,no,no,no,no,no,no,no,0,no,yes,yes,no,no,no,no,yes,1,1,0,0,no,no,no,no,2,0,25.794,25.794,,0,0,,,,,no,no,no,yes,yes,,126.25
,,,87,PaddlePaddle/Paddle,traditional,model_infra,supporting_infrastructure,pull_request,78580,https://github.com/PaddlePaddle/Paddle/pull/78580,merged,2026-04-03T10:19:01Z,2026-04-07T06:12:18Z,2026-04-07T06:12:18Z,youge325,CONTRIBUTOR,human_account,no,yes,yes,yes,no,no,yes,no,yes,yes,yes,yes,no,yes,no,11,no,yes,yes,yes,no,no,no,no,42,50,7,1,yes,yes,yes,yes,7,3,0.002,31.561,31.837,30,29,SigureMo,human_account,not_automation,MEMBER,yes,yes,no,yes,yes,3.829,126.25
,,,87,PaddlePaddle/Paddle,traditional,model_infra,supporting_infrastructure,pull_request,78626,https://github.com/PaddlePaddle/Paddle/pull/78626,merged,2026-04-10T03:03:42Z,2026-04-13T03:12:57Z,2026-04-13T03:12:57Z,lj970926,CONTRIBUTOR,human_account,no,yes,no,no,no,no,yes,no,no,no,yes,no,no,no,no,0,no,yes,yes,no,no,no,no,yes,4,3,3,0,yes,no,no,no,5,2,0.002,71.86,,1,0,QingshuChen,human_account,not_automation,CONTRIBUTOR,yes,no,no,yes,yes,3.006,126.25
,,,87,PaddlePaddle/Paddle,traditional,model_infra,supporting_infrastructure,pull_request,77585,https://github.com/PaddlePaddle/Paddle/pull/77585,merged,2026-01-29T11:59:22Z,2026-01-30T06:34:08Z,2026-01-30T06:34:08Z,A-nnonymous,NONE,human_account,no,yes,no,no,no,no,yes,no,no,no,yes,yes,no,no,no,0,no,yes,yes,yes,no,no,no,no,5,5,2,0,yes,no,no,no,6,3,0.001,14.847,16.05,3,0,sneaxiy,human_account,not_automation,COLLABORATOR,yes,yes,no,yes,yes,0.774,126.25
,,,87,PaddlePaddle/Paddle,traditional,model_infra,supporting_infrastructure,pull_request,79320,https://github.com/PaddlePaddle/Paddle/pull/79320,open,2026-06-15T22:54:29Z,,,WheelWell9876,NONE,human_account,no,yes,no,no,no,no,yes,no,no,no,no,no,no,no,no,0,no,yes,yes,no,no,no,no,yes,5,4,1,0,yes,no,no,no,4,3,0.002,0.002,,1,0,,,,,no,no,no,yes,no,,126.25
,,,87,PaddlePaddle/Paddle,traditional,model_infra,supporting_infrastructure,pull_request,79466,https://github.com/PaddlePaddle/Paddle/pull/79466,merged,2026-07-13T06:16:44Z,2026-07-17T10:36:52Z,2026-07-17T10:36:52Z,LCStayingdullCircuit,CONTRIBUTOR,human_account,no,yes,no,no,no,no,yes,no,no,no,yes,no,no,yes,no,0,no,yes,yes,no,no,no,no,yes,14,9,9,2,yes,yes,yes,yes,6,7,0.138,0.396,,3,2,lshpku,human_account,not_automation,CONTRIBUTOR,yes,no,no,yes,no,4.181,126.25
,,,87,PaddlePaddle/Paddle,traditional,model_infra,supporting_infrastructure,pull_request,78027,https://github.com/PaddlePaddle/Paddle/pull/78027,merged,2026-02-24T01:28:33Z,2026-03-03T12:59:04Z,2026-03-03T12:59:04Z,Le-soleile,CONTRIBUTOR,human_account,no,yes,no,no,no,no,yes,no,no,no,yes,yes,no,no,no,0,no,yes,yes,yes,no,no,no,no,16,24,4,0,yes,yes,no,no,7,4,0.002,7.582,179.428,32,27,SigureMo,human_account,not_automation,MEMBER,yes,yes,no,yes,yes,7.48,126.25
,,,87,PaddlePaddle/Paddle,traditional,model_infra,supporting_infrastructure,issue,79460,https://github.com/PaddlePaddle/Paddle/issues/79460,open,2026-07-12T22:18:18Z,,,ALinrunrun,NONE,human_account,no,yes,no,no,no,no,yes,no,no,no,no,no,no,no,no,0,no,yes,yes,no,no,unknown,yes,yes,0,0,0,0,no,no,no,no,1,0,,,,0,0,,,,,no,no,no,yes,no,,126.25
,,,87,PaddlePaddle/Paddle,traditional,model_infra,supporting_infrastructure,pull_request,77911,https://github.com/PaddlePaddle/Paddle/pull/77911,merged,2026-02-14T05:32:07Z,2026-02-14T09:21:00Z,2026-02-14T09:20:59Z,ShigureNyako,CONTRIBUTOR,human_account,no,yes,no,no,no,no,yes,no,no,no,yes,yes,no,no,no,0,no,yes,yes,yes,no,no,no,no,2,3,1,0,yes,no,no,no,3,2,0.002,0.088,0.088,1,0,SigureMo,human_account,not_automation,MEMBER,yes,yes,no,yes,yes,0.159,126.25
,,,87,PaddlePaddle/Paddle,traditional,model_infra,supporting_infrastructure,pull_request,79411,https://github.com/PaddlePaddle/Paddle/pull/79411,open,2026-07-03T05:57:37Z,,,Ray961123,COLLABORATOR,human_account,no,yes,no,no,no,no,yes,no,no,no,no,no,no,no,no,0,no,yes,yes,yes,no,yes,yes,yes,5,4,1,0,yes,no,no,no,3,2,0.326,,,5,0,,,,,no,no,no,no,no,,126.25
,,,87,PaddlePaddle/Paddle,traditional,model_infra,supporting_infrastructure,pull_request,78965,https://github.com/PaddlePaddle/Paddle/pull/78965,merged,2026-05-12T06:45:57Z,2026-05-12T14:17:47Z,2026-05-12T14:17:47Z,lshpku,CONTRIBUTOR,human_account,no,yes,no,no,no,no,yes,no,no,no,yes,yes,no,no,no,0,no,yes,yes,yes,no,no,no,no,3,2,1,0,yes,no,no,no,4,3,0.002,0.056,0.056,1,0,sneaxiy,human_account,not_automation,COLLABORATOR,yes,yes,no,yes,yes,0.314,126.25
,,,87,PaddlePaddle/Paddle,traditional,model_infra,supporting_infrastructure,pull_request,79225,https://github.com/PaddlePaddle/Paddle/pull/79225,merged,2026-06-02T11:34:19Z,2026-06-16T03:31:50Z,2026-06-16T03:31:50Z,xingmingyyj,CONTRIBUTOR,human_account,no,yes,no,no,no,no,yes,no,no,no,yes,no,no,no,no,0,no,yes,yes,no,no,no,no,yes,16,12,7,3,yes,yes,yes,yes,4,2,0.333,327.956,,6,5,From00,human_account,not_automation,CONTRIBUTOR,yes,no,no,yes,no,13.665,126.25
,,,87,PaddlePaddle/Paddle,traditional,model_infra,supporting_infrastructure,pull_request,79327,https://github.com/PaddlePaddle/Paddle/pull/79327,closed_unmerged,2026-06-17T07:35:47Z,2026-06-17T07:56:26Z,,wangbingguang2026,CONTRIBUTOR,human_account,no,no,no,no,no,no,no,no,no,no,no,no,no,no,no,0,no,yes,yes,no,no,unknown,yes,yes,0,0,0,0,no,no,no,no,1,0,,,,1,0,wangbingguang2026,human_account,not_automation,CONTRIBUTOR,yes,no,no,yes,no,0.014,126.25
,,,87,PaddlePaddle/Paddle,traditional,model_infra,supporting_infrastructure,pull_request,79392,https://github.com/PaddlePaddle/Paddle/pull/79392,merged,2026-06-29T11:04:59Z,2026-07-07T07:23:51Z,2026-07-07T07:23:51Z,Manfredss,CONTRIBUTOR,human_account,no,yes,no,no,no,no,yes,no,no,no,yes,no,no,yes,no,0,no,yes,yes,no,no,no,no,yes,24,20,13,4,yes,yes,yes,yes,7,13,0.14,0.248,,7,5,zhwesky2010,human_account,not_automation,CONTRIBUTOR,yes,no,no,yes,no,7.846,126.25
,,,87,PaddlePaddle/Paddle,traditional,model_infra,supporting_infrastructure,pull_request,77941,https://github.com/PaddlePaddle/Paddle/pull/77941,merged,2026-02-17T07:13:42Z,2026-02-17T12:18:12Z,2026-02-17T12:18:12Z,ShigureNyako,CONTRIBUTOR,human_account,no,yes,no,no,no,no,yes,no,no,no,yes,yes,no,no,no,0,no,yes,yes,yes,no,no,no,no,2,4,1,0,yes,no,no,no,3,2,0.002,0.043,0.043,1,0,SigureMo,human_account,not_automation,MEMBER,yes,yes,no,yes,yes,0.211,126.25
,,,87,PaddlePaddle/Paddle,traditional,model_infra,supporting_infrastructure,pull_request,79000,https://github.com/PaddlePaddle/Paddle/pull/79000,open,2026-05-14T21:28:04Z,,,YqGe585,MEMBER,human_account,no,yes,no,no,no,no,yes,no,no,no,no,no,no,no,no,0,no,yes,yes,yes,no,no,no,yes,18,11,8,1,yes,yes,yes,no,4,5,0.002,0.003,,1,1,,,,,no,no,no,no,yes,,126.25
,,,87,PaddlePaddle/Paddle,traditional,model_infra,supporting_infrastructure,pull_request,77615,https://github.com/PaddlePaddle/Paddle/pull/77615,merged,2026-02-01T09:13:12Z,2026-02-05T02:28:30Z,2026-02-05T02:28:30Z,co63oc,CONTRIBUTOR,human_account,no,yes,no,no,no,no,yes,no,no,no,yes,no,no,no,no,0,no,yes,yes,no,no,no,no,yes,4,4,2,0,yes,yes,no,no,3,2,0.002,46.657,,3,2,luotao1,human_account,not_automation,CONTRIBUTOR,yes,no,no,yes,yes,3.719,126.25
,,,87,PaddlePaddle/Paddle,traditional,model_infra,supporting_infrastructure,pull_request,78339,https://github.com/PaddlePaddle/Paddle/pull/78339,merged,2026-03-17T14:07:15Z,2026-03-19T06:36:39Z,2026-03-19T06:36:39Z,onecatcn,CONTRIBUTOR,human_account,no,yes,no,no,no,no,yes,no,no,no,yes,no,no,no,no,0,no,yes,yes,no,no,no,no,yes,4,1,3,0,yes,no,no,no,5,2,0.004,17.105,,2,0,yongqiangma,human_account,not_automation,CONTRIBUTOR,yes,no,no,yes,yes,1.687,126.25
,,,87,PaddlePaddle/Paddle,traditional,model_infra,supporting_infrastructure,pull_request,79047,https://github.com/PaddlePaddle/Paddle/pull/79047,merged,2026-05-19T06:30:30Z,2026-05-28T02:51:56Z,2026-05-28T02:51:56Z,zhanghonggeng,CONTRIBUTOR,human_account,no,yes,no,no,no,no,yes,no,no,no,yes,yes,no,no,no,0,no,yes,yes,yes,no,no,no,no,6,4,4,0,yes,yes,no,no,5,6,0.001,144.985,212.353,2,2,sneaxiy,human_account,not_automation,COLLABORATOR,yes,yes,no,yes,yes,8.848,126.25
,,,87,PaddlePaddle/Paddle,traditional,model_infra,supporting_infrastructure,pull_request,77751,https://github.com/PaddlePaddle/Paddle/pull/77751,merged,2026-02-07T08:07:03Z,2026-02-10T04:07:14Z,2026-02-10T04:07:14Z,algorithm1832,CONTRIBUTOR,human_account,no,yes,no,no,no,no,yes,no,no,no,yes,no,no,no,no,0,no,yes,yes,no,no,no,no,yes,5,2,3,0,yes,no,no,no,4,2,0.004,51.998,,2,0,zhwesky2010,human_account,not_automation,CONTRIBUTOR,yes,no,no,yes,yes,2.833,126.25
,,,88,code-yeongyu/oh-my-openagent,llm_native,agent_application,direct_agent_experience,pull_request,1329,https://github.com/code-yeongyu/oh-my-openagent/pull/1329,merged,2026-01-31T13:38:50Z,2026-02-01T10:11:35Z,2026-02-01T10:11:35Z,itsmylife44,CONTRIBUTOR,human_account,no,yes,yes,no,yes,no,no,no,yes,yes,no,no,no,no,no,4,no,yes,yes,no,no,yes,yes,yes,4,5,2,0,yes,yes,no,no,2,3,0.143,,,3,3,code-yeongyu,human_account,not_automation,OWNER,yes,yes,no,yes,yes,0.856,345.75
,,,88,code-yeongyu/oh-my-openagent,llm_native,agent_application,direct_agent_experience,pull_request,2605,https://github.com/code-yeongyu/oh-my-openagent/pull/2605,closed_unmerged,2026-03-16T06:03:08Z,2026-03-16T07:32:29Z,,code-yeongyu,OWNER,human_account,no,yes,yes,no,yes,no,no,no,yes,yes,no,no,no,no,no,10,no,yes,yes,yes,no,yes,yes,yes,10,9,2,0,yes,yes,no,no,2,2,0.163,,,4,1,code-yeongyu,human_account,not_automation,OWNER,yes,yes,no,no,yes,0.062,345.75
,,,88,code-yeongyu/oh-my-openagent,llm_native,agent_application,direct_agent_experience,pull_request,4652,https://github.com/code-yeongyu/oh-my-openagent/pull/4652,merged,2026-06-01T06:16:00Z,2026-06-01T07:36:10Z,2026-06-01T07:36:10Z,code-yeongyu,OWNER,human_account,no,yes,yes,no,yes,no,no,no,yes,yes,no,no,no,no,no,10,no,yes,yes,yes,no,yes,yes,yes,10,8,2,0,yes,yes,no,no,2,1,0.353,,,9,4,code-yeongyu,human_account,not_automation,OWNER,yes,yes,no,no,no,0.056,345.75
,,,88,code-yeongyu/oh-my-openagent,llm_native,agent_application,direct_agent_experience,pull_request,3373,https://github.com/code-yeongyu/oh-my-openagent/pull/3373,closed_unmerged,2026-04-13T01:41:07Z,2026-04-13T01:52:41Z,,code-yeongyu,OWNER,human_account,no,yes,yes,no,yes,no,no,no,yes,yes,no,no,no,no,no,6,no,yes,yes,yes,no,yes,yes,yes,6,6,1,0,yes,no,no,no,2,2,0.068,,,1,0,code-yeongyu,human_account,not_automation,OWNER,yes,yes,no,no,yes,0.008,345.75
,,,88,code-yeongyu/oh-my-openagent,llm_native,agent_application,direct_agent_experience,pull_request,2828,https://github.com/code-yeongyu/oh-my-openagent/pull/2828,merged,2026-03-25T14:24:08Z,2026-03-25T14:26:52Z,2026-03-25T14:26:52Z,code-yeongyu,OWNER,human_account,no,yes,yes,no,yes,no,no,no,yes,yes,no,no,no,no,no,1,no,yes,yes,yes,no,yes,yes,yes,1,0,1,0,yes,no,no,no,2,1,0.125,,,1,0,code-yeongyu,human_account,not_automation,OWNER,yes,yes,no,no,yes,0.002,345.75
,,,88,code-yeongyu/oh-my-openagent,llm_native,agent_application,direct_agent_experience,pull_request,5824,https://github.com/code-yeongyu/oh-my-openagent/pull/5824,closed_unmerged,2026-07-02T14:20:49Z,2026-07-02T14:32:45Z,,Chochko52,NONE,human_account,no,yes,yes,no,yes,no,yes,no,yes,yes,no,no,no,no,no,5,no,yes,yes,no,no,yes,yes,yes,6,7,1,0,yes,no,no,no,3,2,0.003,,,1,0,Chochko52,human_account,not_automation,NONE,yes,no,no,yes,no,0.008,345.75
,,,88,code-yeongyu/oh-my-openagent,llm_native,agent_application,direct_agent_experience,pull_request,6511,https://github.com/code-yeongyu/oh-my-openagent/pull/6511,merged,2026-07-31T08:21:46Z,2026-07-31T08:43:26Z,2026-07-31T08:43:26Z,code-yeongyu,OWNER,human_account,no,yes,no,no,no,no,yes,no,no,no,no,no,no,no,no,0,no,yes,yes,yes,no,unknown,yes,yes,0,0,0,0,no,no,no,no,1,0,,,,2,0,code-yeongyu,human_account,not_automation,OWNER,yes,yes,no,no,no,0.015,345.75
,,,88,code-yeongyu/oh-my-openagent,llm_native,agent_application,direct_agent_experience,pull_request,2793,https://github.com/code-yeongyu/oh-my-openagent/pull/2793,closed_unmerged,2026-03-24T08:31:23Z,2026-03-24T08:32:36Z,,code-yeongyu,OWNER,human_account,no,yes,yes,no,yes,no,no,no,yes,yes,no,no,no,no,no,5,no,yes,yes,yes,no,yes,yes,yes,5,5,1,0,yes,no,no,no,2,1,0.18,,,2,0,code-yeongyu,human_account,not_automation,OWNER,yes,yes,no,no,yes,0.001,345.75
,,,88,code-yeongyu/oh-my-openagent,llm_native,agent_application,direct_agent_experience,pull_request,4513,https://github.com/code-yeongyu/oh-my-openagent/pull/4513,closed_unmerged,2026-05-26T12:59:14Z,2026-08-06T16:23:41Z,,biggameking,CONTRIBUTOR,human_account,no,yes,no,no,no,no,yes,no,no,no,no,no,no,no,no,0,no,yes,yes,yes,no,no,no,no,2,2,0,0,no,no,no,no,3,2,0.004,1731.407,1731.407,1,0,code-yeongyu,human_account,not_automation,OWNER,yes,yes,no,yes,yes,72.142,345.75
,,,88,code-yeongyu/oh-my-openagent,llm_native,agent_application,direct_agent_experience,pull_request,3243,https://github.com/code-yeongyu/oh-my-openagent/pull/3243,merged,2026-04-08T14:39:58Z,2026-04-08T14:44:52Z,2026-04-08T14:44:52Z,code-yeongyu,OWNER,human_account,no,yes,yes,no,yes,no,no,no,yes,yes,no,no,no,no,no,1,no,yes,yes,yes,no,yes,yes,yes,1,0,1,0,yes,no,no,no,2,1,0.075,,,1,0,code-yeongyu,human_account,not_automation,OWNER,yes,yes,no,no,yes,0.003,345.75
,,,88,code-yeongyu/oh-my-openagent,llm_native,agent_application,direct_agent_experience,pull_request,4786,https://github.com/code-yeongyu/oh-my-openagent/pull/4786,merged,2026-06-05T07:50:55Z,2026-06-05T08:04:29Z,2026-06-05T08:04:29Z,code-yeongyu,OWNER,human_account,no,yes,yes,no,yes,no,no,no,yes,yes,no,no,no,no,no,1,no,yes,yes,yes,no,yes,yes,yes,1,0,1,0,yes,no,no,no,2,1,0.181,,,4,0,code-yeongyu,human_account,not_automation,OWNER,yes,yes,no,no,no,0.009,345.75
,,,88,code-yeongyu/oh-my-openagent,llm_native,agent_application,direct_agent_experience,pull_request,5851,https://github.com/code-yeongyu/oh-my-openagent/pull/5851,closed_unmerged,2026-07-04T07:42:14Z,2026-08-06T10:29:24Z,,IYENTeam,NONE,human_account,no,yes,yes,no,yes,no,yes,no,yes,yes,no,no,no,no,no,2,no,yes,yes,yes,no,no,no,no,3,2,1,0,yes,no,no,no,3,2,0.328,794.786,794.786,1,0,code-yeongyu,human_account,not_automation,OWNER,yes,yes,no,yes,no,33.116,345.75
,,,88,code-yeongyu/oh-my-openagent,llm_native,agent_application,direct_agent_experience,pull_request,5343,https://github.com/code-yeongyu/oh-my-openagent/pull/5343,open,2026-06-16T10:20:12Z,,,hateen06,NONE,human_account,no,yes,no,no,no,no,yes,no,no,no,no,no,no,no,no,0,no,yes,yes,yes,no,no,no,no,4,4,0,0,no,no,no,no,4,2,0.006,64.014,64.014,1,0,,,,,no,no,no,yes,no,,345.75
,,,88,code-yeongyu/oh-my-openagent,llm_native,agent_application,direct_agent_experience,pull_request,3329,https://github.com/code-yeongyu/oh-my-openagent/pull/3329,merged,2026-04-11T04:08:22Z,2026-04-11T04:16:29Z,2026-04-11T04:16:29Z,code-yeongyu,OWNER,human_account,no,yes,yes,no,yes,no,no,no,yes,yes,no,no,no,no,no,2,no,yes,yes,yes,no,yes,yes,yes,2,1,1,0,yes,no,no,no,2,1,0.06,,,2,0,code-yeongyu,human_account,not_automation,OWNER,yes,yes,no,no,yes,0.006,345.75
,,,88,code-yeongyu/oh-my-openagent,llm_native,agent_application,direct_agent_experience,pull_request,5014,https://github.com/code-yeongyu/oh-my-openagent/pull/5014,merged,2026-06-06T09:31:55Z,2026-06-06T09:36:26Z,2026-06-06T09:36:26Z,code-yeongyu,OWNER,human_account,no,yes,no,no,no,no,yes,no,no,no,no,no,no,no,no,0,no,yes,yes,yes,no,unknown,yes,yes,0,0,0,0,no,no,no,no,1,0,,,,1,0,code-yeongyu,human_account,not_automation,OWNER,yes,yes,no,no,no,0.003,345.75
,,,88,code-yeongyu/oh-my-openagent,llm_native,agent_application,direct_agent_experience,pull_request,4442,https://github.com/code-yeongyu/oh-my-openagent/pull/4442,closed_unmerged,2026-05-25T02:22:42Z,2026-06-17T06:02:37Z,,code-yeongyu,OWNER,human_account,no,no,no,no,no,no,no,no,no,no,no,no,no,no,no,0,no,yes,yes,yes,no,unknown,yes,yes,0,2,0,0,no,no,no,no,1,0,,,,1,0,code-yeongyu,human_account,not_automation,OWNER,yes,yes,no,no,yes,23.153,345.75
,,,88,code-yeongyu/oh-my-openagent,llm_native,agent_application,direct_agent_experience,pull_request,7046,https://github.com/code-yeongyu/oh-my-openagent/pull/7046,merged,2026-08-19T10:07:34Z,2026-08-19T10:14:39Z,2026-08-19T10:14:39Z,code-yeongyu,OWNER,human_account,no,yes,no,no,no,no,yes,no,no,no,no,no,no,no,no,0,no,yes,yes,yes,no,unknown,yes,yes,0,1,0,0,no,no,no,no,1,0,,,,1,0,code-yeongyu,human_account,not_automation,OWNER,yes,yes,no,no,no,0.005,345.75
,,,88,code-yeongyu/oh-my-openagent,llm_native,agent_application,direct_agent_experience,pull_request,5127,https://github.com/code-yeongyu/oh-my-openagent/pull/5127,merged,2026-06-10T13:11:28Z,2026-06-12T04:07:22Z,2026-06-12T04:07:22Z,code-yeongyu,OWNER,human_account,no,no,no,no,no,no,no,no,no,no,no,no,no,no,no,0,no,yes,yes,yes,no,no,no,yes,1,1,0,0,no,no,no,no,2,0,66.195,66.195,,1,0,code-yeongyu,human_account,not_automation,OWNER,yes,yes,no,no,no,1.622,345.75
,,,88,code-yeongyu/oh-my-openagent,llm_native,agent_application,direct_agent_experience,pull_request,5618,https://github.com/code-yeongyu/oh-my-openagent/pull/5618,merged,2026-06-27T06:52:59Z,2026-06-27T11:43:36Z,2026-06-27T11:43:36Z,code-yeongyu,OWNER,human_account,no,yes,no,no,no,no,yes,no,no,no,no,no,no,no,no,0,no,yes,yes,yes,no,unknown,yes,yes,0,0,0,0,no,no,no,no,1,0,,,,6,0,code-yeongyu,human_account,not_automation,OWNER,yes,yes,no,no,no,0.202,345.75
,,,88,code-yeongyu/oh-my-openagent,llm_native,agent_application,direct_agent_experience,pull_request,4535,https://github.com/code-yeongyu/oh-my-openagent/pull/4535,merged,2026-05-26T23:50:28Z,2026-06-04T08:23:16Z,2026-06-04T08:23:16Z,YOMXXX,CONTRIBUTOR,human_account,no,no,no,no,no,no,no,no,no,no,no,no,no,no,no,0,no,yes,yes,yes,no,no,no,no,2,2,0,0,no,no,no,no,3,0,151.344,151.344,151.344,1,0,MoerAI,human_account,not_automation,COLLABORATOR,yes,yes,no,yes,yes,8.356,345.75
,,,89,siyuan-note/siyuan,mixed,agent_application,direct_agent_experience,issue,18694,https://github.com/siyuan-note/siyuan/issues/18694,closed,2026-08-13T04:49:29Z,2026-08-13T06:27:45Z,,TCOTC,CONTRIBUTOR,human_account,no,no,no,no,no,no,no,no,no,no,no,no,no,no,no,0,no,yes,yes,yes,no,no,no,no,1,1,0,0,no,no,no,no,2,0,1.692,1.692,1.692,0,0,88250,human_account,not_automation,MEMBER,yes,yes,no,yes,no,0.068,112.6
,,,89,siyuan-note/siyuan,mixed,agent_application,direct_agent_experience,issue,18702,https://github.com/siyuan-note/siyuan/issues/18702,closed,2026-08-13T09:12:03Z,2026-08-13T09:21:16Z,,88250,MEMBER,human_account,no,no,no,no,no,no,no,no,no,no,no,no,no,no,no,0,no,yes,yes,yes,no,no,no,yes,3,5,0,0,no,no,no,no,2,0,1.193,1.193,,0,0,88250,human_account,not_automation,MEMBER,yes,yes,no,no,no,0.006,112.6
,,,89,siyuan-note/siyuan,mixed,agent_application,direct_agent_experience,issue,17048,https://github.com/siyuan-note/siyuan/issues/17048,closed,2026-02-14T08:44:21Z,2026-02-14T09:29:16Z,,TCOTC,CONTRIBUTOR,human_account,no,yes,no,no,no,no,yes,no,no,no,no,no,no,no,no,0,no,yes,yes,no,no,unknown,yes,yes,0,0,0,0,no,no,no,no,1,0,,,,0,0,88250,human_account,not_automation,MEMBER,yes,yes,no,yes,yes,0.031,112.6
,,,89,siyuan-note/siyuan,mixed,agent_application,direct_agent_experience,issue,18209,https://github.com/siyuan-note/siyuan/issues/18209,closed,2026-07-13T03:49:41Z,2026-07-13T04:21:28Z,,TCOTC,CONTRIBUTOR,human_account,no,yes,no,no,no,no,yes,no,no,no,no,no,no,no,no,0,no,yes,yes,yes,no,no,no,no,1,1,0,0,no,no,no,no,2,0,0.53,0.53,0.53,0,0,88250,human_account,not_automation,MEMBER,yes,yes,no,yes,no,0.022,112.6
,,,89,siyuan-note/siyuan,mixed,agent_application,direct_agent_experience,issue,18225,https://github.com/siyuan-note/siyuan/issues/18225,closed,2026-07-14T11:03:29Z,2026-07-15T11:53:48Z,,TCOTC,CONTRIBUTOR,human_account,no,yes,no,no,no,no,yes,no,no,no,no,no,no,no,no,0,no,yes,yes,yes,no,no,no,no,1,1,0,0,no,no,no,no,2,0,5.531,5.531,5.531,0,0,Vanessa219,human_account,not_automation,MEMBER,yes,yes,no,yes,no,1.035,112.6
,,,89,siyuan-note/siyuan,mixed,agent_application,direct_agent_experience,issue,17558,https://github.com/siyuan-note/siyuan/issues/17558,closed,2026-04-20T16:36:12Z,2026-04-20T16:42:15Z,,thomasxin1994,NONE,human_account,no,yes,no,no,no,no,yes,no,no,no,no,no,no,no,no,0,no,yes,yes,no,no,no,no,yes,1,1,0,0,no,no,no,no,2,0,0.089,0.089,,0,0,88250,human_account,not_automation,MEMBER,yes,yes,no,yes,yes,0.004,112.6
,,,89,siyuan-note/siyuan,mixed,agent_application,direct_agent_experience,issue,17845,https://github.com/siyuan-note/siyuan/issues/17845,open,2026-06-12T01:51:47Z,,,88250,MEMBER,human_account,no,no,no,no,no,no,no,no,no,no,no,no,no,no,no,0,no,yes,yes,yes,no,unknown,yes,yes,0,0,0,0,no,no,no,no,1,0,,,,0,0,,,,,no,no,no,no,no,,112.6
,,,89,siyuan-note/siyuan,mixed,agent_application,direct_agent_experience,issue,18194,https://github.com/siyuan-note/siyuan/issues/18194,closed,2026-07-12T03:48:24Z,2026-07-13T01:56:28Z,,TCOTC,CONTRIBUTOR,human_account,no,yes,no,no,no,no,yes,no,no,no,no,no,no,no,no,0,no,yes,yes,no,no,unknown,yes,yes,0,0,0,0,no,no,no,no,1,0,,,,0,0,Vanessa219,human_account,not_automation,MEMBER,yes,yes,no,yes,no,0.922,112.6
,,,89,siyuan-note/siyuan,mixed,agent_application,direct_agent_experience,pull_request,17309,https://github.com/siyuan-note/siyuan/pull/17309,merged,2026-03-21T22:51:22Z,2026-03-22T03:26:39Z,2026-03-22T03:26:39Z,TCOTC,CONTRIBUTOR,human_account,no,yes,no,no,no,no,yes,no,no,no,no,no,no,no,no,0,no,yes,yes,yes,no,no,no,no,1,1,0,0,no,no,no,no,2,0,4.591,4.591,4.591,1,0,88250,human_account,not_automation,MEMBER,yes,yes,no,yes,yes,0.191,112.6
,,,89,siyuan-note/siyuan,mixed,agent_application,direct_agent_experience,issue,18343,https://github.com/siyuan-note/siyuan/issues/18343,open,2026-07-23T09:53:46Z,,,Imuvux,NONE,human_account,no,no,no,no,no,no,no,no,no,no,no,no,no,no,no,0,no,yes,yes,no,no,no,no,yes,1,1,0,0,no,no,no,no,2,0,24.288,24.288,,0,0,,,,,no,no,no,yes,no,,112.6
,,,89,siyuan-note/siyuan,mixed,agent_application,direct_agent_experience,issue,16815,https://github.com/siyuan-note/siyuan/issues/16815,closed,2026-01-12T02:43:18Z,2026-01-12T04:21:51Z,,TCOTC,CONTRIBUTOR,human_account,no,yes,no,no,no,no,yes,no,no,no,no,no,no,no,no,0,no,yes,yes,yes,no,no,no,no,2,3,0,0,no,no,no,no,2,0,1.644,1.644,1.644,0,0,88250,human_account,not_automation,MEMBER,yes,yes,no,yes,yes,0.068,112.6
,,,89,siyuan-note/siyuan,mixed,agent_application,direct_agent_experience,issue,18069,https://github.com/siyuan-note/siyuan/issues/18069,closed,2026-07-03T22:18:39Z,2026-07-04T02:48:20Z,,TCOTC,CONTRIBUTOR,human_account,no,yes,no,no,no,no,yes,no,no,no,no,no,no,no,no,0,no,yes,yes,yes,no,no,no,no,1,1,0,0,no,no,no,no,2,0,4.495,4.495,4.495,0,0,Vanessa219,human_account,not_automation,MEMBER,yes,yes,no,yes,no,0.187,112.6
,,,89,siyuan-note/siyuan,mixed,agent_application,direct_agent_experience,pull_request,17420,https://github.com/siyuan-note/siyuan/pull/17420,merged,2026-04-05T21:52:42Z,2026-04-06T13:44:24Z,2026-04-06T13:44:24Z,TCOTC,CONTRIBUTOR,human_account,no,yes,no,no,no,no,yes,no,no,no,no,no,no,no,no,0,no,yes,yes,yes,no,no,no,no,1,1,0,0,no,no,no,no,2,0,15.865,15.865,15.865,1,0,Vanessa219,human_account,not_automation,MEMBER,yes,yes,no,yes,yes,0.661,112.6
,,,89,siyuan-note/siyuan,mixed,agent_application,direct_agent_experience,issue,18487,https://github.com/siyuan-note/siyuan/issues/18487,closed,2026-08-01T13:37:10Z,2026-08-02T03:01:06Z,,88250,MEMBER,human_account,no,no,no,no,no,no,no,no,no,no,no,no,no,no,no,0,no,yes,yes,yes,no,unknown,yes,yes,0,0,0,0,no,no,no,no,1,0,,,,0,0,88250,human_account,not_automation,MEMBER,yes,yes,no,no,no,0.558,112.6
,,,89,siyuan-note/siyuan,mixed,agent_application,direct_agent_experience,issue,17639,https://github.com/siyuan-note/siyuan/issues/17639,closed,2026-05-07T04:22:40Z,2026-05-07T12:41:02Z,,88250,MEMBER,human_account,no,yes,no,no,no,no,yes,no,no,no,no,no,no,no,no,0,no,yes,yes,yes,no,no,no,yes,1,2,0,0,no,no,no,no,2,0,255.808,255.808,,0,0,88250,human_account,not_automation,MEMBER,yes,yes,no,no,yes,0.346,112.6
,,,89,siyuan-note/siyuan,mixed,agent_application,direct_agent_experience,issue,17193,https://github.com/siyuan-note/siyuan/issues/17193,closed,2026-03-12T17:11:45Z,2026-03-13T06:25:42Z,,TCOTC,CONTRIBUTOR,human_account,no,yes,no,no,no,no,yes,no,no,no,no,no,no,no,no,0,no,yes,yes,yes,no,no,no,no,1,2,0,0,no,no,no,no,2,0,7.568,7.568,7.568,0,0,TCOTC,human_account,not_automation,CONTRIBUTOR,yes,no,no,yes,yes,0.551,112.6
,,,89,siyuan-note/siyuan,mixed,agent_application,direct_agent_experience,pull_request,18122,https://github.com/siyuan-note/siyuan/pull/18122,merged,2026-07-06T09:04:39Z,2026-07-13T16:19:17Z,2026-07-13T16:19:17Z,TCOTC,CONTRIBUTOR,human_account,no,yes,yes,yes,no,no,yes,no,yes,yes,no,no,no,no,no,2,no,yes,yes,yes,no,no,no,no,3,3,1,0,yes,yes,no,no,3,2,3.309,175.246,175.246,1,1,88250,human_account,not_automation,MEMBER,yes,yes,no,yes,no,7.302,112.6
,,,89,siyuan-note/siyuan,mixed,agent_application,direct_agent_experience,issue,17100,https://github.com/siyuan-note/siyuan/issues/17100,closed,2026-02-24T15:03:19Z,2026-02-25T09:52:26Z,,TCOTC,CONTRIBUTOR,human_account,no,yes,no,no,no,no,yes,no,no,no,no,no,no,no,no,0,no,yes,yes,yes,no,no,no,no,2,2,0,0,no,no,no,no,2,0,16.398,16.398,16.398,0,0,88250,human_account,not_automation,MEMBER,yes,yes,no,yes,yes,0.784,112.6
,,,89,siyuan-note/siyuan,mixed,agent_application,direct_agent_experience,issue,18114,https://github.com/siyuan-note/siyuan/issues/18114,closed,2026-07-05T21:37:12Z,2026-07-06T11:30:18Z,,TCOTC,CONTRIBUTOR,human_account,no,yes,no,no,no,no,yes,no,no,no,no,no,no,no,no,0,no,yes,yes,no,no,unknown,yes,yes,0,0,0,0,no,no,no,no,1,0,,,,0,0,Vanessa219,human_account,not_automation,MEMBER,yes,yes,no,yes,no,0.579,112.6
,,,89,siyuan-note/siyuan,mixed,agent_application,direct_agent_experience,issue,17034,https://github.com/siyuan-note/siyuan/issues/17034,closed,2026-02-13T10:15:09Z,2026-02-13T16:34:18Z,,TCOTC,CONTRIBUTOR,human_account,no,yes,no,no,no,no,yes,no,no,no,no,no,no,no,no,0,no,yes,yes,yes,no,no,no,no,4,7,0,0,no,no,no,no,3,0,0.616,0.616,0.616,0,0,88250,human_account,not_automation,MEMBER,yes,yes,no,yes,yes,0.263,112.6
,,,90,verl-project/verl,llm_native,model_infra,supporting_infrastructure,issue,6439,https://github.com/verl-project/verl/issues/6439,open,2026-05-21T16:29:30Z,,,wucong25,COLLABORATOR,human_account,no,no,no,no,no,no,no,no,no,no,no,no,no,no,no,0,no,yes,yes,yes,no,no,no,yes,2,2,0,0,no,no,no,no,2,0,1099.574,1099.574,,0,0,,,,,no,no,no,no,yes,,139.95
,,,90,verl-project/verl,llm_native,model_infra,supporting_infrastructure,pull_request,4909,https://github.com/verl-project/verl/pull/4909,closed_unmerged,2026-01-13T09:44:41Z,2026-01-14T07:19:26Z,,jianjunzhong,CONTRIBUTOR,human_account,no,yes,yes,no,yes,no,no,no,yes,yes,no,no,no,no,no,2,no,yes,yes,no,no,yes,yes,yes,2,1,1,0,yes,no,no,no,2,1,0.014,,,1,0,jianjunzhong,human_account,not_automation,CONTRIBUTOR,yes,no,no,yes,yes,0.899,139.95
,,,90,verl-project/verl,llm_native,model_infra,supporting_infrastructure,issue,6207,https://github.com/verl-project/verl/issues/6207,closed,2026-04-29T09:18:06Z,2026-05-06T07:41:33Z,,shaanjiangcun,CONTRIBUTOR,human_account,no,no,no,no,no,no,no,no,no,no,no,no,no,no,no,0,no,yes,yes,yes,no,no,no,no,1,3,0,0,no,no,no,no,2,0,0.122,0.122,0.122,0,0,shaanjiangcun,human_account,not_automation,CONTRIBUTOR,yes,no,no,yes,yes,6.933,139.95
,,,90,verl-project/verl,llm_native,model_infra,supporting_infrastructure,pull_request,6881,https://github.com/verl-project/verl/pull/6881,merged,2026-06-29T07:00:54Z,2026-07-02T06:58:40Z,2026-07-02T06:58:40Z,fh188,CONTRIBUTOR,human_account,no,yes,yes,no,yes,no,no,no,yes,yes,yes,yes,no,no,no,2,no,yes,yes,yes,no,no,no,no,5,3,2,0,yes,yes,no,no,5,2,0.002,0.002,0.621,5,4,wucong25,human_account,not_automation,COLLABORATOR,yes,yes,no,yes,no,2.998,139.95
,,,90,verl-project/verl,llm_native,model_infra,supporting_infrastructure,pull_request,7547,https://github.com/verl-project/verl/pull/7547,closed_unmerged,2026-08-25T07:51:58Z,2026-08-25T11:17:46Z,,ai-yang,NONE,human_account,no,no,no,no,no,no,no,no,no,no,no,no,no,no,no,0,no,yes,yes,no,no,unknown,yes,yes,0,0,0,0,no,no,no,no,1,0,,,,1,0,wuxibin89,human_account,not_automation,COLLABORATOR,yes,yes,no,yes,no,0.143,139.95
,,,90,verl-project/verl,llm_native,model_infra,supporting_infrastructure,pull_request,6930,https://github.com/verl-project/verl/pull/6930,closed_unmerged,2026-07-05T10:52:58Z,2026-07-07T08:46:24Z,,SP4595,NONE,human_account,no,yes,yes,no,yes,no,no,no,yes,yes,no,no,no,no,no,2,no,yes,yes,no,no,no,no,yes,3,2,1,0,yes,no,no,no,3,1,0.002,0.002,,9,0,wuxibin89,human_account,not_automation,COLLABORATOR,yes,yes,no,yes,no,1.912,139.95
,,,90,verl-project/verl,llm_native,model_infra,supporting_infrastructure,issue,6431,https://github.com/verl-project/verl/issues/6431,open,2026-05-21T08:18:39Z,,,bingnoi77,NONE,human_account,no,no,no,no,no,no,no,no,no,no,no,no,no,no,no,0,no,yes,yes,no,no,unknown,yes,yes,0,0,0,0,no,no,no,no,1,0,,,,0,0,,,,,no,no,no,yes,yes,,139.95
,,,90,verl-project/verl,llm_native,model_infra,supporting_infrastructure,pull_request,7160,https://github.com/verl-project/verl/pull/7160,open,2026-07-27T09:40:28Z,,,weich97,NONE,human_account,no,yes,yes,no,yes,no,no,no,yes,no,no,no,no,no,no,1,no,yes,yes,no,no,no,no,yes,2,7,0,0,no,no,no,no,3,2,0.001,24.899,,3,0,,,,,no,no,no,yes,no,,139.95
,,,90,verl-project/verl,llm_native,model_infra,supporting_infrastructure,issue,6700,https://github.com/verl-project/verl/issues/6700,open,2026-06-11T22:59:02Z,,,jianwenzhzm,NONE,human_account,no,no,no,no,no,no,no,no,no,no,no,no,no,no,no,0,no,yes,yes,no,no,unknown,yes,yes,0,0,0,0,no,no,no,no,1,0,,,,0,0,,,,,no,no,no,yes,no,,139.95
,,,90,verl-project/verl,llm_native,model_infra,supporting_infrastructure,pull_request,7031,https://github.com/verl-project/verl/pull/7031,merged,2026-07-13T12:27:10Z,2026-07-16T09:17:57Z,2026-07-16T09:17:57Z,Seren-hao,CONTRIBUTOR,human_account,no,yes,yes,no,yes,no,no,no,yes,yes,yes,yes,no,no,no,2,no,yes,yes,yes,no,no,no,no,3,1,2,0,yes,yes,no,no,3,2,0.044,68.844,68.844,27,20,wucong25,human_account,not_automation,COLLABORATOR,yes,yes,no,yes,no,2.869,139.95
,,,90,verl-project/verl,llm_native,model_infra,supporting_infrastructure,pull_request,5707,https://github.com/verl-project/verl/pull/5707,merged,2026-03-22T16:00:25Z,2026-03-23T02:07:12Z,2026-03-23T02:07:12Z,ChengQianqian,CONTRIBUTOR,human_account,no,yes,yes,no,yes,no,no,no,yes,yes,yes,yes,no,no,no,3,no,yes,yes,yes,no,no,no,no,4,2,2,0,yes,no,no,no,3,2,0.037,10.109,10.109,1,0,wuxibin89,human_account,not_automation,COLLABORATOR,yes,yes,no,yes,yes,0.421,139.95
,,,90,verl-project/verl,llm_native,model_infra,supporting_infrastructure,issue,5009,https://github.com/verl-project/verl/issues/5009,closed,2026-01-21T20:54:05Z,2026-03-13T11:15:24Z,,bhks,NONE,human_account,no,no,no,no,no,no,no,no,no,no,no,no,no,no,no,0,no,yes,yes,yes,no,no,no,no,1,1,0,0,no,no,no,no,2,0,1214.356,1214.356,1214.356,0,0,ArronHZG,human_account,not_automation,COLLABORATOR,yes,yes,no,yes,yes,50.598,139.95
,,,90,verl-project/verl,llm_native,model_infra,supporting_infrastructure,issue,6478,https://github.com/verl-project/verl/issues/6478,open,2026-05-26T06:57:15Z,,,imitater-dou,NONE,human_account,no,no,no,no,no,no,no,no,no,no,no,no,no,no,no,0,no,yes,yes,no,no,no,no,yes,1,1,0,0,no,no,no,no,2,0,89.978,89.978,,0,0,,,,,no,no,no,yes,yes,,139.95
,,,90,verl-project/verl,llm_native,model_infra,supporting_infrastructure,issue,5849,https://github.com/verl-project/verl/issues/5849,open,2026-04-01T11:27:32Z,,,Allen-Jon,NONE,human_account,no,no,no,no,no,no,no,no,no,no,no,no,no,no,no,0,no,yes,yes,yes,no,no,no,no,2,6,0,0,no,no,no,no,2,0,0.302,0.302,0.302,0,0,,,,,no,no,no,yes,yes,,139.95
,,,90,verl-project/verl,llm_native,model_infra,supporting_infrastructure,pull_request,7373,https://github.com/verl-project/verl/pull/7373,merged,2026-08-12T08:46:16Z,2026-08-21T13:46:08Z,2026-08-21T13:46:08Z,Begunner,COLLABORATOR,human_account,no,no,no,no,no,no,no,no,no,no,yes,yes,no,no,no,0,no,yes,yes,yes,no,no,no,no,14,9,8,0,yes,yes,no,no,3,0,18.706,18.706,192.549,18,15,wuxibin89,human_account,not_automation,COLLABORATOR,yes,yes,no,no,no,9.208,139.95
,,,90,verl-project/verl,llm_native,model_infra,supporting_infrastructure,pull_request,4955,https://github.com/verl-project/verl/pull/4955,closed_unmerged,2026-01-16T10:20:06Z,2026-01-16T10:40:56Z,,RobotGF,CONTRIBUTOR,human_account,no,yes,yes,no,yes,no,no,no,yes,yes,no,no,no,no,no,2,no,yes,yes,no,no,no,no,yes,3,2,1,0,yes,no,no,no,3,1,0.003,0.003,,1,0,RobotGF,human_account,not_automation,CONTRIBUTOR,yes,no,no,yes,yes,0.014,139.95
,,,90,verl-project/verl,llm_native,model_infra,supporting_infrastructure,pull_request,7189,https://github.com/verl-project/verl/pull/7189,merged,2026-07-29T14:27:20Z,2026-07-29T14:48:55Z,2026-07-29T14:48:55Z,aoshen02,COLLABORATOR,human_account,no,yes,yes,no,yes,no,no,no,yes,no,yes,yes,no,no,no,1,no,yes,yes,yes,no,no,no,no,2,1,1,0,yes,no,no,no,3,2,0.003,0.359,0.359,1,0,aoshen02,human_account,not_automation,COLLABORATOR,yes,yes,no,no,no,0.015,139.95
,,,90,verl-project/verl,llm_native,model_infra,supporting_infrastructure,pull_request,6229,https://github.com/verl-project/verl/pull/6229,closed_unmerged,2026-04-30T21:25:53Z,2026-05-27T02:07:25Z,,HollowMan6,COLLABORATOR,human_account,no,yes,yes,no,yes,no,no,no,yes,yes,yes,yes,no,no,no,3,no,yes,yes,yes,no,yes,yes,yes,3,4,1,0,yes,yes,no,no,2,2,0.23,,,3,3,HollowMan6,human_account,not_automation,COLLABORATOR,yes,yes,no,no,yes,26.196,139.95
,,,90,verl-project/verl,llm_native,model_infra,supporting_infrastructure,pull_request,4898,https://github.com/verl-project/verl/pull/4898,merged,2026-01-12T19:32:52Z,2026-01-13T02:13:28Z,2026-01-13T02:13:28Z,JacobHelwig,COLLABORATOR,human_account,no,yes,yes,no,yes,no,no,no,yes,yes,yes,yes,no,no,no,1,no,yes,yes,yes,no,no,no,no,2,0,2,0,yes,no,no,no,3,2,0.023,6.662,6.662,1,0,vermouth1992,human_account,not_automation,COLLABORATOR,yes,yes,no,no,yes,0.278,139.95
,,,90,verl-project/verl,llm_native,model_infra,supporting_infrastructure,pull_request,5615,https://github.com/verl-project/verl/pull/5615,merged,2026-03-16T10:04:31Z,2026-03-18T10:34:06Z,2026-03-18T10:34:06Z,dubin555,CONTRIBUTOR,human_account,no,yes,yes,no,yes,no,no,no,yes,yes,yes,yes,no,no,no,2,no,yes,yes,yes,no,no,no,no,3,1,3,0,yes,yes,no,no,3,2,0.029,47.079,47.079,2,1,ETOgaosion,human_account,not_automation,COLLABORATOR,yes,yes,no,yes,yes,2.021,139.95
,,,91,huggingface/trl,llm_native,model_infra,supporting_infrastructure,pull_request,5573,https://github.com/huggingface/trl/pull/5573,closed_unmerged,2026-04-16T18:50:05Z,2026-06-02T10:14:25Z,,LeonEricsson,COLLABORATOR,human_account,no,yes,yes,yes,no,no,no,no,yes,yes,yes,yes,no,no,no,12,no,yes,yes,yes,no,no,no,yes,13,18,12,0,yes,yes,no,no,3,3,41.642,97.411,,26,26,LeonEricsson,human_account,not_automation,COLLABORATOR,yes,yes,no,no,yes,46.642,107.2
,,,91,huggingface/trl,llm_native,model_infra,supporting_infrastructure,issue,5973,https://github.com/huggingface/trl/issues/5973,closed,2026-06-08T11:38:26Z,2026-06-12T08:11:17Z,,VikramRangarajan,NONE,human_account,no,no,no,no,no,no,no,no,no,no,no,no,no,no,no,0,no,yes,yes,yes,no,no,no,no,1,2,0,0,no,no,no,no,2,0,0.73,0.73,0.73,0,0,qgallouedec,human_account,not_automation,MEMBER,yes,yes,no,yes,no,3.856,107.2
,,,91,huggingface/trl,llm_native,model_infra,supporting_infrastructure,issue,5154,https://github.com/huggingface/trl/issues/5154,closed,2026-02-23T21:19:37Z,2026-06-20T06:01:00Z,,ehofm,CONTRIBUTOR,human_account,no,no,no,no,no,no,no,no,no,no,no,no,no,no,no,0,no,yes,yes,yes,no,no,no,no,1,1,0,0,no,no,no,no,2,0,2792.69,2792.69,2792.69,0,0,albertvillanova,human_account,not_automation,MEMBER,yes,yes,no,yes,yes,116.362,107.2
,,,91,huggingface/trl,llm_native,model_infra,supporting_infrastructure,pull_request,6786,https://github.com/huggingface/trl/pull/6786,closed_unmerged,2026-08-18T11:50:34Z,2026-08-18T11:50:45Z,,adobrzyn,NONE,human_account,no,yes,no,no,no,no,yes,no,no,no,no,no,no,no,no,0,no,yes,yes,no,no,yes,yes,yes,1,1,0,0,no,no,no,no,2,1,0.003,,,1,0,github-actions[bot],automation_bot,conventional_automation,CONTRIBUTOR,no,no,no,yes,no,0.0,107.2
,,,91,huggingface/trl,llm_native,model_infra,supporting_infrastructure,pull_request,6729,https://github.com/huggingface/trl/pull/6729,open,2026-08-13T14:12:10Z,,,AuthRan,NONE,human_account,no,no,no,no,no,no,no,no,no,no,no,no,no,no,no,0,no,yes,yes,no,no,unknown,yes,yes,0,0,0,0,no,no,no,no,1,0,,,,2,0,,,,,no,no,no,yes,no,,107.2
,,,91,huggingface/trl,llm_native,model_infra,supporting_infrastructure,pull_request,5719,https://github.com/huggingface/trl/pull/5719,open,2026-05-07T03:50:32Z,,,sunrainyg,NONE,human_account,no,yes,yes,yes,no,no,no,no,yes,yes,no,no,no,no,no,2,no,yes,yes,no,no,yes,yes,yes,2,1,1,0,yes,no,no,no,2,1,0.127,,,1,0,,,,,no,no,no,yes,yes,,107.2
,,,91,huggingface/trl,llm_native,model_infra,supporting_infrastructure,pull_request,6167,https://github.com/huggingface/trl/pull/6167,open,2026-06-24T16:39:23Z,,,smellslikeml,NONE,human_account,no,yes,yes,yes,no,no,no,no,yes,yes,yes,no,no,no,no,3,no,yes,yes,no,no,yes,yes,yes,3,5,1,0,yes,yes,no,no,2,2,0.048,,,3,3,,,,,no,no,no,yes,no,,107.2
,,,91,huggingface/trl,llm_native,model_infra,supporting_infrastructure,issue,5636,https://github.com/huggingface/trl/issues/5636,closed,2026-04-24T13:14:10Z,2026-04-25T08:16:27Z,,albertvillanova,MEMBER,human_account,no,no,no,no,no,no,no,no,no,no,no,no,no,no,no,0,no,yes,yes,yes,no,unknown,yes,yes,0,2,0,0,no,no,no,no,1,0,,,,0,0,albertvillanova,human_account,not_automation,MEMBER,yes,yes,no,no,yes,0.793,107.2
,,,91,huggingface/trl,llm_native,model_infra,supporting_infrastructure,issue,6471,https://github.com/huggingface/trl/issues/6471,open,2026-07-20T15:53:49Z,,,qgallouedec,MEMBER,human_account,no,no,no,no,no,no,no,no,no,no,no,no,no,no,no,0,no,yes,yes,yes,no,unknown,yes,yes,0,0,0,0,no,no,no,no,1,0,,,,0,0,,,,,no,no,no,no,no,,107.2
,,,91,huggingface/trl,llm_native,model_infra,supporting_infrastructure,issue,5265,https://github.com/huggingface/trl/issues/5265,closed,2026-03-10T08:50:23Z,2026-03-10T09:33:54Z,,iPRET,NONE,human_account,no,no,no,no,no,no,no,no,no,no,no,no,no,no,no,0,no,yes,yes,yes,no,no,no,no,1,2,0,0,no,no,no,no,2,0,0.725,0.725,0.725,0,0,albertvillanova,human_account,not_automation,MEMBER,yes,yes,no,yes,yes,0.03,107.2
,,,91,huggingface/trl,llm_native,model_infra,supporting_infrastructure,pull_request,6271,https://github.com/huggingface/trl/pull/6271,merged,2026-07-03T11:17:18Z,2026-07-03T16:02:41Z,2026-07-03T16:02:41Z,albertvillanova,MEMBER,human_account,no,yes,no,no,no,no,no,no,no,no,yes,yes,no,no,no,0,no,yes,yes,yes,no,no,no,no,2,1,1,0,yes,no,no,no,3,2,0.042,2.651,2.651,1,0,albertvillanova,human_account,not_automation,MEMBER,yes,yes,no,no,no,0.198,107.2
,,,91,huggingface/trl,llm_native,model_infra,supporting_infrastructure,pull_request,5409,https://github.com/huggingface/trl/pull/5409,merged,2026-03-30T21:16:11Z,2026-03-30T21:17:09Z,2026-03-30T21:17:09Z,qgallouedec,MEMBER,human_account,no,no,no,no,no,no,no,no,no,no,no,no,no,no,no,0,no,yes,yes,yes,no,no,no,yes,1,1,0,0,no,no,no,no,2,0,0.037,0.037,,1,0,qgallouedec,human_account,not_automation,MEMBER,yes,yes,no,no,yes,0.001,107.2
,,,91,huggingface/trl,llm_native,model_infra,supporting_infrastructure,issue,6541,https://github.com/huggingface/trl/issues/6541,closed,2026-07-25T11:30:46Z,2026-07-27T16:25:34Z,,albertvillanova,MEMBER,human_account,no,no,no,no,no,no,no,no,no,no,no,no,no,no,no,0,no,yes,yes,yes,no,unknown,yes,yes,0,2,0,0,no,no,no,no,1,0,,,,0,0,albertvillanova,human_account,not_automation,MEMBER,yes,yes,no,no,no,2.205,107.2
,,,91,huggingface/trl,llm_native,model_infra,supporting_infrastructure,pull_request,6678,https://github.com/huggingface/trl/pull/6678,open,2026-08-07T15:02:36Z,,,michaelbenayoun,MEMBER,human_account,no,yes,yes,yes,no,no,no,no,yes,yes,no,no,no,no,no,3,no,yes,yes,yes,no,yes,yes,yes,4,3,1,0,yes,no,no,no,3,1,0.036,,,1,0,,,,,no,no,no,no,no,,107.2
,,,91,huggingface/trl,llm_native,model_infra,supporting_infrastructure,pull_request,5143,https://github.com/huggingface/trl/pull/5143,merged,2026-02-21T17:35:05Z,2026-02-22T19:09:44Z,2026-02-22T19:09:44Z,casinca,CONTRIBUTOR,human_account,no,yes,yes,yes,no,no,no,no,yes,no,yes,yes,no,no,no,1,no,yes,yes,yes,no,no,no,no,3,2,1,0,yes,no,no,no,4,2,0.001,23.341,23.341,1,0,LeonEricsson,human_account,not_automation,COLLABORATOR,yes,yes,no,yes,yes,1.066,107.2
,,,91,huggingface/trl,llm_native,model_infra,supporting_infrastructure,pull_request,5598,https://github.com/huggingface/trl/pull/5598,closed_unmerged,2026-04-20T02:19:36Z,2026-04-20T15:09:31Z,,karthikchundi-commits,NONE,human_account,no,no,no,no,no,no,no,no,no,no,yes,yes,no,no,no,0,no,yes,yes,yes,no,no,no,no,2,1,1,0,yes,no,no,no,2,0,4.643,4.643,4.643,1,0,qgallouedec,human_account,not_automation,MEMBER,yes,yes,no,yes,yes,0.535,107.2
,,,91,huggingface/trl,llm_native,model_infra,supporting_infrastructure,pull_request,6287,https://github.com/huggingface/trl/pull/6287,merged,2026-07-04T18:29:27Z,2026-07-05T04:47:13Z,2026-07-05T04:47:13Z,albertvillanova,MEMBER,human_account,no,no,no,no,no,no,no,no,no,no,yes,yes,no,no,no,0,no,yes,yes,yes,no,no,no,no,1,0,1,0,yes,no,no,no,2,0,0.857,0.857,0.857,1,0,albertvillanova,human_account,not_automation,MEMBER,yes,yes,no,no,no,0.429,107.2
,,,91,huggingface/trl,llm_native,model_infra,supporting_infrastructure,pull_request,4985,https://github.com/huggingface/trl/pull/4985,merged,2026-02-06T06:50:29Z,2026-02-06T13:03:03Z,2026-02-06T13:03:03Z,albertvillanova,MEMBER,human_account,no,no,no,no,no,no,no,no,no,no,yes,yes,no,no,no,0,no,yes,yes,yes,no,no,no,no,2,1,1,0,yes,no,no,no,3,0,0.042,0.042,6.022,2,0,albertvillanova,human_account,not_automation,MEMBER,yes,yes,no,no,yes,0.259,107.2
,,,91,huggingface/trl,llm_native,model_infra,supporting_infrastructure,pull_request,5011,https://github.com/huggingface/trl/pull/5011,merged,2026-02-09T09:11:17Z,2026-02-09T14:53:56Z,2026-02-09T14:53:56Z,albertvillanova,MEMBER,human_account,no,no,no,no,no,no,no,no,no,no,yes,yes,no,no,no,0,no,yes,yes,yes,no,no,no,no,2,1,1,0,yes,no,no,no,3,0,0.113,0.113,5.532,2,0,albertvillanova,human_account,not_automation,MEMBER,yes,yes,no,no,yes,0.238,107.2
,,,91,huggingface/trl,llm_native,model_infra,supporting_infrastructure,pull_request,6542,https://github.com/huggingface/trl/pull/6542,merged,2026-07-25T12:10:45Z,2026-07-25T16:33:19Z,2026-07-25T16:33:19Z,albertvillanova,MEMBER,human_account,no,yes,no,no,no,no,no,no,no,no,no,no,no,no,no,0,no,yes,yes,yes,no,yes,yes,yes,1,3,0,0,no,no,no,no,2,2,0.513,,,3,0,albertvillanova,human_account,not_automation,MEMBER,yes,yes,no,no,no,0.182,107.2
,,,92,eosphoros-ai/DB-GPT,llm_native,agent_framework,agent_building,issue,3026,https://github.com/eosphoros-ai/DB-GPT/issues/3026,closed,2026-04-20T07:32:45Z,2026-05-21T11:17:25Z,,Ro1ME,NONE,human_account,no,no,no,no,no,no,no,no,no,no,no,no,no,no,no,0,no,yes,yes,no,no,unknown,yes,yes,0,0,0,0,no,no,no,no,1,0,,,,0,0,Aries-ckt,human_account,not_automation,COLLABORATOR,yes,yes,no,yes,yes,31.156,11.8
,,,92,eosphoros-ai/DB-GPT,llm_native,agent_framework,agent_building,pull_request,3079,https://github.com/eosphoros-ai/DB-GPT/pull/3079,merged,2026-05-21T06:01:01Z,2026-05-27T13:09:37Z,2026-05-27T13:09:37Z,Artoriasn,CONTRIBUTOR,human_account,no,yes,no,no,no,no,yes,no,no,no,yes,yes,no,no,no,0,no,yes,yes,yes,no,no,no,no,3,2,2,0,yes,no,no,no,3,0,75.004,75.004,75.004,2,0,Aries-ckt,human_account,not_automation,COLLABORATOR,yes,yes,no,yes,yes,6.298,11.8
,,,92,eosphoros-ai/DB-GPT,llm_native,agent_framework,agent_building,pull_request,3202,https://github.com/eosphoros-ai/DB-GPT/pull/3202,closed_unmerged,2026-08-17T14:21:46Z,2026-08-26T06:56:56Z,,kaiwangleo,NONE,human_account,no,yes,yes,no,yes,no,yes,no,yes,no,no,no,no,no,no,2,yes,yes,yes,no,no,yes,yes,yes,2,4,0,0,no,no,no,no,2,4,0.524,,,1,0,kaiwangleo,human_account,not_automation,NONE,yes,no,no,yes,no,8.691,11.8
,,,92,eosphoros-ai/DB-GPT,llm_native,agent_framework,agent_building,pull_request,2998,https://github.com/eosphoros-ai/DB-GPT/pull/2998,merged,2026-03-21T15:54:45Z,2026-03-25T13:50:23Z,2026-03-25T13:50:23Z,Aries-ckt,COLLABORATOR,human_account,no,yes,no,no,no,no,yes,no,no,no,yes,yes,no,no,no,0,no,yes,yes,yes,no,no,no,no,3,0,3,0,yes,yes,no,no,3,0,93.382,93.382,93.382,16,1,chenliang15405,human_account,not_automation,COLLABORATOR,yes,yes,no,no,yes,3.914,11.8
,,,92,eosphoros-ai/DB-GPT,llm_native,agent_framework,agent_building,pull_request,2974,https://github.com/eosphoros-ai/DB-GPT/pull/2974,open,2026-02-04T02:19:42Z,,,Copilot,CONTRIBUTOR,automation_bot,no,yes,yes,yes,no,no,no,yes,no,no,no,no,no,no,no,4,no,yes,no,no,no,unknown,yes,yes,0,0,0,0,no,no,no,no,1,0,,,,1,0,,,,,no,no,no,yes,yes,,11.8
,,,92,eosphoros-ai/DB-GPT,llm_native,agent_framework,agent_building,pull_request,3045,https://github.com/eosphoros-ai/DB-GPT/pull/3045,merged,2026-05-04T04:11:57Z,2026-05-13T03:42:40Z,2026-05-13T03:42:40Z,hankchrome,CONTRIBUTOR,human_account,no,yes,no,no,no,no,yes,no,no,no,yes,yes,no,no,no,0,no,yes,yes,yes,no,no,no,no,6,2,5,0,yes,yes,no,no,3,0,34.581,34.581,34.581,2,1,Aries-ckt,human_account,not_automation,COLLABORATOR,yes,yes,no,yes,yes,8.98,11.8
,,,92,eosphoros-ai/DB-GPT,llm_native,agent_framework,agent_building,pull_request,3058,https://github.com/eosphoros-ai/DB-GPT/pull/3058,closed_unmerged,2026-05-13T06:55:16Z,2026-05-20T12:15:03Z,,2277130327,NONE,human_account,no,no,no,no,no,no,no,no,no,no,no,no,no,no,no,0,no,yes,yes,yes,no,no,no,no,1,1,0,0,no,no,no,no,2,0,3.047,3.047,3.047,7,0,chenliang15405,human_account,not_automation,COLLABORATOR,yes,yes,no,yes,yes,7.222,11.8
,,,92,eosphoros-ai/DB-GPT,llm_native,agent_framework,agent_building,pull_request,3042,https://github.com/eosphoros-ai/DB-GPT/pull/3042,merged,2026-04-30T07:53:03Z,2026-05-09T05:33:14Z,2026-05-09T05:33:14Z,hankchrome,CONTRIBUTOR,human_account,no,yes,no,no,no,no,yes,no,no,no,yes,yes,no,no,no,0,no,yes,yes,yes,no,no,no,no,5,2,4,0,yes,yes,no,no,3,0,2.053,2.053,2.053,2,1,chenliang15405,human_account,not_automation,COLLABORATOR,yes,yes,no,yes,yes,8.903,11.8
,,,92,eosphoros-ai/DB-GPT,llm_native,agent_framework,agent_building,pull_request,2989,https://github.com/eosphoros-ai/DB-GPT/pull/2989,merged,2026-03-15T11:31:54Z,2026-03-16T14:02:58Z,2026-03-16T14:02:58Z,octo-patch,CONTRIBUTOR,human_account,no,yes,no,no,no,no,yes,no,no,no,yes,yes,no,no,no,0,no,yes,yes,yes,no,no,no,no,6,3,4,0,yes,yes,no,no,3,0,0.052,0.052,0.052,2,1,Aries-ckt,human_account,not_automation,COLLABORATOR,yes,yes,no,yes,yes,1.105,11.8
,,,92,eosphoros-ai/DB-GPT,llm_native,agent_framework,agent_building,pull_request,3065,https://github.com/eosphoros-ai/DB-GPT/pull/3065,merged,2026-05-18T05:29:27Z,2026-05-21T11:17:23Z,2026-05-21T11:17:23Z,wolfkill,CONTRIBUTOR,human_account,no,yes,no,no,no,no,yes,no,no,no,yes,yes,no,no,no,0,no,yes,yes,yes,no,no,no,no,3,1,2,0,yes,no,no,no,3,0,72.691,72.691,72.691,1,0,Aries-ckt,human_account,not_automation,COLLABORATOR,yes,yes,no,yes,yes,3.242,11.8
,,,92,eosphoros-ai/DB-GPT,llm_native,agent_framework,agent_building,pull_request,2973,https://github.com/eosphoros-ai/DB-GPT/pull/2973,open,2026-02-04T02:18:55Z,,,Copilot,CONTRIBUTOR,automation_bot,no,yes,yes,yes,no,no,no,yes,no,no,no,no,no,no,no,4,no,yes,no,no,no,unknown,yes,yes,0,0,0,0,no,no,no,no,1,0,,,,1,0,,,,,no,no,no,yes,yes,,11.8
,,,92,eosphoros-ai/DB-GPT,llm_native,agent_framework,agent_building,issue,3029,https://github.com/eosphoros-ai/DB-GPT/issues/3029,closed,2026-04-20T08:25:57Z,2026-04-22T10:53:59Z,,honglei,CONTRIBUTOR,human_account,no,yes,no,no,no,no,no,no,no,no,no,no,no,no,no,0,no,yes,yes,no,no,unknown,yes,yes,0,0,0,0,no,no,no,no,1,0,,,,0,0,chenliang15405,human_account,not_automation,COLLABORATOR,yes,yes,no,yes,yes,2.103,11.8
,,,92,eosphoros-ai/DB-GPT,llm_native,agent_framework,agent_building,pull_request,2990,https://github.com/eosphoros-ai/DB-GPT/pull/2990,closed_unmerged,2026-03-16T05:41:50Z,2026-03-16T05:42:42Z,,Aries-ckt,COLLABORATOR,human_account,no,yes,no,no,no,no,yes,no,no,no,no,no,no,no,no,0,no,yes,yes,yes,no,unknown,yes,yes,0,0,0,0,no,no,no,no,1,0,,,,76,0,Aries-ckt,human_account,not_automation,COLLABORATOR,yes,yes,no,no,yes,0.001,11.8
,,,92,eosphoros-ai/DB-GPT,llm_native,agent_framework,agent_building,pull_request,3205,https://github.com/eosphoros-ai/DB-GPT/pull/3205,open,2026-08-18T02:41:52Z,,,PiedPiper911,NONE,human_account,no,yes,yes,no,yes,no,yes,no,yes,yes,yes,no,no,no,no,9,yes,yes,yes,yes,no,no,no,no,9,11,3,0,yes,yes,no,no,3,8,0.009,12.515,12.515,8,7,,,,,no,no,no,yes,no,,11.8
,,,92,eosphoros-ai/DB-GPT,llm_native,agent_framework,agent_building,issue,3168,https://github.com/eosphoros-ai/DB-GPT/issues/3168,open,2026-07-29T15:03:14Z,,,Carbene,CONTRIBUTOR,human_account,no,no,no,no,no,no,no,no,no,no,no,no,no,no,no,0,no,yes,yes,yes,no,no,no,no,1,2,0,0,no,no,no,no,2,0,0.424,0.424,0.424,0,0,,,,,no,no,no,yes,no,,11.8
,,,92,eosphoros-ai/DB-GPT,llm_native,agent_framework,agent_building,pull_request,3003,https://github.com/eosphoros-ai/DB-GPT/pull/3003,merged,2026-03-26T08:44:51Z,2026-03-26T11:08:30Z,2026-03-26T11:08:30Z,chenliang15405,COLLABORATOR,human_account,no,yes,no,no,no,no,yes,no,no,no,yes,yes,no,no,no,0,no,yes,yes,yes,no,no,no,no,2,0,2,0,yes,no,no,no,3,0,0.102,0.102,0.102,1,0,fangyinc,human_account,not_automation,MEMBER,yes,yes,no,no,yes,0.1,11.8
,,,92,eosphoros-ai/DB-GPT,llm_native,agent_framework,agent_building,issue,3036,https://github.com/eosphoros-ai/DB-GPT/issues/3036,closed,2026-04-24T17:40:27Z,2026-05-14T12:09:16Z,,white-hat-lab,NONE,human_account,no,no,no,no,no,no,no,no,no,no,no,no,no,no,no,0,no,yes,yes,no,no,unknown,yes,yes,0,0,0,0,no,no,no,no,1,0,,,,0,0,chenliang15405,human_account,not_automation,COLLABORATOR,yes,yes,no,yes,yes,19.77,11.8
,,,92,eosphoros-ai/DB-GPT,llm_native,agent_framework,agent_building,issue,3180,https://github.com/eosphoros-ai/DB-GPT/issues/3180,open,2026-08-07T06:06:46Z,,,yuwentao,NONE,human_account,no,no,no,no,no,no,no,no,no,no,no,no,no,no,no,0,no,yes,yes,yes,no,no,no,no,2,2,0,0,no,no,no,no,2,0,0.119,0.119,0.119,0,0,,,,,no,no,no,yes,no,,11.8
,,,92,eosphoros-ai/DB-GPT,llm_native,agent_framework,agent_building,issue,3170,https://github.com/eosphoros-ai/DB-GPT/issues/3170,closed,2026-07-30T03:27:13Z,2026-07-30T07:07:12Z,,terryyao1980,NONE,human_account,no,no,no,no,no,no,no,no,no,no,no,no,no,no,no,0,no,yes,yes,yes,no,no,no,no,1,2,0,0,no,no,no,no,2,0,0.05,0.05,0.05,0,0,chen-alan,human_account,not_automation,COLLABORATOR,yes,yes,no,yes,no,0.153,11.8
,,,92,eosphoros-ai/DB-GPT,llm_native,agent_framework,agent_building,pull_request,3064,https://github.com/eosphoros-ai/DB-GPT/pull/3064,merged,2026-05-18T04:32:50Z,2026-05-21T11:16:23Z,2026-05-21T11:16:23Z,wolfkill,CONTRIBUTOR,human_account,no,yes,no,no,no,no,yes,no,no,no,yes,yes,no,no,no,0,no,yes,yes,yes,no,no,no,no,3,1,2,0,yes,no,no,no,3,0,69.947,69.947,69.947,1,0,Aries-ckt,human_account,not_automation,COLLABORATOR,yes,yes,no,yes,yes,3.28,11.8
,,,93,danny-avila/LibreChat,llm_native,agent_application,direct_agent_experience,pull_request,12899,https://github.com/danny-avila/LibreChat/pull/12899,open,2026-04-30T21:00:39Z,,,isi1314,NONE,human_account,no,yes,yes,yes,no,no,no,no,yes,yes,no,no,no,no,no,2,no,yes,yes,no,no,yes,yes,yes,2,1,1,0,yes,no,no,no,2,1,0.068,,,1,0,,,,,no,no,no,yes,yes,,176.45
,,,93,danny-avila/LibreChat,llm_native,agent_application,direct_agent_experience,issue,12775,https://github.com/danny-avila/LibreChat/issues/12775,closed,2026-04-22T12:07:18Z,2026-04-22T12:13:46Z,,Odrec,CONTRIBUTOR,human_account,no,no,no,no,no,no,no,no,no,no,no,no,no,no,no,0,no,yes,yes,no,no,unknown,yes,yes,0,0,0,0,no,no,no,no,1,0,,,,0,0,Odrec,human_account,not_automation,CONTRIBUTOR,yes,no,no,yes,yes,0.004,176.45
,,,93,danny-avila/LibreChat,llm_native,agent_application,direct_agent_experience,issue,14020,https://github.com/danny-avila/LibreChat/issues/14020,closed,2026-06-29T20:17:09Z,2026-07-05T16:07:42Z,,peeeteeer,COLLABORATOR,human_account,no,no,no,no,no,no,no,no,no,no,no,no,no,no,no,0,no,yes,yes,yes,no,unknown,yes,yes,0,0,0,0,no,no,no,no,1,0,,,,0,0,danny-avila,human_account,not_automation,OWNER,yes,yes,no,no,no,5.827,176.45
,,,93,danny-avila/LibreChat,llm_native,agent_application,direct_agent_experience,pull_request,12826,https://github.com/danny-avila/LibreChat/pull/12826,open,2026-04-25T10:52:03Z,,,derhelge,CONTRIBUTOR,human_account,no,yes,yes,yes,no,no,no,no,yes,yes,no,no,no,no,no,5,yes,yes,yes,no,no,yes,yes,yes,5,7,1,0,yes,yes,no,no,3,4,0.072,,,1,1,,,,,no,no,no,yes,yes,,176.45
,,,93,danny-avila/LibreChat,llm_native,agent_application,direct_agent_experience,pull_request,13697,https://github.com/danny-avila/LibreChat/pull/13697,merged,2026-06-11T21:57:00Z,2026-06-11T22:13:41Z,2026-06-11T22:13:41Z,danny-avila,OWNER,human_account,no,yes,yes,yes,no,no,no,no,yes,no,no,no,no,no,no,1,yes,yes,yes,yes,no,yes,yes,yes,1,2,0,0,no,no,no,no,2,1,0.061,,,1,0,danny-avila,human_account,not_automation,OWNER,yes,yes,no,no,no,0.012,176.45
,,,93,danny-avila/LibreChat,llm_native,agent_application,direct_agent_experience,pull_request,13876,https://github.com/danny-avila/LibreChat/pull/13876,merged,2026-06-21T20:34:58Z,2026-06-22T20:59:08Z,2026-06-22T20:59:08Z,danny-avila,OWNER,human_account,no,no,no,no,no,no,no,no,no,no,no,no,no,no,no,0,no,yes,yes,yes,no,unknown,yes,yes,0,0,0,0,no,no,no,no,1,0,,,,7,0,danny-avila,human_account,not_automation,OWNER,yes,yes,no,no,no,1.017,176.45
,,,93,danny-avila/LibreChat,llm_native,agent_application,direct_agent_experience,pull_request,12621,https://github.com/danny-avila/LibreChat/pull/12621,merged,2026-04-11T17:51:46Z,2026-04-11T18:02:01Z,2026-04-11T18:02:01Z,danny-avila,OWNER,human_account,no,yes,yes,yes,no,no,no,no,yes,yes,no,no,no,no,no,2,no,yes,yes,yes,no,yes,yes,yes,2,1,1,0,yes,yes,no,no,2,1,0.051,,,3,1,danny-avila,human_account,not_automation,OWNER,yes,yes,no,no,yes,0.007,176.45
,,,93,danny-avila/LibreChat,llm_native,agent_application,direct_agent_experience,pull_request,11595,https://github.com/danny-avila/LibreChat/pull/11595,open,2026-02-01T17:19:14Z,,,jerilynzheng,NONE,human_account,no,no,no,no,no,no,no,no,no,no,no,no,no,no,no,0,no,yes,yes,no,no,unknown,yes,yes,0,0,0,0,no,no,no,no,1,0,,,,1,0,,,,,no,no,no,yes,yes,,176.45
,,,93,danny-avila/LibreChat,llm_native,agent_application,direct_agent_experience,pull_request,15072,https://github.com/danny-avila/LibreChat/pull/15072,open,2026-08-21T07:31:33Z,,,flamerged,NONE,human_account,no,no,no,no,no,no,no,no,no,no,no,no,no,no,no,0,no,yes,yes,no,no,unknown,yes,yes,0,0,0,0,no,no,no,no,1,0,,,,1,0,,,,,no,no,no,yes,no,,176.45
,,,93,danny-avila/LibreChat,llm_native,agent_application,direct_agent_experience,pull_request,12309,https://github.com/danny-avila/LibreChat/pull/12309,merged,2026-03-19T17:11:56Z,2026-03-19T18:51:28Z,2026-03-19T18:51:28Z,danny-avila,OWNER,human_account,no,yes,yes,yes,no,no,no,no,yes,yes,no,no,no,no,no,4,no,yes,yes,yes,no,yes,yes,yes,4,3,1,0,yes,yes,no,no,2,1,0.064,,,3,2,danny-avila,human_account,not_automation,OWNER,yes,yes,no,no,yes,0.069,176.45
,,,93,danny-avila/LibreChat,llm_native,agent_application,direct_agent_experience,pull_request,14761,https://github.com/danny-avila/LibreChat/pull/14761,merged,2026-08-12T06:34:47Z,2026-08-14T04:22:01Z,2026-08-14T04:22:01Z,snapydziuba,CONTRIBUTOR,human_account,no,yes,yes,yes,no,no,no,no,yes,yes,yes,yes,no,no,no,2,yes,yes,yes,yes,no,no,no,no,5,4,2,0,yes,no,no,no,4,4,0.067,7.828,7.828,1,0,danny-avila,human_account,not_automation,OWNER,yes,yes,no,yes,no,1.908,176.45
,,,93,danny-avila/LibreChat,llm_native,agent_application,direct_agent_experience,issue,12200,https://github.com/danny-avila/LibreChat/issues/12200,closed,2026-03-12T17:51:29Z,2026-03-12T22:31:46Z,,dlew,CONTRIBUTOR,human_account,no,no,no,no,no,no,no,no,no,no,no,no,no,no,no,0,no,yes,yes,no,no,unknown,yes,yes,0,0,0,0,no,no,no,no,1,0,,,,0,0,,,,,no,no,no,yes,yes,0.195,176.45
,,,93,danny-avila/LibreChat,llm_native,agent_application,direct_agent_experience,pull_request,13186,https://github.com/danny-avila/LibreChat/pull/13186,merged,2026-05-18T23:23:34Z,2026-05-18T23:34:10Z,2026-05-18T23:34:10Z,danny-avila,OWNER,human_account,no,yes,yes,yes,no,no,no,no,yes,yes,no,no,no,no,no,1,no,yes,yes,yes,no,yes,yes,yes,1,0,1,0,yes,yes,no,no,2,1,0.001,,,3,2,danny-avila,human_account,not_automation,OWNER,yes,yes,no,no,yes,0.007,176.45
,,,93,danny-avila/LibreChat,llm_native,agent_application,direct_agent_experience,pull_request,12554,https://github.com/danny-avila/LibreChat/pull/12554,merged,2026-04-07T05:59:42Z,2026-04-08T13:12:44Z,2026-04-08T13:12:44Z,neuralnotesyt-netizen,CONTRIBUTOR,human_account,no,no,no,no,no,no,no,no,no,no,no,no,no,no,no,0,no,yes,yes,no,no,unknown,yes,yes,0,0,0,0,no,no,no,no,1,0,,,,1,0,danny-avila,human_account,not_automation,OWNER,yes,yes,no,yes,yes,1.301,176.45
,,,93,danny-avila/LibreChat,llm_native,agent_application,direct_agent_experience,pull_request,14732,https://github.com/danny-avila/LibreChat/pull/14732,merged,2026-08-10T20:24:29Z,2026-08-21T18:30:30Z,2026-08-21T18:30:30Z,dustinhealy,COLLABORATOR,human_account,no,yes,yes,yes,no,no,no,no,yes,yes,yes,yes,no,no,no,38,yes,yes,yes,yes,no,yes,yes,yes,38,63,12,0,yes,yes,no,no,3,27,0.081,,,13,13,danny-avila,human_account,not_automation,OWNER,yes,yes,no,no,no,10.921,176.45
,,,93,danny-avila/LibreChat,llm_native,agent_application,direct_agent_experience,pull_request,13115,https://github.com/danny-avila/LibreChat/pull/13115,merged,2026-05-13T19:13:31Z,2026-05-13T20:50:08Z,2026-05-13T20:50:08Z,danny-avila,OWNER,human_account,no,yes,yes,yes,no,no,yes,no,yes,yes,yes,yes,no,no,no,6,yes,yes,yes,yes,no,yes,yes,yes,9,11,3,0,yes,yes,no,no,4,5,0.028,,,1,1,danny-avila,human_account,not_automation,OWNER,yes,yes,no,no,yes,0.067,176.45
,,,93,danny-avila/LibreChat,llm_native,agent_application,direct_agent_experience,pull_request,12579,https://github.com/danny-avila/LibreChat/pull/12579,merged,2026-04-08T21:31:31Z,2026-04-09T00:04:15Z,2026-04-09T00:04:15Z,dustinhealy,COLLABORATOR,human_account,no,yes,yes,yes,no,no,no,no,yes,yes,no,no,no,no,no,2,yes,yes,yes,yes,no,no,no,no,3,2,1,0,yes,yes,no,no,4,3,0.029,0.191,0.191,2,1,danny-avila,human_account,not_automation,OWNER,yes,yes,no,no,yes,0.106,176.45
,,,93,danny-avila/LibreChat,llm_native,agent_application,direct_agent_experience,pull_request,11622,https://github.com/danny-avila/LibreChat/pull/11622,merged,2026-02-04T09:55:37Z,2026-02-04T10:02:27Z,2026-02-04T10:02:27Z,danny-avila,OWNER,human_account,no,no,no,no,no,no,no,no,no,no,no,no,no,no,no,0,no,yes,yes,yes,no,unknown,yes,yes,0,0,0,0,no,no,no,no,1,0,,,,1,0,danny-avila,human_account,not_automation,OWNER,yes,yes,no,no,yes,0.005,176.45
,,,93,danny-avila/LibreChat,llm_native,agent_application,direct_agent_experience,pull_request,14965,https://github.com/danny-avila/LibreChat/pull/14965,closed_unmerged,2026-08-18T09:05:18Z,2026-08-21T05:52:30Z,,NoOPeEKS,CONTRIBUTOR,human_account,no,yes,yes,yes,no,no,no,no,yes,yes,yes,yes,no,no,no,3,yes,yes,yes,yes,no,no,no,no,10,11,1,0,yes,yes,no,no,4,4,2.703,2.703,2.703,4,2,danny-avila,human_account,not_automation,OWNER,yes,yes,no,yes,no,2.866,176.45
,,,93,danny-avila/LibreChat,llm_native,agent_application,direct_agent_experience,pull_request,14502,https://github.com/danny-avila/LibreChat/pull/14502,merged,2026-07-28T21:52:13Z,2026-07-29T02:26:21Z,2026-07-29T02:26:21Z,danny-avila,OWNER,human_account,no,yes,yes,yes,no,no,no,no,yes,no,no,no,no,no,no,1,yes,yes,yes,yes,no,yes,yes,yes,1,2,0,0,no,no,no,no,2,1,0.052,,,1,0,danny-avila,human_account,not_automation,OWNER,yes,yes,no,no,no,0.19,176.45
,,,94,apache/gravitino,traditional,model_infra,supporting_infrastructure,pull_request,10505,https://github.com/apache/gravitino/pull/10505,merged,2026-03-23T03:40:12Z,2026-03-23T06:59:38Z,2026-03-23T06:59:38Z,diqiu50,CONTRIBUTOR,human_account,no,yes,yes,yes,no,no,no,no,yes,yes,yes,no,no,no,no,5,no,yes,yes,no,no,no,no,yes,6,4,2,0,yes,no,no,no,3,2,0.064,3.321,,1,0,yuqi1129,human_account,not_automation,CONTRIBUTOR,yes,no,no,yes,yes,0.138,154.95
,,,94,apache/gravitino,traditional,model_infra,supporting_infrastructure,issue,12667,https://github.com/apache/gravitino/issues/12667,open,2026-08-27T07:43:07Z,,,jerryshao,CONTRIBUTOR,human_account,no,no,no,no,no,no,no,no,no,no,no,no,no,no,no,0,no,yes,yes,no,no,unknown,yes,yes,0,0,0,0,no,no,no,no,1,0,,,,0,0,,,,,no,no,no,yes,no,,154.95
,,,94,apache/gravitino,traditional,model_infra,supporting_infrastructure,issue,11487,https://github.com/apache/gravitino/issues/11487,closed,2026-06-08T08:17:51Z,2026-07-01T04:00:27Z,,yuqi1129,CONTRIBUTOR,human_account,no,no,no,no,no,no,no,no,no,no,no,no,no,no,no,0,no,yes,yes,no,no,unknown,yes,yes,0,0,0,0,no,no,no,no,1,0,,,,0,0,yuqi1129,human_account,not_automation,CONTRIBUTOR,yes,no,no,yes,no,22.821,154.95
,,,94,apache/gravitino,traditional,model_infra,supporting_infrastructure,pull_request,11318,https://github.com/apache/gravitino/pull/11318,merged,2026-06-01T06:42:20Z,2026-06-01T08:31:23Z,2026-06-01T08:31:23Z,roryqi,CONTRIBUTOR,human_account,no,yes,yes,yes,no,no,yes,no,yes,yes,yes,no,no,no,no,2,no,yes,yes,no,no,no,no,yes,6,5,3,0,yes,yes,no,no,4,3,0.193,0.193,,2,1,roryqi,human_account,not_automation,CONTRIBUTOR,yes,no,no,yes,no,0.076,154.95
,,,94,apache/gravitino,traditional,model_infra,supporting_infrastructure,pull_request,10102,https://github.com/apache/gravitino/pull/10102,closed_unmerged,2026-03-01T15:38:20Z,2026-04-01T19:57:49Z,,dependabot[bot],CONTRIBUTOR,automation_bot,no,yes,no,no,no,no,yes,no,no,no,no,no,no,no,no,0,no,yes,no,no,no,unknown,yes,yes,0,1,0,0,no,no,no,no,1,0,,,,1,0,dependabot[bot],automation_bot,conventional_automation,CONTRIBUTOR,no,no,no,yes,yes,31.18,154.95
,,,94,apache/gravitino,traditional,model_infra,supporting_infrastructure,pull_request,10376,https://github.com/apache/gravitino/pull/10376,merged,2026-03-11T09:18:07Z,2026-03-12T03:25:44Z,2026-03-12T03:25:44Z,yuqi1129,CONTRIBUTOR,human_account,no,yes,yes,yes,no,no,yes,no,yes,yes,yes,no,no,no,no,5,no,yes,yes,no,no,no,no,yes,7,5,2,0,yes,yes,no,no,4,2,0.196,18.106,,3,2,FANNG1,human_account,not_automation,CONTRIBUTOR,yes,no,no,yes,yes,0.755,154.95
,,,94,apache/gravitino,traditional,model_infra,supporting_infrastructure,pull_request,10500,https://github.com/apache/gravitino/pull/10500,merged,2026-03-22T20:03:58Z,2026-05-06T01:43:43Z,2026-05-06T01:43:43Z,laserninja,COLLABORATOR,human_account,no,yes,yes,yes,no,no,yes,no,yes,yes,yes,yes,no,no,no,10,no,yes,yes,yes,no,no,no,yes,24,29,4,0,yes,yes,no,no,4,4,180.273,205.904,,6,6,diqiu50,human_account,not_automation,CONTRIBUTOR,yes,no,no,no,yes,44.236,154.95
,,,94,apache/gravitino,traditional,model_infra,supporting_infrastructure,issue,12586,https://github.com/apache/gravitino/issues/12586,closed,2026-08-24T14:38:57Z,2026-08-26T08:56:26Z,,mchades,CONTRIBUTOR,human_account,no,no,no,no,no,no,no,no,no,no,no,no,no,no,no,0,no,yes,yes,no,no,unknown,yes,yes,0,0,0,0,no,no,no,no,1,0,,,,0,0,jerryshao,human_account,not_automation,CONTRIBUTOR,yes,no,no,yes,no,1.762,154.95
,,,94,apache/gravitino,traditional,model_infra,supporting_infrastructure,issue,11397,https://github.com/apache/gravitino/issues/11397,closed,2026-06-03T07:08:15Z,2026-06-04T02:24:17Z,,xxubai,CONTRIBUTOR,human_account,no,no,no,no,no,no,no,no,no,no,no,no,no,no,no,0,no,yes,yes,no,no,unknown,yes,yes,0,1,0,0,no,no,no,no,1,0,,,,0,0,xxubai,human_account,not_automation,CONTRIBUTOR,yes,no,no,yes,no,0.803,154.95
,,,94,apache/gravitino,traditional,model_infra,supporting_infrastructure,pull_request,12620,https://github.com/apache/gravitino/pull/12620,open,2026-08-26T03:23:03Z,,,Octavi00,CONTRIBUTOR,human_account,no,no,no,no,no,no,no,no,no,no,no,no,no,no,no,0,no,yes,yes,no,no,unknown,yes,yes,0,0,0,0,no,no,no,no,1,0,,,,3,0,,,,,no,no,no,yes,no,,154.95
,,,94,apache/gravitino,traditional,model_infra,supporting_infrastructure,pull_request,9651,https://github.com/apache/gravitino/pull/9651,merged,2026-01-08T07:40:55Z,2026-01-08T09:36:19Z,2026-01-08T09:36:19Z,FANNG1,CONTRIBUTOR,human_account,no,no,no,no,no,no,no,no,no,no,yes,no,no,no,no,0,no,yes,yes,no,no,no,no,yes,3,1,2,0,yes,no,no,no,3,0,1.906,1.906,,2,0,jerryshao,human_account,not_automation,CONTRIBUTOR,yes,no,no,yes,yes,0.08,154.95
,,,94,apache/gravitino,traditional,model_infra,supporting_infrastructure,issue,12341,https://github.com/apache/gravitino/issues/12341,closed,2026-08-03T13:55:47Z,2026-08-04T08:05:25Z,,yuqi1129,CONTRIBUTOR,human_account,no,no,no,no,no,no,no,no,no,no,no,no,no,no,no,0,no,yes,yes,no,no,unknown,yes,yes,0,0,0,0,no,no,no,no,1,0,,,,0,0,yuqi1129,human_account,not_automation,CONTRIBUTOR,yes,no,no,yes,no,0.757,154.95
,,,94,apache/gravitino,traditional,model_infra,supporting_infrastructure,issue,9693,https://github.com/apache/gravitino/issues/9693,closed,2026-01-13T03:34:44Z,2026-02-09T11:16:43Z,,danhuawang,CONTRIBUTOR,human_account,no,no,no,no,no,no,no,no,no,no,no,no,no,no,no,0,no,yes,yes,no,no,no,no,yes,1,2,0,0,no,no,no,no,2,0,30.277,30.277,,0,0,LauraXia123,human_account,not_automation,CONTRIBUTOR,yes,no,no,yes,yes,27.321,154.95
,,,94,apache/gravitino,traditional,model_infra,supporting_infrastructure,pull_request,9601,https://github.com/apache/gravitino/pull/9601,closed_unmerged,2026-01-01T15:17:59Z,2026-01-05T02:03:43Z,,dependabot[bot],CONTRIBUTOR,automation_bot,no,yes,no,no,no,no,yes,no,no,no,no,no,no,no,no,0,no,yes,no,no,no,unknown,yes,yes,0,1,0,0,no,no,no,no,1,0,,,,1,0,jerryshao,human_account,not_automation,CONTRIBUTOR,yes,no,no,yes,yes,3.448,154.95
,,,94,apache/gravitino,traditional,model_infra,supporting_infrastructure,pull_request,10568,https://github.com/apache/gravitino/pull/10568,merged,2026-03-27T03:48:00Z,2026-03-27T07:27:51Z,2026-03-27T07:27:50Z,diqiu50,CONTRIBUTOR,human_account,no,yes,yes,yes,no,no,yes,no,yes,yes,yes,no,no,no,no,1,no,yes,yes,no,no,no,no,yes,3,1,2,0,yes,no,no,no,4,2,0.954,3.66,,2,0,yuqi1129,human_account,not_automation,CONTRIBUTOR,yes,no,no,yes,yes,0.153,154.95
,,,94,apache/gravitino,traditional,model_infra,supporting_infrastructure,pull_request,10832,https://github.com/apache/gravitino/pull/10832,open,2026-04-21T09:01:59Z,,,geyanggang,COLLABORATOR,human_account,no,yes,no,no,no,no,yes,no,no,no,yes,yes,no,no,no,0,no,yes,yes,yes,no,no,no,yes,11,15,5,0,yes,yes,no,no,3,2,2.781,406.777,,5,5,,,,,no,no,no,no,yes,,154.95
,,,94,apache/gravitino,traditional,model_infra,supporting_infrastructure,issue,11592,https://github.com/apache/gravitino/issues/11592,closed,2026-06-11T06:09:19Z,2026-06-11T10:52:30Z,,diqiu50,CONTRIBUTOR,human_account,no,no,no,no,no,no,no,no,no,no,no,no,no,no,no,0,no,yes,yes,no,no,unknown,yes,yes,0,0,0,0,no,no,no,no,1,0,,,,0,0,mchades,human_account,not_automation,CONTRIBUTOR,yes,no,no,yes,no,0.197,154.95
,,,94,apache/gravitino,traditional,model_infra,supporting_infrastructure,pull_request,10814,https://github.com/apache/gravitino/pull/10814,open,2026-04-20T01:43:32Z,,,arjnklc,CONTRIBUTOR,human_account,no,no,no,no,no,no,no,no,no,no,yes,no,no,no,no,0,no,yes,yes,no,no,no,no,yes,3,3,1,0,yes,no,no,no,3,0,11.445,11.445,,1,0,,,,,no,no,no,yes,yes,,154.95
,,,94,apache/gravitino,traditional,model_infra,supporting_infrastructure,issue,11068,https://github.com/apache/gravitino/issues/11068,closed,2026-05-13T06:25:38Z,2026-05-18T17:18:01Z,,lasdf1234,COLLABORATOR,human_account,no,no,no,no,no,no,no,no,no,no,no,no,no,no,no,0,no,yes,yes,yes,no,unknown,yes,yes,0,0,0,0,no,no,no,no,1,0,,,,0,0,roryqi,human_account,not_automation,CONTRIBUTOR,yes,no,no,no,yes,5.453,154.95
,,,94,apache/gravitino,traditional,model_infra,supporting_infrastructure,issue,11245,https://github.com/apache/gravitino/issues/11245,closed,2026-05-27T02:26:50Z,2026-06-04T12:52:31Z,,roryqi,CONTRIBUTOR,human_account,no,no,no,no,no,no,no,no,no,no,no,no,no,no,no,0,no,yes,yes,no,no,unknown,yes,yes,0,0,0,0,no,no,no,no,1,0,,,,0,0,roryqi,human_account,not_automation,CONTRIBUTOR,yes,no,no,yes,yes,8.435,154.95
,,,95,charmbracelet/crush,llm_native,agent_application,direct_agent_experience,pull_request,2145,https://github.com/charmbracelet/crush/pull/2145,merged,2026-02-06T13:42:18Z,2026-02-06T13:51:47Z,2026-02-06T13:51:46Z,caarlos0,CONTRIBUTOR,human_account,no,no,no,no,no,no,no,no,no,no,yes,yes,no,no,no,0,no,yes,yes,yes,no,no,no,no,1,0,1,0,yes,no,no,no,2,0,0.154,0.154,0.154,1,0,caarlos0,human_account,not_automation,CONTRIBUTOR,yes,no,no,yes,yes,0.007,90.35
,,,95,charmbracelet/crush,llm_native,agent_application,direct_agent_experience,pull_request,2553,https://github.com/charmbracelet/crush/pull/2553,closed_unmerged,2026-04-02T18:39:21Z,2026-04-02T18:43:38Z,,marang,NONE,human_account,no,no,no,no,no,no,no,no,no,no,no,no,no,no,no,0,no,yes,yes,yes,no,no,no,no,3,4,0,0,no,no,no,no,4,0,0.003,0.003,0.071,6,0,andreynering,human_account,not_automation,MEMBER,yes,yes,no,yes,yes,0.003,90.35
,,,95,charmbracelet/crush,llm_native,agent_application,direct_agent_experience,pull_request,3228,https://github.com/charmbracelet/crush/pull/3228,merged,2026-06-29T09:09:42Z,2026-06-29T13:53:51Z,2026-06-29T13:53:51Z,dependabot[bot],CONTRIBUTOR,automation_bot,no,yes,no,no,no,no,yes,no,no,no,no,no,no,no,no,0,no,yes,no,no,no,unknown,yes,yes,0,0,0,0,no,no,no,no,1,0,,,,1,0,andreynering,human_account,not_automation,MEMBER,yes,yes,no,yes,no,0.197,90.35
,,,95,charmbracelet/crush,llm_native,agent_application,direct_agent_experience,pull_request,2632,https://github.com/charmbracelet/crush/pull/2632,merged,2026-04-16T01:23:55Z,2026-04-16T20:41:31Z,2026-04-16T20:41:31Z,meowgorithm,MEMBER,human_account,no,no,no,no,no,no,no,no,no,no,yes,yes,no,no,no,0,no,yes,yes,yes,no,no,no,no,3,2,1,0,yes,no,no,no,2,0,18.404,18.404,18.404,3,0,andreynering,human_account,not_automation,MEMBER,yes,yes,no,no,yes,0.804,90.35
,,,95,charmbracelet/crush,llm_native,agent_application,direct_agent_experience,pull_request,2096,https://github.com/charmbracelet/crush/pull/2096,merged,2026-02-02T20:58:37Z,2026-02-03T12:57:20Z,2026-02-03T12:57:19Z,andreynering,MEMBER,human_account,no,no,no,no,no,no,no,no,no,no,yes,no,no,no,no,0,no,yes,yes,yes,no,no,no,yes,1,0,1,0,yes,no,no,no,2,0,1.073,1.073,,1,0,andreynering,human_account,not_automation,MEMBER,yes,yes,no,no,yes,0.666,90.35
,,,95,charmbracelet/crush,llm_native,agent_application,direct_agent_experience,issue,3441,https://github.com/charmbracelet/crush/issues/3441,open,2026-07-27T16:05:59Z,,,avollmer-redhat,NONE,human_account,no,yes,no,no,no,no,yes,no,no,no,no,no,no,no,no,0,no,yes,yes,yes,no,no,no,no,3,4,0,0,no,no,no,no,3,0,0.249,0.249,94.752,0,0,,,,,no,no,no,yes,no,,90.35
,,,95,charmbracelet/crush,llm_native,agent_application,direct_agent_experience,pull_request,1759,https://github.com/charmbracelet/crush/pull/1759,merged,2026-01-04T01:51:41Z,2026-01-04T01:54:36Z,2026-01-04T01:54:36Z,meowgorithm,MEMBER,human_account,no,no,no,no,no,no,no,no,no,no,no,no,no,no,no,0,no,yes,yes,yes,no,unknown,yes,yes,0,0,0,0,no,no,no,no,1,0,,,,1,0,meowgorithm,human_account,not_automation,MEMBER,yes,yes,no,no,yes,0.002,90.35
,,,95,charmbracelet/crush,llm_native,agent_application,direct_agent_experience,pull_request,3586,https://github.com/charmbracelet/crush/pull/3586,open,2026-08-18T21:34:43Z,,,marwan562,NONE,human_account,no,yes,no,no,no,no,yes,no,no,no,no,no,no,no,no,0,no,yes,yes,no,no,no,no,yes,1,2,0,0,no,no,no,no,2,0,0.004,0.004,,1,0,,,,,no,no,no,yes,no,,90.35
,,,95,charmbracelet/crush,llm_native,agent_application,direct_agent_experience,pull_request,3567,https://github.com/charmbracelet/crush/pull/3567,closed_unmerged,2026-08-17T04:31:57Z,2026-08-17T10:19:27Z,,Ricardo-M-L,CONTRIBUTOR,human_account,no,yes,no,no,no,no,yes,no,no,no,no,no,no,no,no,0,no,yes,yes,no,no,unknown,yes,yes,0,1,0,0,no,no,no,no,1,0,,,,1,0,Ricardo-M-L,human_account,not_automation,CONTRIBUTOR,yes,no,no,yes,no,0.241,90.35
,,,95,charmbracelet/crush,llm_native,agent_application,direct_agent_experience,pull_request,3041,https://github.com/charmbracelet/crush/pull/3041,closed_unmerged,2026-05-30T00:40:20Z,2026-05-30T14:53:00Z,,taciturnaxolotl,MEMBER,human_account,no,no,no,no,no,no,no,no,no,no,no,no,no,no,no,0,no,yes,yes,yes,no,no,no,no,1,2,0,0,no,no,no,no,2,0,10.562,10.562,10.562,1,0,taciturnaxolotl,human_account,not_automation,MEMBER,yes,yes,no,no,yes,0.592,90.35
,,,95,charmbracelet/crush,llm_native,agent_application,direct_agent_experience,issue,2251,https://github.com/charmbracelet/crush/issues/2251,open,2026-02-18T18:56:28Z,,,jeffbryner,NONE,human_account,no,no,no,no,no,no,no,no,no,no,no,no,no,no,no,0,no,yes,yes,yes,no,no,no,no,3,6,0,0,no,no,no,no,4,0,27.452,27.452,43.519,0,0,,,,,no,no,no,yes,yes,,90.35
,,,95,charmbracelet/crush,llm_native,agent_application,direct_agent_experience,pull_request,2016,https://github.com/charmbracelet/crush/pull/2016,closed_unmerged,2026-01-27T18:22:16Z,2026-01-28T22:15:41Z,,aleksclark,CONTRIBUTOR,human_account,no,no,no,no,no,no,no,no,no,no,no,no,no,no,no,0,no,yes,yes,no,no,unknown,yes,yes,0,0,0,0,no,no,no,no,1,0,,,,9,0,aleksclark,human_account,not_automation,CONTRIBUTOR,yes,no,no,yes,yes,1.162,90.35
,,,95,charmbracelet/crush,llm_native,agent_application,direct_agent_experience,pull_request,1956,https://github.com/charmbracelet/crush/pull/1956,merged,2026-01-23T09:45:21Z,2026-01-23T14:47:09Z,2026-01-23T14:47:09Z,kujtimiihoxha,CONTRIBUTOR,human_account,no,no,no,no,no,no,no,no,no,no,yes,no,no,no,no,0,no,yes,yes,no,no,no,no,yes,1,0,1,0,yes,no,no,no,2,0,4.957,4.957,,2,0,kujtimiihoxha,human_account,not_automation,CONTRIBUTOR,yes,no,no,yes,yes,0.21,90.35
,,,95,charmbracelet/crush,llm_native,agent_application,direct_agent_experience,pull_request,1849,https://github.com/charmbracelet/crush/pull/1849,merged,2026-01-13T13:15:09Z,2026-01-13T17:34:20Z,2026-01-13T17:34:20Z,caarlos0,CONTRIBUTOR,human_account,no,yes,yes,yes,no,no,yes,no,yes,yes,yes,no,no,no,no,6,no,yes,yes,yes,no,no,no,no,9,7,2,0,yes,yes,no,no,5,2,0.026,1.063,3.14,11,10,caarlos0,human_account,not_automation,CONTRIBUTOR,yes,no,no,yes,yes,0.18,90.35
,,,95,charmbracelet/crush,llm_native,agent_application,direct_agent_experience,pull_request,3036,https://github.com/charmbracelet/crush/pull/3036,open,2026-05-29T00:37:09Z,,,xulongzhe,NONE,human_account,no,no,no,no,no,no,no,no,no,no,no,no,no,no,no,0,no,yes,yes,yes,no,no,no,no,2,4,0,0,no,no,no,no,3,0,0.003,0.003,20.208,1,0,,,,,no,no,no,yes,yes,,90.35
,,,95,charmbracelet/crush,llm_native,agent_application,direct_agent_experience,pull_request,2937,https://github.com/charmbracelet/crush/pull/2937,open,2026-05-17T03:34:03Z,,,Broderick-Westrope,NONE,human_account,no,no,no,no,no,no,no,no,no,no,no,no,no,no,no,0,no,yes,yes,no,no,no,no,yes,1,2,0,0,no,no,no,no,2,0,0.003,0.003,,1,0,,,,,no,no,no,yes,yes,,90.35
,,,95,charmbracelet/crush,llm_native,agent_application,direct_agent_experience,pull_request,2933,https://github.com/charmbracelet/crush/pull/2933,merged,2026-05-16T12:59:54Z,2026-05-18T19:38:20Z,2026-05-18T19:38:20Z,meowgorithm,MEMBER,human_account,no,no,no,no,no,no,no,no,no,no,yes,yes,no,no,no,0,no,yes,yes,yes,no,no,no,no,1,0,1,0,yes,no,no,no,2,0,53.436,53.436,53.436,2,0,meowgorithm,human_account,not_automation,MEMBER,yes,yes,no,no,yes,2.277,90.35
,,,95,charmbracelet/crush,llm_native,agent_application,direct_agent_experience,pull_request,2760,https://github.com/charmbracelet/crush/pull/2760,open,2026-04-30T09:51:37Z,,,carlosgrillet,NONE,human_account,no,no,no,no,no,no,no,no,no,no,no,no,no,no,no,0,no,yes,yes,no,no,unknown,yes,yes,0,0,0,0,no,no,no,no,1,0,,,,2,0,,,,,no,no,no,yes,yes,,90.35
,,,95,charmbracelet/crush,llm_native,agent_application,direct_agent_experience,pull_request,3142,https://github.com/charmbracelet/crush/pull/3142,merged,2026-06-17T21:39:26Z,2026-06-18T00:34:04Z,2026-06-18T00:34:04Z,meowgorithm,MEMBER,human_account,no,yes,no,no,no,no,yes,no,no,no,yes,yes,no,no,no,0,no,yes,yes,yes,no,no,no,no,1,0,1,0,yes,no,no,no,2,0,0.722,0.722,0.722,1,0,meowgorithm,human_account,not_automation,MEMBER,yes,yes,no,no,no,0.121,90.35
,,,95,charmbracelet/crush,llm_native,agent_application,direct_agent_experience,pull_request,2229,https://github.com/charmbracelet/crush/pull/2229,open,2026-02-15T19:10:19Z,,,maxbrunet,NONE,human_account,no,no,no,no,no,no,no,no,no,no,no,no,no,no,no,0,no,yes,yes,no,no,no,no,yes,1,2,0,0,no,no,no,no,2,0,0.003,0.003,,1,0,,,,,no,no,no,yes,yes,,90.35
,,,96,aaif-goose/goose,llm_native,agent_application,direct_agent_experience,pull_request,6971,https://github.com/aaif-goose/goose/pull/6971,merged,2026-02-05T01:42:20Z,2026-02-05T17:17:01Z,2026-02-05T17:17:01Z,dianed-square,CONTRIBUTOR,human_account,no,yes,yes,yes,no,no,yes,no,yes,yes,yes,yes,no,no,no,6,no,yes,yes,yes,no,no,no,no,8,4,4,0,yes,yes,no,no,4,2,0.048,14.784,14.784,6,3,dianed-square,human_account,not_automation,CONTRIBUTOR,yes,no,no,yes,yes,0.649,259.05
,,,96,aaif-goose/goose,llm_native,agent_application,direct_agent_experience,pull_request,6860,https://github.com/aaif-goose/goose/pull/6860,closed_unmerged,2026-01-31T04:41:19Z,2026-01-31T04:41:26Z,,stebbins,CONTRIBUTOR,human_account,no,no,no,no,no,no,no,no,no,no,no,no,no,no,no,0,no,yes,yes,no,no,unknown,yes,yes,0,0,0,0,no,no,no,no,1,0,,,,2,0,stebbins,human_account,not_automation,CONTRIBUTOR,yes,no,no,yes,yes,0.0,259.05
,,,96,aaif-goose/goose,llm_native,agent_application,direct_agent_experience,pull_request,8823,https://github.com/aaif-goose/goose/pull/8823,merged,2026-04-24T17:51:07Z,2026-04-27T04:35:21Z,2026-04-27T04:35:21Z,dependabot[bot],CONTRIBUTOR,automation_bot,no,yes,no,no,no,no,yes,no,no,no,yes,yes,no,no,no,0,no,yes,yes,yes,no,no,no,no,1,0,1,0,yes,no,no,no,2,1,56.991,56.991,56.991,1,0,lifeizhou-ap,human_account,not_automation,COLLABORATOR,yes,yes,no,yes,yes,2.447,259.05
,,,96,aaif-goose/goose,llm_native,agent_application,direct_agent_experience,issue,10965,https://github.com/aaif-goose/goose/issues/10965,closed,2026-08-05T11:45:29Z,2026-08-21T00:13:18Z,,tic-top,CONTRIBUTOR,human_account,no,yes,no,no,no,no,yes,no,no,no,no,no,no,no,no,0,no,yes,yes,yes,no,no,no,no,2,4,0,0,no,no,no,no,2,0,4.817,4.817,4.817,0,0,DOsinga,human_account,not_automation,COLLABORATOR,yes,yes,no,yes,no,15.519,259.05
,,,96,aaif-goose/goose,llm_native,agent_application,direct_agent_experience,pull_request,9836,https://github.com/aaif-goose/goose/pull/9836,closed_unmerged,2026-06-17T04:40:49Z,2026-06-18T11:35:53Z,,lifeizhou-ap,COLLABORATOR,human_account,no,no,no,no,no,no,no,no,no,no,no,no,no,no,no,0,no,yes,yes,yes,no,unknown,yes,yes,0,0,0,0,no,no,no,no,1,0,,,,23,0,lifeizhou-ap,human_account,not_automation,COLLABORATOR,yes,yes,no,no,no,1.288,259.05
,,,96,aaif-goose/goose,llm_native,agent_application,direct_agent_experience,pull_request,7423,https://github.com/aaif-goose/goose/pull/7423,merged,2026-02-22T22:08:38Z,2026-02-26T20:00:54Z,2026-02-26T20:00:54Z,Abhijay007,COLLABORATOR,human_account,no,yes,yes,yes,no,no,yes,no,yes,yes,yes,yes,no,no,no,1,no,yes,yes,yes,no,no,no,no,2,0,2,0,yes,no,no,no,3,2,0.021,93.571,93.571,1,0,jamadeo,human_account,not_automation,MEMBER,yes,yes,no,no,yes,3.911,259.05
,,,96,aaif-goose/goose,llm_native,agent_application,direct_agent_experience,issue,8592,https://github.com/aaif-goose/goose/issues/8592,closed,2026-04-16T14:19:14Z,2026-04-17T14:40:36Z,,aharvard,COLLABORATOR,human_account,no,no,no,no,no,no,no,no,no,no,no,no,no,no,no,0,no,yes,yes,yes,no,unknown,yes,yes,0,1,0,0,no,no,no,no,1,0,,,,0,0,aharvard,human_account,not_automation,COLLABORATOR,yes,yes,no,no,yes,1.015,259.05
,,,96,aaif-goose/goose,llm_native,agent_application,direct_agent_experience,pull_request,10048,https://github.com/aaif-goose/goose/pull/10048,merged,2026-06-26T16:28:59Z,2026-06-27T16:38:34Z,2026-06-27T16:38:34Z,Abhijay007,COLLABORATOR,human_account,no,yes,no,no,no,no,yes,no,no,no,yes,yes,no,no,no,0,no,yes,yes,yes,no,no,no,no,1,0,1,0,yes,yes,no,no,2,0,10.874,10.874,10.874,1,1,Abhijay007,human_account,not_automation,COLLABORATOR,yes,yes,no,no,no,1.007,259.05
,,,96,aaif-goose/goose,llm_native,agent_application,direct_agent_experience,issue,9532,https://github.com/aaif-goose/goose/issues/9532,closed,2026-05-31T03:25:49Z,2026-06-10T18:09:14Z,,S4GU4R0,NONE,human_account,no,no,no,no,no,no,no,no,no,no,no,no,no,no,no,0,no,yes,yes,yes,no,no,no,no,2,2,0,0,no,no,no,no,3,0,17.659,17.659,254.724,0,0,Abhijay007,human_account,not_automation,COLLABORATOR,yes,yes,no,yes,yes,10.613,259.05
,,,96,aaif-goose/goose,llm_native,agent_application,direct_agent_experience,pull_request,8411,https://github.com/aaif-goose/goose/pull/8411,merged,2026-04-08T19:27:13Z,2026-04-09T20:25:33Z,2026-04-09T20:25:33Z,Yagi-Michael,CONTRIBUTOR,human_account,no,yes,no,no,no,no,yes,no,no,no,yes,yes,no,no,no,0,no,yes,yes,yes,no,no,no,no,1,3,1,0,yes,no,no,no,2,0,24.758,24.758,24.758,2,0,jamadeo,human_account,not_automation,MEMBER,yes,yes,no,yes,yes,1.041,259.05
,,,96,aaif-goose/goose,llm_native,agent_application,direct_agent_experience,pull_request,8314,https://github.com/aaif-goose/goose/pull/8314,merged,2026-04-04T16:04:12Z,2026-04-06T01:22:11Z,2026-04-06T01:22:11Z,baxen,COLLABORATOR,human_account,no,yes,yes,yes,no,no,yes,no,yes,yes,yes,yes,no,no,no,21,yes,yes,yes,yes,no,no,no,no,26,17,12,0,yes,yes,no,no,6,10,0.123,0.636,0.636,1,1,baxen,human_account,not_automation,COLLABORATOR,yes,yes,no,no,yes,1.387,259.05
,,,96,aaif-goose/goose,llm_native,agent_application,direct_agent_experience,pull_request,9540,https://github.com/aaif-goose/goose/pull/9540,closed_unmerged,2026-05-31T21:19:12Z,2026-06-16T15:11:51Z,,nuthalapativarun,CONTRIBUTOR,human_account,no,yes,yes,yes,no,no,no,no,yes,yes,yes,no,no,yes,no,20,no,yes,yes,yes,no,no,no,no,22,15,10,1,yes,yes,yes,yes,4,6,0.035,18.253,377.877,7,7,DOsinga,human_account,not_automation,COLLABORATOR,yes,yes,no,yes,yes,15.745,259.05
,,,96,aaif-goose/goose,llm_native,agent_application,direct_agent_experience,pull_request,8825,https://github.com/aaif-goose/goose/pull/8825,merged,2026-04-24T17:52:12Z,2026-04-27T03:18:55Z,2026-04-27T03:18:55Z,dependabot[bot],CONTRIBUTOR,automation_bot,no,yes,no,no,no,no,yes,no,no,no,yes,yes,no,no,no,0,no,yes,yes,yes,no,no,no,no,1,0,1,0,yes,no,no,no,2,1,56.956,56.956,56.956,1,0,lifeizhou-ap,human_account,not_automation,COLLABORATOR,yes,yes,no,yes,yes,2.394,259.05
,,,96,aaif-goose/goose,llm_native,agent_application,direct_agent_experience,pull_request,7457,https://github.com/aaif-goose/goose/pull/7457,merged,2026-02-24T00:32:20Z,2026-02-24T02:57:37Z,2026-02-24T02:57:37Z,angiejones,COLLABORATOR,human_account,no,yes,yes,yes,no,no,yes,no,yes,yes,yes,yes,no,no,no,1,no,yes,yes,yes,no,no,no,no,2,1,2,0,yes,no,no,no,3,2,0.054,0.158,0.158,1,0,angiejones,human_account,not_automation,COLLABORATOR,yes,yes,no,no,yes,0.101,259.05
,,,96,aaif-goose/goose,llm_native,agent_application,direct_agent_experience,pull_request,9883,https://github.com/aaif-goose/goose/pull/9883,merged,2026-06-19T07:06:02Z,2026-06-19T09:10:14Z,2026-06-19T09:10:14Z,lifeizhou-ap,COLLABORATOR,human_account,no,yes,yes,yes,no,no,yes,no,yes,yes,yes,yes,no,no,no,2,no,yes,yes,yes,no,no,no,no,5,4,3,0,yes,no,no,no,3,2,0.085,1.421,1.421,1,0,lifeizhou-ap,human_account,not_automation,COLLABORATOR,yes,yes,no,no,no,0.086,259.05
,,,96,aaif-goose/goose,llm_native,agent_application,direct_agent_experience,pull_request,8954,https://github.com/aaif-goose/goose/pull/8954,closed_unmerged,2026-05-01T20:29:35Z,2026-05-12T16:47:12Z,,enilsen16,CONTRIBUTOR,human_account,no,yes,yes,yes,no,no,no,no,yes,yes,no,no,no,no,no,7,no,yes,yes,no,no,yes,yes,yes,7,4,3,0,yes,yes,no,no,2,1,0.072,,,5,5,enilsen16,human_account,not_automation,CONTRIBUTOR,yes,no,no,yes,yes,10.846,259.05
,,,96,aaif-goose/goose,llm_native,agent_application,direct_agent_experience,pull_request,8554,https://github.com/aaif-goose/goose/pull/8554,merged,2026-04-15T14:58:13Z,2026-04-15T15:18:58Z,2026-04-15T15:18:58Z,alexhancock,COLLABORATOR,human_account,no,yes,no,no,no,no,yes,no,no,no,yes,yes,no,no,no,0,no,yes,yes,yes,no,no,no,no,1,0,1,0,yes,no,no,no,2,0,0.016,0.016,0.016,1,0,alexhancock,human_account,not_automation,COLLABORATOR,yes,yes,no,no,yes,0.014,259.05
,,,96,aaif-goose/goose,llm_native,agent_application,direct_agent_experience,issue,10197,https://github.com/aaif-goose/goose/issues/10197,closed,2026-07-02T11:04:23Z,2026-08-21T16:20:43Z,,yyy33,CONTRIBUTOR,human_account,no,yes,no,no,no,no,yes,no,no,no,no,no,no,no,no,0,no,yes,yes,yes,no,no,no,no,2,2,0,0,no,no,no,no,2,0,821.983,821.983,821.983,0,0,DOsinga,human_account,not_automation,COLLABORATOR,yes,yes,no,yes,no,50.22,259.05
,,,96,aaif-goose/goose,llm_native,agent_application,direct_agent_experience,issue,11282,https://github.com/aaif-goose/goose/issues/11282,open,2026-08-17T00:05:33Z,,,vivekchand,NONE,human_account,no,yes,no,no,no,no,yes,no,no,no,no,no,no,no,no,0,no,yes,yes,yes,no,no,no,no,1,2,0,0,no,no,no,no,2,0,41.387,41.387,41.387,0,0,,,,,no,no,no,yes,no,,259.05
,,,96,aaif-goose/goose,llm_native,agent_application,direct_agent_experience,pull_request,8179,https://github.com/aaif-goose/goose/pull/8179,closed_unmerged,2026-03-28T21:07:54Z,2026-03-30T14:02:44Z,,lu-zero,CONTRIBUTOR,human_account,no,yes,yes,yes,no,no,no,no,yes,yes,no,no,no,no,no,25,no,yes,yes,yes,no,no,no,no,26,20,7,0,yes,yes,no,no,3,2,0.082,40.914,40.914,33,8,DOsinga,human_account,not_automation,COLLABORATOR,yes,yes,no,yes,yes,1.705,259.05
,,,97,open-webui/open-webui,llm_native,agent_application,direct_agent_experience,issue,26656,https://github.com/open-webui/open-webui/issues/26656,closed,2026-07-01T13:50:50Z,2026-07-27T06:56:42Z,,JulianJinn,NONE,human_account,no,yes,no,no,no,no,yes,no,no,no,no,no,no,no,no,0,no,yes,yes,yes,no,no,no,no,10,10,0,0,no,no,no,no,9,2,0.001,32.433,199.59,0,0,tjbck,human_account,not_automation,CONTRIBUTOR,yes,no,no,yes,no,25.712,366.45
,,,97,open-webui/open-webui,llm_native,agent_application,direct_agent_experience,issue,28413,https://github.com/open-webui/open-webui/issues/28413,closed,2026-08-11T00:55:06Z,2026-08-11T01:12:51Z,,feinstein,NONE,human_account,no,yes,no,no,no,no,yes,no,no,no,no,no,no,no,no,0,yes,yes,yes,no,no,yes,yes,yes,1,1,0,0,no,no,no,no,2,1,0.004,,,0,0,,,,,no,no,no,yes,no,0.012,366.45
,,,97,open-webui/open-webui,llm_native,agent_application,direct_agent_experience,issue,23547,https://github.com/open-webui/open-webui/issues/23547,closed,2026-04-09T14:29:25Z,2026-04-12T21:30:33Z,,suleimanelkhoury,CONTRIBUTOR,human_account,no,no,no,no,no,no,no,no,no,no,no,no,no,no,no,0,yes,yes,yes,yes,no,no,no,no,2,3,0,0,no,no,no,no,3,0,0.026,0.026,0.396,0,0,,,,,no,no,no,yes,yes,3.292,366.45
,,,97,open-webui/open-webui,llm_native,agent_application,direct_agent_experience,issue,24144,https://github.com/open-webui/open-webui/issues/24144,closed,2026-04-26T03:55:27Z,2026-05-02T06:13:04Z,,peterwwillis,NONE,human_account,no,no,no,no,no,no,no,no,no,no,no,no,no,no,no,0,no,yes,yes,yes,no,no,no,no,3,3,0,0,no,no,no,no,4,0,6.492,6.492,146.294,0,0,Classic298,human_account,not_automation,MEMBER,yes,yes,no,yes,yes,6.096,366.45
,,,97,open-webui/open-webui,llm_native,agent_application,direct_agent_experience,pull_request,21530,https://github.com/open-webui/open-webui/pull/21530,merged,2026-02-17T15:26:33Z,2026-02-19T22:06:24Z,2026-02-19T22:06:23Z,ShirasawaSama,CONTRIBUTOR,human_account,no,no,no,no,no,no,no,no,no,no,no,no,no,no,no,0,yes,yes,yes,no,no,no,no,yes,2,2,0,0,no,no,no,no,3,2,0.006,54.663,,1,0,tjbck,human_account,not_automation,CONTRIBUTOR,yes,no,no,yes,yes,2.278,366.45
,,,97,open-webui/open-webui,llm_native,agent_application,direct_agent_experience,pull_request,24278,https://github.com/open-webui/open-webui/pull/24278,closed_unmerged,2026-05-01T02:15:36Z,2026-05-03T11:11:43Z,,dependabot[bot],CONTRIBUTOR,automation_bot,no,yes,no,no,no,no,yes,no,no,no,no,no,no,no,no,0,yes,yes,no,no,no,unknown,yes,yes,1,2,0,0,no,no,no,no,2,2,0.004,,,1,0,Classic298,human_account,not_automation,MEMBER,yes,yes,no,yes,yes,2.372,366.45
,,,97,open-webui/open-webui,llm_native,agent_application,direct_agent_experience,pull_request,22717,https://github.com/open-webui/open-webui/pull/22717,closed_unmerged,2026-03-16T02:26:22Z,2026-03-16T02:26:29Z,,ryan-pip,NONE,human_account,yes,yes,no,no,no,no,yes,no,no,no,no,no,no,no,no,0,yes,yes,yes,no,no,unknown,yes,yes,2,2,0,0,no,no,no,no,3,2,0.001,,,1,0,owui-terminator[bot],automation_bot,conventional_automation,NONE,no,no,no,yes,yes,0.0,366.45
,,,97,open-webui/open-webui,llm_native,agent_application,direct_agent_experience,issue,24341,https://github.com/open-webui/open-webui/issues/24341,closed,2026-05-04T07:04:08Z,2026-05-04T08:06:44Z,,alkeryn,NONE,human_account,no,yes,no,no,no,no,yes,no,no,no,no,no,no,no,no,0,no,yes,yes,yes,no,no,no,no,8,13,0,0,no,no,no,no,4,2,0.001,1.043,1.043,0,0,Classic298,human_account,not_automation,MEMBER,yes,yes,no,yes,yes,0.043,366.45
,,,97,open-webui/open-webui,llm_native,agent_application,direct_agent_experience,issue,22527,https://github.com/open-webui/open-webui/issues/22527,closed,2026-03-10T12:37:32Z,2026-03-22T10:41:20Z,,tomekpz,NONE,human_account,no,yes,no,no,no,no,yes,no,no,no,no,no,no,no,no,0,yes,yes,yes,no,no,unknown,yes,yes,1,2,0,0,no,no,no,no,2,2,0.015,,,0,0,tjbck,human_account,not_automation,CONTRIBUTOR,yes,no,no,yes,yes,11.919,366.45
,,,97,open-webui/open-webui,llm_native,agent_application,direct_agent_experience,pull_request,23036,https://github.com/open-webui/open-webui/pull/23036,closed_unmerged,2026-03-25T22:05:58Z,2026-03-25T22:06:04Z,,yang1002378395-cmyk,NONE,human_account,no,yes,no,no,no,no,yes,no,no,no,no,no,no,no,no,0,yes,yes,yes,no,no,unknown,yes,yes,2,2,0,0,no,no,no,no,3,2,0.001,,,1,0,owui-terminator[bot],automation_bot,conventional_automation,NONE,no,no,no,yes,yes,0.0,366.45
,,,97,open-webui/open-webui,llm_native,agent_application,direct_agent_experience,pull_request,25847,https://github.com/open-webui/open-webui/pull/25847,merged,2026-06-09T00:38:09Z,2026-06-17T01:06:56Z,2026-06-17T01:06:56Z,silentoplayz,COLLABORATOR,human_account,no,no,no,no,no,no,no,no,no,no,no,no,no,no,no,0,no,yes,yes,yes,no,unknown,yes,yes,0,0,0,0,no,no,no,no,1,0,,,,1,0,tjbck,human_account,not_automation,CONTRIBUTOR,yes,no,no,no,no,8.02,366.45
,,,97,open-webui/open-webui,llm_native,agent_application,direct_agent_experience,pull_request,26384,https://github.com/open-webui/open-webui/pull/26384,merged,2026-06-29T17:05:00Z,2026-06-29T17:05:39Z,2026-06-29T17:05:39Z,silentoplayz,COLLABORATOR,human_account,no,no,no,no,no,no,no,no,no,no,no,no,no,no,no,0,no,yes,yes,yes,no,unknown,yes,yes,0,0,0,0,no,no,no,no,1,0,,,,1,0,tjbck,human_account,not_automation,CONTRIBUTOR,yes,no,no,no,no,0.0,366.45
,,,97,open-webui/open-webui,llm_native,agent_application,direct_agent_experience,pull_request,25984,https://github.com/open-webui/open-webui/pull/25984,closed_unmerged,2026-06-12T09:13:05Z,2026-06-12T09:13:10Z,,SmartMart69,CONTRIBUTOR,human_account,no,yes,no,no,no,no,yes,no,no,no,no,no,no,no,no,0,no,yes,yes,no,no,yes,yes,yes,2,2,0,0,no,no,no,no,2,1,0.001,,,1,0,owui-terminator[bot],automation_bot,conventional_automation,NONE,no,no,no,yes,no,0.0,366.45
,,,97,open-webui/open-webui,llm_native,agent_application,direct_agent_experience,issue,22491,https://github.com/open-webui/open-webui/issues/22491,closed,2026-03-09T09:12:21Z,2026-03-11T20:36:03Z,,toralux,NONE,human_account,no,no,no,no,no,no,no,no,no,no,no,no,no,no,no,0,no,yes,yes,no,no,no,no,yes,1,2,0,0,no,no,no,no,2,0,59.395,59.395,,0,0,tjbck,human_account,not_automation,CONTRIBUTOR,yes,no,no,yes,yes,2.475,366.45
,,,97,open-webui/open-webui,llm_native,agent_application,direct_agent_experience,pull_request,28022,https://github.com/open-webui/open-webui/pull/28022,closed_unmerged,2026-08-02T17:30:07Z,2026-08-02T17:30:10Z,,pranavperingeth,NONE,human_account,no,yes,no,no,no,no,yes,no,no,no,no,no,no,no,no,0,no,yes,yes,no,no,yes,yes,yes,1,1,0,0,no,no,no,no,2,1,0.001,,,1,0,owui-terminator[bot],automation_bot,conventional_automation,NONE,no,no,no,yes,no,0.0,366.45
,,,97,open-webui/open-webui,llm_native,agent_application,direct_agent_experience,issue,28929,https://github.com/open-webui/open-webui/issues/28929,closed,2026-08-23T06:12:44Z,2026-08-23T19:27:33Z,,silentoplayz,COLLABORATOR,human_account,no,yes,no,no,no,no,yes,no,no,no,no,no,no,no,no,0,no,yes,yes,yes,no,yes,yes,yes,1,2,0,0,no,no,no,no,2,2,0.003,,,0,0,Classic298,human_account,not_automation,MEMBER,yes,yes,no,no,no,0.552,366.45
,,,97,open-webui/open-webui,llm_native,agent_application,direct_agent_experience,pull_request,26395,https://github.com/open-webui/open-webui/pull/26395,closed_unmerged,2026-06-29T22:44:01Z,2026-06-29T22:44:06Z,,TipKnuckle,CONTRIBUTOR,human_account,no,yes,no,no,no,no,yes,no,no,no,no,no,no,no,no,0,no,yes,yes,no,no,yes,yes,yes,2,2,0,0,no,no,no,no,2,1,0.001,,,1,0,owui-terminator[bot],automation_bot,conventional_automation,NONE,no,no,no,yes,no,0.0,366.45
,,,97,open-webui/open-webui,llm_native,agent_application,direct_agent_experience,pull_request,24563,https://github.com/open-webui/open-webui/pull/24563,closed_unmerged,2026-05-11T03:27:56Z,2026-05-11T05:32:35Z,,MikeWang0316tw,NONE,human_account,no,no,no,no,no,no,no,no,no,no,no,no,no,no,no,0,no,yes,yes,no,no,unknown,yes,yes,0,0,0,0,no,no,no,no,1,0,,,,1,0,Classic298,human_account,not_automation,MEMBER,yes,yes,no,yes,yes,0.087,366.45
,,,97,open-webui/open-webui,llm_native,agent_application,direct_agent_experience,pull_request,28534,https://github.com/open-webui/open-webui/pull/28534,closed_unmerged,2026-08-13T04:02:44Z,2026-08-13T04:02:50Z,,jaideeppyne,NONE,human_account,no,yes,no,no,no,no,yes,no,no,no,no,no,no,no,no,0,no,yes,yes,no,no,yes,yes,yes,28,28,0,0,no,no,no,no,2,1,0.001,,,1,0,owui-terminator[bot],automation_bot,conventional_automation,NONE,no,no,no,yes,no,0.0,366.45
,,,97,open-webui/open-webui,llm_native,agent_application,direct_agent_experience,pull_request,24551,https://github.com/open-webui/open-webui/pull/24551,closed_unmerged,2026-05-10T21:28:15Z,2026-06-01T21:16:39Z,,Algorithm5838,CONTRIBUTOR,human_account,no,no,no,no,no,no,no,no,no,no,no,no,no,no,no,0,no,yes,yes,no,no,unknown,yes,yes,0,0,0,0,no,no,no,no,1,0,,,,1,0,tjbck,human_account,not_automation,CONTRIBUTOR,yes,no,no,yes,yes,21.992,366.45
,,,98,livekit/agents,llm_native,agent_framework,agent_building,issue,4459,https://github.com/livekit/agents/issues/4459,closed,2026-01-06T18:53:49Z,2026-01-15T18:37:16Z,,cdutr,CONTRIBUTOR,human_account,no,no,no,no,no,no,no,no,no,no,no,no,no,no,no,0,no,yes,yes,yes,no,no,no,no,1,2,0,0,no,no,no,no,2,0,2.908,2.908,2.908,0,0,davidzhao,human_account,not_automation,MEMBER,yes,yes,no,yes,yes,8.989,129.35
,,,98,livekit/agents,llm_native,agent_framework,agent_building,issue,4756,https://github.com/livekit/agents/issues/4756,open,2026-02-07T17:15:09Z,,,TheMemeBanker,NONE,human_account,no,no,no,no,no,no,no,no,no,no,no,no,no,no,no,0,yes,yes,yes,no,no,no,no,yes,3,3,0,0,no,no,no,no,4,0,158.768,158.768,,0,0,,,,,no,no,no,yes,yes,,129.35
,,,98,livekit/agents,llm_native,agent_framework,agent_building,pull_request,5694,https://github.com/livekit/agents/pull/5694,merged,2026-05-09T01:59:27Z,2026-07-17T06:26:52Z,2026-07-17T06:26:52Z,longcw,CONTRIBUTOR,human_account,no,yes,yes,yes,no,no,no,no,yes,yes,yes,yes,no,no,no,6,no,yes,yes,yes,no,no,no,no,10,6,4,0,yes,yes,no,no,3,4,0.069,99.903,99.903,8,7,longcw,human_account,not_automation,CONTRIBUTOR,yes,no,no,yes,yes,69.186,129.35
,,,98,livekit/agents,llm_native,agent_framework,agent_building,pull_request,5928,https://github.com/livekit/agents/pull/5928,open,2026-06-02T03:13:13Z,,,nightcityblade,CONTRIBUTOR,human_account,no,yes,yes,yes,no,no,no,no,yes,yes,no,no,no,no,no,1,no,yes,yes,no,no,no,no,yes,2,1,1,0,yes,no,no,no,3,1,0.002,0.002,,1,0,,,,,no,no,no,yes,no,,129.35
,,,98,livekit/agents,llm_native,agent_framework,agent_building,pull_request,6841,https://github.com/livekit/agents/pull/6841,merged,2026-08-13T13:48:45Z,2026-08-24T17:33:55Z,2026-08-24T17:33:55Z,dhruvladia-sarvam,CONTRIBUTOR,human_account,no,yes,no,no,no,no,no,no,no,no,yes,yes,no,no,no,0,no,yes,yes,yes,no,no,no,no,1,0,1,0,yes,no,no,no,2,0,267.723,267.723,267.723,2,0,tinalenguyen,human_account,not_automation,MEMBER,yes,yes,no,yes,no,11.156,129.35
,,,98,livekit/agents,llm_native,agent_framework,agent_building,pull_request,5389,https://github.com/livekit/agents/pull/5389,closed_unmerged,2026-04-08T21:48:53Z,2026-04-08T21:51:35Z,,github-actions[bot],CONTRIBUTOR,automation_bot,no,yes,yes,yes,no,no,yes,no,yes,yes,no,no,no,no,no,1,no,yes,no,no,no,yes,yes,yes,1,0,1,0,yes,no,no,no,2,0,0.036,,,1,0,theomonnom,human_account,not_automation,MEMBER,yes,yes,no,yes,yes,0.002,129.35
,,,98,livekit/agents,llm_native,agent_framework,agent_building,pull_request,5979,https://github.com/livekit/agents/pull/5979,merged,2026-06-05T16:41:02Z,2026-06-05T16:53:40Z,2026-06-05T16:53:40Z,tinalenguyen,MEMBER,human_account,no,yes,yes,yes,no,no,no,no,yes,yes,yes,yes,no,no,no,3,no,yes,yes,yes,no,no,no,no,4,2,2,0,yes,yes,no,no,3,2,0.033,0.196,0.196,2,1,tinalenguyen,human_account,not_automation,MEMBER,yes,yes,no,no,no,0.009,129.35
,,,98,livekit/agents,llm_native,agent_framework,agent_building,pull_request,4732,https://github.com/livekit/agents/pull/4732,closed_unmerged,2026-02-06T11:27:01Z,2026-02-06T17:53:50Z,,chenghao-mou,MEMBER,human_account,no,yes,yes,yes,no,no,no,no,yes,yes,no,no,no,no,no,1,no,yes,yes,yes,no,yes,yes,yes,1,1,1,0,yes,yes,no,no,2,2,0.017,,,6,5,chenghao-mou,human_account,not_automation,MEMBER,yes,yes,no,no,yes,0.269,129.35
,,,98,livekit/agents,llm_native,agent_framework,agent_building,issue,6874,https://github.com/livekit/agents/issues/6874,closed,2026-08-16T18:25:00Z,2026-08-17T06:53:11Z,,rahul2002m,NONE,human_account,no,no,no,no,no,no,no,no,no,no,no,no,no,no,no,0,no,yes,yes,no,no,no,no,yes,1,1,0,0,no,no,no,no,2,0,12.47,12.47,,0,0,longcw,human_account,not_automation,CONTRIBUTOR,yes,no,no,yes,no,0.52,129.35
,,,98,livekit/agents,llm_native,agent_framework,agent_building,issue,6067,https://github.com/livekit/agents/issues/6067,closed,2026-06-11T22:57:17Z,2026-06-19T06:55:43Z,,MeLinResearch,NONE,human_account,no,no,no,no,no,no,no,no,no,no,no,no,no,no,no,0,no,yes,yes,no,no,unknown,yes,yes,0,0,0,0,no,no,no,no,1,0,,,,0,0,tinalenguyen,human_account,not_automation,MEMBER,yes,yes,no,yes,no,7.332,129.35
,,,98,livekit/agents,llm_native,agent_framework,agent_building,pull_request,6976,https://github.com/livekit/agents/pull/6976,open,2026-08-25T10:37:49Z,,,rkfshakti,NONE,human_account,no,yes,yes,yes,no,no,no,no,yes,yes,no,no,no,no,no,1,no,yes,yes,no,no,no,no,yes,2,1,1,0,yes,no,no,no,3,1,0.005,0.005,,1,0,,,,,no,no,no,yes,no,,129.35
,,,98,livekit/agents,llm_native,agent_framework,agent_building,pull_request,4784,https://github.com/livekit/agents/pull/4784,merged,2026-02-11T01:34:54Z,2026-02-13T22:48:42Z,2026-02-13T22:48:42Z,ianbbqzy,CONTRIBUTOR,human_account,no,yes,yes,yes,no,no,no,no,yes,yes,yes,yes,no,no,no,5,no,yes,yes,yes,no,no,no,no,7,4,4,0,yes,yes,no,no,4,4,0.002,0.002,69.22,1,1,tinalenguyen,human_account,not_automation,MEMBER,yes,yes,no,yes,yes,2.885,129.35
,,,98,livekit/agents,llm_native,agent_framework,agent_building,pull_request,5165,https://github.com/livekit/agents/pull/5165,merged,2026-03-19T16:55:35Z,2026-03-19T16:56:39Z,2026-03-19T16:56:39Z,theomonnom,MEMBER,human_account,no,yes,yes,yes,no,no,no,no,yes,yes,no,no,no,no,no,2,no,yes,yes,yes,no,yes,yes,yes,2,1,1,0,yes,no,no,no,2,1,0.152,,,1,0,theomonnom,human_account,not_automation,MEMBER,yes,yes,no,no,yes,0.001,129.35
,,,98,livekit/agents,llm_native,agent_framework,agent_building,pull_request,6211,https://github.com/livekit/agents/pull/6211,open,2026-06-24T15:48:16Z,,,RaidLZ,NONE,human_account,no,yes,yes,yes,no,no,no,no,yes,yes,no,no,no,no,no,5,no,yes,yes,no,no,no,no,yes,6,4,2,0,yes,yes,no,no,3,1,0.004,0.004,,2,1,,,,,no,no,no,yes,no,,129.35
,,,98,livekit/agents,llm_native,agent_framework,agent_building,issue,4488,https://github.com/livekit/agents/issues/4488,closed,2026-01-10T06:00:40Z,2026-01-10T18:28:38Z,,WhiteCrowZero,NONE,human_account,no,no,no,no,no,no,no,no,no,no,no,no,no,no,no,0,no,yes,yes,no,no,unknown,yes,yes,0,1,0,0,no,no,no,no,1,0,,,,0,0,davidzhao,human_account,not_automation,MEMBER,yes,yes,no,yes,yes,0.519,129.35
,,,98,livekit/agents,llm_native,agent_framework,agent_building,pull_request,4841,https://github.com/livekit/agents/pull/4841,merged,2026-02-16T01:11:55Z,2026-02-16T05:11:18Z,2026-02-16T05:11:18Z,davidzhao,MEMBER,human_account,no,yes,yes,yes,no,no,no,no,yes,yes,yes,yes,no,no,no,1,no,yes,yes,yes,no,no,no,no,2,0,2,0,yes,no,no,no,3,2,0.049,2.086,2.086,1,0,davidzhao,human_account,not_automation,MEMBER,yes,yes,no,no,yes,0.166,129.35
,,,98,livekit/agents,llm_native,agent_framework,agent_building,issue,5717,https://github.com/livekit/agents/issues/5717,open,2026-05-12T19:45:02Z,,,andrew-flowline,NONE,human_account,no,no,no,no,no,no,no,no,no,no,no,no,no,no,no,0,yes,yes,yes,no,no,no,no,yes,1,2,0,0,no,no,no,no,2,0,126.959,126.959,,0,0,,,,,no,no,no,yes,yes,,129.35
,,,98,livekit/agents,llm_native,agent_framework,agent_building,pull_request,5889,https://github.com/livekit/agents/pull/5889,closed_unmerged,2026-05-29T09:26:10Z,2026-06-01T06:57:56Z,,he-yufeng,CONTRIBUTOR,human_account,no,yes,yes,yes,no,no,no,no,yes,yes,no,no,no,no,no,1,no,yes,yes,no,no,no,no,yes,2,1,1,0,yes,no,no,no,3,2,0.089,69.538,,1,0,longcw,human_account,not_automation,CONTRIBUTOR,yes,no,no,yes,yes,2.897,129.35
,,,98,livekit/agents,llm_native,agent_framework,agent_building,pull_request,6596,https://github.com/livekit/agents/pull/6596,closed_unmerged,2026-07-29T01:03:23Z,2026-08-11T13:32:21Z,,VihaanAgarwal,CONTRIBUTOR,human_account,no,yes,yes,yes,no,no,no,no,yes,yes,no,no,no,no,no,1,no,yes,yes,no,no,no,no,yes,2,2,1,0,yes,no,no,no,3,2,0.003,0.003,,1,0,VihaanAgarwal,human_account,not_automation,CONTRIBUTOR,yes,no,no,yes,no,13.52,129.35
,,,98,livekit/agents,llm_native,agent_framework,agent_building,pull_request,6217,https://github.com/livekit/agents/pull/6217,merged,2026-06-24T19:56:54Z,2026-06-24T20:15:10Z,2026-06-24T20:15:10Z,chenghao-mou,MEMBER,human_account,no,yes,yes,yes,no,no,no,no,yes,yes,yes,yes,no,no,no,1,no,yes,yes,yes,no,no,no,no,3,0,3,0,yes,no,no,no,4,2,0.014,0.014,0.014,1,0,chenghao-mou,human_account,not_automation,MEMBER,yes,yes,no,no,no,0.013,129.35
,,,99,router-for-me/CLIProxyAPI,llm_native,agent_runtime_infra,supporting_infrastructure,issue,1521,https://github.com/router-for-me/CLIProxyAPI/issues/1521,closed,2026-02-10T09:03:14Z,2026-03-05T03:33:41Z,,adnxx1wsx,NONE,human_account,no,no,no,no,no,no,no,no,no,no,no,no,no,no,no,0,yes,yes,yes,no,no,no,no,yes,1,2,0,0,no,no,no,no,2,0,249.159,249.159,,0,0,adnxx1wsx,human_account,not_automation,NONE,yes,no,no,yes,yes,22.771,197.55
,,,99,router-for-me/CLIProxyAPI,llm_native,agent_runtime_infra,supporting_infrastructure,issue,4640,https://github.com/router-for-me/CLIProxyAPI/issues/4640,open,2026-07-28T11:10:25Z,,,sususu98,COLLABORATOR,human_account,no,no,no,no,no,no,no,no,no,no,no,no,no,no,no,0,no,yes,yes,yes,no,unknown,yes,yes,0,0,0,0,no,no,no,no,1,0,,,,0,0,,,,,no,no,no,no,no,,197.55
,,,99,router-for-me/CLIProxyAPI,llm_native,agent_runtime_infra,supporting_infrastructure,issue,3045,https://github.com/router-for-me/CLIProxyAPI/issues/3045,closed,2026-04-25T16:12:45Z,2026-04-25T17:36:57Z,,chenchun022,NONE,human_account,no,no,no,no,no,no,no,no,no,no,no,no,no,no,no,0,no,yes,yes,yes,no,no,no,no,1,2,0,0,no,no,no,no,2,0,1.403,1.403,1.403,0,0,luispater,human_account,not_automation,COLLABORATOR,yes,yes,no,yes,yes,0.058,197.55
,,,99,router-for-me/CLIProxyAPI,llm_native,agent_runtime_infra,supporting_infrastructure,pull_request,1579,https://github.com/router-for-me/CLIProxyAPI/pull/1579,closed_unmerged,2026-02-13T03:21:45Z,2026-04-15T18:48:54Z,,lightsofapollo,NONE,human_account,no,yes,yes,no,yes,no,no,no,yes,yes,yes,yes,no,yes,no,3,no,yes,yes,yes,no,no,no,no,9,7,2,1,yes,no,yes,no,4,2,0.006,297.955,526.382,1,0,luispater,human_account,not_automation,COLLABORATOR,yes,yes,no,yes,yes,61.644,197.55
,,,99,router-for-me/CLIProxyAPI,llm_native,agent_runtime_infra,supporting_infrastructure,issue,2991,https://github.com/router-for-me/CLIProxyAPI/issues/2991,closed,2026-04-23T23:55:17Z,2026-04-25T17:44:30Z,,zkysimon,NONE,human_account,no,no,no,no,no,no,no,no,no,no,no,no,no,no,no,0,no,yes,yes,yes,no,no,no,no,1,1,0,0,no,no,no,no,2,0,41.82,41.82,41.82,0,0,luispater,human_account,not_automation,COLLABORATOR,yes,yes,no,yes,yes,1.743,197.55
,,,99,router-for-me/CLIProxyAPI,llm_native,agent_runtime_infra,supporting_infrastructure,issue,3294,https://github.com/router-for-me/CLIProxyAPI/issues/3294,closed,2026-05-08T15:09:37Z,2026-06-19T13:00:15Z,,lihan3238,CONTRIBUTOR,human_account,no,no,no,no,no,no,no,no,no,no,no,no,no,no,no,0,no,yes,yes,no,no,unknown,yes,yes,0,0,0,0,no,no,no,no,1,0,,,,0,0,luispater,human_account,not_automation,COLLABORATOR,yes,yes,no,yes,yes,41.91,197.55
,,,99,router-for-me/CLIProxyAPI,llm_native,agent_runtime_infra,supporting_infrastructure,issue,2050,https://github.com/router-for-me/CLIProxyAPI/issues/2050,closed,2026-03-11T02:47:44Z,2026-03-11T03:12:51Z,,xiaolsl,NONE,human_account,no,no,no,no,no,no,no,no,no,no,no,no,no,no,no,0,yes,yes,yes,yes,no,no,no,no,1,1,0,0,no,no,no,no,2,0,0.419,0.419,0.419,0,0,luispater,human_account,not_automation,COLLABORATOR,yes,yes,no,yes,yes,0.017,197.55
,,,99,router-for-me/CLIProxyAPI,llm_native,agent_runtime_infra,supporting_infrastructure,issue,1165,https://github.com/router-for-me/CLIProxyAPI/issues/1165,closed,2026-01-23T02:48:40Z,2026-06-15T15:00:27Z,,elysianwu,NONE,human_account,no,no,no,no,no,no,no,no,no,no,no,no,no,no,no,0,no,yes,yes,no,no,no,no,yes,4,4,0,0,no,no,no,no,5,0,97.262,97.262,,0,0,LTbinglingfeng,human_account,not_automation,,yes,no,no,yes,yes,143.508,197.55
,,,99,router-for-me/CLIProxyAPI,llm_native,agent_runtime_infra,supporting_infrastructure,pull_request,2782,https://github.com/router-for-me/CLIProxyAPI/pull/2782,merged,2026-04-14T07:49:15Z,2026-04-15T12:34:33Z,2026-04-15T12:34:33Z,sususu98,COLLABORATOR,human_account,no,yes,yes,no,yes,no,no,no,yes,yes,yes,yes,no,no,no,2,no,yes,yes,yes,no,no,no,no,3,1,2,0,yes,no,no,no,3,2,0.077,28.752,28.752,1,0,luispater,human_account,not_automation,COLLABORATOR,yes,yes,no,no,yes,1.198,197.55
,,,99,router-for-me/CLIProxyAPI,llm_native,agent_runtime_infra,supporting_infrastructure,pull_request,3969,https://github.com/router-for-me/CLIProxyAPI/pull/3969,closed_unmerged,2026-06-23T04:46:57Z,2026-06-23T06:13:05Z,,rakshithsajjan,NONE,human_account,no,yes,yes,yes,yes,no,yes,no,yes,yes,no,no,no,no,no,13,no,yes,yes,yes,no,no,no,no,16,14,2,0,yes,no,no,no,5,2,0.003,1.28,1.28,1,0,sususu98,human_account,not_automation,COLLABORATOR,yes,yes,no,yes,no,0.06,197.55
,,,99,router-for-me/CLIProxyAPI,llm_native,agent_runtime_infra,supporting_infrastructure,issue,1962,https://github.com/router-for-me/CLIProxyAPI/issues/1962,closed,2026-03-08T14:33:02Z,2026-03-09T02:12:09Z,,CyberRookie-X,NONE,human_account,no,no,no,no,no,no,no,no,no,no,no,no,no,no,no,0,yes,yes,yes,no,no,unknown,yes,yes,0,0,0,0,no,no,no,no,1,0,,,,0,0,,,,,no,no,no,yes,yes,0.485,197.55
,,,99,router-for-me/CLIProxyAPI,llm_native,agent_runtime_infra,supporting_infrastructure,issue,4819,https://github.com/router-for-me/CLIProxyAPI/issues/4819,closed,2026-08-06T11:33:21Z,2026-08-06T14:54:51Z,,ramapitecusment,CONTRIBUTOR,human_account,no,no,no,no,no,no,no,no,no,no,no,no,no,no,no,0,no,yes,yes,no,no,unknown,yes,yes,0,0,0,0,no,no,no,no,1,0,,,,0,0,luispater,human_account,not_automation,COLLABORATOR,yes,yes,no,yes,no,0.14,197.55
,,,99,router-for-me/CLIProxyAPI,llm_native,agent_runtime_infra,supporting_infrastructure,pull_request,1565,https://github.com/router-for-me/CLIProxyAPI/pull/1565,closed_unmerged,2026-02-12T14:06:15Z,2026-02-12T14:58:24Z,,samhvw8,NONE,human_account,no,yes,yes,no,yes,no,no,no,yes,yes,no,no,no,no,no,3,no,yes,yes,no,no,yes,yes,yes,3,2,1,0,yes,yes,no,no,2,1,0.006,,,2,1,samhvw8,human_account,not_automation,NONE,yes,no,no,yes,yes,0.036,197.55
,,,99,router-for-me/CLIProxyAPI,llm_native,agent_runtime_infra,supporting_infrastructure,pull_request,4299,https://github.com/router-for-me/CLIProxyAPI/pull/4299,closed_unmerged,2026-07-14T07:40:55Z,2026-07-14T12:48:09Z,,ngctro,NONE,human_account,no,yes,yes,yes,yes,no,yes,no,yes,yes,yes,no,no,no,no,9,no,yes,yes,no,no,yes,yes,yes,10,11,4,0,yes,yes,no,no,4,8,0.003,,,5,5,ngctro,human_account,not_automation,NONE,yes,no,no,yes,no,0.213,197.55
,,,99,router-for-me/CLIProxyAPI,llm_native,agent_runtime_infra,supporting_infrastructure,issue,2714,https://github.com/router-for-me/CLIProxyAPI/issues/2714,closed,2026-04-11T16:29:26Z,2026-05-04T10:31:06Z,,ithou,NONE,human_account,no,no,no,no,no,no,no,no,no,no,no,no,no,no,no,0,no,yes,yes,yes,no,no,no,no,1,1,0,0,no,no,no,no,2,0,546.027,546.027,546.027,0,0,luispater,human_account,not_automation,COLLABORATOR,yes,yes,no,yes,yes,22.751,197.55
,,,99,router-for-me/CLIProxyAPI,llm_native,agent_runtime_infra,supporting_infrastructure,pull_request,1099,https://github.com/router-for-me/CLIProxyAPI/pull/1099,merged,2026-01-19T08:06:46Z,2026-01-19T12:56:00Z,2026-01-19T12:56:00Z,hkfires,COLLABORATOR,human_account,no,yes,yes,no,yes,no,no,no,yes,yes,yes,yes,no,no,no,3,no,yes,yes,yes,no,no,no,no,4,2,2,0,yes,yes,no,no,3,2,0.004,4.818,4.818,2,1,luispater,human_account,not_automation,COLLABORATOR,yes,yes,no,no,yes,0.201,197.55
,,,99,router-for-me/CLIProxyAPI,llm_native,agent_runtime_infra,supporting_infrastructure,issue,1451,https://github.com/router-for-me/CLIProxyAPI/issues/1451,closed,2026-02-06T02:59:07Z,2026-02-06T13:38:53Z,,CoolKingW,NONE,human_account,no,no,no,no,no,no,no,no,no,no,no,no,no,no,no,0,no,yes,yes,yes,no,no,no,no,6,6,0,0,no,no,no,no,4,0,1.308,1.308,10.663,0,0,luispater,human_account,not_automation,COLLABORATOR,yes,yes,no,yes,yes,0.444,197.55
,,,99,router-for-me/CLIProxyAPI,llm_native,agent_runtime_infra,supporting_infrastructure,pull_request,3521,https://github.com/router-for-me/CLIProxyAPI/pull/3521,closed_unmerged,2026-05-23T14:48:28Z,2026-07-01T01:01:14Z,,KorenKrita,CONTRIBUTOR,human_account,no,yes,yes,no,yes,no,yes,no,yes,yes,no,no,no,no,no,3,no,yes,yes,no,no,yes,yes,yes,4,3,1,0,yes,yes,no,no,3,1,0.002,,,1,1,KorenKrita,human_account,not_automation,CONTRIBUTOR,yes,no,no,yes,yes,38.426,197.55
,,,99,router-for-me/CLIProxyAPI,llm_native,agent_runtime_infra,supporting_infrastructure,issue,3465,https://github.com/router-for-me/CLIProxyAPI/issues/3465,closed,2026-05-18T09:43:53Z,2026-05-19T02:41:11Z,,tg12,NONE,human_account,no,no,no,no,no,no,no,no,no,no,no,no,no,no,no,0,no,yes,yes,no,no,unknown,yes,yes,0,0,0,0,no,no,no,no,1,0,,,,0,0,luispater,human_account,not_automation,COLLABORATOR,yes,yes,no,yes,yes,0.706,197.55
,,,99,router-for-me/CLIProxyAPI,llm_native,agent_runtime_infra,supporting_infrastructure,pull_request,4493,https://github.com/router-for-me/CLIProxyAPI/pull/4493,open,2026-07-21T14:39:50Z,,,Whisker17,NONE,human_account,no,yes,yes,no,yes,no,yes,no,yes,yes,yes,no,no,no,no,2,no,yes,yes,no,no,yes,yes,yes,3,3,1,0,yes,yes,no,no,3,2,0.003,,,2,1,,,,,no,no,no,yes,no,,197.55
,,,100,kvcache-ai/Mooncake,llm_native,model_infra,supporting_infrastructure,pull_request,2125,https://github.com/kvcache-ai/Mooncake/pull/2125,merged,2026-05-18T08:39:04Z,2026-05-20T03:49:57Z,2026-05-20T03:49:57Z,LujhCoconut,COLLABORATOR,human_account,no,yes,yes,no,yes,no,yes,no,yes,yes,yes,yes,no,no,no,2,no,yes,yes,yes,no,no,no,no,4,2,2,0,yes,yes,no,no,4,3,0.059,43.174,43.174,2,1,stmatengss,human_account,not_automation,COLLABORATOR,yes,yes,no,no,yes,1.799,121.85
,,,100,kvcache-ai/Mooncake,llm_native,model_infra,supporting_infrastructure,pull_request,2102,https://github.com/kvcache-ai/Mooncake/pull/2102,merged,2026-05-15T03:01:26Z,2026-05-18T12:14:12Z,2026-05-18T12:14:11Z,alogfans,COLLABORATOR,human_account,no,yes,yes,no,yes,no,yes,no,yes,yes,yes,yes,no,no,no,4,no,yes,yes,yes,no,no,no,no,10,7,3,0,yes,yes,no,no,4,3,0.043,77.006,77.006,4,4,alogfans,human_account,not_automation,COLLABORATOR,yes,yes,no,no,yes,3.384,121.85
,,,100,kvcache-ai/Mooncake,llm_native,model_infra,supporting_infrastructure,issue,1791,https://github.com/kvcache-ai/Mooncake/issues/1791,closed,2026-04-01T07:01:46Z,2026-04-15T06:39:03Z,,mzygQAQ,CONTRIBUTOR,human_account,no,yes,yes,yes,no,no,no,no,no,no,no,no,no,no,no,1,no,yes,yes,yes,no,no,no,no,2,4,0,0,no,no,no,no,2,0,43.644,43.644,43.644,0,0,mzygQAQ,human_account,not_automation,CONTRIBUTOR,yes,no,no,yes,yes,13.984,121.85
,,,100,kvcache-ai/Mooncake,llm_native,model_infra,supporting_infrastructure,issue,2885,https://github.com/kvcache-ai/Mooncake/issues/2885,open,2026-07-14T03:53:00Z,,,liangxu2000,CONTRIBUTOR,human_account,no,yes,no,no,no,no,yes,no,no,no,no,no,no,no,no,0,no,yes,yes,yes,no,no,no,no,2,5,0,0,no,no,no,no,3,2,0.097,149.804,149.804,0,0,,,,,no,no,no,yes,no,,121.85
,,,100,kvcache-ai/Mooncake,llm_native,model_infra,supporting_infrastructure,pull_request,1405,https://github.com/kvcache-ai/Mooncake/pull/1405,merged,2026-01-19T11:31:24Z,2026-01-20T05:33:21Z,2026-01-20T05:33:21Z,zhangzuo21,COLLABORATOR,human_account,no,yes,yes,no,yes,no,yes,no,yes,yes,yes,yes,no,no,no,5,no,yes,yes,yes,no,no,no,no,9,6,3,0,yes,yes,no,no,6,3,0.004,1.403,1.403,2,1,stmatengss,human_account,not_automation,COLLABORATOR,yes,yes,no,no,yes,0.751,121.85
,,,100,kvcache-ai/Mooncake,llm_native,model_infra,supporting_infrastructure,pull_request,2686,https://github.com/kvcache-ai/Mooncake/pull/2686,merged,2026-06-30T11:31:42Z,2026-07-02T06:57:55Z,2026-07-02T06:57:55Z,UNIDY2002,COLLABORATOR,human_account,no,yes,yes,yes,yes,no,yes,no,yes,yes,yes,yes,no,no,no,12,no,yes,yes,yes,no,no,no,no,10,6,4,0,yes,yes,no,no,6,4,0.028,42.488,42.488,2,1,UNIDY2002,human_account,not_automation,COLLABORATOR,yes,yes,no,no,no,1.81,121.85
,,,100,kvcache-ai/Mooncake,llm_native,model_infra,supporting_infrastructure,pull_request,3210,https://github.com/kvcache-ai/Mooncake/pull/3210,merged,2026-07-31T01:27:35Z,2026-08-03T02:51:27Z,2026-08-03T02:51:27Z,whn09,COLLABORATOR,human_account,no,yes,no,no,no,no,yes,no,no,no,yes,yes,no,no,no,0,no,yes,yes,yes,no,no,no,no,3,1,2,0,yes,no,no,no,4,2,0.693,61.862,61.862,4,0,alogfans,human_account,not_automation,COLLABORATOR,yes,yes,no,no,no,3.058,121.85
,,,100,kvcache-ai/Mooncake,llm_native,model_infra,supporting_infrastructure,pull_request,1638,https://github.com/kvcache-ai/Mooncake/pull/1638,merged,2026-03-10T03:58:18Z,2026-03-10T11:25:44Z,2026-03-10T11:25:44Z,Asher-XunZhang,NONE,human_account,no,yes,yes,no,yes,no,yes,no,yes,yes,no,no,no,no,no,2,no,yes,yes,no,no,yes,yes,yes,2,1,1,0,yes,yes,no,no,2,1,0.005,,,1,1,yejj710,human_account,not_automation,,yes,no,no,yes,yes,0.311,121.85
,,,100,kvcache-ai/Mooncake,llm_native,model_infra,supporting_infrastructure,issue,1374,https://github.com/kvcache-ai/Mooncake/issues/1374,closed,2026-01-14T06:05:56Z,2026-06-17T04:48:21Z,,Moonchild1227,NONE,human_account,no,yes,no,no,no,no,yes,no,no,no,no,no,no,no,no,0,no,yes,yes,no,no,yes,yes,yes,2,2,0,0,no,no,no,no,2,1,3502.439,,,0,0,github-actions[bot],automation_bot,conventional_automation,NONE,no,no,no,yes,yes,153.946,121.85
,,,100,kvcache-ai/Mooncake,llm_native,model_infra,supporting_infrastructure,pull_request,3638,https://github.com/kvcache-ai/Mooncake/pull/3638,open,2026-08-24T09:52:38Z,,,skygragon,NONE,human_account,no,yes,no,no,no,no,yes,no,no,no,yes,yes,no,no,no,0,no,yes,yes,yes,no,no,no,no,2,1,1,0,yes,no,no,no,3,1,0.543,0.543,0.543,1,0,,,,,no,no,no,yes,no,,121.85
,,,100,kvcache-ai/Mooncake,llm_native,model_infra,supporting_infrastructure,pull_request,1728,https://github.com/kvcache-ai/Mooncake/pull/1728,merged,2026-03-23T11:41:47Z,2026-03-25T09:41:40Z,2026-03-25T09:41:40Z,he-yufeng,COLLABORATOR,human_account,no,yes,yes,yes,yes,no,yes,no,yes,yes,yes,yes,no,no,no,9,no,yes,yes,yes,no,no,no,no,16,15,4,0,yes,yes,no,no,5,4,0.005,29.247,29.247,5,3,stmatengss,human_account,not_automation,COLLABORATOR,yes,yes,no,no,yes,1.917,121.85
,,,100,kvcache-ai/Mooncake,llm_native,model_infra,supporting_infrastructure,pull_request,1906,https://github.com/kvcache-ai/Mooncake/pull/1906,merged,2026-04-16T13:25:06Z,2026-04-21T13:09:43Z,2026-04-21T13:09:43Z,nickyc975,CONTRIBUTOR,human_account,no,yes,yes,no,yes,no,yes,no,yes,yes,yes,yes,no,no,no,1,no,yes,yes,yes,no,no,no,no,3,1,2,0,yes,no,no,no,4,3,0.033,119.627,119.627,1,0,ykwd,human_account,not_automation,COLLABORATOR,yes,yes,no,yes,yes,4.989,121.85
,,,100,kvcache-ai/Mooncake,llm_native,model_infra,supporting_infrastructure,pull_request,1939,https://github.com/kvcache-ai/Mooncake/pull/1939,merged,2026-04-21T03:15:22Z,2026-05-08T10:49:17Z,2026-05-08T10:49:17Z,Colors-111,CONTRIBUTOR,human_account,no,yes,yes,no,yes,no,yes,no,yes,yes,yes,yes,no,no,no,1,no,yes,yes,yes,no,no,no,no,4,3,2,0,yes,no,no,no,5,3,0.035,52.389,52.389,2,0,ykwd,human_account,not_automation,COLLABORATOR,yes,yes,no,yes,yes,17.315,121.85
,,,100,kvcache-ai/Mooncake,llm_native,model_infra,supporting_infrastructure,pull_request,2144,https://github.com/kvcache-ai/Mooncake/pull/2144,merged,2026-05-19T16:18:39Z,2026-05-26T02:55:38Z,2026-05-26T02:55:38Z,leonzzhu,CONTRIBUTOR,human_account,no,yes,yes,no,yes,no,yes,no,yes,yes,yes,yes,no,no,no,2,no,yes,yes,yes,no,no,no,no,4,4,2,0,yes,yes,no,no,4,2,0.03,35.82,35.82,1,1,ykwd,human_account,not_automation,COLLABORATOR,yes,yes,no,yes,yes,6.442,121.85
,,,100,kvcache-ai/Mooncake,llm_native,model_infra,supporting_infrastructure,pull_request,3457,https://github.com/kvcache-ai/Mooncake/pull/3457,merged,2026-08-16T03:29:44Z,2026-08-17T03:19:10Z,2026-08-17T03:19:10Z,JimmyWang0417,CONTRIBUTOR,human_account,no,yes,yes,yes,no,no,yes,no,yes,yes,yes,yes,no,no,no,1,no,yes,yes,yes,no,no,no,no,4,1,4,0,yes,yes,no,no,4,2,0.039,12.518,12.518,2,1,stmatengss,human_account,not_automation,COLLABORATOR,yes,yes,no,yes,no,0.993,121.85
,,,100,kvcache-ai/Mooncake,llm_native,model_infra,supporting_infrastructure,issue,1999,https://github.com/kvcache-ai/Mooncake/issues/1999,closed,2026-04-28T07:07:26Z,2026-05-11T07:16:54Z,,zbnlala,NONE,human_account,no,no,no,no,no,no,no,no,no,no,no,no,no,no,no,0,no,yes,yes,yes,no,no,no,no,4,9,0,0,no,no,no,no,2,0,1.648,1.648,1.648,0,0,zbnlala,human_account,not_automation,NONE,yes,no,no,yes,yes,13.007,121.85
,,,100,kvcache-ai/Mooncake,llm_native,model_infra,supporting_infrastructure,issue,2865,https://github.com/kvcache-ai/Mooncake/issues/2865,open,2026-07-12T13:37:48Z,,,catyans,COLLABORATOR,human_account,no,yes,no,no,no,no,yes,no,no,no,no,no,no,no,no,0,no,yes,yes,yes,no,yes,yes,yes,1,2,0,0,no,no,no,no,2,2,0.002,,,0,0,,,,,no,no,no,no,no,,121.85
,,,100,kvcache-ai/Mooncake,llm_native,model_infra,supporting_infrastructure,issue,3534,https://github.com/kvcache-ai/Mooncake/issues/3534,open,2026-08-19T10:08:28Z,,,Aionw,COLLABORATOR,human_account,no,yes,no,no,no,no,yes,no,no,no,no,no,no,no,no,0,no,yes,yes,yes,no,no,no,no,2,3,0,0,no,no,no,no,3,2,1.283,16.437,16.437,0,0,,,,,no,no,no,no,no,,121.85
,,,100,kvcache-ai/Mooncake,llm_native,model_infra,supporting_infrastructure,pull_request,2437,https://github.com/kvcache-ai/Mooncake/pull/2437,merged,2026-06-11T12:51:56Z,2026-06-11T13:10:45Z,2026-06-11T13:10:45Z,ykwd,COLLABORATOR,human_account,no,yes,yes,no,yes,no,yes,no,yes,yes,yes,yes,no,no,no,2,no,yes,yes,yes,no,no,no,no,3,2,2,0,yes,no,no,no,3,2,0.008,0.207,0.207,2,0,alogfans,human_account,not_automation,COLLABORATOR,yes,yes,no,no,no,0.013,121.85
,,,100,kvcache-ai/Mooncake,llm_native,model_infra,supporting_infrastructure,pull_request,2340,https://github.com/kvcache-ai/Mooncake/pull/2340,merged,2026-06-05T10:00:40Z,2026-06-23T08:09:31Z,2026-06-23T08:09:31Z,HGinkgo,CONTRIBUTOR,human_account,no,yes,yes,no,yes,no,yes,no,yes,yes,yes,yes,no,no,no,5,no,yes,yes,yes,no,no,no,no,10,11,2,0,yes,yes,no,no,4,5,0.039,65.498,65.498,3,3,ykwd,human_account,not_automation,COLLABORATOR,yes,yes,no,yes,no,17.923,121.85
,,,40,NVIDIA/cudf,traditional,model_infra,supporting_infrastructure,pull_request,23127,https://github.com/NVIDIA/cudf/pull/23127,merged,2026-07-06T18:57:52Z,2026-07-07T23:42:09Z,2026-07-07T23:42:09Z,PointKernel,MEMBER,human_account,no,yes,yes,no,yes,no,yes,no,yes,no,yes,no,no,no,no,1,no,yes,yes,yes,no,no,no,yes,3,2,2,0,yes,yes,no,no,4,2,0.015,0.015,,3,2,rapids-bot[bot],automation_bot,unknown_automation,,no,no,no,no,no,1.197,146.0
,,,40,NVIDIA/cudf,traditional,model_infra,supporting_infrastructure,pull_request,23649,https://github.com/NVIDIA/cudf/pull/23649,merged,2026-08-13T17:09:24Z,2026-08-14T20:32:37Z,2026-08-14T20:32:37Z,vyasr,CONTRIBUTOR,human_account,no,yes,yes,yes,no,no,yes,no,no,no,yes,no,no,no,no,3,no,yes,yes,no,no,no,no,yes,5,5,3,0,yes,yes,no,no,3,0,0.205,0.205,,5,3,vyasr,human_account,not_automation,CONTRIBUTOR,yes,no,no,yes,no,1.141,146.0
,,,40,NVIDIA/cudf,traditional,model_infra,supporting_infrastructure,issue,22577,https://github.com/NVIDIA/cudf/issues/22577,closed,2026-05-19T15:33:16Z,2026-06-15T12:02:25Z,,findepi,CONTRIBUTOR,human_account,no,yes,no,no,no,no,no,no,no,no,no,no,no,no,no,0,no,yes,yes,no,no,no,no,yes,3,5,0,0,no,no,no,no,2,0,0.192,0.192,,0,0,rapids-bot[bot],automation_bot,unknown_automation,,no,no,no,yes,yes,26.854,146.0
,,,40,NVIDIA/cudf,traditional,model_infra,supporting_infrastructure,pull_request,21478,https://github.com/NVIDIA/cudf/pull/21478,merged,2026-02-18T15:59:03Z,2026-02-18T17:14:53Z,2026-02-18T17:14:53Z,Matt711,MEMBER,human_account,no,yes,no,no,no,no,yes,no,no,no,yes,no,no,no,no,0,no,yes,yes,yes,no,no,no,yes,2,1,2,0,yes,no,no,no,3,0,0.152,0.152,,7,0,rapids-bot[bot],automation_bot,unknown_automation,,no,no,no,no,yes,0.053,146.0
,,,40,NVIDIA/cudf,traditional,model_infra,supporting_infrastructure,pull_request,21801,https://github.com/NVIDIA/cudf/pull/21801,merged,2026-03-16T22:49:55Z,2026-03-16T23:26:08Z,2026-03-16T23:26:08Z,vyasr,CONTRIBUTOR,human_account,no,yes,no,no,no,no,yes,no,no,no,yes,no,no,no,no,0,no,yes,yes,no,no,no,no,yes,2,2,1,0,yes,no,no,no,3,2,0.001,0.338,,2,0,vyasr,human_account,not_automation,CONTRIBUTOR,yes,no,no,yes,yes,0.025,146.0
,,,40,NVIDIA/cudf,traditional,model_infra,supporting_infrastructure,pull_request,23757,https://github.com/NVIDIA/cudf/pull/23757,merged,2026-08-21T14:11:51Z,2026-08-21T19:53:31Z,2026-08-21T19:53:31Z,rjzamora,CONTRIBUTOR,human_account,no,yes,yes,no,yes,no,yes,no,yes,yes,yes,no,no,no,no,3,no,yes,yes,no,no,no,no,yes,4,3,2,0,yes,yes,no,no,3,2,0.068,3.034,,6,5,rapids-bot[bot],automation_bot,unknown_automation,,no,no,no,yes,no,0.237,146.0
,,,40,NVIDIA/cudf,traditional,model_infra,supporting_infrastructure,pull_request,21976,https://github.com/NVIDIA/cudf/pull/21976,merged,2026-04-01T13:59:54Z,2026-04-02T16:40:36Z,2026-04-02T16:40:36Z,rjzamora,CONTRIBUTOR,human_account,no,yes,no,no,no,no,yes,no,no,no,yes,yes,no,yes,no,0,no,yes,yes,yes,no,no,no,no,13,14,4,1,yes,yes,yes,yes,4,0,1.092,1.092,26.677,4,2,rapids-bot[bot],automation_bot,unknown_automation,,no,no,no,yes,yes,1.112,146.0
,,,40,NVIDIA/cudf,traditional,model_infra,supporting_infrastructure,pull_request,22708,https://github.com/NVIDIA/cudf/pull/22708,merged,2026-05-29T07:20:23Z,2026-05-29T07:20:28Z,2026-05-29T07:20:28Z,AyodeAwe,CONTRIBUTOR,human_account,no,yes,no,no,no,no,yes,no,no,no,no,no,no,no,no,0,no,yes,yes,no,no,unknown,yes,yes,0,1,0,0,no,no,no,no,1,0,,,,5,0,AyodeAwe,human_account,not_automation,CONTRIBUTOR,yes,no,no,yes,yes,0.0,146.0
,,,40,NVIDIA/cudf,traditional,model_infra,supporting_infrastructure,pull_request,21539,https://github.com/NVIDIA/cudf/pull/21539,merged,2026-02-24T19:58:01Z,2026-02-24T21:38:32Z,2026-02-24T21:38:32Z,TomAugspurger,CONTRIBUTOR,human_account,no,yes,no,no,no,no,yes,no,no,no,yes,yes,no,no,no,0,no,yes,yes,yes,no,no,no,no,1,1,1,0,yes,no,no,no,2,0,0.102,0.102,0.102,1,0,rapids-bot[bot],automation_bot,unknown_automation,,no,no,no,yes,yes,0.07,146.0
,,,40,NVIDIA/cudf,traditional,model_infra,supporting_infrastructure,issue,23805,https://github.com/NVIDIA/cudf/issues/23805,closed,2026-08-25T13:14:06Z,2026-08-26T19:12:38Z,,VaggelisGian,CONTRIBUTOR,human_account,no,yes,no,no,no,no,no,no,no,no,no,no,no,no,no,0,no,yes,yes,no,no,unknown,yes,yes,0,0,0,0,no,no,no,no,1,0,,,,0,0,rapids-bot[bot],automation_bot,unknown_automation,,no,no,no,yes,no,1.249,146.0
,,,40,NVIDIA/cudf,traditional,model_infra,supporting_infrastructure,pull_request,21111,https://github.com/NVIDIA/cudf/pull/21111,merged,2026-01-21T01:05:55Z,2026-01-21T02:12:27Z,2026-01-21T02:12:27Z,mroeschke,CONTRIBUTOR,human_account,no,yes,no,no,no,no,yes,no,no,no,yes,no,no,no,no,0,no,yes,yes,no,no,no,no,yes,1,0,1,0,yes,no,no,no,2,0,1.107,1.107,,2,0,galipremsagar,human_account,not_automation,CONTRIBUTOR,yes,no,no,yes,yes,0.046,146.0
,,,40,NVIDIA/cudf,traditional,model_infra,supporting_infrastructure,pull_request,21135,https://github.com/NVIDIA/cudf/pull/21135,merged,2026-01-22T16:52:19Z,2026-01-23T13:57:04Z,2026-01-23T13:57:04Z,Matt711,MEMBER,human_account,no,yes,no,no,no,no,yes,no,no,no,yes,no,no,no,no,0,no,yes,yes,yes,no,no,no,yes,1,1,1,0,yes,no,no,no,2,0,4.867,4.867,,2,0,rapids-bot[bot],automation_bot,unknown_automation,,no,no,no,no,yes,0.878,146.0
,,,40,NVIDIA/cudf,traditional,model_infra,supporting_infrastructure,issue,21204,https://github.com/NVIDIA/cudf/issues/21204,closed,2026-01-27T22:07:02Z,2026-08-25T21:42:39Z,,mroeschke,CONTRIBUTOR,human_account,no,yes,no,no,no,no,yes,no,no,no,no,no,no,no,no,0,no,yes,yes,no,no,unknown,yes,yes,0,1,0,0,no,no,no,no,1,0,,,,0,0,rapids-bot[bot],automation_bot,unknown_automation,,no,no,no,yes,yes,209.983,146.0
,,,40,NVIDIA/cudf,traditional,model_infra,supporting_infrastructure,issue,21136,https://github.com/NVIDIA/cudf/issues/21136,open,2026-01-22T17:52:06Z,,,asddfl,NONE,human_account,no,yes,no,no,no,no,yes,no,no,no,no,no,no,no,no,0,no,yes,yes,no,no,unknown,yes,yes,0,0,0,0,no,no,no,no,1,0,,,,0,0,,,,,no,no,no,yes,yes,,146.0
,,,40,NVIDIA/cudf,traditional,model_infra,supporting_infrastructure,pull_request,21858,https://github.com/NVIDIA/cudf/pull/21858,merged,2026-03-19T02:22:39Z,2026-04-01T19:05:24Z,2026-04-01T19:05:24Z,mroeschke,CONTRIBUTOR,human_account,no,yes,no,no,no,no,yes,no,no,no,yes,yes,no,yes,no,0,no,yes,yes,yes,no,no,no,no,12,13,6,2,yes,yes,yes,yes,4,0,10.644,10.644,11.664,18,17,rapids-bot[bot],automation_bot,unknown_automation,,no,no,no,yes,yes,13.696,146.0
,,,40,NVIDIA/cudf,traditional,model_infra,supporting_infrastructure,pull_request,21998,https://github.com/NVIDIA/cudf/pull/21998,merged,2026-04-02T19:25:26Z,2026-04-02T21:05:55Z,2026-04-02T21:05:55Z,galipremsagar,CONTRIBUTOR,human_account,no,yes,no,no,no,no,yes,no,no,no,yes,no,no,no,no,0,no,yes,yes,no,no,no,no,yes,3,2,2,0,yes,yes,no,no,2,0,1.214,1.214,,2,1,galipremsagar,human_account,not_automation,CONTRIBUTOR,yes,no,no,yes,yes,0.07,146.0
,,,40,NVIDIA/cudf,traditional,model_infra,supporting_infrastructure,pull_request,23675,https://github.com/NVIDIA/cudf/pull/23675,merged,2026-08-16T07:05:07Z,2026-08-20T05:50:02Z,2026-08-20T05:50:02Z,bdice,CONTRIBUTOR,human_account,no,yes,yes,no,yes,no,yes,no,yes,yes,yes,yes,no,no,no,5,no,yes,yes,yes,no,no,no,no,14,13,5,0,yes,yes,no,no,7,5,0.001,40.631,60.907,5,4,rapids-bot[bot],automation_bot,unknown_automation,,no,no,no,yes,no,3.948,146.0
,,,40,NVIDIA/cudf,traditional,model_infra,supporting_infrastructure,pull_request,21449,https://github.com/NVIDIA/cudf/pull/21449,merged,2026-02-14T04:05:29Z,2026-02-26T16:06:40Z,2026-02-26T16:06:40Z,vuule,CONTRIBUTOR,human_account,no,yes,no,no,no,no,yes,no,no,no,yes,no,no,no,no,0,no,yes,yes,no,no,no,no,yes,6,8,3,0,yes,yes,no,no,5,2,0.001,253.544,,11,6,rapids-bot[bot],automation_bot,unknown_automation,,no,no,no,yes,yes,12.501,146.0
,,,40,NVIDIA/cudf,traditional,model_infra,supporting_infrastructure,pull_request,20964,https://github.com/NVIDIA/cudf/pull/20964,merged,2026-01-02T20:17:47Z,2026-01-05T20:30:46Z,2026-01-05T20:30:46Z,vyasr,CONTRIBUTOR,human_account,no,yes,no,no,no,no,yes,no,no,no,yes,no,no,no,no,0,no,yes,yes,no,no,no,no,yes,3,5,1,0,yes,no,no,no,2,0,71.801,71.801,,3,0,rapids-bot[bot],automation_bot,unknown_automation,,no,no,no,yes,yes,3.009,146.0
,,,40,NVIDIA/cudf,traditional,model_infra,supporting_infrastructure,pull_request,23302,https://github.com/NVIDIA/cudf/pull/23302,merged,2026-07-16T18:47:58Z,2026-07-20T22:51:52Z,2026-07-20T22:51:52Z,galipremsagar,CONTRIBUTOR,human_account,no,yes,yes,no,yes,no,yes,no,yes,yes,yes,no,no,no,no,4,no,yes,yes,no,no,no,no,yes,6,10,2,0,yes,yes,no,no,4,2,0.001,99.311,,5,5,rapids-bot[bot],automation_bot,unknown_automation,,no,no,no,yes,no,4.169,146.0
